Price,Date,Close,High,Low,Open,Volume
Ticker,,POWERGRID.NS,POWERGRID.NS,POWERGRID.NS,POWERGRID.NS,POWERGRID.NS
0,2007-10-05,30.896224975585938,33.62958943855421,25.53698869452309,27.579334367613164,855215656
1,2007-10-08,29.314563751220703,31.940435853510763,29.130291220861363,31.940435853510763,126671715
2,2007-10-09,31.310842514038086,31.58724924482206,27.748255301780677,29.329919973198724,116725709
3,2007-10-10,31.60260772705078,32.247559585247785,31.326200977987867,32.124710521273876,67931378
4,2007-10-11,35.134490966796875,36.854361620061205,31.326208626724917,36.854361620061205,106320954
5,2007-10-12,34.904144287109375,36.209402372050526,34.09027831431998,34.397397863717906,99410791
6,2007-10-15,35.36482620239258,35.84086403818401,35.05770663049196,35.62587867162326,41814972
7,2007-10-16,38.973487854003906,39.58773126868942,35.1652053426434,35.41089937605639,138614496
8,2007-10-17,42.01398468017578,42.996765194856806,32.58540639033003,35.01165320588358,204876259
9,2007-10-18,40.539764404296875,45.89899897565094,38.80454082973493,42.68959995363064,146617799
10,2007-10-19,40.40158462524414,42.0446749285371,38.38994922315784,39.61842733170208,110266491
11,2007-10-22,39.864131927490234,41.107964548184555,38.54351524696544,39.587725141288814,72253405
12,2007-10-23,42.704986572265625,43.08888603056992,40.846910694727455,40.846910694727455,74594921
13,2007-10-24,42.044681549072266,44.07167158046381,41.56864370770731,43.61098805164334,63055170
14,2007-10-25,41.952537536621094,42.9353217123061,37.053979299826786,40.61656672971581,34522489
15,2007-10-26,43.21173095703125,43.90274994892331,41.5379277326625,42.689626052482595,62370025
16,2007-10-29,44.0870246887207,45.14658886147048,43.70312522983683,43.91811059304209,43657697
17,2007-10-30,45.06979751586914,46.28291699830031,43.36528185225684,44.68589815454764,79921711
18,2007-10-31,46.00651931762695,47.0200163297061,45.14658624577994,45.300146020436586,44655368
19,2007-11-01,44.9776611328125,47.49604271922373,44.60912022920405,47.1428561245084,50632492
20,2007-11-02,45.79155349731445,46.067964542048166,42.99676357344981,43.34995453825905,32001693
21,2007-11-05,46.728240966796875,47.757092067185404,45.48440456224075,45.76081542919183,38833135
22,2007-11-06,47.34247970581055,50.33689464847332,46.69752796196826,47.542106535539816,81880281
23,2007-11-07,46.65147399902344,48.89344517708875,45.60726830191871,48.21778462746839,33593141
24,2007-11-08,45.85296630859375,47.09680316618649,44.8394733125488,45.45371250180661,27990521
25,2007-11-12,46.958587646484375,47.78781204099281,43.25779482278589,44.4709186285343,35153735
26,2007-11-13,48.0795783996582,49.047004189621056,46.2368610223668,47.75710452486248,43830531
27,2007-11-14,47.44998550415039,49.599822468888014,47.204287351692095,48.92415775659733,36738579
28,2007-11-15,48.24848937988281,49.09306805039598,47.34248513982959,48.34062356861787,29242252
29,2007-11-16,47.91066360473633,49.00093637077168,47.35784590029854,48.03351059497508,18895294
30,2007-11-19,49.645896911621094,51.44254747378581,48.63240385890066,49.000944893718845,40716718
31,2007-11-20,48.87809753417969,50.82830788836372,48.27921262919577,49.44626964508664,26342171
32,2007-11-21,45.06979751586914,49.461604543157335,43.97952083037126,49.16984352789779,26814499
33,2007-11-22,43.51885223388672,46.40577946912177,41.630067747633426,44.59377070832403,34096185
34,2007-11-23,46.40576934814453,46.68217606245826,43.79524945685437,46.375056565315276,27664090
35,2007-11-26,46.77433395385742,48.12565959311744,46.405792869828446,48.12565959311744,20159123
36,2007-11-27,45.622615814208984,47.572825611622775,45.14658222143697,47.572825611622775,20573198
37,2007-11-28,44.94696044921875,46.83574923027845,44.63984086408072,46.62076385445144,16435311
38,2007-11-29,43.73384094238281,46.313644645374836,43.165668872148764,46.067950641499785,25530967
39,2007-11-30,45.422996520996094,45.69940330364595,43.918111446057296,44.53235059220177,18437721
40,2007-12-03,46.067955017089844,46.63612714128957,45.622629906495796,45.97581663270328,16851227
41,2007-12-04,45.46906280517578,46.758966655084905,45.13123044776379,46.375067195656676,14008727
42,2007-12-05,47.281070709228516,47.449988982471595,45.45371165459242,45.54584586503335,27725290
43,2007-12-06,46.40576934814453,49.03163938248716,45.8068846624858,48.30990773108618,24104710
44,2007-12-07,46.206146240234375,47.35784455137229,45.37692595556037,46.69753835276831,11742386
45,2007-12-10,46.25221633911133,46.82038415915534,45.65333156618744,46.65147007734367,8330010
46,2007-12-11,46.0372314453125,46.927877292430466,45.80689178663154,46.666824846143626,11685950
47,2007-12-12,46.00651931762695,46.421131542314995,45.14658624577994,45.45370579509323,16342131
48,2007-12-13,45.23871994018555,46.68218347210167,45.069805856175876,46.06794438032041,14620172
49,2007-12-14,44.79338073730469,45.49975796834608,44.56304115088178,45.08514587967002,10991851
50,2007-12-17,42.09074783325195,45.30014900096923,41.46115021638992,45.05445084600755,19355678
51,2007-12-18,41.90647888183594,43.30387137774739,40.601220598516576,41.6147135993341,21607783
52,2007-12-19,41.1386604309082,43.62632881543472,40.78547389561273,43.25778380825518,19526912
53,2007-12-20,40.72405242919922,42.0139559183003,40.5397799071027,41.67612365538577,17105204
54,2007-12-24,41.9679069519043,42.62821328944269,41.000476834532,41.338309243330556,16711519
55,2007-12-26,43.242435455322266,43.764540259778066,42.1982300119854,42.1982300119854,20930094
56,2007-12-27,43.549564361572266,44.74732981034145,43.181019223993,44.13309069142642,44565277
57,2007-12-28,43.887393951416016,44.07166650862264,42.99674395251322,43.457423262742104,18354518
58,2007-12-31,44.209869384765625,44.47092183635434,43.672410170261124,44.2252278616682,11982308
59,2008-01-01,45.023738861083984,45.43835112046589,44.0256002422937,44.4402125016756,16687746
60,2008-01-02,44.77804183959961,45.36156815955238,44.11773563108529,45.02373581676639,13437280
61,2008-01-03,46.620765686035156,46.80503827747266,43.96418200333749,44.50164129844414,31815218
62,2008-01-04,46.37506103515625,47.91065866887912,46.06794150841168,47.29641961538997,28011310
63,2008-01-07,45.99116516113281,47.050725110483356,45.49977304746312,46.0832993600066,15858063
64,2008-01-08,44.42485427856445,46.682183789314564,43.88739506960373,46.0372319054466,13282666
65,2008-01-09,43.71847152709961,44.6705428437045,43.6109788652035,44.470915994797416,13113527
66,2008-01-10,42.67427444458008,45.14658949376323,42.38250918551178,43.9181112081296,18023003
67,2008-01-11,43.31922912597656,43.733841406797524,41.61471289717395,43.25780354156751,11629440
68,2008-01-14,43.97952651977539,44.4402058129569,42.70498130842158,43.39600024819385,10264240
69,2008-01-15,42.643558502197266,44.87017523032115,42.29037185429961,44.68590683355749,11558334
70,2008-01-16,41.768272399902344,42.689631166124784,40.70871231809216,42.33644447218805,14834065
71,2008-01-17,42.889259338378906,43.84133083237323,41.03118345247894,41.92182936663786,16169395
72,2008-01-18,40.892982482910156,42.58214012095851,40.53979164431215,42.53606885291476,13254156
73,2008-01-21,33.936710357666016,40.53977907775757,29.560255751097163,40.53977907775757,33202389
74,2008-01-22,30.527694702148438,32.24756523690373,24.24709742903591,30.589118203506548,58755707
75,2008-01-23,33.936710357666016,35.24196812791667,31.019075341811607,31.019075341811607,28425991
76,2008-01-24,34.01350402832031,36.424393721234814,32.401126128454564,35.764087414405026,29911930
77,2008-01-25,35.76408004760742,35.93299412656944,34.32061655882629,35.62587458985646,12550722
78,2008-01-28,36.14797592163086,36.424382644436236,32.401116275147174,35.272684494768086,13601109
79,2008-01-29,35.54909896850586,36.76222295022257,35.011639714809355,36.240118008972786,7679877
80,2008-01-30,33.583526611328125,35.77943021119445,33.13820166847961,35.62587046063632,9016102
81,2008-01-31,31.387630462646484,34.028859807633005,31.01908736591973,33.9367235127543,41538563
82,2008-02-01,32.47789764404297,32.708237284559935,31.63331896214741,31.92508209024473,9089201
83,2008-02-04,34.15169906616211,34.55095486488725,33.09213712235169,33.09213712235169,12009385
84,2008-02-05,35.21126937866211,35.671948775268625,33.47604448455944,34.213130686014644,14593303
85,2008-02-06,34.904144287109375,35.31875651191166,32.953936398105235,34.24383808901894,12429218
86,2008-02-07,33.26105880737305,35.61052481195279,33.04607552086724,34.428113611989005,11300078
87,2008-02-08,32.401126861572266,33.75245229892001,31.80224196184111,33.4760454858042,13514197
88,2008-02-11,30.113079071044922,32.861800758027925,29.790603121326424,32.861800758027925,15133331
89,2008-02-12,29.575624465942383,31.218715176892097,29.329928366717926,31.019088267840534,10237627
90,2008-02-13,29.145647048950195,30.481615578482046,28.546764461036787,30.097716216641743,10395753
91,2008-02-14,31.69474220275879,32.017218113527285,29.79059952309242,29.79059952309242,12514003
92,2008-02-15,32.60075759887695,32.86181012851338,30.72732694366912,31.571905961825564,12080990
93,2008-02-18,32.41647720336914,33.33783799402385,32.14007042412424,33.33783799402385,6977153
94,2008-02-19,32.063289642333984,33.076784609429694,31.81759357716111,33.00000471923741,7226542
95,2008-02-20,31.264768600463867,31.771516973845902,30.911582044326522,31.756160583842714,5604999
96,2008-02-21,31.47975730895996,32.017216437849406,31.09585793118179,31.77152041951389,3874365
97,2008-02-22,31.08050537109375,31.28013223903328,30.11307757015655,30.435553503802282,2691220
98,2008-02-25,31.341556549072266,31.72545598420396,30.589114072771693,31.449049224024236,6270186
99,2008-02-26,31.464412689208984,31.909735717484825,31.310852880645715,31.63332889518622,7139423
100,2008-02-27,33.307125091552734,34.950213532029665,31.925087034417515,31.925087034417515,43223132
101,2008-02-28,34.24384307861328,34.50489556675399,33.16892449909656,33.629603890318016,35763847
102,2008-02-29,33.75245666503906,34.7045284027741,33.199642967297066,34.02886559669846,16477462
103,2008-03-03,32.339691162109375,33.41461153302755,31.971148165593483,32.27826767648797,10049153
104,2008-03-04,31.510459899902344,32.6775141245496,30.711950649302445,32.55466718839174,11485198
105,2008-03-05,32.09400177001953,32.247561547238995,30.742674480815563,31.664033144132357,8581053
106,2008-03-07,30.450912475585938,31.633323638136947,29.176365026651187,31.633323638136947,14251925
107,2008-03-10,30.34288215637207,30.558955113291802,28.598862176458436,30.497220281792565,11713659
108,2008-03-11,32.84315490722656,33.15183110432418,29.385981918402123,30.095935497051094,19665129
109,2008-03-12,32.009735107421875,33.95439590277437,31.701058857154642,33.738322946256275,12262350
110,2008-03-13,27.6110897064209,31.484978213464384,26.854833496577857,31.176302038561566,47000084
111,2008-03-14,29.509456634521484,29.632926297255317,27.811737258534865,28.38278706535985,35798540
112,2008-03-17,28.351913452148438,28.953831567533115,27.749995336763757,28.953831567533115,19211273
113,2008-03-18,28.598852157592773,29.15446963312934,27.84259393329197,28.30560814734843,12632937
114,2008-03-19,28.768625259399414,32.04059120757462,28.58341873125903,29.941592959808116,16449023
115,2008-03-24,29.04643440246582,29.84899327318553,28.41364784209192,29.84899327318553,11636914
116,2008-03-25,30.14223861694336,30.32744308186389,29.26251060520133,29.802693957905692,13232423
117,2008-03-26,29.957035064697266,30.682425048455396,29.632924601883104,29.941600834402365,11448313
118,2008-03-27,30.49721336364746,30.790457410101244,29.509450003694607,29.509450003694607,17425122
119,2008-03-28,30.558944702148438,30.790453904750983,29.756387979392244,30.636113738567925,11599511
120,2008-03-31,30.34288215637207,30.697861100846083,29.941602611609834,30.558955113291802,9914705
121,2008-04-01,30.40460205078125,30.836749845661114,30.01875692678696,30.558940100378965,6034588
122,2008-04-02,30.89849281311035,31.793654993369145,30.55894817691834,30.55894817691834,6087024
123,2008-04-03,30.65155601501465,31.114570355140206,30.404614614945427,30.97566647177147,3883474
124,2008-04-04,30.49721336364746,30.852192227596237,29.910729457428545,30.852192227596237,5906537
125,2008-04-07,30.373737335205078,30.682413451050273,30.018758545976777,30.543509617588715,4088729
126,2008-04-08,29.60205078125,30.389175394655936,29.385977891559627,30.327438489020842,5753811
127,2008-04-09,29.67922019958496,29.9415936785136,29.33967558762534,29.694654426191157,3776374
128,2008-04-10,30.265701293945312,30.48177416662451,29.524879418089768,29.632914807757377,7075297
129,2008-04-11,30.40460205078125,30.71327814997668,30.09592595158582,30.558940100378965,4012660
130,2008-04-15,30.867616653442383,31.021954694842723,29.69464712013108,30.219396042223497,6362785
131,2008-04-16,30.450908660888672,31.39237130389395,30.327436949231558,31.176298425174057,4725794
132,2008-04-17,31.623878479003906,32.34926615156846,30.57437834761819,30.91392293875499,14831167
133,2008-04-21,32.13319396972656,32.688811452124895,31.793651464564984,32.10232761108138,7639361
134,2008-04-22,32.6579475402832,33.02836064227343,31.793655884557694,32.10233207398663,8814769
135,2008-04-23,32.68881607055664,33.07466130821619,32.2566702417157,32.71968452690716,5265604
136,2008-04-24,31.53127098083496,33.09008569608939,31.25346332967205,33.028350895091386,8801780
137,2008-04-25,31.79364776611328,32.24122770782771,31.361499955254224,32.10232387672239,4095990
138,2008-04-28,31.917137145996094,32.53448974967024,31.793667462599323,31.82453383677594,4708244
139,2008-04-29,32.36471176147461,32.67338800986853,31.94800008214969,32.10233820634665,6497143
140,2008-04-30,32.580772399902344,32.99748601503835,32.41100220214115,32.68880988333582,6331377
141,2008-05-02,32.8740234375,33.800052030855554,32.81228652326741,33.07466212872259,5658418
142,2008-05-05,32.71968078613281,33.49137117322611,32.503605803071366,33.30616464298606,7642293
143,2008-05-06,32.441871643066406,33.09009241859592,32.256667202446685,32.45730586978743,5061166
144,2008-05-07,31.978849411010742,32.62707002457069,31.4849689327522,32.4109971844986,4303106
145,2008-05-08,31.5930118560791,31.91712224031359,31.40780741747666,31.731915708366977,3642073
146,2008-05-09,31.40781593322754,32.225807135531895,30.92936734042822,31.176308752196714,8621761
147,2008-05-12,31.40781593322754,31.639323114258364,30.71329229679033,31.40781593322754,4890395
148,2008-05-13,31.500411987304688,31.731919130533026,31.238038480985875,31.54671467195699,5056766
149,2008-05-14,31.54670524597168,31.716477518947634,30.86761824741163,30.86761824741163,2982486
150,2008-05-15,31.562145233154297,31.917121974190664,30.867623884161635,30.867623884161635,2646760
151,2008-05-16,31.8090877532959,31.901691028018906,31.423242519737023,31.79365561862904,4422288
152,2008-05-20,31.747344970703125,31.870816670475435,31.423234637148592,31.48497153370667,3464912
153,2008-05-21,31.947996139526367,32.41101045497779,31.021967508623522,31.021967508623522,3419088
154,2008-05-22,31.51584815979004,31.67018626479699,31.17630558478147,31.17630558478147,3558000
155,2008-05-23,30.991098403930664,31.76278891358929,30.867628759723075,31.330643065518252,4417028
156,2008-05-26,30.75958824157715,30.944794783112776,29.324242778036705,29.324242778036705,2605807
157,2008-05-27,29.83356475830078,31.14543871789318,29.694660875365805,30.805894032190235,3316550
158,2008-05-28,30.92936134338379,31.114565796291416,29.41684679791103,29.941595887832467,4505700
159,2008-05-29,31.43867301940918,31.793651848192724,30.528078794867245,31.25346858527109,11026212
160,2008-05-30,30.435474395751953,31.639312592789725,30.312004777599178,31.515840881292906,4023430
161,2008-06-02,29.1390323638916,30.867619419830636,28.70688455323492,30.250265105557684,4431595
162,2008-06-03,28.058670043945312,29.01556486906654,27.796294474685535,28.70688871386405,6240766
163,2008-06-04,27.194372177124023,28.228435880824644,27.0245998993989,27.935193997486973,5762089
164,2008-06-05,27.148069381713867,27.3487101066028,26.237475287761416,27.1635036056813,9721099
165,2008-06-06,26.854833602905273,27.98150290176799,26.46898838274906,27.009171690967758,6317089
166,2008-06-09,26.484416961669922,27.132637630618607,25.311447323895273,26.546151765059356,6500809
167,2008-06-10,26.299209594726562,26.51528453951138,25.69729161808945,26.237474793363944,6717902
168,2008-06-11,26.422687530517578,26.854833335450966,26.2374809893494,26.546157162400185,2586175
169,2008-06-12,26.607892990112305,26.762231082506435,25.31145343267048,26.083143894641132,3244212
170,2008-06-13,26.438121795654297,26.82396701251966,26.160311983504666,26.561591427713502,4248430
171,2008-06-16,27.364147186279297,27.780858716824767,26.5770226152347,26.669625875359483,4354615
172,2008-06-17,28.1821346282959,28.39820747962404,26.885695426983244,27.749988925639606,4736084
173,2008-06-18,28.151275634765625,28.76863013542153,28.089540812703376,28.089540812703376,5055019
174,2008-06-19,27.549365997314453,28.089549521182672,27.101785781921244,27.59566869822452,4221271
175,2008-06-20,26.916568756103516,27.888899979064572,26.56159198645787,27.780862478731905,3837789
176,2008-06-23,25.975101470947266,26.793094461652036,25.712728019597545,26.70049120509286,4516050
177,2008-06-24,25.17255210876465,26.360956377478793,24.910176487876207,25.975109014206854,5238203
178,2008-06-25,24.47803497314453,24.987349982626572,23.922417267035527,24.694107944035547,3933879
179,2008-06-26,25.86707305908203,26.978308250803686,24.616933991731297,24.616933991731297,18253250
180,2008-06-27,24.72496795654297,25.558395348044883,24.586064089074117,25.002777784825074,6821283
181,2008-06-30,24.2310848236084,24.941040409796017,23.536563464079155,24.709533289952937,4596315
182,2008-07-01,22.51793670654297,24.23109019156882,21.653642848991264,24.23109019156882,6202295
183,2008-07-02,23.505699157714844,23.75264054778251,21.807979979348403,22.533369920170067,5245963
184,2008-07-03,22.888351440429688,23.50570399599901,22.224698280530653,23.305065252776973,4726793
185,2008-07-04,23.1970157623291,23.644595715762392,22.37902488513529,22.53336294448083,4862814
186,2008-07-07,23.706329345703125,24.663226103549437,23.50569071583719,23.50569071583719,5528014
187,2008-07-08,24.40086555480957,25.00278385555117,21.916019098562256,21.916019098562256,8354280
188,2008-07-09,26.09857940673828,26.20661482072348,24.724968642166086,24.724968642166086,6860769
189,2008-07-10,27.240678787231445,27.564789190405214,25.373187505462855,26.098577355740137,7216175
190,2008-07-11,25.94424057006836,27.842598308684234,25.743599789773942,27.5030557543577,6040791
191,2008-07-14,25.959672927856445,26.88570360278813,25.311454176752,25.311454176752,5942149
192,2008-07-15,24.87930679321289,25.58926247328536,24.694102328853415,25.311454730073915,3693378
193,2008-07-16,24.200218200683594,25.31145329731671,23.78350451611009,24.87930538491746,6973872
194,2008-07-17,25.434919357299805,25.620125878481637,24.694097459260572,24.694097459260572,5038238
195,2008-07-18,26.854833602905273,27.070906507523894,25.141680406742832,25.89793661958015,5983177
196,2008-07-21,28.36734962463379,28.537121949164767,26.870269253784816,27.317849314206914,8754188
197,2008-07-22,29.524885177612305,29.787258683710597,28.120408091205267,28.367349462443492,12631056
198,2008-07-23,31.608444213867188,32.22579649273103,30.281136395641123,30.83675386528739,12798869
199,2008-07-24,30.49721336364746,32.194932358153544,28.59885568894657,28.59885568894657,10764301
200,2008-07-25,30.558944702148438,31.54671004299312,29.40140915585616,30.173099520051014,10710381
201,2008-07-28,30.3120059967041,31.160865412340456,29.97246139311191,30.558945242941196,5533881
202,2008-07-29,29.09272575378418,30.095922977017057,28.861218702268896,29.632908873986498,5145929
203,2008-07-30,30.3120059967041,30.558945242941196,29.355109090830922,29.355109090830922,7354746
204,2008-07-31,29.247074127197266,30.83675769890724,28.86122890493916,30.83675769890724,6006517
205,2008-08-01,30.095937728881836,30.219409472883868,27.780866078970448,28.78406379393205,4699412
206,2008-08-04,30.281137466430664,30.836754955724455,29.494012864376472,29.494012864376472,4301346
207,2008-08-05,31.639310836791992,31.870817927987723,30.095928135476544,30.40460425707085,9161115
208,2008-08-06,30.83675765991211,32.76598376876299,30.620684754389668,32.76598376876299,8616591
209,2008-08-07,30.75958824157715,31.45410963231934,29.802691265883517,29.802691265883517,4809365
210,2008-08-08,30.234834671020508,30.99109076541928,30.12679718895898,30.404604866625807,4883824
211,2008-08-11,30.512643814086914,30.96022380219847,30.281136707131548,30.620681301337044,2714705
212,2008-08-12,29.98790168762207,30.867629733729913,29.756394527419435,30.71328953358361,5801276
213,2008-08-13,30.111364364624023,30.404606280989825,29.401408819029296,29.632915925635572,2754609
214,2008-08-14,29.385984420776367,30.25027617157323,29.324247501424065,29.941599948190174,2566362
215,2008-08-18,29.04643440246582,29.941594448515765,28.768626689786657,29.32424211514498,2963058
216,2008-08-19,28.50625228881836,29.169905237280442,27.919766291872403,29.00013501326292,2941144
217,2008-08-20,28.830360412597656,29.061867528844115,28.62971965584424,28.706888694593058,3319410
218,2008-08-21,28.521690368652344,29.000138930076112,28.182145688069124,28.70689484532488,4138486
219,2008-08-22,28.22844696044922,29.50945456485622,27.503059079410107,29.50945456485622,4139879
220,2008-08-25,28.537120819091797,28.922966044407957,28.336480045920798,28.922966044407957,2034227
221,2008-08-26,28.583415985107422,28.67601924028076,28.058666996917086,28.243871413919834,1489491
222,2008-08-27,28.012365341186523,28.938393739902377,27.858027274733885,28.737755090851543,4297168
223,2008-08-28,27.59566307067871,28.39822002932579,27.240684142805748,28.08954379292044,7382078
224,2008-08-29,28.73775863647461,28.845796133658567,27.96606820900135,28.089537840059368,2219080
225,2008-09-01,28.722206115722656,28.846611114789493,28.146828249332266,28.6755526591705,3417069
226,2008-09-02,30.230623245239258,30.355028225551152,28.675548336125786,28.92436040595204,5030404
227,2008-09-04,29.593053817749023,30.137329497129798,29.344241656762883,29.888517336143654,2813325
228,2008-09-05,28.939922332763672,29.266488164195717,28.61335650133163,29.235385852934282,3330688
229,2008-09-08,30.463884353637695,31.692391451324912,30.168418832465242,30.479433394370993,8377948
230,2008-09-09,30.57274055480957,30.821552645462805,29.872957736273836,30.463886715225602,3737279
231,2008-09-10,30.308382034301758,30.821555301773998,30.012916464760277,30.41723588326714,3847698
232,2008-09-11,29.49974250793457,30.16842306619112,29.266481553770273,30.16842306619112,2567354
233,2008-09-12,29.79520606994629,30.603844891010425,29.31313300774278,29.7019012661,6093354
234,2008-09-15,27.9135684967041,29.15762697777799,27.073829443819797,28.706656200229283,6770268
235,2008-09-16,28.45783805847168,28.70665012386071,26.436243454639786,26.82501164768438,4654621
236,2008-09-17,27.726959228515625,28.86216167669272,27.369291172408516,28.86216167669272,4674190
237,2008-09-18,27.664756774902344,28.20903236816805,25.674264020354627,27.369293303255827,6603710
238,2008-09-19,29.34422492980957,29.499732178132422,27.991311025719916,28.31787666903832,9821730
239,2008-09-22,28.706655502319336,31.41248432023384,28.473394542788974,30.168423760202394,4162514
240,2008-09-23,28.364530563354492,29.002110760941164,27.835806293112704,28.364530563354492,6569683
241,2008-09-24,29.01767349243164,29.328688141338198,28.084629545711966,28.45784670255922,5730103
242,2008-09-25,28.115734100341797,29.2198366140032,27.447051286252353,29.09542947898032,10926783
243,2008-09-26,27.664756774902344,28.271236980475035,27.182685793943616,28.271236980475035,4967945
244,2008-09-29,26.638412475585938,28.457846920074132,26.125237035445867,28.457846920074132,7859964
245,2008-09-30,26.68505859375,27.68030486074122,25.192188138661834,25.192188138661834,6616439
246,2008-10-01,27.57145118713379,27.83581232493878,26.482898005409787,27.027175650873133,3743739
247,2008-10-03,27.96021842956543,28.30233320319936,27.213782169522766,27.71140634288454,4681406
248,2008-10-06,27.38484764099121,27.99132580788999,26.825020829544968,27.649210946430678,5560277
249,2008-10-07,28.286785125732422,28.893265312038412,27.36929243378635,27.36929243378635,9928258
250,2008-10-08,28.069082260131836,28.302343278961654,26.156340640205286,27.338198999987082,9985473
251,2008-10-10,27.898014068603516,28.53559438714208,25.829767930312883,27.960218672716653,9025179
252,2008-10-13,28.45783805847168,28.675547824736167,27.8513600991626,28.037969675504982,6805621
253,2008-10-14,27.77361297607422,29.51529573318315,27.555903158736335,28.61335204820773,5099383
254,2008-10-15,27.540355682373047,28.131282709640978,27.244892168739078,27.618109349603206,5495022
255,2008-10-16,26.482906341552734,27.15158919067888,25.969732946654165,27.15158919067888,6651066
256,2008-10-17,24.492408752441406,27.213786799645018,24.13474065785858,27.027179284787128,5586092
257,2008-10-20,24.772327423095703,25.75202503649446,23.994790639066622,24.585719860450833,7922965
258,2008-10-21,24.97447967529297,26.28074060200216,24.259145657818024,25.021131022631486,8047276
259,2008-10-22,23.60601806640625,24.912279210394452,23.372757072508247,24.725671680797934,5408099
260,2008-10-23,22.455257415771484,23.232793825397675,22.113140551854958,23.015084052542843,6641370
261,2008-10-24,19.54727554321289,22.082044061841508,19.28291225070181,21.77102941615932,9905588
262,2008-10-27,18.03885269165039,19.282911207046563,16.17276491855613,19.189606396551262,12878172
263,2008-10-29,20.41811180114746,21.708821410116364,18.660878232620647,20.526965634042206,13094201
264,2008-10-31,21.72437858581543,22.393061355646743,20.65137845422926,21.49111759594004,8097887
265,2008-11-03,22.393054962158203,22.983981790777847,21.6155164420338,22.952879490659967,4951148
266,2008-11-04,23.372753143310547,23.559362750739233,21.973187415203764,22.082041261868174,4515828
267,2008-11-05,22.5174617767334,24.507956416204745,22.08204008566029,24.507956416204745,6145587
268,2008-11-06,21.771028518676758,23.248350133969534,21.320057722868885,22.08204315153777,4896229
269,2008-11-07,23.466062545776367,24.165845546969432,21.460016254993693,21.61552358859215,8250147
270,2008-11-10,23.99478530883789,24.539060936752243,23.46606083499027,24.196943984096286,3775177
271,2008-11-11,23.71486473083496,24.710110825588984,23.17058929207235,24.10363290137968,8900004
272,2008-11-12,22.719623565673828,24.228045378394334,22.439711239842563,24.228045378394334,5705390
273,2008-11-14,22.641874313354492,23.637123019315307,22.361961933055124,22.51746927971108,4038880
274,2008-11-17,23.57491111755371,24.352449720071334,21.46001143389664,24.352449720071334,5361538
275,2008-11-18,22.29975128173828,23.512707299511725,21.86432960441254,23.512707299511725,6392448
276,2008-11-19,21.755483627319336,23.09284722575278,21.47556913878952,22.39306416823331,5606729
277,2008-11-20,21.52220916748047,21.92652632752098,20.604714711013933,21.77101907852015,5080395
278,2008-11-21,22.890676498413086,23.606010402638802,20.837979574844066,21.382255050571953,8350092
279,2008-11-24,23.466062545776367,23.83927972457203,22.29975754378793,23.57491641377337,5420119
280,2008-11-25,22.890676498413086,23.994778599587292,22.70406902939928,23.71486634146536,5453771
281,2008-11-26,23.403854370117188,23.761520307152196,22.470810594336093,23.139491123298132,5246053
282,2008-11-27,23.403854370117188,23.403854370117188,23.403854370117188,23.403854370117188,0
283,2008-11-28,23.030637741088867,23.48161063704299,22.113145014415135,22.704074070505435,8464961
284,2008-12-01,22.84402847290039,24.383550334345156,22.75072367025467,23.481608830242944,5733003
285,2008-12-02,22.641874313354492,22.890686489844697,21.926540096896424,22.672976626367035,5879324
286,2008-12-03,23.32610511779785,23.62156861396629,22.159800178288425,22.85958314199408,6430656
287,2008-12-04,24.44574737548828,24.570154454309417,20.682470679489633,20.682470679489633,4648185
288,2008-12-05,24.150293350219727,25.31659830190799,23.341654406701288,23.341654406701288,5338962
289,2008-12-08,24.21249008178711,25.005577681536906,23.170592505741585,24.803419048495975,11709287
290,2008-12-10,23.8237247467041,25.34769763695982,23.4816099332039,25.34769763695982,11172070
291,2008-12-11,23.559362411499023,24.243594113547047,23.186143202015774,24.243594113547047,9867592
292,2008-12-12,22.828479766845703,23.0928430511329,22.33085550555322,22.983987084849232,9847702
293,2008-12-15,23.201690673828125,23.714865950869346,23.015083207887844,23.6060100138357,5741641
294,2008-12-16,24.08808708190918,24.383550535050343,22.082041190723686,23.326101720902138,9183505
295,2008-12-17,24.056982040405273,24.72566463111602,23.419401750361093,24.72566463111602,8720755
296,2008-12-18,24.772327423095703,25.036690773347,23.512717411127888,23.512717411127888,12640018
297,2008-12-19,25.969722747802734,26.280737315709263,24.74121562641245,25.503200895942943,10050607
298,2008-12-22,25.98528480529785,26.202994672375095,25.083340914258674,25.083340914258674,6524631
299,2008-12-23,25.4565486907959,26.234085148606212,25.269941206443004,25.81421672691022,5151765
300,2008-12-24,25.021133422851562,25.798670014432766,20.99349219109852,20.99349219109852,13318746
301,2008-12-26,25.06778335571289,26.389595486580266,24.414653921276617,26.389595486580266,5480531
302,2008-12-29,25.59650421142578,25.798662825220955,24.57015577470647,25.347692149614677,3418418
303,2008-12-30,25.549850463867188,25.96972094507608,24.60125567575988,25.53429931471086,4868199
304,2008-12-31,25.860876083374023,26.2496444327343,25.28550019184279,26.2496444327343,4396180
305,2009-01-02,26.23408317565918,26.669504824808435,25.736461145606064,26.669504824808435,3976548
306,2009-01-05,25.64316177368164,26.669510459489654,25.31659599512415,26.669510459489654,4505326
307,2009-01-06,25.4565486907959,26.622855486714,25.03668026909991,26.622855486714,3969700
308,2009-01-07,24.119186401367188,26.342942013658853,22.595215734674394,26.342942013658853,12109220
309,2009-01-09,23.99478530883789,26.12523646749815,22.79737808374509,26.12523646749815,5272587
310,2009-01-12,23.357206344604492,24.57016480056336,22.424162351960675,24.57016480056336,6595708
311,2009-01-13,23.015085220336914,23.621563228777767,22.67296833906125,23.32609979996839,4104761
312,2009-01-14,23.061744689941406,23.450513051472303,22.42416415519007,23.450513051472303,2777281
313,2009-01-15,22.719623565673828,23.06174050542579,22.237552572209204,22.859581837792426,3693599
314,2009-01-16,23.434953689575195,23.77707057161374,22.548563401170505,23.512707334656444,2131503
315,2009-01-19,24.33690071105957,24.53905937343902,23.341652224629605,24.072537436376066,2587926
316,2009-01-20,27.058277130126953,27.680306343977957,23.326101847020944,24.367999514699697,19101726
317,2009-01-21,25.254396438598633,27.649211021315715,24.912279467009576,27.649211021315715,11311625
318,2009-01-22,26.451805114746094,26.809471150783654,24.943383082685198,26.063036767225583,10535551
319,2009-01-23,26.825016021728516,27.15158177897575,25.627608948222907,26.887218520917802,7005930
320,2009-01-27,27.69586944580078,28.069086713298823,25.814229840210338,26.7472740635573,8487928
321,2009-01-28,28.31788444519043,28.45784058527285,27.369289548094407,28.271233101563833,6636133
322,2009-01-29,28.131282806396484,28.893270435235426,27.073833772110568,28.893270435235426,13844487
323,2009-01-30,27.447044372558594,27.664754167505194,26.747261532885638,27.649205125096856,4578388
324,2009-02-02,26.000831604003906,27.68031209591756,25.62761441997973,27.369297424363538,6678800
325,2009-02-03,26.420692443847656,27.05827270563006,23.823720056988634,23.823720056988634,6591337
326,2009-02-04,26.827409744262695,28.031906254861806,25.68548401254223,27.374907772409447,7225484
327,2009-02-05,26.670982360839844,27.374908413514063,26.405053892264412,26.59276835498715,3622655
328,2009-02-06,27.03077507019043,27.35927228260256,26.74920330309129,26.889988125795234,2228530
329,2009-02-09,27.046411514282227,28.094480132436715,26.342485400453626,28.094480132436715,3190528
330,2009-02-10,26.999492645263672,27.578277373816583,26.498921954531877,27.437490408385315,3258153
331,2009-02-11,27.062053680419922,27.21848169958378,26.12348556543677,26.905625661256064,1899711
332,2009-02-12,28.376047134399414,28.688903156380288,26.749196244436995,27.046409040980688,8517373
333,2009-02-13,29.345903396606445,29.6431162108273,28.782762099209087,28.93919011950331,9331167
334,2009-02-16,27.98497200012207,29.8464666885684,27.578260943117623,29.8464666885684,3238379
335,2009-02-17,26.749202728271484,27.953699553536406,26.60841790859289,27.953699553536406,2684742
336,2009-02-18,27.484407424926758,27.812906656569805,25.982698167194698,26.749194959901406,4576718
337,2009-02-19,27.578262329101562,28.157044620220955,27.171549129966877,27.531332658995403,5072418
338,2009-02-20,26.999492645263672,27.437490408385315,26.670993262076653,27.218491526824494,3336292
339,2009-02-24,28.720191955566406,29.00176367138637,25.65420226512447,27.093340932584216,9913081
340,2009-02-25,28.6419734954834,30.01854116398351,28.344760720796167,29.033043494200957,7821109
341,2009-02-26,29.0643367767334,29.220764813001676,28.016268085059536,28.76712181047085,9451371
342,2009-02-27,30.315753936767578,31.442036381679642,28.501188718493935,28.62633026939948,35406885
343,2009-03-02,28.907899856567383,29.5805393571308,28.501186662921658,28.782756192996953,9682882
344,2009-03-03,27.87548828125,29.25205439886969,27.687773755351216,29.06434199466232,6218930
345,2009-03-04,28.6419734954834,28.92354516757436,28.000618273248506,28.40733149625287,6597422
346,2009-03-05,28.688905715942383,29.048691446334104,28.250908094768228,29.048691446334104,6109769
347,2009-03-06,28.954832077026367,29.064332535110168,28.157048784147747,28.250906016549475,3962742
348,2009-03-09,28.454261779785156,29.09561706360714,28.18833542813557,29.09561706360714,2964226
349,2009-03-12,29.28333282470703,29.549261309807665,28.50119271757674,29.392833288381606,6091612
350,2009-03-13,29.690040588378906,29.877752906198953,28.970471399175963,29.72132491383703,6329765
351,2009-03-16,30.002904891967773,30.22190371765789,29.017406993825713,29.87776119036555,8232474
352,2009-03-17,30.128047943115234,30.59733207323523,29.752621063357463,30.2062619648019,4981205
353,2009-03-18,29.909042358398438,30.76939640283137,26.905623754610858,26.905623754610858,4007849
354,2009-03-19,30.096765518188477,30.268834679470277,28.78276817307872,28.78276817307872,3286397
355,2009-03-20,30.221893310546875,30.456535283348114,29.736966142419583,30.01853778279525,3154546
356,2009-03-23,30.72247314453125,30.972756295097888,29.971617327758498,30.018547009757953,7034396
357,2009-03-24,30.785045623779297,31.33254375868743,30.347045842838156,31.129186035564057,7551877
358,2009-03-25,30.362680435180664,30.972749187650958,29.924682900507236,30.519108429234095,5666796
359,2009-03-26,30.11240005493164,31.26996909412822,29.502331204514213,31.26996909412822,9588411
360,2009-03-27,29.580551147460938,30.503476221337866,29.314624734549266,30.503476221337866,6291705
361,2009-03-30,29.580551147460938,30.25319303781893,27.374915210438974,30.25319303781893,4842258
362,2009-03-31,29.909042358398438,30.597325169606652,28.172691044386575,30.597325169606652,7683950
363,2009-04-01,28.767122268676758,31.254329782311686,28.62633745813108,31.254329782311686,7321541
364,2009-04-02,29.28333282470703,29.721330436023667,28.98612000833569,29.377190061900833,9185217
365,2009-04-06,28.939191818237305,29.8308324349301,28.73583622859415,29.408475906667,6958026
366,2009-04-08,30.472185134887695,30.87889840055892,28.000621210695343,28.626333274284686,16888845
367,2009-04-09,30.018545150756836,31.567182127015254,29.799544225036993,31.12918239726638,7959989
368,2009-04-13,29.611833572387695,30.50347206601609,29.173833817513437,30.19061600754488,6786405
369,2009-04-15,30.378320693969727,30.5816762177153,29.408466376821007,29.408466376821007,9517190
370,2009-04-16,29.596187591552734,30.91018249054205,29.33025911791731,30.78504092747287,16019178
371,2009-04-17,30.50347137451172,31.786182033841406,29.43976164849994,30.28447256288469,24728264
372,2009-04-20,31.880041122436523,32.505753261481644,29.89340423229186,31.567185052913963,20235831
373,2009-04-21,31.28561019897461,31.98953623749938,31.00403851055031,31.72360777426932,8757532
374,2009-04-22,30.237545013427734,32.03646730942575,29.799545268344122,32.03646730942575,10270548
375,2009-04-23,31.30126190185547,31.551547224644064,29.736981286540974,30.487837254906758,7645123
376,2009-04-24,31.30126190185547,31.78618931694124,30.691192886221092,31.723618516666935,4953362
377,2009-04-27,30.26883316040039,31.285617577541803,30.04983432110318,31.285617577541803,6298942
378,2009-04-28,28.782766342163086,30.94147461345949,28.626338298809337,30.612975298078393,8020828
379,2009-04-29,28.970470428466797,29.564895930848614,28.532470791515138,29.377183619318213,10317407
380,2009-04-30,28.970470428466797,28.9704704284668,28.9704704284668,28.9704704284668,0
381,2009-05-04,29.424121856689453,30.00290646798647,29.26769381273795,29.674407151350085,6346688
382,2009-05-05,30.018545150756836,30.347042295954974,29.252046154119007,29.72133021490585,10754066
383,2009-05-06,30.143678665161133,30.84760456828186,29.799536263848232,30.331393088002756,8162872
384,2009-05-07,30.378320693969727,30.62860588436522,29.877750313178726,30.347034249536442,6552316
385,2009-05-08,30.4565372467041,31.59846286096429,29.909039274873855,30.34703680366188,16052278
386,2009-05-11,30.4565372467041,31.26996365352806,30.253181705843325,30.37832325072835,8177989
387,2009-05-12,31.661039352416992,31.801824146265552,30.081115923983386,30.75375556219918,9045014
388,2009-05-13,31.035316467285156,32.05209824466222,30.738101635007496,31.911313499824946,8210662
389,2009-05-14,31.082258224487305,31.754900057875222,30.268831581871098,31.25432948985124,7465672
390,2009-05-15,31.582822799682617,31.88003558981101,31.06660910154217,31.129179880249623,5990389
391,2009-05-18,36.61980056762695,37.54272743922745,33.81974199178414,35.665591491604175,170650
392,2009-05-19,36.93266677856445,38.76287568261187,33.475608815772105,35.66560136066047,19037417
393,2009-05-20,37.16730499267578,40.67129439942719,35.03988558075066,38.48130208105298,10704619
394,2009-05-21,36.74494171142578,38.79414649771685,36.46336796019031,37.51143624706561,11495294
395,2009-05-22,37.13602066040039,38.41873122224237,36.44773570232475,37.198589319891795,8524108
396,2009-05-25,36.4790153503418,37.542724797126,36.041017842063674,37.52708369601561,5914983
397,2009-05-26,33.710243225097656,36.80751684425919,32.97503076031852,36.76058929190758,11328948
398,2009-05-27,34.3203239440918,35.66560566552358,33.71025494300394,34.414181203111006,9833643
399,2009-05-28,35.039894104003906,35.63431988633409,33.522541065652305,35.039894104003906,18047010
400,2009-05-29,35.962806701660156,36.29130379807394,35.211951042894576,35.66559180994787,12795881
401,2009-06-01,37.574012756347656,37.79300939761838,35.75944551555415,36.885727898912045,13519274
402,2009-06-02,37.24551010131836,38.700293759780806,36.35387397952613,37.85558094153685,10664555
403,2009-06-03,39.294734954833984,39.57630459228373,36.91702777886941,37.85559606595682,19445390
404,2009-06-04,39.26343536376953,39.701432902565934,38.07458429512487,39.576291354821386,11373782
405,2009-06-05,39.12266159057617,40.20201245857623,38.434376556741014,39.70144191063992,13240784
406,2009-06-08,37.83994674682617,39.81093802462925,37.12037533685158,39.10701196207366,8283946
407,2009-06-09,37.87123489379883,38.309232503655416,36.40080979994282,37.76173443048927,6301719
408,2009-06-10,38.262306213378906,39.32601594208598,37.730449227334475,39.32601594208598,5514227
409,2009-06-11,38.356163024902344,39.26344476757538,37.91816538120315,39.091375628637756,8425194
410,2009-06-12,37.93380355834961,38.85673057909344,36.94830787526926,38.48130163154776,8819990
411,2009-06-15,38.152809143066406,38.70030728310873,37.0734539696301,38.70030728310873,6088490
412,2009-06-16,38.43437194824219,38.715941521637724,36.99523338675439,38.41873084436854,5235173
413,2009-06-17,37.24551010131836,39.35729214692825,36.635443504480556,39.35729214692825,8548532
414,2009-06-18,34.242088317871094,37.386290720895836,33.69459046088584,37.22986276175719,15756310
415,2009-06-19,33.804080963134766,35.337073664250724,32.59958518247983,35.337073664250724,11260656
416,2009-06-22,33.27224349975586,34.226454743767924,32.84988916406207,33.78845718341349,11032509
417,2009-06-23,33.585105895996094,34.07003107026765,32.30239525786208,32.537037292518974,9061729
418,2009-06-24,33.647674560546875,34.664456646652866,33.24096130176634,34.664456646652866,12156270
419,2009-06-25,33.49125289916992,34.55496274231439,33.021966648734285,34.101321842199575,22858397
420,2009-06-26,34.68009948730469,34.88345505359199,33.17838803077559,34.38288456808229,16833106
421,2009-06-29,34.867820739746094,35.68124533448398,34.57060786625165,35.68124533448398,16727201
422,2009-06-30,34.22645568847656,35.49352297391232,33.72588733735361,35.03988217637599,10678356
423,2009-07-01,33.47561264038086,34.50803823955026,32.84990041321048,34.273396154361365,9694486
424,2009-07-02,34.445457458496094,34.680099475683136,33.397388933051054,34.680099475683136,11593296
425,2009-07-03,35.33710479736328,35.58739010340095,33.553825439593176,34.24210843992833,14320723
426,2009-07-06,32.42753219604492,36.76058866582805,32.06774864296858,35.915875764360905,16536927
427,2009-07-07,32.7090950012207,34.070019175782775,32.22416999624559,34.070019175782775,6256398
428,2009-07-08,31.880041122436523,32.505753261481644,30.87890212430253,32.505753261481644,9995092
429,2009-07-09,32.192901611328125,32.599614981878354,31.348190531995378,32.06776001501635,5766023
430,2009-07-10,32.11468505859375,33.287895388129996,31.629757698047204,32.380613581965086,4813799
431,2009-07-13,32.25545883178711,32.943741565156955,31.050962457122075,32.38060249711189,6649724
432,2009-07-14,33.78846740722656,34.07003704955392,32.42754251869814,32.77168507860156,6681312
433,2009-07-15,34.742671966552734,34.946027542784506,33.85103140866402,34.25774468281836,5318107
434,2009-07-16,34.68009948730469,35.79073667167629,33.78845897301888,35.79073667167629,6733724
435,2009-07-17,34.946022033691406,35.29016447026727,34.44545372430615,35.29016447026727,4714999
436,2009-07-20,35.02423858642578,35.66559383500868,34.6644550215013,35.0555250362847,3204852
437,2009-07-21,34.476741790771484,35.258881848129626,33.94488697610608,35.258881848129626,3387311
438,2009-07-22,34.05438995361328,35.25888445809044,33.66331989598611,34.5706015810048,4155805
439,2009-07-23,35.54045486450195,35.88459735122376,34.13260270886127,35.16502592564515,7225701
440,2009-07-24,35.36838912963867,36.43210108591757,35.0868173816423,36.43210108591757,3938895
441,2009-07-27,35.86894989013672,36.260019910329156,35.19631030408198,36.260019910329156,5271010
442,2009-07-28,36.385169982910156,36.60417094282067,35.69688913232993,36.51031581336319,5714377
443,2009-07-29,36.72930908203125,36.91702356670734,35.29017247904802,36.88573711203101,8829709
444,2009-07-30,37.24551010131836,37.7460805031155,36.823157935577065,36.94829947518118,17110331
445,2009-07-31,36.72930908203125,37.933805761705784,36.54159459735516,37.51144923203005,5752956
446,2009-08-03,36.69801712036133,37.30808804316443,36.541589113835535,37.10473248335715,3665243
447,2009-08-04,36.26002883911133,37.495812104575066,36.13488725051076,37.495812104575066,3621563
448,2009-08-05,35.931522369384766,36.447733941309394,35.35273789761056,36.447733941309394,4774621
449,2009-08-06,35.21194839477539,36.228728177322694,34.94601997114479,35.79073066725031,7103528
450,2009-08-07,35.290164947509766,35.82201971166366,34.77395128566501,35.0398797285872,3574790
451,2009-08-10,34.617530822753906,35.91588262854084,34.33596121624547,35.63431302203241,2330557
452,2009-08-11,34.83653259277344,35.22760267873362,34.179533999683926,35.22760267873362,2647345
453,2009-08-12,34.38288116455078,34.83652405037791,32.849887652174395,32.849887652174395,3169220
454,2009-08-13,34.96167755126953,35.32146121645596,34.601893886083104,35.32146121645596,3372052
455,2009-08-14,35.00859069824219,35.6655890842403,34.72702117378033,34.72702117378033,5692114
456,2009-08-17,33.30354309082031,34.85218050951204,33.131471795034244,34.41418277632153,7525848
457,2009-08-18,34.02310562133789,34.10131963773921,32.8498953753181,33.381750262508874,3831268
458,2009-08-19,33.19402313232422,34.398519374841236,33.08452482408006,34.33594860988883,2016070
459,2009-08-20,33.52252960205078,33.77281483806573,33.31917404123961,33.60074360569978,1291386
460,2009-08-21,33.916175842285156,34.04214246341772,33.0816541850765,33.69573692485672,2476248
461,2009-08-24,34.21534729003906,34.4357883701247,33.916179998606815,34.29407563702876,3720905
462,2009-08-25,34.624732971191406,34.92390024404427,34.24683735623817,34.608986875642735,5644025
463,2009-08-26,34.46727752685547,35.08135819019971,34.16811024324089,34.64048031283539,4450635
464,2009-08-27,34.02638626098633,34.78217722069608,33.821691363318386,34.46726396487665,7528977
465,2009-08-28,33.884681701660156,34.43577999658077,33.506784019486254,34.26257724819149,4498782
466,2009-08-31,33.884681701660156,34.073628407104536,33.44380178433813,33.66424067517786,5347897
467,2009-09-01,33.55402374267578,34.16810647391932,33.28634868082049,33.97915761266857,4467549
468,2009-09-02,33.979156494140625,34.07363092165608,33.223365345302405,33.380822012613926,3513954
469,2009-09-03,33.49103546142578,34.325556956545505,33.22336044783986,34.325556956545505,5440841
470,2009-09-04,33.742977142333984,33.82170548917024,32.98718586696317,33.56977435216561,3523284
471,2009-09-07,33.69573974609375,34.37280264966432,33.56977311441441,34.29407430573086,4931172
472,2009-09-08,34.02638626098633,34.42002783076061,33.86892963307662,33.90041967727324,4162308
473,2009-09-09,33.20762634277344,34.01065594467391,33.06591573905999,34.01065594467391,8053306
474,2009-09-10,33.82170104980469,34.21534273231738,33.42805936729199,33.63275432358428,7355612
475,2009-09-11,34.07362365722656,34.26257247197397,33.585507665497666,34.07362365722656,4466196
476,2009-09-14,34.01065444946289,34.136618950416356,33.695741061436124,33.85319775544951,2292939
477,2009-09-15,33.79020309448242,34.24682691228348,33.63274645829983,34.19959077568563,6351632
478,2009-09-16,33.94766616821289,34.27832559402825,33.601260648664855,34.04214059496624,7262510
479,2009-09-17,34.02638626098633,34.21533293309267,33.7114730051669,34.152350709057224,4533815
480,2009-09-18,33.96340560913086,34.0893700630327,33.727220656333195,33.727220656333195,3807983
481,2009-09-22,34.01065444946289,34.26258558701292,33.91618000592624,34.01065444946289,3732519
482,2009-09-23,34.671966552734375,35.20731877923927,34.10512213940573,34.199596564234284,10885467
483,2009-09-24,35.08135223388672,35.69543492861152,34.6089822444939,34.95538775763904,10152395
484,2009-09-25,35.04985809326172,35.49073584433259,34.79792703451732,34.95538367927727,5754133
485,2009-09-29,34.93964385986328,35.679691077341566,34.79793328126864,35.58521664639754,3351144
486,2009-09-30,34.624732971191406,35.39627029664656,34.514514573636646,35.01837468169332,5591598
487,2009-10-01,34.545997619628906,34.95538534261377,34.435779244437704,34.67196422281638,4613924
488,2009-10-05,34.29407501220703,34.498769992036664,34.05788997554111,34.29407501220703,3847231
489,2009-10-06,34.4830207824707,34.608985269729175,33.77446573644538,34.53025693128191,2883224
490,2009-10-07,34.26258087158203,34.76644094169462,34.08937810487594,34.640476458077174,3492297
491,2009-10-08,33.979156494140625,34.451526496075196,33.8846842022679,34.32556201648307,6173266
492,2009-10-09,33.96340560913086,34.26257278887945,33.71147456568489,34.168098380631925,4193022
493,2009-10-12,34.10512924194336,34.24683984087669,33.90043425624579,34.010654797440104,1800379
494,2009-10-13,34.10512924194336,34.10512924194336,34.10512924194336,34.10512924194336,0
495,2009-10-14,35.00261688232422,35.27029401021954,34.120861454146755,34.42002862696713,6809859
496,2009-10-15,35.412017822265625,35.90013399012855,35.002629999682426,35.002629999682426,7572106
497,2009-10-16,35.270301818847656,35.74267181808351,35.128591246205445,35.585215151671555,3312168
498,2009-10-20,35.22307205200195,35.80566054184603,34.98688700961144,35.11285151129581,3209019
499,2009-10-21,35.08135223388672,35.49073998515569,34.86091333263194,35.207318845777074,1976113
500,2009-10-22,34.35704803466797,35.08134686572362,31.806249628013987,34.79792576971422,2682882
501,2009-10-23,34.73494338989258,34.79792561810445,34.32555570305193,34.640468979753614,1979627
502,2009-10-26,34.624732971191406,34.955392435141604,34.231091260689496,34.48302238253931,1820035
503,2009-10-27,34.35704803466797,34.71919745019579,34.18384530459896,34.294063670539344,4096925
504,2009-10-28,33.884681701660156,34.32555948333962,33.44380178433813,34.32555948333962,1873167
505,2009-10-29,33.31783676147461,34.30981502085045,33.06590780891187,33.412311186506976,4457277
506,2009-10-30,32.86122131347656,33.97916433653839,32.46757955434516,33.97916433653839,2912146
507,2009-11-03,32.24713134765625,33.27059962786,32.026692452894736,32.593536850597644,3200653
508,2009-11-04,32.8927001953125,33.03441074411454,31.585808802567897,32.640769144307555,2690289
509,2009-11-05,33.55402374267578,33.69573645643525,32.26288030960499,32.829724757714445,2975233
510,2009-11-06,33.601261138916016,34.12086942581929,33.44380447057734,33.97915671580029,2665782
511,2009-11-09,33.80595779418945,33.93192228095648,33.081654520529064,33.90043009144329,1222652
512,2009-11-10,33.12887954711914,34.010637008550795,32.90844071567172,34.010637008550795,2700520
513,2009-11-11,34.18385314941406,34.30981763529406,33.06591032856845,33.33358539497415,3211200
514,2009-11-12,33.49103546142578,34.67196242782425,33.23910440373601,34.67196242782425,7034805
515,2009-11-13,32.987186431884766,33.774469913729924,32.78249144521915,33.53828486917638,5050823
516,2009-11-16,33.0501708984375,33.648507666128246,32.78249364241226,33.38083041010301,6037955
517,2009-11-17,33.0344123840332,33.191869031772576,32.67226294848963,33.191869031772576,4578478
518,2009-11-18,32.8927001953125,33.31783184171862,32.76673360198885,33.065902926356046,3519599
519,2009-11-19,32.939937591552734,33.223360835627794,32.782480945614076,33.00291982279971,3934390
520,2009-11-20,33.632755279541016,33.75871976726829,32.97143637986565,33.097400867592924,4677765
521,2009-11-23,33.44380187988281,33.75871519216569,33.191870802928,33.69573295683763,2821321
522,2009-11-24,32.703758239746094,33.538279887941464,32.60928380882776,33.538279887941464,5439086
523,2009-11-25,32.971439361572266,33.01867551483099,32.68801603509077,32.751000420293146,1865683
524,2009-11-26,32.46757888793945,32.971441183543035,32.310122187518736,32.719510035741244,5780245
525,2009-11-27,32.16841125488281,32.59354519592291,31.617312809053217,32.404596303095495,7226035
526,2009-11-30,31.428359985351562,32.67226945887201,29.9325215337619,32.43608444019996,34539390
527,2009-12-01,32.27863311767578,32.562054332858416,31.491349591453766,32.12117641243138,9492411
528,2009-12-02,32.451839447021484,32.65653448093968,32.058197615229126,32.31012881470496,4964876
529,2009-12-03,32.46757888793945,32.68801784139983,32.38885053772909,32.49907108228087,3578736
530,2009-12-04,32.67226791381836,32.8769607327305,32.199897898812374,32.27862623464671,3567645
531,2009-12-07,32.593528747558594,32.81396758751707,32.56203656943221,32.73523927784318,4545289
532,2009-12-08,32.971439361572266,33.14464214959268,32.49906928641283,32.68801603509077,4206166
533,2009-12-09,32.750999450683594,33.191877320189434,32.6880150673459,32.93994619376767,3096689
534,2009-12-10,33.22336959838867,33.443808533715725,32.750999535983695,32.750999535983695,3347394
535,2009-12-11,33.11315155029297,33.61701384229787,32.98718704511333,33.38082879335367,2530102
536,2009-12-14,33.0501708984375,33.30210205664185,32.92420425151369,33.06591699625839,1458861
537,2009-12-15,33.0501708984375,33.2233737031807,32.81398583805403,33.11315315407777,2359025
538,2009-12-16,32.924198150634766,33.1288931130896,32.60928479514383,32.90845419137452,3602393
539,2009-12-17,32.955684661865234,33.34932628840074,32.861210244368216,33.34932628840074,1264927
540,2009-12-18,32.924198150634766,33.144639207992725,32.62503089004695,32.924198150634766,1671508
541,2009-12-21,32.924198150634766,33.034418679313745,32.688013134016565,32.7667414728893,1309866
542,2009-12-22,33.53828048706055,33.82170164923571,32.76674106714722,32.95568993235923,3246132
543,2009-12-23,34.498756408691406,34.78217748684068,33.63274494856148,33.69572717307885,9531688
544,2009-12-24,34.26258087158203,35.0341181389352,34.02639586306722,34.483019785733966,3529789
545,2009-12-29,34.545997619628906,35.0656058534475,34.38854096737646,34.56174371198266,3582130
546,2009-12-30,34.278324127197266,34.79793024864173,34.18384970448665,34.48301693003475,1887030
547,2009-12-31,34.687705993652344,35.55371752646836,34.404284891714966,34.545995442683655,8785123
548,2010-01-04,35.396270751953125,35.63245578129235,34.67197170382723,34.70346175968667,4353415
549,2010-01-05,35.50648498535156,36.0260911034279,35.34902832706872,35.58521331449298,4374738
550,2010-01-06,35.7584228515625,36.02609794005412,35.58522006745438,35.77416894750742,5549959
551,2010-01-07,36.073326110839844,36.29376713400904,35.490737774922444,35.86863331577421,4535147
552,2010-01-08,36.16781234741211,36.46697750604267,35.915879071880546,36.246540695149555,3809958
553,2010-01-11,36.34177017211914,36.76876301712429,36.246884779879146,36.68969042693677,3041300
554,2010-01-12,35.81989669799805,36.531550104317354,35.6775664457305,36.120374296651455,2569224
555,2010-01-13,36.35757827758789,36.53153621701802,35.36126260049684,35.81988308123046,3322262
556,2010-01-14,37.11668014526367,37.480413171493204,36.389209802842394,36.531542169175005,6747297
557,2010-01-15,37.527862548828125,38.41347821606596,37.11668675722829,37.43297714767831,11273753
558,2010-01-18,37.19574737548828,37.95484321009949,37.03760223119588,37.559480349368485,4085821
559,2010-01-19,36.76876449584961,37.6069331275534,36.57898941377487,37.1641274626875,4992784
560,2010-01-20,36.974342346191406,37.30644972218268,36.658052058558724,36.76875451722248,3697700
561,2010-01-21,35.9463996887207,37.14830538169288,35.75662679902576,36.84782788595942,3555527
562,2010-01-22,36.15199661254883,36.35758878762135,34.71287712681767,34.79194972031856,4943166
563,2010-01-25,36.46828079223633,37.00597605269733,35.44033939630697,36.15199047195621,2912852
564,2010-01-27,35.83570098876953,37.132489967600776,35.48778079116697,36.46827946126167,8252922
565,2010-01-28,36.025482177734375,37.306460796892026,34.254257328178134,36.658062940786195,11600411
566,2010-01-29,35.64591979980469,35.96221005400947,35.124041738359026,35.70917742164953,3996285
567,2010-02-01,35.724998474121094,35.9464012609393,35.42452311022632,35.503595687302884,2078776
568,2010-02-02,35.96221923828125,36.531542270243484,35.58267126530013,35.867331708790694,3466800
569,2010-02-03,35.724998474121094,36.136176303915434,35.58266826437946,36.05710372683886,2006355
570,2010-02-04,35.42451477050781,36.13616779665798,35.32962727135837,35.582659887430076,2254939
571,2010-02-05,33.969581604003906,35.1082273965908,33.8430663581523,34.98171215073919,4391981
572,2010-02-08,34.31751251220703,34.45984274468107,33.7798193312044,34.31751251220703,1831316
573,2010-02-09,34.19099426269531,34.47565470296652,34.01703415142686,34.19099426269531,1113258
574,2010-02-10,33.937957763671875,34.36494837620727,33.858885189685964,34.31750568980807,1023345
575,2010-02-11,33.858882904052734,34.23843080456767,33.8272530186012,34.001213098623246,640478
576,2010-02-15,33.17885971069336,34.317505632170395,33.14722982315978,33.93795770667167,1575236
577,2010-02-16,33.763999938964844,34.00121767685037,33.14723210447766,33.2104918838986,1192982
578,2010-02-17,33.87470626831055,34.08029413991427,33.74818884003182,34.00122155160803,989784
579,2010-02-18,34.20680618286133,34.61798403209987,33.590040481494036,33.922145749916744,1713670
580,2010-02-19,33.8905143737793,34.20680468317592,33.684926530663866,34.20680468317592,1267093
581,2010-02-22,33.843074798583984,34.27006761354084,33.76400221396095,33.96959007598839,835164
582,2010-02-23,33.716556549072266,33.90633160550449,33.54259643817291,33.84307396835411,801182
583,2010-02-24,33.60585021972656,33.81143804000132,33.4160751971801,33.59003527701758,906081
584,2010-02-25,33.66911697387695,33.84307710087811,33.24212412987242,33.84307710087811,1650113
585,2010-02-26,34.017032623291016,34.44402326451628,33.52678220264187,33.84307251983732,1548385
586,2010-03-02,34.017032623291016,34.63379831282595,33.84307251983732,34.03284756814699,780476
587,2010-03-03,34.38076400756836,34.47565152724524,33.70073857070146,33.70073857070146,1578097
588,2010-03-04,34.41239547729492,34.633798270062165,34.25425031889246,34.4756531116597,1157814
589,2010-03-05,34.238433837890625,34.68123940355789,34.15936126223712,34.475651564851134,766252
590,2010-03-08,34.80775451660156,35.01334234175323,34.31750415087749,34.47564929175747,1998979
591,2010-03-09,34.41239547729492,34.91845869719419,34.31750795325725,34.79194342846462,1368556
592,2010-03-10,34.50727462768555,34.697047484729005,34.20679718365091,34.44401486369059,1572349
593,2010-03-11,33.77981185913086,34.85519798326138,33.55840694094446,34.47565006562595,4256779
594,2010-03-12,33.62165832519531,33.96957843631432,33.38444065260883,33.54258576766649,7813231
595,2010-03-15,33.09978485107422,33.684922715171766,32.95745465696368,33.684922715171766,2420100
596,2010-03-16,33.19466781616211,33.28955531423461,32.751860206817206,32.91000532194459,1690093
597,2010-03-17,33.63748550415039,33.795632821727786,33.24212257265986,33.24212257265986,2067076
598,2010-03-18,33.558414459228516,33.811447176000776,32.30906796733077,33.38445433238626,2257266
599,2010-03-19,34.22261047363281,34.55471563866256,33.40025503117635,33.52677240808215,3363560
600,2010-03-22,34.017032623291016,34.50728304394017,33.73237005082652,33.84307251983732,2178427
601,2010-03-23,34.14353942871094,34.4440147265689,33.77980651209031,34.080281809948275,1381649
602,2010-03-25,33.66911697387695,34.301697693894766,33.526786740869206,34.301697693894766,3128139
603,2010-03-26,33.763999938964844,34.00121767685037,33.479337366513604,33.700740159543905,2059990
604,2010-03-29,33.763999938964844,34.04866036643509,33.55840994580878,33.98540273199514,1977720
605,2010-03-30,33.748199462890625,34.00123225411351,33.68494180133038,33.764014414526166,1369034
606,2010-03-31,33.8905143737793,34.032846728992524,33.30537644340317,33.843071685362176,1719363
607,2010-04-01,33.73237228393555,34.03284982114786,33.68492959120788,34.001219929342,928358
608,2010-04-05,34.017032623291016,34.23843541633163,33.76399994053846,34.15936283703277,1444077
609,2010-04-06,33.90632247924805,34.15935510472416,33.811434976571945,34.15935510472416,2818200
610,2010-04-07,34.965904235839844,35.10823445227208,33.874703049884694,33.874703049884694,3932498
611,2010-04-08,35.155670166015625,35.70917812172547,34.20679938479874,35.42451774535265,4525961
612,2010-04-09,34.681236267089844,35.250559189303374,34.57053595817488,35.171486620800955,2218499
613,2010-04-12,34.30168914794922,34.95008465342205,34.19098883651482,34.50727911772296,854787
614,2010-04-13,34.080291748046875,34.53891229903931,33.96958927419511,34.00121916529021,1196945
615,2010-04-15,34.04865264892578,34.444015455788254,33.93795234999259,34.31750021558446,1834504
616,2010-04-16,34.127723693847656,34.222611192274464,33.87469322468338,33.93795084197445,3410045
617,2010-04-19,34.017032623291016,34.12773294732083,33.684927361239595,33.9695877887231,1997149
618,2010-04-20,34.14353942871094,34.42820193061359,33.70073180741141,34.00120925024984,2663183
619,2010-04-21,34.80775451660156,35.171487482633204,34.12772912382922,34.159359009997516,4408329
620,2010-04-22,34.36495590209961,35.31382699773238,34.03285273461319,34.69706121456734,3257926
621,2010-04-23,34.681236267089844,34.7919387209855,34.285873424577765,34.47564844697584,1225052
622,2010-04-26,34.918453216552734,35.21893068634062,34.69705045853586,34.791937967680425,1204934
623,2010-04-27,35.804073333740234,36.262693881025626,34.82357460247165,34.87101729374974,11718037
624,2010-04-28,36.34177017211914,38.11299705031222,34.190997435003496,35.58267416431142,8993805
625,2010-04-29,34.93427658081055,36.025477836586546,34.665431075898844,36.025477836586546,5294606
626,2010-04-30,34.80775451660156,35.26637499615734,34.72868194616158,35.26637499615734,1318467
627,2010-05-03,34.58635330200195,34.77612619259417,34.50728072800999,34.77612619259417,1557313
628,2010-05-04,34.001220703125,34.7761316201924,33.890518224266295,34.60217150126351,1045708
629,2010-05-05,33.922142028808594,34.0644722296679,33.59003679681635,33.84306945666667,1404451
630,2010-05-06,33.763999938964844,34.00121767685037,33.33700715277848,33.684927359669665,1322298
631,2010-05-07,33.52678298950195,33.76400073296595,33.22630546512939,33.36863782719262,5243780
632,2010-05-10,34.19099426269531,34.36495222898267,33.59004134603895,33.6216690921907,1121466
633,2010-05-11,33.763999938964844,34.444023262910974,33.66911241481443,34.444023262910974,838559
634,2010-05-12,33.79561996459961,34.04865042850628,33.55840015097147,34.03283763324738,1266616
635,2010-05-13,34.27006530761719,34.34913788691968,33.68492736278634,34.00121767999631,1612426
636,2010-05-14,33.60585021972656,34.285873451386784,33.368632514033834,33.92214049398354,1711958
637,2010-05-17,32.78349685668945,33.49515002169868,32.59372182136132,33.21048961368733,1851642
638,2010-05-18,32.894203186035156,33.19467857315245,32.60954059957054,33.19467857315245,1361316
639,2010-05-19,32.4830207824707,32.8941985865497,32.29324575136324,32.8941985865497,2450689
640,2010-05-20,32.92582702636719,33.08397217398213,32.024400971950485,32.34069126718038,2116627
641,2010-05-21,32.688602447509766,32.95745000004851,31.739731760874747,31.992764372973497,1432024
642,2010-05-24,32.49884796142578,32.910023775328085,32.29325790949303,32.76769352090178,3809046
643,2010-05-25,31.91370391845703,32.34069674736436,31.644856263962605,32.26162416015791,2621138
644,2010-05-26,32.641170501708984,32.894203196990325,32.38813780642764,32.54628297285584,1674436
645,2010-05-27,32.056034088134766,33.052349972112886,31.692301045639052,33.052349972112886,4522469
646,2010-05-28,32.59373092651367,32.86257861083509,32.05603770285228,32.05603770285228,1223573
647,2010-05-31,32.67279815673828,32.78350063092123,32.309065132961905,32.656985356124515,3962642
648,2010-06-01,32.91001510620117,33.210492630260475,32.530467146050675,33.210492630260475,2173677
649,2010-06-02,33.02071762084961,33.09979020202518,32.577912024258836,33.02071762084961,1067731
650,2010-06-03,33.400264739990234,33.51096720883935,33.02071678890626,33.178861947273006,855327
651,2010-06-04,33.44770431518555,33.57421956399334,33.14722684555091,33.52677688193558,730766
652,2010-06-07,33.036537170410156,33.19468235480212,32.26162619588581,33.0207222229747,1110289
653,2010-06-08,32.59373092651367,33.21049889113558,32.467215630939734,33.036538750985336,1369731
654,2010-06-09,32.40394973754883,32.84675530436145,32.309062217523014,32.59372263261957,2036943
655,2010-06-10,32.24580764770508,32.79931573126917,32.10347742664196,32.514653144161834,2079894
656,2010-06-11,32.071842193603516,32.57790750085298,32.00858456644252,32.41976236046012,1791437
657,2010-06-14,32.59373092651367,32.688618470684844,32.16674019521555,32.562103175110906,1700881
658,2010-06-15,32.67279815673828,32.736057939117735,32.41976760714485,32.60954051933992,1047592
659,2010-06-16,32.467201232910156,32.9574515395684,32.38812867199691,32.67278903329241,1289944
660,2010-06-17,32.53046798706055,32.68861315329353,32.340695074569624,32.46721034956357,662067
661,2010-06-18,32.53046798706055,32.86257326514603,32.229992600214096,32.451395403944055,1111519
662,2010-06-21,32.704429626464844,32.81513210599104,32.53046950648705,32.64117198601325,1131800
663,2010-06-22,32.45139694213867,32.81513212870422,32.29325176840962,32.736059541839694,1139377
664,2010-06-23,32.356502532958984,32.53046261608966,32.22998727885345,32.26161716487021,1355354
665,2010-06-24,32.08766555786133,32.51465626199485,31.94533532315015,32.2932534363351,2329371
666,2010-06-25,32.056034088134766,32.324881742140256,31.913703860418234,31.976961501072115,1672844
667,2010-06-28,32.656982421875,32.815127573652006,32.07184450230773,32.07184450230773,2401306
668,2010-06-29,32.43557357788086,33.13141387768472,32.29324338745939,32.81512361231229,1542276
669,2010-06-30,32.92582702636719,33.05234443144765,32.13510128829244,32.26161869337291,2708253
670,2010-07-01,32.656982421875,32.91001294873349,32.41976469420949,32.79931262947812,1450319
671,2010-07-02,32.751869201660156,32.97327413962858,32.60953898795259,32.76768414651232,1534161
672,2010-07-05,32.293251037597656,32.86257407913445,31.629042609955693,32.57791363085663,1409644
673,2010-07-06,32.277435302734375,32.403952722751136,32.19836271959181,32.29325024835911,765539
674,2010-07-07,32.4830207824707,33.147229101385264,32.435575952203436,32.57790829802444,4099698
675,2010-07-08,32.261619567871094,32.894200175477906,32.21417473531204,32.894200175477906,2147848
676,2010-07-09,32.24580764770508,32.48302539780397,32.1509201186693,32.419767760107156,2076435
677,2010-07-12,31.929515838623047,32.41976626183349,31.850443258911074,32.309063792244324,4188571
678,2010-07-13,31.945335388183594,32.08766562318452,31.70811761485494,31.8820755993109,3777184
679,2010-07-14,31.850440979003906,32.26161879306959,31.771368404952074,32.229988905456516,2928502
680,2010-07-15,31.866252899169922,32.15091328075407,31.802993129946206,32.103470598816926,3552196
681,2010-07-16,31.73973846435547,32.08765864759507,31.62903814785621,32.08765864759507,1309829
682,2010-07-19,31.644851684570312,32.07184445168664,31.344376325664445,31.344376325664445,3056097
683,2010-07-20,31.581600189208984,31.83463290981284,31.53415749252509,31.78719021312894,2241425
684,2010-07-21,31.5974178314209,31.739748078593465,31.502530284978693,31.739748078593465,1373142
685,2010-07-22,32.08766555786133,32.48302851260421,31.629044959355845,31.850447785015596,5819774
686,2010-07-23,31.945335388183594,32.38814104040455,31.818817955419526,32.38814104040455,1826820
687,2010-07-26,31.945335388183594,32.08766562318452,31.62904502374539,31.945335388183594,1879489
688,2010-07-27,31.992765426635742,32.19835322418541,31.676475187340575,31.676475187340575,2785906
689,2010-07-28,32.02440643310547,32.45139711749248,31.86626125852186,32.10347902039727,3199899
690,2010-07-29,31.73973846435547,32.24580379543473,31.54996557393638,31.69229577799591,2312762
691,2010-07-30,31.75555419921875,32.00858687106184,31.67648162332909,31.78718408756697,1285466
692,2010-08-02,31.80299949645996,32.071847134538345,31.72392691408174,31.94533186072562,778568
693,2010-08-03,31.5974178314209,31.882078325766027,31.534160182119926,31.882078325766027,1708893
694,2010-08-04,31.676490783691406,31.78719327994278,31.202055191153846,31.78719327994278,1886451
695,2010-08-05,31.249488830566406,31.8820694371783,31.15460131057844,31.486706558045864,1508701
696,2010-08-06,31.486709594726562,32.02440487818847,31.31274948213483,31.391822065587334,3922176
697,2010-08-09,32.30906295776367,32.388135535433356,31.818812547215455,31.86625738080583,3155186
698,2010-08-10,32.10348129272461,32.56210190248261,31.96114890953992,32.56210190248261,2033594
699,2010-08-11,31.676490783691406,32.13511142748141,31.62904808243026,31.9453384774553,1383082
700,2010-08-12,31.549962997436523,31.69229318987278,31.47088828499341,31.502518169970653,746648
701,2010-08-13,32.229984283447266,32.324871787698086,31.518331219036924,31.739733965635143,2838836
702,2010-08-16,33.305381774902344,34.00122228294926,32.38814058881327,32.38814058881327,10437835
703,2010-08-17,33.210487365722656,33.93795542526489,33.08396996907405,33.669107834244706,4272775
704,2010-08-18,32.87839126586914,33.6058595271344,32.46721336645997,33.41608445202823,2042150
705,2010-08-19,33.00489807128906,33.526778321231845,32.62535016359115,33.526778321231845,2150678
706,2010-08-20,32.641170501708984,33.242121276143706,32.57791286413392,33.052348363418524,1350531
707,2010-08-23,33.00489807128906,33.178858154603326,32.35650256710723,32.799310246905414,1558660
708,2010-08-24,32.59373092651367,33.19468394294348,32.43558573455553,33.19468394294348,1419761
709,2010-08-25,32.59373092651367,32.8942085072193,32.37232808676856,32.41977293134487,1708531
710,2010-08-26,33.352821350097656,33.59003908266643,32.57791051936917,32.86257094045933,6819779
711,2010-08-27,33.00489807128906,33.68492346152104,32.799310246905414,33.49514843518171,3318728
712,2010-08-30,34.39657974243164,34.63379747458686,33.210491081655505,33.337006347479246,12599675
713,2010-08-31,34.41239547729492,35.029161166068306,34.00121763645233,34.44402322198682,7251681
714,2010-09-01,34.22261047363281,34.69704581082377,33.93795012931039,34.41238546650134,4105554
715,2010-09-02,34.032840728759766,34.50727610920835,33.85888066026583,34.50727610920835,2077611
716,2010-09-03,34.159358978271484,34.50727914587659,34.09610135097439,34.28587423286566,2025354
717,2010-09-06,34.17517852783203,34.412396270906385,33.84307325853173,33.84307325853173,1657041
718,2010-09-07,34.063453674316406,34.638095173909136,33.919793840672966,34.638095173909136,2364772
719,2010-09-08,33.99958419799805,34.19113196844413,33.760150567449266,34.063432733140864,2119627
720,2010-09-09,33.36110305786133,34.15921536402852,33.249366468990644,34.127290005774555,4325702
721,2010-09-13,33.69630432128906,33.99958869208664,33.47283333624185,33.77611554202149,2223035
722,2010-09-14,33.536685943603516,33.951704774705284,33.37706348279654,33.55264862268785,2096762
723,2010-09-15,34.11132049560547,34.25498023982504,33.53667718869195,33.53667718869195,3700295
724,2010-09-16,33.72822570800781,34.44652661010317,33.61648914611924,34.12728176472746,1645185
725,2010-09-17,33.60054397583008,33.983637532174626,33.52073272804919,33.91978896695365,3999245
726,2010-09-20,33.72822570800781,33.919773481240306,33.64841449666388,33.7761115688071,1658444
727,2010-09-21,33.72822570800781,34.15920711527209,33.61648914611924,34.01554520283889,4168036
728,2010-09-22,33.79207992553711,34.095364311649334,33.616494798055825,33.7601567346429,2530696
729,2010-09-23,33.536685943603516,33.9197815815548,33.42495152004954,33.71227108349482,1296047
730,2010-09-24,33.69630432128906,33.77611554202149,33.34513624907713,33.53668187982421,2212027
731,2010-09-27,33.79207992553711,34.19113821436803,33.616494798055825,34.19113821436803,1731020
732,2010-09-28,34.127281188964844,34.207092398962274,33.712262463974675,33.83996169898114,3076594
733,2010-09-29,34.685970306396484,35.26061162777746,34.19114238453066,34.19114238453066,11684464
734,2010-09-30,33.99958419799805,35.05309260541623,33.88784763773489,34.73384776468452,5236368
735,2010-10-01,34.638092041015625,34.87752579710508,34.12729916201729,34.12729916201729,3875195
736,2010-10-04,35.021175384521484,35.2765717493935,34.43057359108672,34.87751560584914,4550532
737,2010-10-05,35.72351837158203,35.94699157280374,34.98925670477383,35.02117990136377,10282420
738,2010-10-06,35.67563247680664,36.282197026922695,35.42023607911941,35.91506619369746,5975746
739,2010-10-07,34.87751770019531,35.88313837630594,34.60615864028316,35.67563003520955,5825104
740,2010-10-08,34.95732879638672,35.34042228268513,34.68596973754045,34.95732879638672,2872678
741,2010-10-11,35.085018157958984,35.6756220191727,34.95732107905656,35.62773615583874,2923343
742,2010-10-12,34.941368103027344,35.16483913565336,34.54231191440289,35.11695325902578,1328063
743,2010-10-13,35.06906509399414,35.43619589756445,34.89347994945337,35.053102414487114,2785869
744,2010-10-14,34.14324951171875,35.3723432149948,33.8399672965651,35.24464395886516,6206210
745,2010-10-15,34.07940673828125,34.62212271495395,33.7441991110657,34.15921797499836,3825540
746,2010-10-18,34.07940673828125,34.701933951671066,33.77612230674153,34.60616003460686,2661071
747,2010-10-19,33.632469177246094,34.31884724801618,33.456883988676125,34.223073311976314,2506333
748,2010-10-20,33.28129577636719,33.91978569706347,33.121673296193116,33.776123732892046,1611212
749,2010-10-21,33.71227264404297,34.15921685400255,33.584575535493535,33.935743666513616,5077785
750,2010-10-22,34.127281188964844,34.733847683955894,33.7441878139807,34.143243863967854,7613777
751,2010-10-25,33.121673583984375,34.44653931493341,32.993974299724485,34.19114507645056,4373958
752,2010-10-26,32.62683868408203,33.32917706717849,32.49913941850749,33.201479966622095,3559839
753,2010-10-27,32.515098571777344,32.96204270529966,32.43528735132885,32.83434345357132,4326267
754,2010-10-28,31.908538818359375,32.786462371396375,31.66910512207656,32.786462371396375,12789477
755,2010-10-29,32.05219650268555,32.56298922062299,31.924499405710232,31.956422597445016,2557085
756,2010-11-01,32.13201141357422,32.46721903783952,32.02027481714634,32.179897289175685,3644082
757,2010-11-02,31.956422805786133,32.06815939013157,31.30197030823021,31.924499613843224,8722079
758,2010-11-03,32.06815719604492,32.11604306319201,31.621213054260952,31.9244974295857,5792586
759,2010-11-04,32.40336608886719,33.31321275706883,31.92449873770273,32.17989292630934,7578044
760,2010-11-08,31.397743225097656,31.73295080255717,30.743290748156333,31.04657296966045,23828591
761,2010-11-09,33.13762664794922,33.52072224955773,31.413705100782856,31.50947900118498,37552410
762,2010-11-10,32.56299591064453,33.60054207304016,32.451259304071435,33.201485856734145,23142609
763,2010-11-11,32.32355880737305,33.105708476699114,32.17989685248151,32.56299251216786,9305659
764,2010-11-12,31.780838012695312,32.547027102797394,31.605252877566617,32.19585683254,8655373
765,2010-11-15,32.307594299316406,32.81838487496553,31.92450082632502,31.92450082632502,6781511
766,2010-11-16,31.97238540649414,32.48317812651922,31.892574179303853,32.48317812651922,5839719
767,2010-11-18,32.371437072753906,32.642796073740186,31.748910019628816,32.27566318034594,11698558
768,2010-11-19,32.531063079833984,32.962044560520184,32.020270374207236,32.08412108617411,13151040
769,2010-11-22,32.38740921020508,32.53106900827493,31.50948557586677,32.24374941213522,16159489
770,2010-11-23,31.429672241210938,32.05219943469358,30.966765351039832,31.63718058403239,29650997
771,2010-11-24,30.998685836791992,31.365816590219318,30.647515595673546,30.80713803890594,29495589
772,2010-11-25,30.823108673095703,31.04657971830563,29.78556252424673,30.32827853833326,297127250
773,2010-11-26,30.79118537902832,30.88695713737731,29.833450475390435,30.567712169498016,108003635
774,2010-11-29,29.961137771606445,30.6475133614616,29.689778771886342,30.56770214566366,47311917
775,2010-11-30,30.312314987182617,30.360200861712602,29.30669213688827,29.72171098788189,56380039
776,2010-12-01,30.918880462646484,31.04657757537568,30.136730775888864,30.20057933225346,49377032
777,2010-12-02,31.605247497558594,31.637172849426815,30.823098026964793,31.09445702279139,69791050
778,2010-12-03,31.860652923583984,32.03623807900789,31.046577868450154,31.605256530696337,70133580
779,2010-12-06,31.828718185424805,32.020263786865755,31.541396535737,31.924492068654075,35990183
780,2010-12-07,31.58928871154785,31.76487166135734,31.317929700903935,31.58928871154785,22324627
781,2010-12-08,31.23812484741211,31.52544442839216,31.06253969680505,31.349861442803416,8690959
782,2010-12-09,30.519813537597656,31.365811482969544,30.32826577090105,31.222151740455885,19659317
783,2010-12-10,30.679447174072266,30.791183773009415,30.20057974723028,30.455976141216347,12656908
784,2010-12-13,31.254100799560547,31.365835277381713,30.631573333067887,30.679459228559924,10228525
785,2010-12-14,30.982717514038086,31.445622082061607,30.88694363254622,31.285999667914353,12502825
786,2010-12-15,30.855031967163086,31.062540317012058,30.727332689163564,30.966766399767007,7532899
787,2010-12-16,30.679447174072266,30.886955526363103,30.440013460651272,30.87099501081641,10117565
788,2010-12-20,30.599637985229492,30.998694200985444,30.48790137881041,30.5677126219616,12117884
789,2010-12-21,31.014646530151367,31.31792871988875,30.61559044759749,30.647513635191114,13693395
790,2010-12-22,31.270048141479492,31.381782564470058,31.014651772472508,31.094463002473557,11598882
791,2010-12-23,31.046579360961914,31.317938447391114,30.99869348218899,31.142353283526248,4611659
792,2010-12-24,31.206192016601562,31.286003232769204,30.807135935763352,30.807135935763352,4676656
793,2010-12-27,30.87099266052246,31.222160781126817,30.759256070092125,31.126386870046275,5508784
794,2010-12-28,30.695402145385742,30.95079847522818,30.615590927623597,30.807136551242042,6071879
795,2010-12-29,30.551746368408203,30.807140566519845,30.48789565386217,30.663480788827517,10314957
796,2010-12-30,30.83906364440918,31.142345856014085,30.216536543742706,30.55174411026095,31947999
797,2010-12-31,31.381778717041016,31.44562726021034,30.886948718697404,30.93483674983783,12208677
798,2011-01-03,31.381778717041016,31.525438480426473,31.238118953655555,31.42966674818144,5686478
799,2011-01-04,31.413707733154297,31.57333019219438,31.206197237391287,31.429670412061938,9878712
800,2011-01-05,31.317935943603516,31.557369648363004,31.19023883373911,31.41370985851097,6557909
801,2011-01-06,31.605247497558594,31.844683306534726,31.22215410022875,31.349853342683872,16916733
802,2011-01-07,31.23812484741211,31.8925774096648,31.014653821647812,31.60525566366643,15775814
803,2011-01-10,30.695402145385742,31.477551646451207,30.631553604179594,31.22215531660877,11747099
804,2011-01-11,30.66348648071289,31.286013742947862,30.39212955359433,30.902920209650844,8402847
805,2011-01-12,31.046579360961914,31.110430086017125,30.4879006718582,30.870996362115534,5356220
806,2011-01-13,30.88694190979004,31.110415009145754,30.79117019865751,31.030603806523693,5840003
807,2011-01-14,31.158309936523438,31.653139969854575,30.727328450876115,30.807139676735392,13619178
808,2011-01-17,31.206192016601562,31.286003232769204,30.535779099804046,30.807135935763352,10222664
809,2011-01-18,31.493518829345703,31.573330058527862,31.030614133092804,31.030614133092804,8525103
810,2011-01-19,31.254100799560547,31.60526908488037,31.094478261228108,31.238138112723455,8181638
811,2011-01-20,31.573335647583008,31.605258845895964,30.96676889941434,30.96676889941434,8113388
812,2011-01-21,31.557369232177734,31.60525510649078,31.254086976485794,31.365821404888994,7263505
813,2011-01-24,31.461599349975586,31.68507040043551,31.2540909813382,31.333902225432357,10580288
814,2011-01-25,31.413707733154297,31.748915330142108,31.30197114581897,31.605253384991503,5774233
815,2011-01-27,31.541406631469727,31.76487765385461,29.737673607555248,31.38178416333506,21308494
816,2011-01-28,30.823108673095703,31.54140985306807,30.392129264123387,31.445635929401387,12161301
817,2011-01-31,30.823108673095703,31.413712731524832,30.392129264123387,30.59963762788578,10372393
818,2011-02-01,30.535785675048828,31.158312862201132,30.487897636025874,30.966765036145837,5685819
819,2011-02-02,30.503868103027344,30.80715043419123,30.120774518135132,30.663490610484,9759510
820,2011-02-03,31.493518829345703,31.589292737367927,30.344236263115338,30.487896042639594,8272335
821,2011-02-04,31.06253433227539,31.988345800579392,31.01464846538809,31.42966725014382,13585721
822,2011-02-07,31.22216033935547,31.44563135203596,30.807141507224156,31.07850055727645,10075695
823,2011-02-08,30.551746368408203,31.605252848164024,30.471935140243787,31.605252848164024,6969251
824,2011-02-09,30.615589141845703,31.03060788300479,30.248456262543634,30.96675718050515,15914271
825,2011-02-10,30.455976486206055,31.046578353656837,30.34423988600321,30.53578772491711,15041071
826,2011-02-11,30.937362670898438,31.290380974165313,30.7287588687442,30.96945405678182,16032113
827,2011-02-14,31.627357482910156,31.852005909754453,30.825040118162576,30.985503591112092,9448315
828,2011-02-15,31.691530227661133,31.851993638792212,31.38665018179694,31.61129852209559,6653191
829,2011-02-16,31.643402099609375,31.707587049110916,31.515032200606292,31.595263931589468,3070813
830,2011-02-17,31.643402099609375,31.75572739355582,31.53107680566293,31.643402099609375,2410838
831,2011-02-18,31.482938766479492,31.771772128630907,31.194105404328074,31.643402229102502,7982842
832,2011-02-21,31.755727767944336,31.771772373190135,31.145965299428326,31.145965299428326,9078739
833,2011-02-22,31.595264434814453,31.73968111759933,31.386660625080722,31.61130904012664,6311548
834,2011-02-23,31.96433448791504,32.17293832998757,31.611313940669433,31.611313940669433,28541975
835,2011-02-24,31.531070709228516,32.092694893947446,31.097820751541896,31.93222928658163,14267832
836,2011-02-25,31.83596420288086,32.0445658661424,30.95341502128532,31.627360363193983,31955636
837,2011-02-28,31.755727767944336,33.50477908871324,31.354569108298943,32.188977814506345,128195783
838,2011-03-01,31.932241439819336,32.12479850080483,31.450850963780997,31.932241439819336,22095525
839,2011-03-03,31.86804962158203,32.38153355611208,31.627354435350746,31.627354435350746,12055696
840,2011-03-04,31.771764755249023,32.076647004617676,31.65944166333512,31.86804324576415,5797710
841,2011-03-07,31.466890335083008,31.739679077809466,30.841083298950135,31.739679077809466,6845096
842,2011-03-08,31.434797286987305,31.739677398570596,30.71271178124673,31.4508418904195,8299919
843,2011-03-09,31.466890335083008,31.611307008586767,31.322473661579252,31.450843554377062,4984092
844,2011-03-10,31.57921600341797,31.739679459557642,31.226195529340714,31.450843932651278,4963678
845,2011-03-11,31.466890335083008,31.643400569998665,31.290380100167354,31.290380100167354,6148250
846,2011-03-14,31.70758628845215,31.803864798607254,31.338521205353338,31.338521205353338,4743614
847,2011-03-15,31.3706111907959,31.531074641749974,31.145962794745166,31.402704751556655,7316083
848,2011-03-16,31.643402099609375,31.771771998612458,31.45084507467976,31.46689185616139,3548194
849,2011-03-17,31.563167572021484,31.627352515836023,31.386657344212914,31.386657344212914,4312518
850,2011-03-18,31.434797286987305,31.771768781859755,31.322472004413306,31.61130533613963,7614611
851,2011-03-21,31.25829315185547,31.482941584349764,31.210152802904776,31.38666306287358,3473055
852,2011-03-22,31.24224281311035,31.41875305299006,31.065732573230637,31.41875305299006,3536038
853,2011-03-23,31.274333953857422,31.563167286623568,31.162008670879043,31.24224039402795,5655111
854,2011-03-24,31.434797286987305,31.51502900984737,31.178055338550145,31.4508418904195,7807585
855,2011-03-25,31.49898910522461,31.579220845596726,31.306432057761423,31.515035888584084,8602591
856,2011-03-28,31.80386734008789,31.900145857936714,31.418755445117707,31.466893615829562,11509824
857,2011-03-29,32.02851486206055,32.20502511040793,31.691541147292813,31.803866444357077,8985339
858,2011-03-30,32.41363525390625,32.525958396485336,32.04456790319517,32.092708258379474,4832583
859,2011-03-31,32.70246124267578,33.00734138381049,32.18897729603048,32.41362788295341,15647437
860,2011-04-01,33.64919662475586,33.857800438919845,32.52595234924621,32.52595234924621,22114974
861,2011-04-04,33.986167907714844,34.419420110654876,33.44059259112641,33.44059259112641,10060811
862,2011-04-05,33.76152420043945,34.09849794110971,33.42455045976919,33.85780272297742,7752278
863,2011-04-06,33.713382720947266,34.30709844301009,33.58501281281618,33.69733811474974,5371783
864,2011-04-07,33.68128967285156,34.24291180200129,33.504779425548065,33.7133810600908,5888794
865,2011-04-08,33.665245056152344,33.84175531480784,33.24803958380984,33.71338322831967,3282029
866,2011-04-11,33.45663833618164,33.68128673294787,33.248034543422044,33.392451214455704,2761151
867,2011-04-13,33.7775764465332,33.954084560570486,33.07153528468179,33.087582070437605,5725109
868,2011-04-15,33.713382720947266,33.9219865421917,33.58501281281618,33.713382720947266,2726721
869,2011-04-18,33.44059371948242,34.06640078540358,33.328268425619015,33.697335693723794,3846832
870,2011-04-19,33.199893951416016,33.61709933000983,33.05547729094019,33.61709933000983,2130742
871,2011-04-20,33.45663833618164,33.61710178764678,33.0875710919569,33.61710178764678,3816903
872,2011-04-21,33.568965911865234,33.69733799596896,33.31222392008292,33.45664278675276,3804886
873,2011-04-25,33.55291748046875,33.82570624141201,33.376409410190796,33.376409410190796,1583736
874,2011-04-26,33.472679138183594,33.74546784525949,33.08756733369527,33.697329685857675,4390914
875,2011-04-27,33.488731384277344,33.697335187399986,33.29617653880832,33.536871727963316,2846797
876,2011-04-28,33.3924560546875,33.5368749230795,33.264086145478124,33.42454962020243,5158203
877,2011-04-29,33.55291748046875,33.85779980496711,33.26408411417298,33.392454015543315,3615042
878,2011-05-02,34.14664077758789,34.275012883978754,33.376416844944806,33.376416844944806,5731198
879,2011-05-03,33.376407623291016,34.178724904963886,33.24803555236841,34.01826144862931,3804669
880,2011-05-04,33.472679138183594,33.56895763341183,32.911057121847605,33.264077545542925,4044546
881,2011-05-05,32.68640899658203,33.47267939008463,32.3494353489596,33.376403070556464,5204752
882,2011-05-06,33.08757400512695,33.26408425256429,32.702462122988706,32.7666470739409,2973311
883,2011-05-09,32.95919418334961,33.31221239554981,32.89500925171543,33.10361082363262,3424009
884,2011-05-10,32.84687805175781,33.280130269470774,32.734554934279444,32.91106300123474,1276536
885,2011-05-11,33.42454147338867,33.536866748887874,32.78268773093529,32.78268773093529,5173641
886,2011-05-12,32.541996002197266,33.4245449909491,32.4778110564821,33.4245449909491,2199955
887,2011-05-13,32.52595520019531,32.95920747215143,32.429676675713374,32.50990841671078,3389298
888,2011-05-16,32.670372009277344,32.798744101162825,32.509908526739444,32.60618705154724,2643860
889,2011-05-17,32.574092864990234,32.89501980252019,32.52595251850569,32.670369205109154,2042475
890,2011-05-18,32.52595520019531,33.0233924296643,32.44572345919791,32.670371898705596,3314783
891,2011-05-19,31.723630905151367,32.71850514816895,31.563167457982388,32.541994920998114,2532955
892,2011-05-20,32.41363525390625,32.60619014536703,31.56317740990501,31.659455943848137,1959647
893,2011-05-23,31.96433448791504,32.188982937787074,31.771777430067367,32.188982937787074,1694918
894,2011-05-24,31.70758628845215,32.541997141229814,31.579216392528632,32.0766535479759,9876185
895,2011-05-25,31.145957946777344,31.916183697323703,30.95340314145913,31.771764872804415,5753045
896,2011-05-26,30.664581298828125,31.418760606714134,30.488071016511668,31.290388503017862,4935316
897,2011-05-27,31.338525772094727,31.434804296279818,30.7127186295295,30.7127186295295,4500032
898,2011-05-30,31.771764755249023,31.85199646794088,31.178051387183974,31.450837904481592,8167114
899,2011-05-31,32.42967987060547,32.542005189637955,31.771779094326902,31.8359662345886,7467651
900,2011-06-01,32.301300048828125,32.49385705778075,32.04455809569955,32.26920648852774,1794961
901,2011-06-02,31.852012634277344,32.47782205204,31.77178088086424,32.092710070942246,4461069
902,2011-06-03,32.41363525390625,32.70246867931016,31.852010835308914,31.852010835308914,5649415
903,2011-06-06,32.574092864990234,32.65432459937272,31.99642394215131,32.3494422675792,4910297
904,2011-06-07,32.55804443359375,32.63827616391208,32.36548741025976,32.461765921926755,6516069
905,2011-06-08,32.52595520019531,32.57409555064892,32.20502823620568,32.26921319371856,14162904
906,2011-06-09,32.574092864990234,32.68641598727067,32.381535831902234,32.41362939622526,6989160
907,2011-06-10,32.47781753540039,32.670372410958166,32.25316909237034,32.57409606139193,7661567
908,2011-06-13,32.91105651855469,33.05547534696199,32.2692027973651,32.41362162577241,2849421
909,2011-06-14,33.280128479003906,33.376406986252015,32.78269133857608,32.78269133857608,4458752
910,2011-06-15,32.670372009277344,33.32827272296779,32.525955310278285,33.29618133231537,2533103
911,2011-06-16,32.73455047607422,32.89501391612508,32.36548325810242,32.606178418178715,2472762
912,2011-06-17,32.95919418334961,33.05547266901308,32.59012701771039,32.60617379472503,2524363
913,2011-06-20,32.7185173034668,33.28013957720723,31.787827658270157,32.75060869896803,6194464
914,2011-06-21,32.52595520019531,32.87897573115402,32.22107501969022,32.670371898705596,5126564
915,2011-06-22,32.83082962036133,32.862923181699415,32.42967098575964,32.525949493349025,2408781
916,2011-06-23,32.814788818359375,32.99129689689616,32.67036995202908,32.75060168824585,3746535
917,2011-06-24,33.26408386230469,33.42454732601513,32.67036817600604,32.734555302630234,5675164
918,2011-06-27,34.77244186401367,35.09336878868135,32.81478675297079,32.81478675297079,29869389
919,2011-06-28,35.01313781738281,35.26987762154882,34.69221088575025,35.109414155732544,13872282
920,2011-06-29,35.33406066894531,35.462430556205284,34.94894665431582,35.07731871800058,13356359
921,2011-06-30,35.141502380371094,35.78335614611853,34.67615883548915,35.301965821807954,30432762
922,2011-07-01,35.38219451904297,35.54265794676789,35.10940582134079,35.30196280518051,23953730
923,2011-07-04,35.44639587402344,35.75127609263988,35.20570062094327,35.41430447946807,5307022
924,2011-07-05,35.17360305786133,35.41429826872988,34.66011907077169,35.30197296642116,10665833
925,2011-07-06,34.997093200683594,35.205694848580315,34.83662972493991,35.06127815569604,3270036
926,2011-07-07,35.28593063354492,35.39825595001864,34.80454015110115,35.14151392409688,5856910
927,2011-07-08,35.04522705078125,35.54266419952382,34.93290393746835,35.06127383166164,12625687
928,2011-07-11,34.66012191772461,34.916863932358,34.114544320469165,34.83663218881165,2848918
929,2011-07-12,34.72429275512695,34.981034665345035,34.19476215722258,34.56382933329371,2954427
930,2011-07-13,35.36614990234375,35.719170335482794,34.72429615221798,34.75638971029413,3819442
931,2011-07-14,35.01313781738281,35.39824970005687,34.756395836791754,35.141507719465814,10479376
932,2011-07-15,35.38219451904297,36.00800145188525,34.77243436425808,34.77243436425808,8242815
933,2011-07-18,35.09336853027344,35.59080351870551,34.99709001829707,35.44638683895346,2085379
934,2011-07-19,35.253841400146484,35.414304904124066,34.85268264020254,34.88477403514272,2972184
935,2011-07-20,35.02919006347656,35.446395600885786,34.9329137041268,35.18965356429353,4177419
936,2011-07-21,34.66012191772461,35.14151237900271,34.38733311909689,34.981048891910014,3008285
937,2011-07-22,35.157554626464844,35.35010948027469,34.45151580964529,34.66011744537889,3369044
938,2011-07-25,34.82059097290039,35.14151799840452,34.43547897758057,35.10942442528383,7429567
939,2011-07-26,34.981048583984375,35.25383738021084,34.41942638410369,34.66012161262398,5770592
940,2011-07-27,34.3873291015625,35.02918297494434,34.17872746328343,34.86871950659888,7214188
941,2011-07-28,33.87384796142578,34.3391937996333,33.26408760135597,34.050358226632916,13905358
942,2011-07-29,33.72943878173828,34.5478031563557,32.84688943539956,33.37642034905824,9768024
943,2011-08-01,34.48360824584961,34.88476692401892,33.72942906032125,33.72942906032125,4672455
944,2011-08-02,34.644065856933594,34.756391138390775,34.2589540263193,34.467555633111495,3239197
945,2011-08-03,33.58500671386719,34.54778737928729,33.087569601448514,34.194766931396686,12800281
946,2011-08-04,33.536865234375,34.30708881996619,33.312214693521746,33.8898834709274,6939466
947,2011-08-05,32.83082962036133,33.280128596970144,32.14083763941638,32.25316292767481,12075758
948,2011-08-08,32.878971099853516,33.32826791558138,31.579216643492618,31.627354810740258,13716718
949,2011-08-09,32.70246124267578,33.28013013854549,31.771771861434303,31.771771861434303,7228990
950,2011-08-10,33.231998443603516,33.504787269337285,32.75060793449137,32.911071437528754,5126905
951,2011-08-11,33.05548095703125,33.45663960085809,32.83083037534828,32.846877156386334,6299073
952,2011-08-12,33.24803924560547,33.568966193923615,33.05548438246968,33.29617959370829,6421148
953,2011-08-16,33.24803924560547,33.66524471370409,33.087575771446396,33.3924559370636,4242848
954,2011-08-17,33.103614807128906,33.601051895895175,32.95919814946764,32.95919814946764,7430913
955,2011-08-18,32.94315719604492,33.328269076718,32.622230266079846,33.215945957085246,5110388
956,2011-08-19,32.42967987060547,32.91107036401532,31.94828937719561,32.092708266358954,5245806
957,2011-08-22,33.119667053222656,33.248036953128654,32.01246959315217,32.413628250889666,3059716
958,2011-08-23,32.47781753540039,33.5047834009844,32.413632576881135,33.16780964822668,2837432
959,2011-08-24,32.750606536865234,32.975257172671085,32.18898430020152,32.862931854768156,6888368
960,2011-08-25,31.99641990661621,32.89501565365008,31.771769337539137,32.75059680883629,13758009
961,2011-08-26,31.274333953857422,32.09269796526121,31.001545224581232,31.99641946219757,9286925
962,2011-08-29,32.0766487121582,32.140833650443554,31.129912710856964,31.19409982556693,6345123
963,2011-08-30,32.15688705444336,32.44572042444843,31.852004726029588,32.41362903690624,3821904
964,2011-09-02,31.884105682373047,33.69734458557386,31.56317867399332,33.11967553520523,8166250
965,2011-09-05,31.178058624267578,31.932235592776685,31.033641943184982,31.819912474790222,7422597
966,2011-09-06,30.999248504638672,31.503169486372702,30.641626593783943,31.503169486372702,14848826
967,2011-09-07,31.470651626586914,31.779505651978372,31.0805201100507,31.113031988425824,11526455
968,2011-09-08,31.275598526000977,31.79577333863874,30.99925407209157,31.73075176265825,7049237
969,2011-09-09,31.243078231811523,31.519422611389473,31.03175761551776,31.243078231811523,6782680
970,2011-09-12,30.67413902282715,31.113038448049423,30.397794613643715,30.901715604322824,5271294
971,2011-09-13,30.755413055419922,30.999245551924595,30.64162367513377,30.83669055425481,4033213
972,2011-09-14,30.869205474853516,30.999248603875092,30.414050113691026,30.901715154712168,4248247
973,2011-09-15,31.210573196411133,31.340618546712513,30.527843375305487,30.95048690539589,8283475
974,2011-09-16,32.397212982177734,32.59227982522839,31.129282911934222,31.340605692704568,6853575
975,2011-09-19,31.84454917907715,32.59230300280249,31.714503789632413,31.99084831300735,3721222
976,2011-09-20,32.120887756347656,32.47850977967329,31.779521680408493,31.779521680408493,4399666
977,2011-09-21,32.26717758178711,32.41347886134317,31.90955786623353,31.95832348955653,2182138
978,2011-09-22,31.291847229003906,32.00709106403011,31.11303847504087,31.99083512145342,3792171
979,2011-09-23,31.22683334350586,31.600711295548244,30.787936014752695,31.048022340772025,3612112
980,2011-09-26,30.96673583984375,31.356869625416607,30.739159268121863,31.226824295294517,1880644
981,2011-09-27,31.421890258789062,31.633210882396774,31.064268367521628,31.356868698047712,1273121
982,2011-09-28,31.64946174621582,31.73073923530139,31.178052750478134,31.470650829268976,4398260
983,2011-09-29,31.68198013305664,32.16964516776431,31.25933666201797,31.47065729514058,9460952
984,2011-09-30,32.00709533691406,32.21841600424137,31.535683963225168,31.535683963225168,6946805
985,2011-10-03,31.64946174621582,31.909550152248233,31.275586178339413,31.84452860193838,7517061
986,2011-10-04,31.161802291870117,31.877043880648113,31.08052478849095,31.470656363752276,2740436
987,2011-10-05,31.178058624267578,31.55193426258028,31.048013294354988,31.22682424498892,3503641
988,2011-10-07,31.616960525512695,32.137137512908964,31.373127976069522,31.503173325315462,4435678
989,2011-10-10,31.877033233642578,31.990822582284853,31.4056243124538,31.4056243124538,8326437
990,2011-10-11,32.0883674621582,32.20215464667201,31.698233672986756,32.02334369410067,5044978
991,2011-10-12,32.218414306640625,32.44599090672365,31.89330424800952,32.41348122373676,4905765
992,2011-10-13,32.2996940612793,32.478505046885665,31.958328035084197,32.21841654098493,3531871
993,2011-10-14,32.15338134765625,32.52725690074376,32.039591985520275,32.10461353325816,5039179
994,2011-10-17,31.81201934814453,32.25091870732286,31.63320841644991,32.12087339118442,1605713
995,2011-10-18,31.909557342529297,32.08836829976818,31.535679485612818,31.535679485612818,2025955
996,2011-10-19,32.494747161865234,32.67355807136818,32.007082247653344,32.18589095236338,5145909
997,2011-10-20,32.18589782714844,32.478498161049636,32.08836658730809,32.21840971029081,2881549
998,2011-10-21,32.18589782714844,32.54351972254099,31.9420653179608,32.10462032408589,2127672
999,2011-10-24,32.75484085083008,32.9173958485058,32.54351803097569,32.592285853154365,3334756
1000,2011-10-25,33.77893829345703,34.05528268646939,32.70607480942364,32.77109637107555,7605862
1001,2011-10-28,34.136558532714844,35.11188852453032,33.56761603748915,34.29911353135076,8504582
1002,2011-10-31,34.087799072265625,34.33163163003363,33.616389901539584,34.13656690669551,4561310
1003,2011-11-01,33.69765853881836,34.18532352581637,33.48633792636985,33.89272541553486,2155435
1004,2011-11-02,33.51885223388672,33.7951966466184,33.29127564946898,33.48634255313764,2429706
1005,2011-11-03,33.843963623046875,33.990262704249886,33.50259763037743,33.648898916374065,2676760
1006,2011-11-04,33.76268005371094,34.136557866149,33.616380998753975,34.136557866149,2070811
1007,2011-11-08,33.76268005371094,33.81144787522541,33.616380998753975,33.76268005371094,923114
1008,2011-11-09,33.665157318115234,34.022779303741665,33.61639168589069,33.81145862437673,3342820
1009,2011-11-11,34.28285217285156,34.38038559757868,33.48633324636715,33.6488882193147,7747315
1010,2011-11-14,34.25035858154297,34.786791601530496,33.990270045015144,34.39665769434171,8136060
1011,2011-11-15,33.6814079284668,34.34788395712769,33.567620736369406,33.82770700675978,2602442
1012,2011-11-16,33.87647247314453,34.25034811434778,33.38880744298719,33.38880744298719,5559879
1013,2011-11-17,33.53510665893555,34.2503482653612,33.42131726947976,33.64889604839134,4564324
1014,2011-11-18,32.819862365722656,33.64889329373575,31.974575497004743,33.4863382962741,6971425
1015,2011-11-21,32.2021598815918,32.83612628965895,31.990839215431947,32.348458973917374,5725408
1016,2011-11-22,31.828283309936523,32.3484580912103,31.568194816902768,32.3484580912103,5742603
1017,2011-11-23,30.901716232299805,31.763259157689827,30.60911807940119,31.649469762232833,4916261
1018,2011-11-24,30.98299789428711,31.37312955203491,30.771677222738592,31.17806482555794,10127464
1019,2011-11-25,31.340618133544922,31.60070662592514,30.820441148784486,31.09678558533729,7728058
1020,2011-11-28,31.568195343017578,31.779516006932894,31.275597161474256,31.568195343017578,5436096
1021,2011-11-29,30.950483322143555,31.795768079668857,30.88545955212403,31.665724949216813,5379923
1022,2011-11-30,32.218414306640625,32.478502794504244,30.9829956428837,31.03176347455458,13613461
1023,2011-12-01,32.51100540161133,33.16122533326011,32.34844821390607,32.51100540161133,4222484
1024,2011-12-02,33.616390228271484,33.81145715829935,32.47850494762789,32.52727057773794,5707744
1025,2011-12-05,33.37255096435547,33.63263941721556,33.11246251149539,33.22625189861961,2957969
1026,2011-12-07,33.53510665893555,33.99025980717184,33.11246318997703,33.177484753326006,5975381
1027,2011-12-08,32.31594467163086,33.61638478166604,32.18589933775125,33.47008571024578,5809203
1028,2011-12-09,32.03959655761719,32.10461811463374,31.568187513255644,31.714486567741194,4296964
1029,2011-12-12,31.405635833740234,32.31594434245088,31.1130376938802,32.185899009895955,8160604
1030,2011-12-13,32.218414306640625,32.478502794504244,31.08052910143177,31.340617589295388,3981949
1031,2011-12-14,31.324352264404297,32.348447760479196,31.210562896043516,32.16963904561659,5776327
1032,2011-12-15,32.2996940612793,32.62480414245675,30.852954640998387,30.869210586016028,12973287
1033,2011-12-16,31.89330291748047,32.93365462073972,31.405637849878293,32.26717858739136,12589918
1034,2011-12-19,32.23466491699219,32.46224147942046,31.29184458008457,31.405633963695372,4820722
1035,2011-12-20,31.714496612548828,32.33220711183416,31.454408097312577,32.33220711183416,6670657
1036,2011-12-21,31.828283309936523,32.13713743081685,31.535682928475897,32.02334802611654,10259801
1037,2011-12-22,32.72233581542969,32.83612521952661,31.69823779293852,31.779515308780976,3456402
1038,2011-12-23,32.91739273071289,33.144969264945175,32.36470402712912,32.67356025729407,3249611
1039,2011-12-26,32.787353515625,32.868631021870236,32.57603288130478,32.70607600937977,1273482
1040,2011-12-27,32.169639587402344,32.77109170300047,31.5844412063069,32.754837968497796,4187065
1041,2011-12-28,32.576045989990234,32.81987860684481,31.990847268580374,32.250935834184126,3375709
1042,2011-12-29,32.51100540161133,32.673560384523526,32.2509169879932,32.51100540161133,2924882
1043,2011-12-30,32.543521881103516,32.77109846381478,32.299689355742835,32.5110122005982,2087779
1044,2012-01-02,32.51100540161133,32.59228289306743,32.03959418733151,32.39721603165557,1861469
1045,2012-01-03,32.803611755371094,32.94991083590049,32.5110135943123,32.624800788149116,3372939
1046,2012-01-04,32.9986686706543,33.25875486624049,32.29968095683579,32.77108994232695,3739279
1047,2012-01-05,32.93365478515625,33.242511093347765,32.72233413672443,32.98242261503609,5389056
1048,2012-01-06,32.42973327636719,32.93365204294498,32.13713293583225,32.90114236385894,7340405
1049,2012-01-09,32.966163635253906,33.09620676003476,32.21841015578048,32.21841015578048,2368495
1050,2012-01-10,33.356292724609375,33.583869278385805,32.85237179530878,32.85237179530878,3215986
1051,2012-01-11,32.576045989990234,33.388821379505494,32.47851250228953,33.388821379505494,4377469
1052,2012-01-12,32.6898193359375,32.96616373290716,32.3321996393341,32.96616373290716,4082544
1053,2012-01-13,33.14497756958008,33.226255081084155,32.67356844381513,32.70607812554059,5766505
1054,2012-01-16,32.55977249145508,33.144970897441766,32.429729381143886,32.771093096909055,4899595
1055,2012-01-17,32.673561096191406,32.917393575870655,32.54351578415328,32.673561096191406,10428799
1056,2012-01-18,32.218414306640625,32.917402255573705,31.958325818777002,32.78735690924505,6295415
1057,2012-01-19,32.494747161865234,32.90113459037514,32.21840282856134,32.36470186186632,8276461
1058,2012-01-20,32.982425689697266,33.22625824744602,32.47850462939109,32.51101651900845,6881600
1059,2012-01-23,32.83611297607422,33.56761034590621,32.72232361440542,33.16122291822177,18551268
1060,2012-01-24,32.6898193359375,32.998675616595385,32.5272643270832,32.77109684036464,10219894
1061,2012-01-25,32.787353515625,32.99867635473869,32.3647100421911,32.868631021870236,13171474
1062,2012-01-27,33.53510665893555,34.12030513866324,32.88488661585888,32.99867600531467,9816649
1063,2012-01-30,33.079959869384766,33.64890251643996,32.91740482736899,33.16123739039265,4243234
1064,2012-01-31,33.843963623046875,34.071540216561964,33.03118849992611,33.16123384250161,10322025
1065,2012-02-01,33.47008514404297,33.94149423499734,33.37255169648157,33.94149423499734,10757718
1066,2012-02-02,34.16907501220703,34.47792913014565,33.37255580127257,33.551366776329786,11556658
1067,2012-02-03,34.77052688598633,35.209426318492724,34.25034994411161,34.315371510647566,11926606
1068,2012-02-06,35.43699645996094,35.599551449138865,34.57545369444203,35.01435304713969,9084488
1069,2012-02-07,35.03061294555664,35.84338798329175,34.738014813889365,35.599555471971215,6079363
1070,2012-02-08,35.01435470581055,36.00594062772712,34.51043377452901,35.30695502306752,11508450
1071,2012-02-09,35.371978759765625,35.92466534223872,35.07937842448454,35.778366276994866,11499785
1072,2012-02-10,34.900569915771484,35.51827806420245,34.46167051229084,34.9168236527354,8590813
1073,2012-02-13,35.915977478027344,36.194396734637486,34.83505866359932,34.83505866359932,15608851
1074,2012-02-14,35.83409118652344,36.112510454506925,35.62118390254616,35.86684717852654,5735198
1075,2012-02-15,36.259910583496094,37.04603445597684,35.80133999055983,35.866849757929614,15930040
1076,2012-02-16,36.259910583496094,36.76761516797053,35.78496199338044,36.12889104875653,3862429
1077,2012-02-17,36.58745574951172,37.177048003585185,36.35817048996854,36.6857214954152,8544515
1078,2012-02-21,36.21077346801758,36.68572198802325,36.1125077207946,36.53832447786252,6934289
1079,2012-02-22,36.01424789428711,36.91501331944586,35.93236012836359,36.14526965257344,5872252
1080,2012-02-23,36.89862823486328,37.37357896307407,35.899599459558246,35.899599459558246,18016976
1081,2012-02-24,37.4390869140625,37.73388637220066,36.947762628772765,37.02965037987896,10958004
1082,2012-02-27,36.5383186340332,37.668368992991894,36.39092114744678,37.668368992991894,11266052
1083,2012-02-28,36.62021255493164,37.14429284252061,36.276283547276314,36.685722313211826,9416477
1084,2012-02-29,37.01327133178711,37.30806633883895,36.685720336686245,36.76760808546146,7991077
1085,2012-03-01,36.849491119384766,37.209798056433776,36.52194016619369,36.63658388834939,2777389
1086,2012-03-02,36.76762008666992,37.013283413181796,36.456446984024495,36.80037608541074,3172662
1087,2012-03-05,36.12888717651367,36.80036721811818,35.75220216715137,36.65296748064954,3649302
1088,2012-03-06,36.37454605102539,36.62020928867532,35.89959756917164,36.128882813375455,4557989
1089,2012-03-07,35.57204818725586,36.128884440064255,34.98245594608041,36.03061869631045,15488701
1090,2012-03-09,36.07975387573242,36.27628538185955,35.73582707203133,35.73582707203133,3852720
1091,2012-03-12,36.30904006958008,36.63659108713219,35.981489052027975,36.35817183367389,5124092
1092,2012-03-13,36.47281265258789,36.734851668531384,36.030617925825425,36.47281265258789,9731037
1093,2012-03-14,36.88225555419922,37.144294599716325,36.538326530273544,36.7676118057748,4398722
1094,2012-03-15,36.14527130126953,37.1115465389723,35.94873976554955,36.7839954603376,4513645
1095,2012-03-16,35.31000518798828,36.685718868069344,35.12985170362531,36.194392395087014,3682825
1096,2012-03-19,35.32638931274414,35.522918603239106,34.52388749050983,35.44103084352929,3294232
1097,2012-03-20,35.195369720458984,35.63756453851979,34.884196658768836,35.32639147682964,3413743
1098,2012-03-21,35.62118148803711,35.83408875758291,34.94970146826944,35.17898673270664,3430274
1099,2012-03-22,34.802303314208984,35.60480283559227,34.491128081061596,35.37551757538954,3948023
1100,2012-03-23,35.27724838256836,35.441023869761715,34.62214643379493,34.91694142220409,3647743
1101,2012-03-26,34.704044342041016,35.21174894531413,34.47475903708319,35.04797341015169,4778733
1102,2012-03-27,34.6385383605957,35.097109020664355,34.32736303267615,35.04797724328132,5834802
1103,2012-03-28,34.78593444824219,35.015219768614614,34.47476135478332,34.802312447129076,4875221
1104,2012-03-29,34.654903411865234,34.88419089227481,34.39286438513558,34.785925146577476,12199593
1105,2012-03-30,35.42465591430664,35.81771897202241,34.65491001785241,34.65491001785241,8544753
1106,2012-04-02,35.57204818725586,35.817711435966686,35.26087296181092,35.40827268811531,8676278
1107,2012-04-03,36.06337356567383,36.19439307238194,35.539291096146776,35.75219834988428,3566758
1108,2012-04-04,36.30904006958008,36.45643758320903,35.78495755295771,36.04699881126889,3850338
1109,2012-04-09,35.93235778808594,36.3090428196093,35.55567497791024,36.063379537838806,4475284
1110,2012-04-10,36.16163635253906,36.45643356868184,35.73582185368937,35.93235110977063,4598397
1111,2012-04-11,36.58745574951172,36.6857214954152,35.71944647361705,35.71944647361705,4023851
1112,2012-04-12,36.60383605957031,37.27531388613494,36.39092878110068,36.57108006841457,5102969
1113,2012-04-13,36.68571472167969,37.11153139440605,36.210766295747106,36.68571472167969,6602489
1114,2012-04-16,36.636600494384766,36.93139559733778,36.4400689448507,36.669354271741724,4350870
1115,2012-04-17,37.20980453491211,37.308068060900126,36.358171019801325,36.407302782795334,9477019
1116,2012-04-18,37.29169464111328,37.75026519582464,37.078785138224184,37.24256065367075,4441325
1117,2012-04-19,37.55372619628906,37.668369922767766,37.111533725615075,37.17704347445413,2496045
1118,2012-04-20,37.29169464111328,37.78302118745299,37.11154112985253,37.40633839046492,2778756
1119,2012-04-23,36.27627944946289,37.50459560851731,36.09612596853213,37.16066663971263,3854809
1120,2012-04-24,36.03062057495117,36.52194709799065,35.78495731343144,36.39092758038578,3169871
1121,2012-04-25,35.52290344238281,36.17800524046977,35.2772402681002,35.96509804463019,3380361
1122,2012-04-26,35.408267974853516,36.29265510822056,35.12984877483654,35.817706668203726,4377198
1123,2012-04-27,35.4574089050293,36.03062322405348,35.293633385308105,35.441030908787646,1965594
1124,2012-04-30,36.4400520324707,36.70209323644947,35.408267429653925,35.408267429653925,3199398
1125,2012-05-02,35.899600982666016,36.63659076569209,35.735825475326884,36.292661756010425,3811572
1126,2012-05-03,35.58843231201172,35.86685161442925,35.4246567744362,35.70307607685373,1452253
1127,2012-05-04,34.96607971191406,35.57204997777455,34.753170219506124,35.40827447039036,5666533
1128,2012-05-07,34.654903411865234,35.04796639465455,33.80327213229902,34.85143490325989,4565509
1129,2012-05-08,34.6385383605957,35.097109020664355,34.409250809213276,34.654914138824644,2959419
1130,2012-05-09,34.1472053527832,34.80230744328473,33.98342983015782,34.40924441190566,2412310
1131,2012-05-10,33.5739860534668,34.50750506142931,33.41021055508593,34.11444430958471,3946438
1132,2012-05-11,33.197296142578125,33.737756539752375,32.82061344080122,33.573981065702064,3389145
1133,2012-05-14,33.16454315185547,33.34469440042281,32.82061420408195,33.082655412925924,2233766
1134,2012-05-15,33.70500564575195,33.85240315038438,32.7878624083151,33.115413405874875,3494080
1135,2012-05-16,34.2454719543457,34.491135260271335,33.082667416709384,33.50848203656882,4435353
1136,2012-05-17,34.310977935791016,34.9824579652951,34.016180687513675,34.392865690087916,4208594
1137,2012-05-18,34.425621032714844,34.76955006075353,33.59036545643448,34.01618224251345,4935351
1138,2012-05-21,34.04893493652344,34.68765894310568,33.81964968048717,34.360107942668904,1491370
1139,2012-05-22,33.96704864501953,34.24546567453808,33.770517147779096,34.1799559159071,2362045
1140,2012-05-23,33.934288024902344,34.37648272268479,33.49209554846708,34.0325537601148,3087547
1141,2012-05-24,34.507511138916016,34.65490866914908,33.5576139695494,34.19633808145783,2135683
1142,2012-05-25,34.09806823730469,34.392865483813964,33.983426714785104,34.22908997620242,1446600
1143,2012-05-28,34.8514404296875,35.16261571063032,33.90154325379782,33.90154325379782,890739
1144,2012-05-29,35.16261291503906,35.457407954092,34.65490615190244,35.27725444296072,5201353
1145,2012-05-30,34.753170013427734,35.26087452757764,34.540262743629775,35.1298550109862,4048557
1146,2012-05-31,34.76953887939453,35.047958055735116,34.40923197134753,34.44198795256886,8033660
1147,2012-06-01,33.95066833496094,34.687658067336706,33.73776107859131,34.55663855900883,3787828
1148,2012-06-04,34.081695556640625,34.212717315968604,33.442971421628705,33.73776871410578,3267896
1149,2012-06-05,34.704044342041016,35.113483179947096,34.22909573433954,34.36011527393034,12393979
1150,2012-06-06,35.915977478027344,36.39092823593259,34.72041713896678,34.72041713896678,9494285
1151,2012-06-07,35.39188766479492,36.27627474023745,35.211734207250885,35.91596782514938,4231838
1152,2012-06-08,35.0479736328125,35.53930024142121,34.63853479230525,35.31001493500672,3997879
1153,2012-06-11,35.129852294921875,35.53929102929871,35.04796454804651,35.375515535547976,2205393
1154,2012-06-12,35.26087188720703,35.42464738135639,34.73678941739016,35.015208645982995,3376544
1155,2012-06-13,35.24449157714844,35.457398803591914,34.93331640125056,35.21173559399697,2496726
1156,2012-06-14,34.62214660644531,35.40827028170192,34.39286136750068,35.064341312611354,6671985
1157,2012-06-15,34.73678970336914,34.96607717414375,34.54026044158032,34.78592368482684,10286920
1158,2012-06-18,35.0643424987793,35.21173999870511,34.622147777654554,34.8841890116045,3027005
1159,2012-06-19,35.62118148803711,35.99786426380198,34.91694547848663,35.06434521116177,9746993
1160,2012-06-20,35.506534576416016,35.997861051225506,35.37551507167239,35.49015880433351,8882639
1161,2012-06-21,35.948734283447266,35.99786604921082,35.01521296315915,35.21174446890851,4083003
1162,2012-06-22,36.0469970703125,36.259904332899616,35.62118032379087,35.70306807422397,7332263
1163,2012-06-25,35.32638931274414,36.17802068091763,35.12985780090152,35.91597940557669,5097127
1164,2012-06-26,35.98149108886719,36.03062285574225,35.14623550255769,35.14623550255769,1992235
1165,2012-06-27,35.965118408203125,36.48919881060078,35.7358330933199,36.030628180834334,5727518
1166,2012-06-28,35.93235778808594,36.292664823221735,35.60480674572528,36.03062354506367,3083553
1167,2012-06-29,37.193416595458984,37.537345508500636,36.128876096878116,36.145254087279504,7486892
1168,2012-07-02,36.88225555419922,37.32445033086759,36.783989801456514,37.20980658244318,2634447
1169,2012-07-03,36.57107162475586,37.177041771795594,36.39092037903593,37.1115320259568,4091332
1170,2012-07-04,37.01327133178711,37.144290841288516,36.45643508438511,36.620210581935545,3061761
1171,2012-07-05,37.4390869140625,37.60286241627488,36.84949688317585,37.01327238538824,2830305
1172,2012-07-06,37.01327133178711,37.504597824438406,36.70209833071076,37.340822326887974,3797719
1173,2012-07-09,36.947757720947266,37.01326746886098,36.71847249257571,36.96413571326247,2397364
1174,2012-07-10,37.06239700317383,37.25892845648324,36.60382657391453,36.65295832656839,3199920
1175,2012-07-11,37.2261848449707,37.50460412612661,36.915011791609686,36.915011791609686,2903254
1176,2012-07-12,36.8331184387207,37.20980342201594,36.718476921380976,37.20980342201594,2728401
1177,2012-07-13,36.70209503173828,37.01326800484481,36.603829297771185,36.88224850712011,1672753
1178,2012-07-16,36.89862823486328,37.078781729562465,36.390925960730186,36.60383322269907,3148848
1179,2012-07-17,36.76762008666992,37.02966141255221,36.652976312425146,36.94777363704825,2407572
1180,2012-07-18,36.42367935180664,36.86587408683324,36.27628184724689,36.718476582273496,2516255
1181,2012-07-19,36.68571472167969,36.94775592192261,36.521939249196244,36.669336730161945,2171498
1182,2012-07-20,36.4400520324707,36.849490719516574,36.2926545494036,36.456430024221945,1581366
1183,2012-07-23,35.80133819580078,36.35817452255082,35.71945043535673,36.24353076939008,2728477
1184,2012-07-24,36.34178924560547,36.80036194503192,35.67030930021663,35.75219704425558,8366909
1185,2012-07-25,36.27627944946289,36.4891866951601,35.55566774708707,36.24352346334922,6131518
1186,2012-07-26,36.60383605957031,36.84949932919568,36.0961315247417,36.34179479436707,10181302
1187,2012-07-27,37.455467224121094,37.6683744889938,36.71847746231145,37.11153822434044,4785341
1188,2012-07-30,38.70014953613281,38.81479324768256,37.340814094684006,37.488213787061355,10354713
1189,2012-07-31,38.96220016479492,39.535414386140644,38.70015671227729,38.716536927075325,13034800
1190,2012-08-01,38.97856521606445,39.14234066283201,38.51999485365397,38.8147897692969,5116745
1191,2012-08-02,38.68378448486328,39.06046726201078,38.61827250505721,38.68378448486328,5172210
1192,2012-08-03,38.74928665161133,38.994949877794554,38.22520865657592,38.438115897395846,3992386
1193,2012-08-06,39.45352554321289,39.666432788110995,38.84755535181489,38.96219908143523,3989076
1194,2012-08-07,38.831180572509766,39.58455058496487,38.58551730723648,39.38801908420724,5499481
1195,2012-08-08,38.96220016479492,39.07683945490843,38.7492884712823,38.896688190991874,5783459
1196,2012-08-09,38.99494934082031,39.38801227437859,38.76566633182321,39.011329554623565,4304923
1197,2012-08-10,39.158729553222656,39.8138360025241,38.71653925291904,38.962202505396526,4906011
1198,2012-08-13,39.273372650146484,39.38801638796528,38.68378263092803,38.97857764053726,2775124
1199,2012-08-14,39.32249450683594,39.60091367349833,38.8639241137592,38.8639241137592,3520379
1200,2012-08-16,39.33888244628906,40.12500390923781,38.896687735038356,39.30612645977151,3368688
1201,2012-08-17,38.536380767822266,39.63367743862004,38.07781028467089,39.42077019030274,4100386
1202,2012-08-21,39.158729553222656,39.38801703261291,38.176076543312725,38.33985204496438,2904667
1203,2012-08-22,38.96220016479492,39.17510741561299,38.716536927075325,38.83117621718883,1988035
1204,2012-08-23,38.47087097167969,39.06046092347883,38.25795929320766,39.06046092347883,4652302
1205,2012-08-24,38.356231689453125,38.76567043748391,38.0614366794099,38.32347570107171,5080546
1206,2012-08-27,38.74928665161133,38.88031059306452,38.241584427910404,38.257960199244884,1296282
1207,2012-08-28,39.797454833984375,40.288781327176906,38.716538326038695,38.81480184759931,4356311
1208,2012-08-29,38.99494934082031,40.25602143973431,38.74928611801995,39.96122646091275,6345767
1209,2012-08-30,39.87934112548828,40.28877985485275,38.716536911171005,38.96220014878969,9698034
1210,2012-08-31,39.125980377197266,39.862970179274626,38.91306865799663,39.862970179274626,6414695
1211,2012-09-03,39.8138313293457,39.961226597914674,39.32250043936626,39.33888065322567,3891463
1212,2012-09-04,40.599952697753906,40.845615921041244,39.63367557574599,39.63367557574599,8607402
1213,2012-09-05,40.61982727050781,41.19916450656938,40.470853042317316,40.71914042920084,5181748
1214,2012-09-06,40.09013748168945,40.603262834970586,39.49424519481628,40.603262834970586,2059057
1215,2012-09-07,40.35498809814453,40.66948727742966,40.222569045343384,40.55361892242191,1292419
1216,2012-09-10,40.37154006958008,40.71914061675773,40.05704091535194,40.17290926112815,2343064
1217,2012-09-11,40.040489196777344,40.354983852826514,39.79220181508812,40.13980235339269,1345773
1218,2012-09-12,40.189456939697266,40.35498185261912,39.77564465739263,40.222562820311765,2846913
1219,2012-09-13,40.106693267822266,40.58671729680899,39.89151178557495,39.95772354479743,2572173
1220,2012-09-14,39.725982666015625,40.669475439081374,39.36182700919989,40.38808222744422,13519349
1221,2012-09-17,38.931461334228516,40.090135484701705,38.71627989002772,39.99081786342847,12665195
1222,2012-09-18,38.94801712036133,39.6597732935756,38.73283564801519,38.96457230448044,8408810
1223,2012-09-20,38.65007019042969,39.130094159977354,38.40178285931536,38.40178285931536,6301939
1224,2012-09-21,39.808746337890625,40.05703368107726,38.81559696514409,38.81559696514409,8707245
1225,2012-09-24,39.09698486328125,40.222553101143276,38.898354117741,39.79219022759735,7593484
1226,2012-09-25,38.865264892578125,39.477708082764,38.269376890865715,39.32873383726016,11733607
1227,2012-09-26,38.73283767700195,39.047336800086654,38.50110100839738,38.73283767700195,9302273
1228,2012-09-27,38.65007019042969,39.179750728170234,38.41833355199634,38.76593850964636,12478679
1229,2012-09-28,39.89151382446289,39.957725587069504,38.898364326267995,38.898364326267995,8847242
1230,2012-10-01,39.7425422668457,40.05704142507583,39.32872994820135,39.7425422668457,5138030
1231,2012-10-03,38.94801712036133,40.05703485033022,38.832148792128706,39.725985049751465,12133968
1232,2012-10-04,39.06388854980469,39.39493837666489,38.56731380951439,39.16320170180249,7257841
1233,2012-10-05,39.13010025024414,39.428044195923775,39.06388848891505,39.312175858673186,11584935
1234,2012-10-08,39.29562759399414,39.54391497910976,38.74939175461905,39.0638909051592,6807880
1235,2012-10-09,39.792205810546875,39.89151897713407,39.01423770510953,39.428050049475004,5205666
1236,2012-10-10,39.54391860961914,39.94117576818558,39.06389449159778,39.659782474523105,7436554
1237,2012-10-11,39.444583892822266,39.92460780323621,39.26250833516146,39.72597706478391,5476615
1238,2012-10-12,39.709442138671875,39.858411884039604,38.07074350856864,39.394942970421376,2847441
1239,2012-10-15,39.34527587890625,40.04048130870915,39.21285686612235,39.59356321168229,7208908
1240,2012-10-16,39.26251220703125,39.626667848413426,39.14664389066195,39.42803709037316,4006297
1241,2012-10-17,39.64322280883789,39.72598525941939,39.2294105559304,39.52735447999373,2639928
1242,2012-10-18,39.92461395263672,40.02392709208491,39.527352414543785,39.72598318359025,2525746
1243,2012-10-19,39.52736282348633,39.8915185809415,39.39494377263479,39.725993644839264,3153069
1244,2012-10-22,39.26251220703125,39.46114296507151,39.04733075671673,39.21285564005864,4657141
1245,2012-10-23,38.881813049316406,39.279070148563996,38.83215198302864,39.11354523467317,3935245
1246,2012-10-25,38.63352584838867,39.06388883033727,38.43489505281598,38.99767706842948,12050023
1247,2012-10-29,38.0541877746582,38.25281407552581,37.789345223250436,37.789345223250436,2123473
1248,2012-10-30,37.474853515625,38.18661207747889,37.34243446671412,38.103849610640694,2570824
1249,2012-10-31,37.73968505859375,37.90520995367398,37.42518820695632,37.623816734007555,1852024
1250,2012-11-01,38.716285705566406,38.865255424628316,38.17004993188827,38.17004993188827,4524439
1251,2012-11-02,39.06388854980469,39.16320170180249,38.76594460366064,38.93146951709074,4726469
1252,2012-11-05,38.749393463134766,39.063892627541634,38.66663099778045,39.03078674336968,3632141
1253,2012-11-06,39.610130310058594,39.69289278859554,38.56732397852336,38.964585671561466,4718509
1254,2012-11-07,39.725982666015625,39.92461343247421,39.39493288530133,39.56045777565848,4694784
1255,2012-11-08,39.34527587890625,39.49424558448189,39.130094421863674,39.37838175463971,3005197
1256,2012-11-09,39.577022552490234,40.02394081352461,39.196316067220806,39.29563373086824,5518512
1257,2012-11-12,39.725982666015625,39.974270001551346,39.61011434473562,39.61011434473562,5986709
1258,2012-11-15,39.69287872314453,39.825297743849674,39.279066477097054,39.42804068173424,11277862
1259,2012-11-16,39.42804718017578,39.70944045189672,39.1632046049645,39.6597793820658,7952790
1260,2012-11-19,39.7425422668457,39.85841061409633,39.29562855483062,39.42804759876661,4682624
1261,2012-11-20,40.42119216918945,40.53706050212373,39.759092541165565,39.77564323580597,5826060
1262,2012-11-21,39.759098052978516,40.53706612178657,39.51081065804942,40.42119777278945,8050611
1263,2012-11-22,39.42804718017578,39.94117265378674,39.29562813764563,39.808753611256584,3266009
1264,2012-11-23,39.64322280883789,40.057035061745374,39.34527888477456,39.56046035825639,2809752
1265,2012-11-26,39.85840606689453,39.92461782638434,39.411487915714574,39.72598703806542,2935121
1266,2012-11-27,39.24595260620117,40.040475548912866,39.14663948343687,39.89150137461709,7105541
1267,2012-11-29,39.03078079223633,39.411487176788604,38.69973098129515,39.229411576831126,15583782
1268,2012-11-30,39.03078079223633,39.34527990869063,38.83215000764153,39.13009842960894,9986088
1269,2012-12-03,39.378379821777344,39.4280363878652,38.91490656455805,39.11353731905921,5791740
1270,2012-12-04,39.87495422363281,40.057029794912076,39.29561714573553,39.37837958543514,8486828
1271,2012-12-05,39.77564239501953,40.13979808076516,39.394936014983344,39.97427317725809,7991825
1272,2012-12-06,39.7425422668457,39.92462238113984,39.27907336799423,39.891516497618085,3888336
1273,2012-12-07,39.29562759399414,39.87496482593058,39.09699678787146,39.82530375678673,3172271
1274,2012-12-10,39.24595260620117,39.444583341879095,39.063877051083516,39.32871503855453,2674532
1275,2012-12-11,38.898353576660156,39.46113993283751,38.83214183235123,39.394928188528596,5034484
1276,2012-12-12,38.81559753417969,39.179753207555294,38.66662333002368,39.04733418727786,6283865
1277,2012-12-13,39.14664840698242,39.31217330942082,38.93146693184257,39.03078007724547,7727857
1278,2012-12-14,38.484554290771484,39.13010329849136,38.319029364704946,39.13010329849136,6097530
1279,2012-12-17,38.51764678955078,38.799039964113014,38.21970292419348,38.50109160860628,3910978
1280,2012-12-18,38.76593780517578,39.03077582415834,38.434888036372655,38.7328319302655,4553554
1281,2012-12-19,38.46799850463867,38.96457321713796,38.153499390662304,38.914912153767716,6136261
1282,2012-12-20,38.335575103759766,38.69973079204435,38.23626195702325,38.69973079204435,2121800
1283,2012-12-21,37.97142791748047,38.31902845793427,37.90521615256027,38.26937187931957,3053451
1284,2012-12-24,37.872100830078125,38.38523065492938,37.69002525715818,38.00451983676079,2156093
1285,2012-12-26,38.17005157470703,38.46800000595515,37.9383193939203,38.00452666408055,2963625
1286,2012-12-27,37.55760192871094,38.40177922359137,37.44173586553896,38.18659778836144,7464142
1287,2012-12-28,37.57416534423828,38.20315913423879,37.17690599028663,37.87210929843318,6441596
1288,2012-12-31,37.98796844482422,38.07073088374475,37.5410503766234,37.57415625022155,1528669
1289,2013-01-01,37.69002151489258,38.269358540487545,37.64036270851107,38.12038436641768,6397127
1290,2013-01-02,37.441741943359375,38.00452390453491,37.375530187856256,37.77279174057448,10823940
1291,2013-01-03,37.789344787597656,37.98797557632593,37.45829496976737,37.673476453326955,7768126
1292,2013-01-04,38.0541877746582,38.120395044897215,37.59071667730755,37.90521355885693,7374977
1293,2013-01-07,37.872100830078125,38.12038815141429,37.590709879608745,38.07073158517701,5751436
1294,2013-01-08,38.55076599121094,38.650079150620314,37.7396920588141,37.756242755332,7147399
1295,2013-01-09,38.252803802490234,38.71627702044748,38.10383411684629,38.65006527783948,8208348
1296,2013-01-10,37.70657730102539,38.63351936133585,37.5741582895953,38.302469587685664,5482985
1297,2013-01-11,37.45829772949219,37.80590275791396,37.358984572886456,37.77279687566176,7053838
1298,2013-01-14,37.094139099121094,37.83899889560834,36.99482371123109,37.44174183419855,10369465
1299,2013-01-15,36.76309585571289,37.4417485080068,36.6968863336764,37.24311769682182,7333310
1300,2013-01-16,37.094139099121094,37.2100051807635,36.547905588263625,36.746536364043635,12729863
1301,2013-01-17,37.29277801513672,37.42519931755851,36.8293090693498,37.11070237255483,8720890
1302,2013-01-18,38.0541877746582,38.21971268548159,37.077589004739984,37.309323430877676,11437257
1303,2013-01-21,37.70657730102539,38.10383882546557,37.47484290848526,37.855551495227935,5767870
1304,2013-01-22,37.57416534423828,38.153502556898104,37.342430908189435,37.772796143751805,5102821
1305,2013-01-23,37.12724685668945,37.93832074367551,36.92861830391612,37.73968994582681,4125262
1306,2013-01-24,36.729976654052734,37.259657128436196,36.647214220247484,37.14378882307897,7597320
1307,2013-01-25,36.746543884277344,36.96172539784697,36.51480942849262,36.51480942849262,5876853
1308,2013-01-28,37.04447937011719,37.16034769398051,36.33272322374264,36.779641335701115,4530765
1309,2013-01-29,37.11068344116211,37.541046280532264,36.81273734651209,36.9617092712998,8933771
1310,2013-01-30,36.91206359863281,37.34242881001407,36.696882115479816,37.0775885072352,6691139
1311,2013-01-31,36.48169708251953,37.06103424190845,36.283068546345575,36.81274688788463,10621030
1312,2013-02-01,36.5644645690918,36.81275195730686,36.38238670205232,36.465149164790674,6533829
1313,2013-02-04,36.81275939941406,36.97828435835348,36.58102490591407,36.5975778508232,4150438
1314,2013-02-05,36.2830696105957,36.729985513902356,36.150648337520394,36.66377599990233,2184943
1315,2013-02-06,36.2003059387207,36.63066888777723,36.08443760931308,36.432040352460795,2852740
1316,2013-02-07,36.945167541503906,37.19345489139083,36.249962063790484,36.249962063790484,5059086
1317,2013-02-08,36.82930374145508,37.342431443322184,36.614122243127945,37.07759112186735,5162866
1318,2013-02-11,37.25965881347656,37.3258683145001,36.53134981206809,36.91205612675951,3760946
1319,2013-02-12,37.35898208618164,38.186606636643546,36.87895805085351,36.978273445923996,9796530
1320,2013-02-13,36.382389068603516,38.07074431631793,36.18376049215664,38.07074431631793,7821046
1321,2013-02-14,34.991966247558594,36.547899585360014,34.37952332705842,36.41548058663958,14843823
1322,2013-02-15,35.51639938354492,35.71810246967966,34.79363417119673,35.16342012270949,8479053
1323,2013-02-18,36.390445709228516,36.777040659465484,35.38193476447031,35.38193476447031,8321446
1324,2013-02-19,36.440860748291016,36.52490330488929,36.037456932579374,36.39043612625216,8484570
1325,2013-02-20,36.35682678222656,36.86108224096365,36.10469905285802,36.47448730118553,7964693
1326,2013-02-21,35.919803619384766,36.62575982319699,35.75171620346692,36.23916492204748,6464828
1327,2013-02-22,36.65938186645508,36.81065804993628,35.97023227526201,36.17193537310416,14054231
1328,2013-02-25,37.66788864135742,37.735122239955444,36.72661142158342,36.81065398978109,15983553
1329,2013-02-26,37.29810333251953,37.617464660568515,37.0459756083018,37.617464660568515,17614848
1330,2013-02-27,36.608943939208984,37.60064787883595,36.508094700426696,37.48298739385644,9561570
1331,2013-02-28,35.062564849853516,36.97873712489814,34.306181777009726,36.844269934979415,11505348
1332,2013-03-01,36.289581298828125,36.64256046036819,35.06255871631265,35.53319835829942,9664596
1333,2013-03-04,36.45766830444336,36.81064748445377,35.73490097779345,36.306392164381805,5835406
1334,2013-03-05,36.50810241699219,36.64256961699043,35.80214391749988,36.49129344704225,4342564
1335,2013-03-06,36.18873596191406,36.642566715624795,36.087886709800955,36.508099526273696,2348098
1336,2013-03-07,36.3736457824707,36.57534893349973,36.02066640807062,36.02066640807062,3784471
1337,2013-03-08,36.97873306274414,37.02915768347435,36.323201594250456,36.60894491138863,5865486
1338,2013-03-11,37.11320495605469,37.23086545911683,36.642567503407115,36.96192879483229,3872022
1339,2013-03-12,36.72661590576172,37.18044674136035,36.340020956770914,37.18044674136035,5729772
1340,2013-03-13,36.9115104675293,37.06278665457062,36.57534014974819,36.6761917010427,4784709
1341,2013-03-14,36.861083984375,36.978744508898934,36.55853160674331,36.8442772921295,4923712
1342,2013-03-15,36.6425666809082,36.995545902370964,36.45767258587529,36.7770338701319,4917271
1343,2013-03-18,36.55852508544922,36.64256765088887,36.47448252000957,36.608949712792814,3593844
1344,2013-03-19,36.003841400146484,36.77703109963735,35.3146896979389,36.62575495320654,5195989
1345,2013-03-20,35.07937240600586,35.93660697667073,34.8944783174624,35.818946480379346,5025753
1346,2013-03-21,34.15489959716797,35.398728863940605,33.902771950668104,34.961709433847545,4921271
1347,2013-03-22,34.44065475463867,34.69278247126675,33.90278138057849,34.17171806760858,8653798
1348,2013-03-25,34.9281005859375,35.146610357810566,34.625548243374695,34.76001544455802,4166875
1349,2013-03-26,35.29788589477539,35.398735147436675,34.7936305122672,34.7936305122672,3767435
1350,2013-03-28,35.56681823730469,35.76852129067251,34.99532929249628,35.28107490480064,4534130
1351,2013-04-01,35.46597671508789,35.78533805264517,35.21384898336359,35.38193413784646,1691135
1352,2013-04-02,35.80213928222656,36.188734142019854,35.33149958356482,35.6172451963166,4652635
1353,2013-04-03,35.70128631591797,35.83575349308517,35.48277430327097,35.58362582604649,2361750
1354,2013-04-04,35.12980651855469,35.78533816717572,34.89448547768488,35.55001940610674,3713922
1355,2013-04-05,35.180233001708984,35.29789352832643,34.87768061869402,34.87768061869402,8205260
1356,2013-04-08,35.012142181396484,35.634058099097906,34.79363241560981,35.29788782570267,3096875
1357,2013-04-09,34.72639846801758,35.70129368295221,34.55831332197375,35.146611333127154,2293912
1358,2013-04-10,35.163414001464844,35.23064759187217,34.59192506330211,34.810434802075996,1905585
1359,2013-04-11,34.81044006347656,35.23065291678552,34.67597286233795,35.23065291678552,3329986
1360,2013-04-12,35.46597671508789,35.5836349553454,34.6423576342812,34.6423576342812,1819318
1361,2013-04-15,34.978515625,35.2978791298891,34.84404846068881,35.2978791298891,2619515
1362,2013-04-16,35.93659973144531,36.2727699047303,34.96170714083879,34.97851382566313,2546545
1363,2013-04-17,35.93659973144531,36.356812448051556,35.718090030730025,35.93659973144531,3775629
1364,2013-04-18,35.97023391723633,36.272786298009684,35.38193584810962,35.684488228882984,5080676
1365,2013-04-22,36.77703857421875,37.18044475308971,35.7181030541843,35.7181030541843,5577118
1366,2013-04-23,36.87788391113281,36.978735438873805,36.541713671863064,36.64256519960406,2951714
1367,2013-04-25,36.928321838378906,37.75193871448764,36.30640579816154,36.67619408366393,7103973
1368,2013-04-26,37.079593658447266,37.214060866502614,36.81065696253583,37.06278468749016,3417359
1369,2013-04-29,37.13002014160156,37.449381486496435,36.82746776850133,36.82746776850133,5263605
1370,2013-04-30,37.71830749511719,38.037668749409214,36.81064835351871,37.045967052481245,5652599
1371,2013-05-02,38.62596893310547,38.82767198980798,37.398948464266184,37.41575743229145,7787838
1372,2013-05-03,37.65108108520508,38.72682782235996,37.53342057339106,38.28980371556522,3489204
1373,2013-05-06,37.6847038269043,37.97044723802831,37.247681944231225,37.49980969041173,1570856
1374,2013-05-07,37.88640594482422,38.23938525744511,37.11321370760727,37.61746921712254,4295563
1375,2013-05-08,38.57554626464844,38.7100134560675,37.8695878101972,37.8695878101972,4623152
1376,2013-05-09,38.155330657958984,38.72682187929604,37.92001195024389,38.65958600869147,3439496
1377,2013-05-10,37.768741607666016,38.50831350001733,37.651081095818824,37.93682675041877,3388720
1378,2013-05-13,37.71830749511719,37.98724412813161,37.44937086210277,37.51660673020654,3486486
1379,2013-05-14,38.44108200073242,38.710016404051395,37.7519324626761,37.7519324626761,5187764
1380,2013-05-15,38.23937225341797,38.86128808224621,37.987244584401154,38.52511785689046,7598979
1381,2013-05-16,38.28981018066406,38.74364105451655,38.05449139710393,38.071300370172736,7843384
1382,2013-05-17,39.012569427490234,39.298315085746644,38.23937958477417,38.32342215722598,4225774
1383,2013-05-20,38.42426681518555,39.029376000077136,38.3234175641707,38.995758063205244,6051683
1384,2013-05-21,37.88640594482422,38.62598023615307,37.600662523979516,38.357045788252414,3901355
1385,2013-05-22,37.869590759277344,38.02086921115512,37.617463045881905,37.98725127078214,4300192
1386,2013-05-23,36.84427261352539,37.936826020394086,36.64256953418323,37.70150500122803,5416658
1387,2013-05-24,36.6425666809082,37.24767359201574,36.34001436525465,37.24767359201574,4295474
1388,2013-05-27,37.70151138305664,37.88640552378434,36.64257573676317,36.709809347991154,1976291
1389,2013-05-28,37.81916427612305,38.22256814183676,37.61746120336592,37.76873964783403,3947350
1390,2013-05-29,38.155330657958984,38.30660908701898,37.71830889803077,37.970436573397016,4123634
1391,2013-05-30,38.4578857421875,38.65958880901104,37.701502661299926,38.05448188834089,4814631
1392,2013-05-31,38.08810043334961,38.65958942539408,37.869588394173434,38.64278273605788,8210037
1393,2013-06-03,37.449371337890625,38.12171178906854,37.19724366869891,38.10490510162929,2337051
1394,2013-06-04,38.05448913574219,38.273001213049625,37.38214849135175,37.38214849135175,6339450
1395,2013-06-05,37.80235290527344,37.953629060330826,37.63426778192069,37.83597084186414,2941759
1396,2013-06-06,37.66788864135742,37.85278274735241,37.55022813396046,37.55022813396046,3741327
1397,2013-06-07,37.197242736816406,37.886392137968926,37.13000914934303,37.33171219156335,3373193
1398,2013-06-10,36.97873306274414,37.482988389247005,36.911499475170466,37.31490328041272,4178032
1399,2013-06-11,36.25597381591797,37.60065490204854,36.0710797106149,36.76022922321693,4988953
1400,2013-06-12,36.306400299072266,36.77703779133549,36.037463612150134,36.306400299072266,1985386
1401,2013-06-13,35.55001449584961,36.44086478249315,35.41554502252572,36.05426989126305,3320850
1402,2013-06-14,36.67618942260742,36.81065662944601,35.634060590305815,35.71810316453012,5440747
1403,2013-06-17,36.3736457824707,36.79385878061333,35.97024176021407,36.65939153312826,1761508
1404,2013-06-18,36.440860748291016,36.87788249856207,36.087883834418484,36.306393569653885,2599492
1405,2013-06-19,36.13832092285156,36.37363970654302,35.9198111122383,36.28959712095314,3158484
1406,2013-06-20,35.58363342285156,36.07108217369939,35.48278187854509,36.03746423233032,3936637
1407,2013-06-21,36.03746032714844,36.18873648731481,35.2978862153791,35.516395971197156,8100913
1408,2013-06-24,35.600440979003906,36.474484621863496,35.31469532812272,35.835759719835146,7726193
1409,2013-06-25,34.65916442871094,35.970229919208364,34.30618517050775,35.701293232967814,5865050
1410,2013-06-26,35.634056091308594,35.76852328116995,34.440651232037375,34.558309453215955,9917951
1411,2013-06-27,35.81894302368164,36.306391650018845,35.58362433360858,35.802136337090815,10124040
1412,2013-06-28,37.41576385498047,37.68470055014865,35.97023111327715,35.97023111327715,13955319
1413,2013-07-01,37.953636169433594,38.088105661183526,37.146828338137254,37.146828338137254,4880398
1414,2013-07-02,37.43256759643555,37.92001400594205,37.1804399074011,37.68469528546999,4836103
1415,2013-07-03,36.407257080078125,37.230873949944694,36.23917191154205,37.230873949944694,3203552
1416,2013-07-04,36.18873596191406,36.81065184221389,35.71809851938477,36.4744815890357,5239017
1417,2013-07-05,36.17192459106445,36.60894403978872,35.9029879673725,36.30639176301036,2878063
1418,2013-07-08,35.39873123168945,36.13830753473116,35.23064612278001,36.13830753473116,5074736
1419,2013-07-09,36.928321838378906,36.978746477401494,35.58363820009798,35.734914396966765,5626482
1420,2013-07-10,36.35682678222656,37.34853100825013,36.25597751431978,37.13001894158358,6811029
1421,2013-07-11,37.09640121459961,37.44937819223303,36.69299504621742,36.96193173187199,5779104
1422,2013-07-12,37.079593658447266,37.230869837459714,36.32321048358426,37.214060866502614,3580274
1423,2013-07-15,36.99555587768555,37.29810827491796,36.659385534182405,36.961937931414816,2918182
1424,2013-07-16,37.04597091674805,37.28128964025669,36.40724834153881,36.40724834153881,2477162
1425,2013-07-17,37.28128433227539,37.71830605931291,36.91149847078221,37.012349989298585,9890923
1426,2013-07-18,37.31490707397461,37.55022579430589,37.06277938509101,37.16363091660454,5820812
1427,2013-07-19,37.43256759643555,37.583843753896126,37.1804399074011,37.583843753896126,4552788
1428,2013-07-22,37.36533737182617,37.583849436575306,37.079593982262985,37.214061191492625,2515956
1429,2013-07-23,37.02915954589844,37.73511795042952,36.70979827901069,37.73511795042952,5415186
1430,2013-07-24,36.97873306274414,37.197242792308636,36.55852029065842,36.6761807787625,2594203
1431,2013-07-25,37.02915954589844,37.5670328331412,35.73490323085824,37.180437975298176,4206471
1432,2013-07-26,36.42405700683594,37.23086470351487,36.32320547480096,37.14682214011913,5399927
1433,2013-07-29,36.34000778198242,36.861069755680205,36.087880138012515,36.70979362525827,2056881
1434,2013-07-30,35.48278045654297,36.3736330691143,35.18022811554931,36.340017408893125,1322467
1435,2013-07-31,33.98682403564453,35.297889533187224,33.02873779820182,34.99533490461552,6050144
1436,2013-08-01,34.575130462646484,34.94491878324422,33.280873620355635,33.885980745060465,4448345
1437,2013-08-02,30.709165573120117,33.73469836344498,29.095547628986697,33.28086753297592,31014744
1438,2013-08-05,31.364694595336914,31.868950018166093,29.482140104854395,30.910863802870402,15799229
1439,2013-08-06,31.448741912841797,32.104273605508894,31.07895591483006,31.26384777393544,14382559
1440,2013-08-07,31.364694595336914,31.919376928329388,31.112566883922323,31.60001333669707,5717703
1441,2013-08-08,32.27235794067383,32.6085282646454,31.43193213074489,31.532783683896547,6778874
1442,2013-08-12,31.96979522705078,32.74298717821775,31.8017101193971,32.44043261656102,9452703
1443,2013-08-13,32.322784423828125,32.44044266776029,31.600016869098173,31.919380496430485,2256717
1444,2013-08-14,32.64213180541992,32.99511094579602,32.12106757722662,32.272343700302116,9066232
1445,2013-08-16,32.94468307495117,33.29766220486348,32.104257660778934,32.6421308377691,16654810
1446,2013-08-19,32.4404411315918,32.843847319687626,31.85214310038629,32.64214422563971,5042098
1447,2013-08-20,32.42363739013672,32.60852925006774,31.885763943607422,32.44044408300246,5439143
1448,2013-08-21,32.81022644042969,33.23043928224715,32.49086513660853,32.59171667460483,17512680
1449,2013-08-22,32.97832107543945,33.19683090419862,32.28917136041258,32.60853275621491,11299648
1450,2013-08-23,32.87746047973633,33.01192995880023,32.47405660214584,32.87746047973633,19297499
1451,2013-08-26,32.927886962890625,33.09597209969332,32.67575925768658,32.843844394489274,24410353
1452,2013-08-27,32.171504974365234,34.70959108496462,31.86895034964043,32.944694806904884,13466053
1453,2013-08-28,31.549592971801758,32.54129498148261,30.978103871290834,31.93618793631772,11398478
1454,2013-08-29,32.709373474121094,33.112777328690406,31.5159685995115,31.5159685995115,15533827
1455,2013-08-30,32.82704162597656,33.06236040599265,31.532784916186543,32.574913873144816,8242572
1456,2013-09-02,33.28086471557617,33.448949856364926,32.67576003257714,32.8438451733659,15403306
1457,2013-09-03,32.15468978881836,33.61703115949107,31.650434458214008,33.448943769489404,4877060
1458,2013-09-04,32.390010833740234,32.57490492431713,31.650436751233038,31.801712905413996,4850453
1459,2013-09-05,32.726810455322266,34.172641091242085,32.31857407714885,33.186072920120345,9746210
1460,2013-09-06,33.66234588623047,34.15562878835738,32.35259258431961,32.64175961682394,7041237
1461,2013-09-10,34.784996032714844,35.22724829799589,33.764407315709896,33.764407315709896,8723482
1462,2013-09-11,33.67935562133789,35.00611922711357,33.356170413413636,34.665923785698986,5150080
1463,2013-09-12,33.67935562133789,34.240679483930755,33.424209040276956,33.84945334204519,5409563
1464,2013-09-13,33.93449783325195,34.08758529035062,33.49224338500217,33.50925130804838,6331674
1465,2013-09-16,34.887046813964844,35.36332177407678,33.74739357028891,33.93450150793654,14084730
1466,2013-09-17,34.546852111816406,34.88704753012368,33.5262658568946,34.716949820970044,5923058
1467,2013-09-18,34.15562057495117,34.52983637325166,33.64532756295814,34.18964103192297,4635243
1468,2013-09-19,34.15562057495117,35.43135310493378,33.76439454816479,34.97208847130111,10203659
1469,2013-09-20,34.56386184692383,34.887047028246904,34.18964827642788,34.27469712978121,15290056
1470,2013-09-23,33.764404296875,34.325728156395336,33.62832704389321,34.05357134333378,3730187
1471,2013-09-24,33.730384826660156,33.96852116367502,33.35616893485258,33.52626664802004,8304198
1472,2013-09-25,34.18964767456055,34.308714682900494,33.40719777606448,33.67935225632593,5150528
1473,2013-09-26,33.78141403198242,34.10460154046849,33.5262674560816,34.01955268183488,6791644
1474,2013-09-27,33.66234588623047,34.15562878835738,33.52626633271754,33.78141290006917,4575709
1475,2013-09-30,33.35616683959961,33.66234408832739,32.913912351724655,33.407197534603114,5763141
1476,2013-10-01,33.67935562133789,33.747396555299204,33.30514202004064,33.424209040276956,4024187
1477,2013-10-03,33.98553466796875,34.104604001487125,33.54328010974091,34.01955513671631,11166670
1478,2013-10-04,33.3221435546875,33.84944450554825,33.2370947165361,33.84944450554825,16408671
1479,2013-10-07,33.35616683959961,33.407197534603114,32.84587373215106,33.18606913711676,3643908
1480,2013-10-08,33.4242057800293,33.611313715976124,33.237100151180236,33.543275095749394,7001377
1481,2013-10-09,33.69636917114258,33.81543851019539,33.16906572363446,33.16906572363446,5815351
1482,2013-10-10,33.764404296875,33.866463390160334,33.42420885732255,33.696365670384104,4045318
1483,2013-10-11,33.66234588623047,33.98553107678963,33.56028679787024,33.86646175585305,2594571
1484,2013-10-14,33.86646270751953,33.98553203180202,33.44121841665054,33.67935475811759,3588795
1485,2013-10-15,33.66234588623047,34.0705799325735,33.42420724435732,33.900482221005745,6566169
1486,2013-10-17,33.20308303833008,33.95151255055016,33.01597508350056,33.59430687443889,7117518
1487,2013-10-18,33.84945297241211,34.01955299835992,33.015974611467485,33.50925753471243,15690831
1488,2013-10-21,33.84945297241211,34.00254276505534,33.696365486866846,33.84945297241211,2023039
1489,2013-10-22,34.68294143676758,35.2442631123113,33.78142193995378,33.78142193995378,9232804
1490,2013-10-23,34.22366714477539,35.14219431866134,34.12160805721076,35.00611707330707,3579487
1491,2013-10-24,33.67935562133789,34.546854458364685,33.40720111388462,34.35974881126506,7207079
1492,2013-10-25,34.087589263916016,34.27469720311322,33.441216592789125,33.883471092592195,5281406
1493,2013-10-28,33.59431457519531,34.32573632862794,33.4412270523694,34.12161809346104,5287076
1494,2013-10-29,34.15562057495117,34.34272847410142,33.33915037150392,33.54326849914006,7086272
1495,2013-10-30,34.070579528808594,34.27469770311008,34.01955113878215,34.24067723836055,3289474
1496,2013-10-31,34.4618034362793,34.8700397860472,33.628325118515875,34.34273642351186,8249061
1497,2013-11-01,33.30513381958008,34.66591525018393,33.2030747508653,34.46179711275438,9616570
1498,2013-11-05,32.369606018066406,33.356171919886,32.16548782115982,33.25411282143271,17767298
1499,2013-11-06,32.74381637573242,32.913914087184054,32.420631185393894,32.420631185393894,9564186
1500,2013-11-07,32.33557891845703,32.74381292145512,32.165481224949694,32.624745920258555,9949028
1501,2013-11-08,32.67578125,32.8118608179852,31.85931307048124,32.06342896181187,6427427
1502,2013-11-11,32.64175796508789,32.79484543633277,32.046416004726204,32.62474773337229,7123880
1503,2013-11-12,32.437652587890625,32.72681971977248,32.25054457944346,32.64177083476001,5714533
1504,2013-11-13,32.65876770019531,32.743816556390364,32.16548479568356,32.267543884537204,4914428
1505,2013-11-14,32.65876770019531,32.89690634321977,32.573718844000254,32.69278816551248,2329910
1506,2013-11-18,32.77783966064453,32.89690899174301,32.55671353957372,32.76082942661645,4220710
1507,2013-11-19,32.33557891845703,32.77783338299563,32.09744260896629,32.52268684273463,6280476
1508,2013-11-20,31.89333152770996,32.47166565958481,31.825292896635904,32.18249859364738,5017948
1509,2013-11-21,31.774276733398438,32.04643366957492,31.53614027940615,31.97839270520653,4281191
1510,2013-11-22,31.94435691833496,32.04641600152059,31.706220595633656,31.706220595633656,7516975
1511,2013-11-25,32.02940368652344,32.182491147795766,31.876316225251113,31.876316225251113,8325845
1512,2013-11-26,32.06343078613281,32.19951036186057,31.757255778167288,31.893333046796798,7679212
1513,2013-11-27,31.349016189575195,32.21651497008601,31.246957102380186,31.89332747611884,4670852
1514,2013-11-28,32.21651077270508,32.318567539505615,31.178914417753468,31.383030258452077,21937834
1515,2013-11-29,32.35258865356445,32.52268634446578,31.774256965919456,32.09744211721246,19972565
1516,2013-12-02,31.842300415039062,32.21651631467307,31.332007264864284,31.332007264864284,12138526
1517,2013-12-03,31.89333152770996,31.978380393327072,31.70622586903083,31.808282662092854,10819239
1518,2013-12-04,32.5226936340332,32.62475273286883,31.74024361909089,31.842302717926515,21813713
1519,2013-12-05,32.760833740234375,32.87990308701071,32.36960984156648,32.828872378207265,14177075
1520,2013-12-06,33.66234588623047,33.98553107678963,32.64175961682394,32.64175961682394,25973812
1521,2013-12-09,34.4618034362793,34.648911378739946,33.50925579865059,33.849451218725285,30640399
1522,2013-12-10,33.475242614746094,34.52984949651319,32.998967571616554,34.46180855671026,28724268
1523,2013-12-11,33.33915328979492,33.50925097534851,33.04998860861234,33.16905560424134,7491141
1524,2013-12-12,33.3221435546875,33.407192392838894,33.135035649334945,33.2370947165361,9916532
1525,2013-12-13,33.169063568115234,33.39019199668622,33.015976075780294,33.06700677795732,12252500
1526,2013-12-16,33.67935562133789,33.815435182162524,32.930926111645405,32.998964738508725,21800566
1527,2013-12-17,33.57730484008789,33.764410520652454,33.28813774032708,33.47524572799005,18137305
1528,2013-12-18,34.019554138183594,34.59788594023044,32.2335257233215,32.31857458559598,156704650
1529,2013-12-19,33.764404296875,34.35974862318977,32.743817978217635,33.169062277658206,508752991
1530,2013-12-20,33.8154296875,34.104596688554906,33.42420360918468,33.61131153297917,55032517
1531,2013-12-23,33.9174919128418,33.985530534964596,33.52626579821449,33.67935327476525,27772323
1532,2013-12-24,33.526268005371094,33.91749414575425,33.49224984561907,33.849453212054236,16656973
1533,2013-12-26,33.67935562133789,33.883473809025844,33.11803406584303,33.37318064690396,58569185
1534,2013-12-27,33.95151138305664,34.05357047373577,33.40720007793113,33.679354576944924,17259233
1535,2013-12-30,33.67935562133789,34.08759199671379,33.54327836761126,33.815435182162524,10546799
1536,2013-12-31,33.98553466796875,34.01955513671631,33.628328974511724,33.713377839282536,12881038
1537,2014-01-01,33.84945297241211,33.98553253175076,33.730385953476,33.96852229844619,3186233
1538,2014-01-02,34.665916442871094,34.836014127548815,34.01954616393474,34.053564316611784,29730385
1539,2014-01-03,34.257686614990234,34.95508766815198,34.07057867773741,34.66592064629781,10720086
1540,2014-01-06,33.98553466796875,34.359750595799554,33.713377839282536,34.359750595799554,6603244
1541,2014-01-07,33.61131286621094,34.01954919144576,33.5262640163033,33.98552872864362,12753362
1542,2014-01-08,33.59431457519531,33.84946121560468,33.50926569505886,33.526275932505854,10653844
1543,2014-01-09,33.62833023071289,33.849456364538014,33.509260892746624,33.59430976069447,12969982
1544,2014-01-10,33.15204620361328,33.84944483761845,32.84586899900615,33.84944483761845,21668655
1545,2014-01-13,33.33915328979492,33.4752328224963,32.93091930588583,32.93091930588583,11775173
1546,2014-01-14,33.15204620361328,33.509249481675475,33.0499871354109,33.305133652368134,6262293
1547,2014-01-15,33.169063568115234,33.849454473691054,33.0329863098393,33.18607380217425,8229009
1548,2014-01-16,33.4242057800293,33.56028532758052,33.220089919349114,33.305138771406966,15169976
1549,2014-01-17,33.08401870727539,33.42421420121863,32.89691303128529,33.33916532773282,11229974
1550,2014-01-20,33.50926208496094,33.64534166277794,32.99896885911831,32.99896885911831,13050752
1551,2014-01-21,33.28813171386719,33.594306687632596,33.23710332060561,33.39019080748832,11629511
1552,2014-01-22,33.3731803894043,33.64533720185566,33.28813152970687,33.30514176306595,12315468
1553,2014-01-23,33.35616683959961,33.49224638584454,33.20307936878459,33.33915660793178,5617086
1554,2014-01-24,33.3731803894043,33.57729857551732,33.254111062988706,33.271121296347786,11973294
1555,2014-01-27,32.84587097167969,33.64533102899902,32.60773466963698,33.13503796443712,12637443
1556,2014-01-28,32.862884521484375,32.998961762940716,32.76082543684323,32.845874289527885,7516995
1557,2014-01-29,32.55671310424805,32.98195741377359,32.45465400854231,32.896908551868485,5177129
1558,2014-01-30,32.5226936340332,32.76082999325092,32.318575436361954,32.55671410267778,28308126
1559,2014-01-31,32.4886589050293,32.65875655939442,32.386602158087896,32.65875655939442,15088682
1560,2014-02-03,32.38661193847656,32.879894823681816,32.30156308561021,32.369601706483735,4482727
1561,2014-02-04,32.437652587890625,32.72681971977248,32.25054457944346,32.33559346445593,8237100
1562,2014-02-05,32.91392135620117,32.947941828844044,32.2165224309077,32.2165224309077,8121381
1563,2014-02-06,32.726810455322266,32.82886724276761,32.40362293808531,32.65876952089469,8396200
1564,2014-02-07,33.169063568115234,33.28813289943023,32.5907317597954,32.72681132516941,6497909
1565,2014-02-10,32.998966217041016,33.3391616736982,32.896909425722335,33.118035549710264,3792896
1566,2014-02-11,32.5226936340332,33.135045919948844,32.488673165388626,33.03298682111322,5013980
1567,2014-02-12,32.55671310424805,32.77783922236212,32.43764377474169,32.62475173235253,5538187
1568,2014-02-13,32.31857681274414,32.624754122290476,32.2845586497489,32.50568478406164,6549052
1569,2014-02-14,32.403621673583984,32.43764213947018,32.30156489012125,32.38661374773881,14754417
1570,2014-02-17,32.505672454833984,32.60773151930564,32.35258501167516,32.35258501167516,4752663
1571,2014-02-18,32.57372283935547,32.69279217547224,32.48867397272868,32.539704676963645,4866082
1572,2014-02-19,32.2845573425293,32.6077425669382,32.165488009121646,32.50568346788852,2804777
1573,2014-02-20,32.35258865356445,32.53969657497544,32.063421656193164,32.182490962663124,5141168
1574,2014-02-21,32.42063522338867,32.55671479375743,32.352596591753375,32.40362498870531,4456386
1575,2014-02-24,32.33557891845703,32.40361753444044,31.99538353144236,32.40361753444044,5118446
1576,2014-02-25,32.42063522338867,32.5226943243907,32.28455796011807,32.352596591753375,4052135
1577,2014-02-26,32.38661193847656,32.72680734994195,32.26754262162456,32.488668716237946,21051173
1578,2014-02-28,32.14847183227539,32.45464907282907,31.723227587421125,32.3355797614308,27401493
1579,2014-03-03,32.21651077270508,32.42062661340369,31.927343781176788,32.01239262490893,15373777
1580,2014-03-04,33.154422760009766,33.30959115819125,32.37857843064409,32.482024808917835,9410466
1581,2014-03-05,33.22339630126953,33.326842710893374,32.895817952843174,33.171674265687095,5385763
1582,2014-03-06,33.6544075012207,33.895780800796764,33.15441945100071,33.22338291681415,7952223
1583,2014-03-07,34.13716125488281,34.29233200855648,33.533726710245055,33.533726710245055,13092149
1584,2014-03-10,34.10268020629883,34.24060716490066,33.688896992034834,34.05095584297927,11546535
1585,2014-03-11,34.08544158935547,34.171646530272504,33.84406822247951,33.93027316339654,7773473
1586,2014-03-12,33.964744567871094,34.05094948551702,33.723371266154096,33.91302255266675,15253272
1587,2014-03-13,34.06819534301758,34.48198087200229,33.82682201008207,33.98199041422215,12326297
1588,2014-03-14,33.91303634643555,34.481990437389584,33.79234847725951,33.89579488820197,11859122
1589,2014-03-18,34.981971740722656,35.15438161186401,33.964751630221855,33.964751630221855,15512927
1590,2014-03-19,35.27507019042969,35.671614331661985,34.94749187442648,34.94749187442648,12921191
1591,2014-03-20,34.240604400634766,35.24058295437387,34.13715802080544,35.068173100811094,6054665
1592,2014-03-21,34.77506637573242,35.46470561073443,34.326800405289575,34.413005309664825,21508819
1593,2014-03-24,35.58540725708008,35.93022700873645,34.826804271127784,34.826804271127784,9956813
1594,2014-03-25,36.41297149658203,36.53365933765706,35.37851230493933,35.37851230493933,14139614
1595,2014-03-26,35.86125946044922,36.723308741858254,35.723330172348774,36.55089888557645,6805235
1596,2014-03-27,36.37849044799805,36.68882726602461,35.861260858981495,35.861260858981495,20892387
1597,2014-03-28,37.05088806152344,37.326744307161185,36.13711439400203,36.32676570903164,6967406
1598,2014-03-31,36.206077575683594,37.343983044633404,36.050906841109075,36.96468044216406,6602071
1599,2014-04-01,37.24053955078125,37.74052768295599,36.24056094797335,36.37849024066673,13292951
1600,2014-04-02,37.37845993041992,37.61983556556252,36.98191825289937,37.292255014571275,8823613
1601,2014-04-03,37.48190689086914,37.79224599591504,36.86123101923538,37.275016492629916,6355761
1602,2014-04-04,36.75779342651367,37.49915729462516,36.67158848871875,37.49915729462516,7240495
1603,2014-04-07,36.86122512817383,37.32673254211752,36.481922617667294,36.79226167311564,6247841
1604,2014-04-09,36.809513092041016,37.03364496630486,36.39572757269499,36.91295947187752,6654828
1605,2014-04-10,37.171573638916016,37.30950058411672,36.61986118119666,36.861234504527026,9464658
1606,2014-04-11,37.11985397338867,37.223300364596234,36.947444100862256,36.96468555580661,6290384
1607,2014-04-15,37.18881607055664,37.30950156616935,36.82675490680186,36.981923308851535,9004170
1608,2014-04-16,37.13709259033203,37.30950244968296,36.44745315292831,37.1543340439588,10220793
1609,2014-04-17,36.96467971801758,37.06812609288798,36.60261857520029,37.050884640666546,10918544
1610,2014-04-21,36.533660888671875,37.309505315341916,36.46469740732625,36.82675860746398,4950498
1611,2014-04-22,36.533660888671875,36.723312216216264,35.981948360989755,36.61986582496854,8749084
1612,2014-04-23,36.41297149658203,36.87847906820463,36.27504453974639,36.516417883437995,11101407
1613,2014-04-24,36.41297149658203,36.41297149658203,36.41297149658203,36.41297149658203,0
1614,2014-04-25,36.37849044799805,36.654344358040134,36.068151291513054,36.34400754001357,5635586
1615,2014-04-28,36.585384368896484,36.72331367552733,36.137118214648886,36.29228897691591,4189566
1616,2014-04-29,36.41297149658203,37.03364747925935,36.25780308552732,36.82675704400588,8984063
1617,2014-04-30,36.481937408447266,37.20605982628154,36.171600565637505,36.46469829153676,9560866
1618,2014-05-02,36.0509033203125,36.706062084370274,35.89573493935024,36.41296443486311,2642603
1619,2014-05-05,36.24057388305664,36.41298380661656,35.844031994252525,35.96471753766892,1955739
1620,2014-05-06,35.344024658203125,36.25779582581099,35.17161482745009,36.171590910434475,4306301
1621,2014-05-07,35.344024658203125,35.7405663335519,35.17161482745009,35.412988122812735,6851875
1622,2014-05-08,35.70608901977539,36.10263309563857,35.3440301893007,35.65436699783854,6511390
1623,2014-05-09,36.843997955322266,36.981924910125535,35.70609005513241,35.79229498649906,19808139
1624,2014-05-12,38.44740295410156,38.96463246441908,36.70606313500762,36.70606313500762,8560913
1625,2014-05-13,38.91291046142578,39.75771585573613,38.654295706182914,38.7577397375136,14210275
1626,2014-05-14,38.61981964111328,39.309459110528984,38.447409773759354,38.94739792139404,8786547
1627,2014-05-15,39.46461486816406,39.861156477037056,37.32673145445243,38.464636614356905,17562208
1628,2014-05-16,41.205963134765625,43.32660333538849,40.36115300656569,40.36115300656569,35379329
1629,2014-05-19,42.15422058105469,43.17144063685456,41.481820248994865,41.481820248994865,25035487
1630,2014-05-20,43.0679931640625,43.99900831595941,42.39559748939648,42.74041722314838,22538200
1631,2014-05-21,42.912818908691406,43.39556550852498,42.41282851930758,42.757648187319575,10213784
1632,2014-05-22,43.24040603637695,43.77487946699132,42.46456158150986,42.79214222210955,17055437
1633,2014-05-23,45.119659423828125,45.51620106777099,41.39560456835641,43.44728326259192,22941667
1634,2014-05-26,44.18865203857422,46.48170181698225,42.41282706756408,45.41275994735054,23747350
1635,2014-05-27,43.75763702392578,44.30934958869271,42.75766063105178,43.30937319581871,11091241
1636,2014-05-28,43.05075454711914,43.792116047895036,42.86110556212426,43.792116047895036,13246147
1637,2014-05-29,43.119712829589844,43.792108394537564,42.89557629769107,43.395566700812054,14803509
1638,2014-05-30,42.068016052246094,43.61970482390884,41.43009862184581,43.27488509687268,69911271
1639,2014-06-02,43.17144012451172,43.56798186672339,42.13698096556815,42.17146387291629,13367356
1640,2014-06-03,43.18867874145508,43.636947177975635,42.60248803096673,43.102473812537674,18372713
1641,2014-06-04,42.84386444091797,43.4128161083006,42.688698355404874,43.18868420017015,23251745
1642,2014-06-05,43.75763702392578,44.30934958869271,43.27489028359875,43.34385610803866,19424103
1643,2014-06-06,44.17141342163086,44.27486213675594,43.464534914400176,44.10244761154747,14951210
1644,2014-06-09,47.36098861694336,49.171291756517995,44.1886506832668,44.430021629060626,41900147
1645,2014-06-10,46.87825393676758,48.619591718052604,46.37826345303543,48.06788388665886,22963428
1646,2014-06-11,46.11964416503906,47.29203488495059,45.361043632238285,46.878249374756344,14529763
1647,2014-06-12,47.05065155029297,47.42995409328524,45.58516806634863,46.067914631558914,15766959
1648,2014-06-13,45.998966217041016,47.75754314207811,44.82657536446025,47.343762261976394,10439654
1649,2014-06-16,45.447261810302734,45.86104276424595,44.705900175518025,45.86104276424595,11540459
1650,2014-06-17,46.033447265625,46.481715759305935,45.18864166066014,45.18864166066014,16756330
1651,2014-06-18,46.1886100769043,47.067898441847866,45.343799940455376,46.20584919115162,13262126
1652,2014-06-19,45.24036407470703,46.550677301732776,45.06795419341852,46.20585753915576,4904553
1653,2014-06-20,45.61966323852539,45.98172209060416,45.05071160943719,45.481736279491436,9100975
1654,2014-06-23,45.309322357177734,46.033439996541006,45.08518580727174,45.51621043875777,9955400
1655,2014-06-24,45.65415573120117,46.05069757550946,45.48174582698731,45.84380475506923,10866416
1656,2014-06-25,45.65415573120117,45.947248826830354,45.30933592277344,45.5162240662957,14393130
1657,2014-06-26,45.705875396728516,46.03345139159564,45.37829472494365,45.878285292001024,19577916
1658,2014-06-27,47.08512878417969,47.378226381082825,45.34378698899938,45.861016391681915,21315448
1659,2014-06-30,47.99890899658203,48.34372866448421,47.343752562951096,47.51616239690219,33365772
1660,2014-07-01,48.274784088134766,48.84374053189492,47.74031523862942,48.274784088134766,17681327
1661,2014-07-02,48.723045349121094,49.223035883187755,48.4816696408991,48.4816696408991,15633096
1662,2014-07-03,48.44717788696289,48.96440744425609,47.981675026932265,48.87820251804056,10773481
1663,2014-07-04,49.72300720214844,50.44712943817558,48.11959668610581,48.41269433841632,11771805
1664,2014-07-07,50.36094284057617,50.67127971835613,49.671303255768365,50.171293825521126,13259170
1665,2014-07-08,47.49892807006836,50.48162253316586,46.89549353102364,50.343695573910466,14948074
1666,2014-07-09,46.9644660949707,48.06789128134114,46.136899543651715,47.58513983923053,8629784
1667,2014-07-10,47.42995834350586,48.18855882055321,44.82656699729361,47.24030471655691,17933570
1668,2014-07-11,45.757591247558594,47.8782317375044,45.06795175964665,47.343763005139486,11319671
1669,2014-07-14,46.1886100769043,47.136864252670165,45.430004865525,45.757585451556174,7915363
1670,2014-07-15,46.602394104003906,46.86100887097748,45.89551093479299,46.36101845072869,9737615
1671,2014-07-16,46.9817008972168,47.3092815347082,45.96448542774896,46.67136405359809,6411041
1672,2014-07-17,47.82650375366211,48.06787941513055,46.79204465065427,46.91273248138849,8924449
1673,2014-07-18,47.2747802734375,47.636843681216476,46.86099953486708,47.5333949888873,5148178
1674,2014-07-21,47.20582580566406,47.58512370022564,47.033415971075684,47.274786933349766,4656631
1675,2014-07-22,46.809295654296875,47.51617902704747,46.429997628387156,47.240320390028565,6944595
1676,2014-07-23,46.99893569946289,47.654092172186836,46.6196331067544,47.05065771735124,7269605
1677,2014-07-24,46.42998123168945,47.06789387376003,46.205844706728385,46.96444984448265,5942240
1678,2014-07-25,46.4817008972168,46.75755474595929,45.550685973108216,46.3782521962515,8230977
1679,2014-07-28,45.93000411987305,46.75757062404401,45.58518435339203,46.55067782877192,5386124
1680,2014-07-30,46.44723129272461,46.87825597784083,45.8610358501997,45.8610358501997,8577572
1681,2014-07-31,45.89552307128906,46.429996537185744,45.654152031102655,46.27482576520209,19081582
1682,2014-08-01,44.75761413574219,45.86103449078169,44.56796047376249,45.86103449078169,10682255
1683,2014-08-04,45.67138671875,46.447231149567926,44.25762482054278,45.17139621478936,23311942
1684,2014-08-05,45.67138671875,46.22309924938173,45.17139621478936,45.86103570884975,16126934
1685,2014-08-06,46.22309112548828,46.51618879433428,45.29207610136953,45.464485944582904,9867110
1686,2014-08-07,46.37826919555664,47.01618671612368,46.15413727668648,46.46447413950036,11406313
1687,2014-08-08,45.48173141479492,46.25757573790876,44.981740980243856,46.11964411671088,5755079
1688,2014-08-11,45.49897766113281,46.136895139961375,44.82657727159945,46.136895139961375,7165189
1689,2014-08-12,45.602413177490234,45.826549716644315,45.205871470928656,45.55069115957635,4457748
1690,2014-08-13,45.61966323852539,46.292058917659816,45.119672750495674,45.51621451156218,7838517
1691,2014-08-14,45.93000411987305,46.2058580622909,45.70587220704387,46.03344817905039,4598772
1692,2014-08-18,46.4817008972168,46.65411072190981,45.63689088545472,45.72309579780123,5649943
1693,2014-08-19,47.08512878417969,47.550636181977005,45.9989479739294,46.585138490820505,7522151
1694,2014-08-20,47.2747802734375,47.44719008373737,46.99892644772388,47.136853360580695,11632976
1695,2014-08-21,47.05065155029297,47.27478338304248,46.757553918120955,47.136856461113226,5097954
1696,2014-08-22,46.257568359375,47.20582238081391,46.1713634483351,47.06789078161748,3969492
1697,2014-08-25,45.67138671875,46.378265329395035,45.516215961819555,46.27482127605283,7109144
1698,2014-08-26,45.17137908935547,45.8610183219589,44.964491061106735,45.49895959560825,7855848
1699,2014-08-27,44.65415954589844,45.585174586692624,44.085207988487056,45.067945047788385,14179712
1700,2014-08-28,44.55071258544922,44.93001515780562,43.94727816299187,44.6714004053239,24486863
1701,2014-09-01,45.65415573120117,45.79208271918866,43.861090856609806,44.136944832584796,7250215
1702,2014-09-02,45.688629150390625,45.94724397942773,45.25760443532878,45.44725811610648,8985537
1703,2014-09-03,45.774818420410156,46.0334331608993,45.309315629062404,45.91275002353707,8220774
1704,2014-09-04,46.71860885620117,46.840494816256374,45.464884883026016,46.0046804086495,8542895
1705,2014-09-05,46.82309341430664,47.188760815944775,46.318119646777184,46.89274659725231,5566453
1706,2014-09-08,46.35293960571289,47.258407236792,45.882792496928545,47.014625854894945,6820385
1707,2014-09-09,46.683773040771484,47.014613718191846,46.492229226290355,46.52705580378954,6490318
1708,2014-09-10,47.41511535644531,47.57182788008589,46.57929633624598,46.57929633624598,5594235
1709,2014-09-11,48.007144927978516,48.129035586776936,47.11909318614337,47.554413593617205,6309287
1710,2014-09-12,47.06686019897461,48.024565187328335,46.892732019273936,47.815610426981685,7528757
1711,2014-09-15,47.62407302856445,47.8156168862277,46.61413039457671,46.683783565277864,3929071
1712,2014-09-16,47.345462799072266,47.98973800053288,46.84048919490686,47.449937816161395,6434969
1713,2014-09-17,47.41511535644531,47.57182788008589,46.59671198789209,47.53700130032274,5122756
1714,2014-09-18,47.554412841796875,48.024559819141494,47.066854937840056,47.29322060144194,16935401
1715,2014-09-19,47.658905029296875,48.45989768925593,47.27582199397127,47.27582199397127,17128011
1716,2014-09-22,47.711124420166016,47.8504307244578,47.17132902338533,47.64147599154869,7010679
1717,2014-09-23,47.537010192871094,48.198701161563484,47.275817881080926,47.88526660859132,10349414
1718,2014-09-24,47.31064224243164,47.85044249553021,47.13651404276044,47.39770634226725,6457902
1719,2014-09-25,47.36287307739258,47.72854507924421,47.10168081472529,47.36287307739258,16106351
1720,2014-09-26,47.711124420166016,47.8504307244578,47.032027442622116,47.380283756294446,5236288
1721,2014-09-29,48.599205017089844,48.790744195429184,47.5370198981664,47.711148141577034,8073293
1722,2014-09-30,47.10167694091797,48.42505379704382,46.70118311580529,48.390227220179966,12952693
1723,2014-10-01,47.345462799072266,48.05938643741593,46.910142355319024,47.362873727410744,7924373
1724,2014-10-07,47.79819107055664,47.972319236762466,46.99720339542137,47.345459727833024,8847590
1725,2014-10-08,48.02456283569336,48.337992599100915,47.641479914404584,47.711128348756844,4593053
1726,2014-10-09,48.07680892944336,48.37282781801767,47.815616626030106,48.111635514604416,9248781
1727,2014-10-10,47.38029479980469,48.00715442111336,47.258404116903094,47.88526373821177,11619666
1728,2014-10-13,46.96238708496094,47.484771697788474,46.85791205180737,46.96238708496094,10406480
1729,2014-10-14,47.38029479980469,47.58924958141747,46.788257039156754,47.066864989150346,14165351
1730,2014-10-15,47.38029479980469,47.38029479980469,47.38029479980469,47.38029479980469,0
1731,2014-10-16,46.648956298828125,47.415122271235056,46.14398262744223,47.36288003220705,11263977
1732,2014-10-17,46.70118713378906,47.188745081244576,46.492232378156956,46.99720597730711,5532569
1733,2014-10-20,47.049442291259766,47.537000226341505,46.49223119822538,46.49223119822538,7878465
1734,2014-10-21,48.738502502441406,49.051932369092015,47.06687339795116,47.27582349336457,6706899
1735,2014-10-22,48.686241149902344,49.27827400303034,48.390222361574246,49.10414585972301,11612786
1736,2014-10-27,49.46982955932617,50.636489341637116,48.80814340210676,49.06933567918253,11023074
1737,2014-10-28,49.62654113769531,49.76584272482706,48.68624715838069,49.365344166971234,7011349
1738,2014-10-29,49.643959045410156,50.14893268373907,48.75590244595544,49.939977911895056,13392055
1739,2014-10-30,50.30564880371094,50.56684110624074,49.31311710939175,49.45241872603501,15543181
1740,2014-10-31,50.77578353881836,50.96732262465866,50.09668182805982,50.305636563949264,12145111
1741,2014-11-03,50.4449348449707,52.23845854739725,50.34045984562841,51.01956151193829,13632949
1742,2014-11-05,49.60911560058594,50.81060158765386,49.46981404121535,50.39269218601428,5298871
1743,2014-11-07,50.46235275268555,50.67130748425173,49.48723224655286,49.48723224655286,4488647
1744,2014-11-10,51.57676315307617,52.02949913094517,49.71359591722574,50.497172512181564,10354057
1745,2014-11-11,51.42007064819336,52.55190394736375,51.15887834838481,51.890217732554696,8362310
1746,2014-11-12,49.78324890136719,51.40263973474324,49.46981917934736,51.17627408681383,6309241
1747,2014-11-13,50.37529373168945,50.61907034004744,49.80067170484611,50.13151239980245,10971261
1748,2014-11-14,50.183753967285156,50.810618275628585,49.80067573408179,50.09668987364268,6123081
1749,2014-11-17,51.10664367675781,51.21111871308244,50.04445876431742,50.288240147114884,4923950
1750,2014-11-18,51.663848876953125,52.16882256146802,50.84545009129984,51.17629084707695,6475424
1751,2014-11-19,51.07181167602539,52.238471501113004,50.584253685646395,51.80315102335864,5431984
1752,2014-11-20,50.89767837524414,51.19369721510532,50.23599226019086,50.91508930319461,3590544
1753,2014-11-21,51.03697967529297,51.1936969200601,50.65389675082921,50.65389675082921,5424821
1754,2014-11-24,49.60911560058594,50.671300028283284,49.17379527534796,50.427518756738884,6633290
1755,2014-11-25,48.44247055053711,49.10415669642558,47.31063736925737,49.10415669642558,55543705
1756,2014-11-26,48.45987319946289,48.93001538517044,48.07679035773291,48.23350284512611,5741991
1757,2014-11-27,49.017093658447266,49.55689386753931,48.52953568382138,48.52953568382138,4482174
1758,2014-11-28,49.696197509765625,50.00962731177286,48.56436425774594,49.069337905751155,4619433
1759,2014-12-01,48.18128204345703,49.76585145520543,47.98974291799045,49.43500599463994,2477146
1760,2014-12-02,48.07680892944336,48.47730284997105,47.97232917396018,48.05939327509793,2350906
1761,2014-12-03,47.7807731628418,48.42504822838411,47.67629816779305,48.05937629865722,8617759
1762,2014-12-04,47.537010192871094,47.954919781147346,47.25840694970689,47.745964987009216,4516507
1763,2014-12-05,47.62407302856445,48.12904670732323,47.36288072372988,47.4673604797816,5700055
1764,2014-12-08,47.31064224243164,48.163872310232435,47.171340627400625,47.624072057133866,3081176
1765,2014-12-09,46.99720764160156,47.65889378826103,46.87531696953894,47.15392489475767,4817465
1766,2014-12-10,47.79819107055664,47.98973488750034,46.77083772405956,46.87531273437153,3714413
1767,2014-12-11,47.345462799072266,48.05938643741593,46.9275532836575,48.02456458073897,3222482
1768,2014-12-12,46.944969177246094,47.48476464086789,46.509648731251374,47.39770055166894,4812683
1769,2014-12-15,46.82309341430664,47.08428576505692,46.30070871280609,46.579311997527455,2791969
1770,2014-12-16,46.33552551269531,46.962385132616284,46.02209570273483,46.509653709732206,4811157
1771,2014-12-17,45.621585845947266,46.78824542375436,45.1340279589091,46.17879688407453,6760384
1772,2014-12-18,45.83054733276367,46.43999596229824,45.116623684720565,45.987264584055666,5750448
1773,2014-12-19,47.29322052001953,47.415111176681044,45.44745919057186,46.19621405712318,4845177
1774,2014-12-22,47.658905029296875,47.798206662997906,46.92756554795351,47.328064239698215,3767407
1775,2014-12-23,48.42507553100586,48.66885223140646,47.51960774380026,47.641498455765955,6644017
1776,2014-12-24,47.46735763549805,48.39023611257461,46.70119169781399,48.39023611257461,8715919
1777,2014-12-26,47.74594497680664,48.66882314698339,47.53699027024089,48.233502809774734,2310253
1778,2014-12-29,47.711124420166016,48.494701125928756,47.606649415475744,48.059380733838346,1421574
1779,2014-12-30,47.937503814697266,48.233517958143906,47.79819748421715,48.059389768573205,2146065
1780,2014-12-31,48.059383392333984,48.80813828697113,47.86784429863028,48.16386312633231,3960548
1781,2015-01-01,47.74594497680664,48.12902781825584,47.67629655697003,48.059374674891274,778837
1782,2015-01-02,48.32057571411133,48.52953045889084,47.7633693594044,47.7633693594044,3612848
1783,2015-01-05,48.372825622558594,48.7907304549348,47.41512055350994,48.23351928823694,7291352
1784,2015-01-06,47.29322052001953,48.16386131970371,46.71859853693369,48.0767972397353,8288963
1785,2015-01-07,47.972320556640625,48.233512813135626,46.49223110316892,47.014615616158935,3256180
1786,2015-01-08,48.18128204345703,48.37282589245322,47.44994267830621,48.059391362010295,2436600
1787,2015-01-09,48.21610641479492,48.58177371882658,47.6937218527329,48.1638689032946,2079643
1788,2015-01-12,47.537010192871094,48.47730440472769,47.188753777150865,47.92009319486933,3660975
1789,2015-01-13,47.31064224243164,47.98974411056123,47.10168745812025,47.55442361138322,2850708
1790,2015-01-14,47.38029479980469,47.67631368012865,46.94497430624875,47.2932307010935,3939014
1791,2015-01-15,49.78324890136719,50.044441123638435,47.536993900423155,47.536993900423155,6425406
1792,2015-01-16,51.31558609008789,51.872797222220406,49.034508774721736,49.73102150900505,8222495
1793,2015-01-19,51.489715576171875,51.85538760503844,50.28823391325736,51.24593894712358,5082702
1794,2015-01-20,51.33300018310547,52.23846765487224,51.12404542446251,51.89021129831034,6145107
1795,2015-01-21,51.15886688232422,51.55936070756342,50.86284806418093,51.29816846629498,2865190
1796,2015-01-22,51.663848876953125,52.726033762839315,51.071815813364154,51.22852836393335,7016755
1797,2015-01-23,52.081756591796875,52.23847386027782,51.263353111952476,51.820564293348426,4549463
1798,2015-01-27,52.22105407714844,52.58672610018042,51.26334905856315,51.62902108159513,6048058
1799,2015-01-28,52.04691696166992,52.83049366061073,51.89020445599887,52.39517327231028,5448999
1800,2015-01-29,51.820556640625,52.22105049439613,51.402647135411385,52.18622863856917,6923717
1801,2015-01-30,51.54194641113281,52.412587158439365,50.84543381328758,51.71607456059412,3094145
1802,2015-02-02,51.489715576171875,51.78573444043641,50.84544505948541,51.28076552942459,2427202
1803,2015-02-03,51.263343811035156,52.02950963688721,51.01956721083047,51.85538146951437,1320013
1804,2015-02-04,50.9325065612793,51.97727563596016,50.81061589119403,51.36782700906299,1740828
1805,2015-02-05,50.02703857421875,51.158871726896066,49.69619314787066,50.932506041066425,2453418
1806,2015-02-06,49.9573860168457,50.49718620721683,49.31311080822425,49.591718729440394,2422833
1807,2015-02-09,49.2608757019043,49.957388453624816,48.75590206749516,49.80067591860534,2511094
1808,2015-02-10,50.53201675415039,50.91509975949473,48.75590807375755,48.82556124692197,3982617
1809,2015-02-11,50.75838088989258,51.83797187491018,50.49718860831811,50.84544498375073,5670681
1810,2015-02-12,52.32552719116211,52.93497576211723,50.86284873145831,51.82055362867351,7776840
1811,2015-02-13,52.76085662841797,53.178761457332556,52.012106343524316,52.84792072488303,8270115
1812,2015-02-16,53.19617462158203,53.770796686657775,52.934982344408574,52.934982344408574,3789682
1813,2015-02-18,53.89268112182617,53.979745204138354,52.67378396945564,52.96980279402281,4034642
1814,2015-02-19,53.7359504699707,53.99714265170498,52.63894425139225,53.91007859112689,2708022
1815,2015-02-20,53.370304107666016,53.910099604241,53.039458659101065,53.59666980869651,4586215
1816,2015-02-23,54.293190002441406,54.85040122836931,53.109119099550924,53.28324731243276,5857600
1817,2015-02-24,54.589195251464844,54.92003593904979,54.17128575569249,54.29317641892017,3786009
1818,2015-02-25,53.82302474975586,54.93744682615827,53.1439277824253,54.88520932459877,3842514
1819,2015-02-26,53.19617462158203,54.48472035485349,52.51707281151932,53.666321665200115,7368101
1820,2015-02-27,54.71109390258789,54.85039551367393,52.969811955188355,53.265826107422605,4870174
1821,2015-03-02,54.57179260253906,55.37278520635685,54.1190611438599,54.93746467934611,3288237
1822,2015-03-03,54.17131042480469,54.46732939215365,53.68375227339342,54.39767620329587,3773373
1823,2015-03-04,53.788204193115234,54.798151379411884,53.3180619029422,54.38024187311472,4927543
1824,2015-03-05,54.03199768066406,54.38025410641191,52.7956892586712,53.63150373576004,2511965
1825,2015-03-09,52.55927658081055,53.99350698479392,52.36687709981768,53.626201472696486,2904210
1826,2015-03-10,51.94710922241211,52.594262533148,51.31744461819742,52.559280375475495,4007085
1827,2015-03-11,51.73720932006836,52.47181548653118,51.57979201845882,52.261927332594794,3350372
1828,2015-03-12,52.349395751953125,53.311379058229214,51.78969542483004,51.78969542483004,4034334
1829,2015-03-13,51.282466888427734,52.61175578234733,51.07258341353087,52.55928491362312,3743353
1830,2015-03-16,51.33494567871094,51.66726436428392,50.91516921367782,50.91516921367782,1546607
1831,2015-03-17,51.64976119995117,52.1220084047879,51.09006098476058,51.457361730395,4288235
1832,2015-03-18,51.299957275390625,51.859657579138904,51.0375982028177,51.597298506565984,3493449
1833,2015-03-19,51.1075553894043,52.20946723847131,50.72276589663232,51.29995488042028,2641643
1834,2015-03-20,51.84215545654297,52.419349115367716,50.58283116989808,51.07257181915901,3763675
1835,2015-03-23,52.19196701049805,53.136461402874914,51.96459013666788,52.29691346777847,4249360
1836,2015-03-24,51.75471115112305,52.7691700283793,51.59729855421206,52.12201669984245,5170910
1837,2015-03-25,51.24748229980469,51.96459514280686,51.14253583241399,51.68474738569134,6008163
1838,2015-03-26,50.75775909423828,52.296936522518344,50.39045819340823,51.38742388161598,11848617
1839,2015-03-27,50.635318756103516,51.055090454587045,50.09310712169528,50.757749202767116,3479176
1840,2015-03-30,50.72275924682617,50.932642671865864,50.23301860272189,50.74024795070302,4359504
1841,2015-03-31,50.81022262573242,51.22999430611572,50.54786354625647,50.8976756522244,4797950
1842,2015-04-01,51.2299919128418,51.369915799766176,50.75774464292065,50.75774464292065,2808077
1843,2015-04-06,51.75471115112305,52.27942929675343,51.020104798314456,51.2125042984904,5315447
1844,2015-04-07,51.75471115112305,51.84216417539477,51.07258040858167,51.492352078307846,2457023
1845,2015-04-08,51.52732849121094,52.401858636410765,51.422386771638834,51.61478150573092,4009038
1846,2015-04-09,52.82164001464844,53.03152821833245,51.562315537174534,51.614786401938,2422269
1847,2015-04-10,53.41631317138672,53.538748341822135,52.576765172819144,52.9965415444178,2200148
1848,2015-04-13,53.99351119995117,54.46575372509665,52.73418672875961,53.45129961441988,2208671
1849,2015-04-15,53.014034271240234,54.570699960657095,52.82163952069662,54.20339442148734,2330815
1850,2015-04-16,52.71669387817383,53.25890546988322,51.59729802573895,52.87411121810272,2492100
1851,2015-04-17,52.50680160522461,53.03151965741392,52.156984825802354,52.71668503039683,3666806
1852,2015-04-20,52.40187454223633,53.381351448943896,51.99959150226319,52.54179845901423,2278982
1853,2015-04-21,52.06954574584961,53.171457745915134,51.80718664957318,52.47183348917799,2312891
1854,2015-04-22,51.43988800048828,52.31441835860539,51.282470638174864,52.12202357767196,4849646
1855,2015-04-23,51.299957275390625,52.10452320009551,51.0375982028177,51.77220455494793,3515131
1856,2015-04-24,51.020103454589844,51.75470978805099,50.39044359426892,51.072579063475004,2613457
1857,2015-04-27,50.705265045166016,51.68474157419648,50.54785247872438,51.10754793002259,2052351
1858,2015-04-28,50.53037643432617,51.247494188316814,50.198057738738164,50.47790556077343,3429520
1859,2015-04-29,50.04063034057617,50.652801480093416,49.84823559457989,50.49538414636556,2061972
1860,2015-04-30,49.743289947509766,50.65280231877779,49.11363009143271,49.70830779003214,4099911
1861,2015-05-04,50.425418853759766,50.58283142499083,49.32350713199508,50.02313595666334,3652050
1862,2015-05-05,50.07560729980469,51.29994945175682,49.51590708141496,50.0406251465373,7999174
1863,2015-05-06,49.1835823059082,49.93568197298868,48.99118758550071,49.93568197298868,6031578
1864,2015-05-07,49.07864761352539,49.34100667594959,48.29157042625278,48.97370114177769,5448071
1865,2015-05-08,48.97370529174805,49.743293837925016,48.86876355573774,49.323517404622955,2987105
1866,2015-05-11,50.023136138916016,50.145566557665305,48.903735708923755,49.236054301375276,3927933
1867,2015-05-12,48.728824615478516,50.040619633769346,48.483954314212646,49.98814878196351,4551824
1868,2015-05-13,49.271060943603516,49.49843793453174,48.29158863900571,48.798813504209924,4097879
1869,2015-05-14,48.76381301879883,49.25354893950971,48.361525365893506,49.25354893950971,3467677
1870,2015-05-15,48.99118423461914,49.5683731009926,48.72882522766492,49.043655087084176,6305129
1871,2015-05-18,48.99118423461914,49.30601409403839,48.53642577578775,48.79878478274196,14967798
1872,2015-05-19,48.53643035888672,50.33796617245396,48.30905348031526,48.97369541176624,6595326
1873,2015-05-20,49.25355529785156,49.463443503717144,48.64138413177789,48.658872838670774,5168468
1874,2015-05-21,48.798797607421875,49.306027052021896,48.518949824309615,49.148609708627326,2628801
1875,2015-05-22,49.3060188293457,49.655830872213635,48.06418797501634,48.72882990753951,5380668
1876,2015-05-25,50.05811309814453,50.163059556368644,49.34100031777885,49.58586589770959,5557091
1877,2015-05-26,50.04063034057617,50.233025086572454,49.51591222098996,50.16306551740562,2220470
1878,2015-05-27,50.09309005737305,50.23301390920219,49.60335420365659,50.04061920601574,1137269
1879,2015-05-28,50.09309005737305,50.46039550613209,49.16608920129745,50.46039550613209,3848527
1880,2015-05-29,50.268009185791016,50.53036825572149,49.410967659499406,49.848237520680364,3473570
1881,2015-06-01,50.05811309814453,51.38740168991063,49.76077666141644,51.29994868037192,15815832
1882,2015-06-02,49.84823989868164,49.988163793726905,49.445952176559715,49.84823989868164,4635659
1883,2015-06-03,50.09309005737305,50.28548950518843,49.23604875489755,49.725789353242945,6029264
1884,2015-06-04,50.49538040161133,50.775232891414674,49.813249743514284,50.02313792470939,8566490
1885,2015-06-05,50.687774658203125,51.17751053413953,50.023132773387346,50.37294479114609,8696044
1886,2015-06-08,51.125038146972656,51.31743285311768,50.35544983313457,50.880167844034446,4215142
1887,2015-06-09,51.54481887817383,51.824671380547194,50.82770603356241,51.072576380060376,2699663
1888,2015-06-10,51.47486114501953,51.84216193322297,51.14253776930784,51.614785028876554,2875048
1889,2015-06-11,51.07257843017578,51.544820947245626,50.67029073840512,51.282461884593474,2113307
1890,2015-06-12,50.862701416015625,51.05509620641681,49.76079405948928,50.89768358098795,2614529
1891,2015-06-15,49.39348602294922,50.722775014318195,49.201091241979256,50.722775014318195,3574132
1892,2015-06-16,50.40792465209961,50.60032411801431,49.14860037791284,49.25354683512887,2705206
1893,2015-06-17,49.60335922241211,50.495378019625626,49.13111202315754,50.268001144319186,3030212
1894,2015-06-18,49.65583801269531,49.91819708257335,49.2710437612815,49.428461101060385,4549773
1895,2015-06-19,48.97370529174805,49.81325815835218,48.518951442862836,49.65584080970629,9119658
1896,2015-06-22,49.428470611572266,49.743300607076186,49.113640616068345,49.27105324150476,1849073
1897,2015-06-23,48.76381301879883,49.60336098925029,48.67636000636369,49.323508502680085,4200054
1898,2015-06-24,48.92123794555664,49.16610834004934,48.6413901329628,48.6413901329628,3101425
1899,2015-06-25,49.428470611572266,49.63835885678524,48.571428920548904,49.04367628612032,11124905
1900,2015-06-26,48.65886688232422,49.410961845367375,48.58890731868626,49.148602806308396,4184617
1901,2015-06-29,48.798797607421875,49.0436679761178,48.16913772310416,48.20411988215076,3452315
1902,2015-06-30,48.65886688232422,49.11362539680422,48.15164225358796,48.79879075422975,2588831
1903,2015-07-01,49.795745849609375,50.05810483491721,48.41399137376532,48.67635035907315,1988394
1904,2015-07-02,49.49842071533203,50.023143600167906,49.18359078013464,50.00565014871628,2965570
1905,2015-07-03,49.49842071533203,50.00565014871628,49.148608621861555,49.148608621861555,3051297
1906,2015-07-06,48.97370529174805,49.743293837925016,48.86876355573774,49.1486113481855,2083899
1907,2015-07-07,48.483970642089844,49.49842484894524,48.36153545022458,49.3235187876036,3234495
1908,2015-07-08,48.274070739746094,48.69384708325427,47.714375274574415,48.30905289247668,2440394
1909,2015-07-09,47.92426300048828,48.46647455487498,47.88928558924965,48.30905722578178,2478234
1910,2015-07-10,48.50144958496094,48.676355593976446,47.87178510572764,47.95923811023539,2901055
1911,2015-07-13,48.97370529174805,49.113633932602355,47.941762405545326,48.41400970685254,1612390
1912,2015-07-14,49.043663024902344,49.306022074319905,48.553927081582174,49.00868086938737,2264950
1913,2015-07-15,48.88624954223633,49.21857292882061,48.798796518885744,48.991196017035136,1504877
1914,2015-07-16,48.83378219604492,49.026181708058346,48.658876136740275,48.86876435683196,1827243
1915,2015-07-17,49.39348602294922,49.58588080391918,48.798803481464304,48.85127909866598,1696436
1916,2015-07-20,49.043663024902344,49.58586982918006,48.99119216394479,49.58586982918006,1668294
1917,2015-07-21,48.97370529174805,49.28853998903981,48.85127484794618,49.02618090438363,1315889
1918,2015-07-22,49.95316696166992,50.11058426275356,48.55391893294066,48.868748790478946,1890132
1919,2015-07-23,49.760780334472656,50.12808110379553,49.23605749387891,50.05811679314842,1225377
1920,2015-07-24,49.69082260131836,50.00565255164431,49.39348135865425,49.74329346893428,1692284
1921,2015-07-27,49.11362838745117,50.00564727671704,48.991193212842354,49.4459470103838,1296310
1922,2015-07-28,49.445953369140625,49.56838855949463,48.78131129317241,49.32351817878662,1547151
1923,2015-07-29,48.97370529174805,49.42846388526369,48.79879923531059,49.21857566861266,1900932
1924,2015-07-30,49.81325149536133,50.1105927004589,48.938721330150685,49.043663052124046,2942993
1925,2015-07-31,49.67332458496094,49.97066580030486,49.113629055642924,49.97066580030486,1956499
1926,2015-08-03,49.1835823059082,49.988152829042605,49.07864059380036,49.340999618699314,1508372
1927,2015-08-04,49.32350540161133,49.84822818786139,48.9562046703285,49.14859938773774,1001510
1928,2015-08-05,49.236061096191406,49.480931456742226,49.00868418689715,49.32351411858382,1107859
1929,2015-08-06,49.340999603271484,49.63834078032319,49.04365842621977,49.07864057845456,1295185
1930,2015-08-07,48.83378219604492,49.77827681414223,48.7463291663926,49.16610560657596,2213871
1931,2015-08-10,48.29157257080078,49.49842146476823,48.06419565552839,49.008685475420705,2570753
1932,2015-08-11,48.256591796875,49.25355725589765,47.43453239225526,48.973704722074764,3873211
1933,2015-08-12,47.57444763183594,48.23909431335497,47.46950591613794,47.92425967700194,1472522
1934,2015-08-13,48.20412826538086,48.48397609716174,44.07634190651067,47.50450394129755,2470225
1935,2015-08-14,48.39651870727539,48.64138909655059,48.169141771308816,48.204123933295364,1304682
1936,2015-08-17,48.309051513671875,48.78129870048266,47.906768630325395,48.44897537597119,813782
1937,2015-08-18,48.064186096191406,48.51893983629164,47.80182707429606,48.309051669849495,1461999
1938,2015-08-19,47.73185729980469,48.4139925764012,47.60942215469394,48.09915799050819,2417706
1939,2015-08-20,47.60942840576172,47.906769584463056,46.99725734445929,47.25961637073176,2256015
1940,2015-08-21,46.664939880371094,47.29459966071821,46.542504716239854,47.22463535417765,4024183
1941,2015-08-24,45.86036682128906,46.35010270635518,44.67100688766299,45.77291381521907,7651174
1942,2015-08-25,44.98583221435547,46.75238560522036,43.77897895470153,45.82538003885751,12357515
1943,2015-08-26,45.80789566040039,46.45504884991872,44.775948297820136,44.985836459911106,2616303
1944,2015-08-27,47.17216873168945,48.431493150074935,45.56303223845411,46.332620700975774,5402025
1945,2015-08-28,47.27711486816406,48.099169442571295,46.769885465349915,47.434527453960605,2205183
1946,2015-08-31,45.70297622680664,47.382072852649586,45.51057667418761,47.04974937198224,2305711
1947,2015-09-01,45.16075134277344,45.86037552409934,44.77595709411816,45.24820436543917,3973158
1948,2015-09-02,43.79648208618164,45.47557810650493,43.28925269221429,45.23071250688226,4507483
1949,2015-09-03,44.49610137939453,44.79344255232544,43.761495171162096,43.86643688178275,3114461
1950,2015-09-04,43.236785888671875,44.39116391789584,42.83450292361687,44.39116391789584,3868544
1951,2015-09-07,43.240325927734375,44.159576506699196,42.62159219888323,43.41710562299009,3112256
1952,2015-09-08,44.566162109375,45.07882021567786,42.81604166105499,43.13424407108002,2951677
1953,2015-09-09,44.548484802246094,46.139501774079505,44.053502703433416,45.75059035066223,3201416
1954,2015-09-10,43.61155700683594,44.10653914494437,42.674625674799316,44.10653914494437,3984541
1955,2015-09-11,43.947452545166016,44.47779172549962,43.523179282716335,43.841381831825096,1783681
1956,2015-09-14,45.096500396728516,45.23792315517121,43.6645823794273,44.1242123386846,2400945
1957,2015-09-15,45.37934875488281,46.01575840090375,44.54848340325987,45.07882237721641,3189547
1958,2015-09-16,46.35163879394531,46.493061567101215,45.25560390994025,45.43238357524896,2668351
1959,2015-09-18,47.20018005371094,47.6951669511083,46.493061395092205,46.66984105974689,2710372
1960,2015-09-21,48.278526306152344,48.43762508561434,46.563763046701496,46.95267916669871,3040868
1961,2015-09-22,46.31627655029297,48.43763228889068,45.69754779320197,48.33156642014271,2618545
1962,2015-09-23,45.18489456176758,46.66984086127884,44.477775906155934,46.333962377136494,5775906
1963,2015-09-24,44.33634948730469,45.98040424055901,44.03582788724827,45.2556047225063,9733917
1964,2015-09-28,44.83133316040039,45.60916076832354,44.08885764725846,44.70758644230089,2407051
1965,2015-09-29,45.37934875488281,46.139500325129504,44.336346854586225,44.49545046495524,2414852
1966,2015-09-30,46.7935905456543,46.91733727730664,45.37935314495458,45.397033989736684,3047665
1967,2015-10-01,46.157188415527344,47.34161326909264,46.05111772680837,47.0234059983916,2020545
1968,2015-10-05,46.846622467041016,47.429999218466655,46.29860740440811,46.31628345334898,1811432
1969,2015-10-06,46.75822830200195,47.553736748882535,46.56377259983539,46.97036484692779,1868486
1970,2015-10-07,46.86431884765625,47.094131537351366,46.56379234784399,46.881994902457,1403044
1971,2015-10-08,46.828956604003906,47.0234123664721,46.52843013845226,46.988060260900816,1318938
1972,2015-10-09,46.86431884765625,47.200197457070004,46.63450615796114,47.02341772723421,1421375
1973,2015-10-12,47.12946319580078,47.27088594481976,46.59912429038871,46.8466129023083,1574616
1974,2015-10-13,47.04108428955078,47.27089690944416,46.82894771908935,47.02340344466322,715400
1975,2015-10-14,47.02341079711914,47.200190500901876,46.740565189249324,46.9880586927277,1722301
1976,2015-10-15,47.74819564819336,47.889618408258286,47.09410998800635,47.20017585919132,2959602
1977,2015-10-16,47.73052215576172,48.084081508093945,47.235540021587724,47.87194973305911,3651488
1978,2015-10-19,47.3062629699707,47.85427815401353,46.970379602037,47.7305313976455,1640198
1979,2015-10-20,48.04873275756836,48.47300113265939,47.20018641647438,47.376966104959635,3296804
1980,2015-10-21,48.04873275756836,48.508358029447635,47.69517338059786,48.084084858900646,3504240
1981,2015-10-23,48.20782470703125,48.632097816914396,47.9072983204853,48.26085764690283,2367650
1982,2015-10-26,47.995689392089844,48.38460562028808,47.81890972431386,48.26085889375381,1788557
1983,2015-10-27,47.34161376953125,48.17247446493871,47.182510132498884,47.92498577955672,1680870
1984,2015-10-28,46.33397674560547,47.35929815511015,46.12184012404597,47.07645252333534,4725765
1985,2015-10-29,45.30864334106445,46.1748608562124,44.61920070238371,46.1748608562124,6657486
1986,2015-10-30,45.520782470703125,46.61681757291944,45.34400277019908,45.432392620451104,3034065
1987,2015-11-02,45.591495513916016,45.750599159916796,44.9550857253691,45.52078171670318,1507300
1988,2015-11-03,46.546104431152344,46.72288411593729,46.03344142709366,46.12183126948614,2879807
1989,2015-11-04,46.38700866699219,47.34162104497912,46.10416304152915,47.094127526106455,10212719
1990,2015-11-05,46.29860305786133,46.84661806904619,46.10414735594542,46.599129429830946,9402139
1991,2015-11-06,46.42233657836914,46.84660475160894,45.62682835865911,46.811252667095886,4219805
1992,2015-11-09,45.980411529541016,46.280937972693394,44.778305756931495,45.60917128960354,5260832
1993,2015-11-10,45.36167526245117,45.94504720757319,45.14953870182806,45.67987770565814,1531108
1994,2015-11-13,46.033443450927734,46.457716631246875,45.07883119293771,45.255610885494676,1386876
1995,2015-11-16,45.609161376953125,46.210214132625666,45.45006256194931,45.78594103503856,1462412
1996,2015-11-17,46.227901458740234,46.599141708566364,45.679886303155016,45.69756235509403,1602664
1997,2015-11-18,46.28093338012695,46.52842205340354,45.874336282144526,46.19254354064481,1327429
1998,2015-11-19,46.6168098449707,46.91733624509876,46.121827724706804,46.56377690270234,2523368
1999,2015-11-20,46.28093338012695,46.91733830621612,46.104153701162666,46.66984483748383,2168468
2000,2015-11-23,46.45771026611328,46.59913304169142,46.13950302674321,46.13950302674321,2177227
2001,2015-11-24,46.6168098449707,46.88197935176802,46.298607395905016,46.31628344484264,1241516
2002,2015-11-26,47.3062629699707,47.536075634393285,46.45772131916455,46.49307342487837,4171542
2003,2015-11-27,47.20018005371094,47.37695971836562,46.846620724401575,47.25321778947159,1605635
2004,2015-11-30,48.15480041503906,48.40229390615956,47.12947914338698,47.21786899086485,2006989
2005,2015-12-01,48.08407974243164,48.791198421130474,47.85426713094561,48.119436635457674,2520479
2006,2015-12-02,47.871952056884766,48.27854437271272,47.58910168401534,48.08408384221701,1390936
2007,2015-12-03,47.3062629699707,48.08409081843611,47.129483259575395,47.7305313976455,1173194
2008,2015-12-04,46.227901458740234,47.27090361409363,46.12183555619352,47.27090361409363,1376556
2009,2015-12-07,46.36932373046875,46.616812406471965,45.85666073764193,46.316285989830575,1525844
2010,2015-12-08,46.033443450927734,46.38700283604167,45.732917014489686,46.31628904083645,1469647
2011,2015-12-09,46.01576614379883,46.56378125758425,45.626849871698234,45.85666250665806,2198948
2012,2015-12-10,46.227901458740234,46.31629130934794,45.69756235509403,45.962731906917135,1086874
2013,2015-12-11,45.255611419677734,46.31628958753942,45.043474827014165,46.31628958753942,1514970
2014,2015-12-14,45.30864334106445,45.750592520871216,44.81365642331647,45.008116939704756,1552518
2015,2015-12-15,45.78593826293945,45.89200892864177,44.99042984971886,45.30863705137097,1842404
2016,2015-12-16,47.147151947021484,47.412321471189195,45.856661221829796,45.96272711331456,2623492
2017,2015-12-17,47.5714225769043,47.78355914406105,46.58145352865798,47.12947339343422,1092627
2018,2015-12-18,47.871952056884766,48.260863526964464,47.0410865794806,47.376965103227235,28017527
2019,2015-12-21,49.303855895996094,49.46295949918421,47.87194264912276,47.87194264912276,6238035
2020,2015-12-22,48.967979431152344,49.71045502320018,48.77352370736972,49.339219624904054,9652753
2021,2015-12-23,49.515995025634766,49.67509384169157,49.07404587749615,49.07404587749615,3720080
2022,2015-12-24,49.5336799621582,49.79884949862585,49.268510425690565,49.498323064871315,2224191
2023,2015-12-28,50.25847625732422,50.47061283159672,49.374577860735265,49.657423429461446,5761043
2024,2015-12-29,49.834197998046875,50.4175699208769,49.639742288921944,50.27614715101738,8576492
2025,2015-12-30,49.85188293457031,50.081700371455575,49.5867133955083,49.5867133955083,8189382
2026,2015-12-31,49.90489959716797,50.2054211114559,49.35687990400224,49.851861875395706,7159928
2027,2016-01-01,49.85188293457031,50.152409371265136,49.76349308821631,49.99331052510158,3229824
2028,2016-01-04,49.834197998046875,51.036298735035615,49.46296262773374,49.67509438479541,6809859
2029,2016-01-05,49.197792053222656,50.1877562159077,48.86190878617499,49.86955379186287,4259054
2030,2016-01-06,49.32154846191406,49.480652118390225,48.79120933426889,49.003345944418264,5320149
2031,2016-01-07,48.82655334472656,50.11704392220862,48.6144167905824,49.32153544075945,6787347
2032,2016-01-08,50.08169937133789,50.20544131739754,49.10941108086018,49.49832256068648,10345830
2033,2016-01-11,50.647403717041016,51.44291244998348,49.144771314915126,49.67511047021011,8283638
2034,2016-01-12,50.47061538696289,51.88485289310916,50.22312190520491,50.735784919365315,6611338
2035,2016-01-13,50.52363967895508,51.05397865290554,49.53367071697447,50.61202950794682,7462021
2036,2016-01-14,50.505958557128906,51.08933526161872,49.993300429079355,49.993300429079355,10278564
2037,2016-01-15,49.18012237548828,50.647397700535926,48.89727677778012,50.258481407095054,7430643
2038,2016-01-18,48.844234466552734,49.86955555606035,48.5790649712255,49.49831538532904,7411237
2039,2016-01-19,48.06640625,49.42761073798036,47.65981394721514,48.95030464538261,7282040
2040,2016-01-20,47.606773376464844,49.60438247094184,46.15717928115638,47.58909253411606,15997901
2041,2016-01-21,46.74055862426758,48.561388358392364,46.6698448345041,47.65981391391433,10416175
2042,2016-01-22,47.05876541137695,48.01337768362183,46.70520602098347,47.09412230950753,8099084
2043,2016-01-25,47.02341079711914,47.536073856271614,46.404681833879586,47.3769702046846,8893503
2044,2016-01-27,48.87958526611328,49.23314458383627,47.16482641152092,47.306249179519085,14527719
2045,2016-01-28,50.806480407714844,51.08933071100643,49.675088785457845,49.851868426719584,22594616
2046,2016-01-29,52.27376174926758,52.46822227388356,51.08934173363663,51.19540762309574,11216960
2047,2016-02-01,51.88485336303711,52.46822538051494,51.67271677610263,52.29144569064553,12278379
2048,2016-02-02,51.70806121826172,53.15765528511869,51.266112100040374,51.79645104190599,18267134
2049,2016-02-03,50.925968170166016,51.974702194545095,50.28605800538502,51.13926673659421,12098041
2050,2016-02-04,52.18800354003906,52.43685828690735,50.78376070897018,51.49476876078593,8726120
2051,2016-02-05,51.636962890625,52.401295414135134,51.31700548009578,52.27686806802165,6170693
2052,2016-02-08,50.641544342041016,51.92135940237574,50.35714313833572,51.5658554868289,3820374
2053,2016-02-09,50.46380615234375,51.72584828995718,50.12607541169875,50.410481514829215,7297377
2054,2016-02-10,50.961509704589844,51.38811643915349,50.12607432880449,50.12607432880449,8119293
2055,2016-02-11,48.597408294677734,51.13926092624642,47.673096931789594,50.78375692681495,7247688
2056,2016-02-12,49.183990478515625,50.05497723328873,48.45520918545942,49.059563110429224,16065640
2057,2016-02-15,49.308414459228516,50.00164916106364,49.09511110313837,49.45061508934481,8464543
2058,2016-02-16,49.52170944213867,49.96608934976053,48.98845355299245,49.45060672818694,6766384
2059,2016-02-17,49.62836456298828,49.71724055502796,48.82848063463112,49.71724055502796,7804863
2060,2016-02-18,49.717247009277344,50.3927036720999,49.41506763274752,49.80612301285483,8779283
2061,2016-02-19,50.126068115234375,50.48157207602567,49.432838284789995,49.69946625538346,6323086
2062,2016-02-22,49.64615249633789,50.30383111034469,49.1839943530147,50.1260790910278,2293985
2063,2016-02-23,48.73960876464844,49.8772234877004,48.59740812972483,49.77056939513402,3873885
2064,2016-02-24,49.663909912109375,50.12606308603735,48.93512879433898,49.05955131066764,11387961
2065,2016-02-25,46.83766555786133,49.85944981039019,46.588815630164035,49.8061251703002,19051305
2066,2016-02-26,47.51311492919922,48.312998791624686,46.92652957262259,47.459785480906234,12511003
2067,2016-02-29,46.23331069946289,47.76197606868945,45.93113131573246,47.76197606868945,11485783
2068,2016-03-01,47.548667907714844,47.76197126429369,46.30440395314152,46.57103194340723,14281573
2069,2016-03-02,48.13525390625,49.13066315280796,47.655322553797184,47.99304845231474,13550709
2070,2016-03-03,48.224124908447266,48.668504851382394,47.6553176171241,48.52629941217837,7057560
2071,2016-03-04,49.290645599365234,49.46839760837438,48.15303081297397,48.490761558824076,29228314
2072,2016-03-08,48.952919006347656,49.66392710270133,48.38411156489827,49.59282436433306,20131612
2073,2016-03-09,49.68169021606445,49.84166893375997,48.561853657689625,48.66850774343039,7284193
2074,2016-03-10,49.64615249633789,50.090532544630115,49.09511834335625,49.80612642062382,3713460
2075,2016-03-11,49.13066864013672,49.9127794368075,48.93514335188503,49.64615141364683,4685588
2076,2016-03-14,49.27287292480469,49.41507358328604,48.952920237763536,49.27287292480468,4423191
2077,2016-03-15,49.39728546142578,49.77056268046947,49.11288422994782,49.11288422994782,11655129
2078,2016-03-16,49.32619094848633,49.770570960241486,48.88181093673116,49.557272412064385,6170234
2079,2016-03-17,49.05956268310547,49.85944670005289,48.66851213228542,49.5039426925207,7509036
2080,2016-03-18,48.65073776245117,49.45062184062031,48.52631038592511,49.23731845540879,9195901
2081,2016-03-21,49.05956268310547,49.21954141522763,48.43743066992414,48.54408476528282,4674151
2082,2016-03-22,49.13066864013672,49.53949731128335,48.88181388978728,49.059565905227736,6628643
2083,2016-03-23,48.86402893066406,49.468387567356096,48.68627695773475,48.81070430315144,11545428
2084,2016-03-28,49.45062255859375,49.77057523014038,48.52631109047848,49.02402060380895,8691695
2085,2016-03-29,49.11289596557617,50.12607860846283,48.89959258008295,49.77057457325149,11478000
2086,2016-03-30,49.68169021606445,49.89499356571472,49.183985614768,49.379515694377105,5797932
2087,2016-03-31,49.45062255859375,49.93055397682977,49.23731917028528,49.23731917028528,15715729
2088,2016-04-01,49.16622543334961,49.770579459441656,49.09512269059405,49.69948153851865,3935188
2089,2016-04-04,49.27287292480469,49.80612901048405,49.16622363640176,49.32619756900615,5649881
2090,2016-04-05,49.43284225463867,50.054974235985554,49.308414894003,49.69947024664448,7744995
2091,2016-04-06,49.663909912109375,50.23271715667267,49.53948257395013,49.71723453651175,10418272
2092,2016-04-07,49.8416748046875,50.090529545564344,49.6283714299119,50.001653541227164,12408704
2093,2016-04-08,50.09053039550781,50.179406401353056,49.859448922844656,49.859448922844656,4133630
2094,2016-04-11,50.570457458496094,50.81930736044185,49.96609874179792,50.00165010545632,12360599
2095,2016-04-12,50.890411376953125,51.63697074536577,50.48157791727198,50.48157791727198,8901453
2096,2016-04-13,51.548091888427734,51.67251442474215,51.157036543611625,51.31701044251502,10239725
2097,2016-04-18,51.88582229614258,52.17022839978633,50.748212347062896,51.54809637671983,7347390
2098,2016-04-20,52.614593505859375,53.29004997511964,51.60140639105377,51.79693161416081,7716065
2099,2016-04-21,51.95691680908203,53.16562929833915,51.58363476118799,52.7390226212691,6315086
2100,2016-04-22,51.92136001586914,52.36573991555341,51.299228156311166,52.01023599580599,4320738
2101,2016-04-25,51.121482849121094,51.939140042213594,50.67710289160753,51.939140042213594,3605005
2102,2016-04-26,51.6014289855957,51.992484424870305,50.85486947822282,51.352574209193904,8964411
2103,2016-04-27,51.317012786865234,51.90359824180246,51.06816288103667,51.65474351414233,3177289
2104,2016-04-28,50.428245544433594,51.70806071938179,50.25049357074165,51.26368078515193,9408511
2105,2016-04-29,50.97927474975586,51.139248617898076,49.94830954207514,50.57044621317407,4383214
2106,2016-05-02,50.78374481201172,51.192578171293235,50.33936491873219,50.83707425666962,3383764
2107,2016-05-03,51.61919021606445,52.18799755666951,50.83708434183497,50.83708434183497,4572397
2108,2016-05-04,50.74821090698242,51.583641456785024,50.48157808283123,51.47699218458986,4435593
2109,2016-05-05,50.925968170166016,51.29924548324749,50.51713466690366,50.83709216021022,2770226
2110,2016-05-06,50.641544342041016,50.96149690166708,49.948309777992485,50.89039901165599,3714029
2111,2016-05-09,51.014835357666016,51.245911979222484,50.35715203336583,50.659331379323355,5027038
2112,2016-05-10,50.428245544433594,51.1037069019277,50.1260662247911,50.89040356913119,7758595
2113,2016-05-11,50.286048889160156,50.55267687069125,49.59281420844679,50.05497226953279,4574270
2114,2016-05-12,51.157039642333984,51.31701355092744,50.197176903446675,50.44603163481202,4877581
2115,2016-05-13,51.45920944213867,51.61918332098834,50.62377422426565,50.94372680379575,6719824
2116,2016-05-16,51.352561950683594,51.868044655106814,50.837084068091734,51.53031394230106,4500368
2117,2016-05-17,51.51254653930664,51.90360192977375,50.69488439163325,51.90360192977375,4754541
2118,2016-05-18,50.85485076904297,51.51253401743375,50.7304234266181,51.19258143822035,2573082
2119,2016-05-19,51.33479690551758,51.761398860654204,50.943741496934905,50.943741496934905,6035130
2120,2016-05-20,51.476985931396484,51.601413281730395,51.0859306111318,51.405883210682525,3055890
2121,2016-05-23,52.66792678833008,52.93455476649682,51.54809024439603,51.76138876946445,10093334
2122,2016-05-24,52.152442932128906,53.058980930662614,51.97469095067105,52.970104939933684,3545037
2123,2016-05-25,53.21895980834961,53.32561390031818,52.2768751827007,52.614605907853864,7201959
2124,2016-05-26,53.53890609741211,53.82330730635614,52.82789343139094,53.32560277978881,11348343
2125,2016-05-27,53.62779235839844,54.178821614546415,52.899006285296224,53.82331762430089,7635493
2126,2016-05-30,53.94775390625,54.374355871990204,53.09454515293732,53.71667723874502,6049447
2127,2016-05-31,53.32562255859375,54.16105804975206,53.165643805581524,54.0366306665017,4297008
2128,2016-06-01,52.93456268310547,53.538921452733874,52.756810671077346,53.538921452733874,5018958
2129,2016-06-02,53.39670944213867,53.538914891800125,52.65015011874137,52.93455619623295,3951078
2130,2016-06-03,53.46781539916992,53.627794128794314,53.05898676125734,53.5389181282989,3453446
2131,2016-06-06,53.058982849121094,53.574460720888396,52.8101281373498,53.39670873300355,2395810
2132,2016-06-07,53.2900505065918,53.66332768963906,53.058973925570605,53.11229854860158,3771426
2133,2016-06-08,54.232147216796875,54.35657457997021,53.07675922787446,53.32561395422114,3804592
2134,2016-06-09,54.32102584838867,54.907606506824564,54.16105193526895,54.28547448264037,4520638
2135,2016-06-10,54.88983154296875,55.156459545115,54.338802267265834,54.35657553867626,8988984
2136,2016-06-13,53.96551513671875,54.65874980635977,53.80554124345395,54.65874980635977,7199310
2137,2016-06-14,53.52114486694336,54.17882829435084,53.4322688584243,53.947751636567695,2914984
2138,2016-06-15,54.88983154296875,55.01425890833666,53.73444353366836,53.73444353366836,5287666
2139,2016-06-16,54.960933685302734,55.565287590614204,53.98329768787412,54.889830956757116,5385026
2140,2016-06-17,55.831905364990234,56.15185794118702,54.35656500342733,55.10312422910696,8985642
2141,2016-06-20,55.689727783203125,55.991907216383964,55.192023034228455,55.814155175904965,5237563
2142,2016-06-21,55.45863723754883,55.92079049858335,55.120906516294106,55.65416250448693,5276594
2143,2016-06-22,55.31643295288086,55.70748346093857,54.96092898422391,55.476406845677786,4797461
2144,2016-06-23,55.689727783203125,56.116334609085804,54.33881420429578,55.28089905446796,5027803
2145,2016-06-24,55.387535095214844,55.511962458139934,53.53891720972612,54.55209974052527,6010853
2146,2016-06-27,54.74762725830078,55.814139195822996,54.392123279126714,54.40989654935289,5121198
2147,2016-06-28,55.263099670410156,55.458629732720034,54.623194499905246,54.9431470851577,5842035
2148,2016-06-29,56.61402130126953,57.00507662996451,55.29865469252218,55.387530684415076,9838712
2149,2016-06-30,57.98271942138672,58.2493474287052,56.631801291207395,56.880656026770666,18696297
2150,2016-07-01,58.711490631103516,59.155870566994956,57.94715810573642,58.30266205444958,9960809
2151,2016-07-04,58.80037307739258,59.475829689779026,58.53374508656913,59.26253115458541,5753019
2152,2016-07-05,57.32501983642578,58.9425606949045,57.16504114851893,58.76480874026594,5510329
2153,2016-07-07,58.07158660888672,58.3559878447899,56.95174529066933,57.2361513484035,5911690
2154,2016-07-08,58.4626350402832,58.80036086542002,57.44944792121192,58.124904393315965,7803900
2155,2016-07-11,59.22697448730469,60.844515558040335,58.99589788031831,59.04922250934116,11133401
2156,2016-07-12,59.22697448730469,60.08018301716339,59.03144441844621,59.3691751053093,9182267
2157,2016-07-13,57.538330078125,59.88465712638711,57.12949667573898,59.31584983865221,11106820
2158,2016-07-14,58.67595291137695,58.871483021719655,57.556116176985206,57.78719283299747,7428442
2159,2016-07-15,58.39153289794922,59.155865355986684,57.98270435730876,59.03143802053164,6629943
2160,2016-07-18,58.01826477050781,58.942576141216605,57.80496622650947,58.51597423138829,3891623
2161,2016-07-19,59.155887603759766,59.369190998784745,57.94717479439462,58.053824080990964,5987973
2162,2016-07-20,59.84912872314453,60.43570950474715,59.33364586613547,59.369197239348644,7071425
2163,2016-07-21,57.76941680908203,59.849116257817506,57.52056207025386,59.83133816399733,4189305
2164,2016-07-22,59.13811111450195,59.742465075408674,57.89384700331327,58.12492365959619,7206087
2165,2016-07-25,60.06241226196289,60.29348887862079,59.066998250606325,59.20919887456263,3967394
2166,2016-07-26,60.933406829833984,61.502214266347025,59.4402927335485,60.16907409725344,8278821
2167,2016-07-27,61.30668640136719,61.751066439111014,60.98673373855804,61.50221168924167,8851677
2168,2016-07-28,62.63980484008789,63.58188922976009,61.20001112289348,61.46663905328167,31420184
2169,2016-07-29,62.56871795654297,63.10197395220531,62.1065646890349,62.959773317728335,12377513
2170,2016-08-01,62.99531936645508,63.95517718455852,62.44428532433294,62.56871267718834,11965659
2171,2016-08-02,63.59968948364258,64.06184765218788,62.58650677570794,63.101984766759664,6487056
2172,2016-08-03,62.53315734863281,63.670771899946274,61.75105156370679,63.63522054112445,10713465
2173,2016-08-04,63.35084533691406,63.75967407672306,62.69316180496073,62.85314057445821,9047354
2174,2016-08-05,62.746463775634766,64.41733432622367,62.58648988578972,63.635223680877566,8816394
2175,2016-08-08,63.45747375488281,63.99072971529785,62.390961834052746,62.92421779446778,9540514
2176,2016-08-09,62.604270935058594,63.8663082286056,62.39096756692668,63.45747958575457,6314021
2177,2016-08-10,61.99991989135742,62.7464793615695,61.715518579768194,62.60427870577489,3789657
2178,2016-08-11,61.87548828125,62.764248277266326,61.30668091943324,61.8932615524377,5017074
2179,2016-08-12,63.29751968383789,63.63524567144017,61.92882799241616,61.92882799241616,4369997
2180,2016-08-16,63.10196304321289,65.09278604721416,62.65758312365148,63.56412105265519,22372774
2181,2016-08-17,62.08879089355469,63.56413644113509,61.94659024923529,63.261957058311445,11599079
2182,2016-08-18,64.70173645019531,65.12834313926646,62.65758864023908,62.92421661545076,20664320
2183,2016-08-19,64.32845306396484,65.05723419780769,63.741872538941244,65.05723419780769,16563739
2184,2016-08-22,64.68396759033203,64.98614694720555,64.25736087217749,64.50621559473956,11335483
2185,2016-08-23,64.75506591796875,65.19944590984935,63.99073329630043,64.50621601561453,7423678
2186,2016-08-24,64.80838775634766,65.05723762945001,64.38178108555654,64.80838775634766,5319170
2187,2016-08-25,64.7906265258789,65.76826264750332,64.16849444848154,64.87950253693566,12995397
2188,2016-08-26,64.27515411376953,65.19946085123401,64.06185070441903,64.93283279500403,7097916
2189,2016-08-29,64.07960510253906,64.47066043417715,63.137520545750405,64.41733580300632,2956326
2190,2016-08-30,65.16389465332031,65.3416466372121,63.88407940493323,64.31068127317482,5212793
2191,2016-08-31,65.30610656738281,65.5905078620497,64.64842314890464,65.09280318546665,6435761
2192,2016-09-01,65.5194091796875,65.76825910413997,64.79062303518715,65.23500306652933,6116318
2193,2016-09-02,65.3416519165039,65.76825381921289,64.80839592174404,65.60827991388385,3858397
2194,2016-09-06,66.33705139160156,66.7281066944346,65.3416422769637,65.67936813072295,9001076
2195,2016-09-07,65.67935943603516,66.47924320428265,65.37718015922006,66.15929066134969,5024999
2196,2016-09-08,66.8120346069336,67.26007656061508,65.10947032137766,65.9159458380043,5980354
2197,2016-09-09,65.88009643554688,66.9016329081954,65.73671914273855,66.66864723816467,5051740
2198,2016-09-12,64.607666015625,65.73673079647351,64.42844922940884,65.44998588315424,4144478
2199,2016-09-14,64.21337890625,64.89440648547384,63.98039808988879,64.50012864001945,6680869
2200,2016-09-15,62.654197692871094,64.6614215442987,62.38537254902999,64.6614215442987,8920122
2201,2016-09-16,63.10224914550781,64.6972756566577,62.06278787615108,63.191857540344316,21690721
2202,2016-09-19,63.586116790771484,63.8728665089662,62.45705223314139,62.976782755043025,4266806
2203,2016-09-20,63.83704376220703,64.30300552710713,63.442765804909264,63.67574668735931,4769662
2204,2016-09-21,62.833396911621094,64.55387540720037,62.56457184283905,63.83700855711492,4957941
2205,2016-09-22,63.998329162597656,64.6255878879221,63.156009330563016,63.47859855984519,4676363
2206,2016-09-23,63.06639099121094,64.30298365195573,62.976782616016436,63.89078609837413,7599534
2207,2016-09-26,62.9767951965332,63.9087234570351,62.672125687696706,62.9767951965332,6333433
2208,2016-09-27,63.1559944152832,63.854936770067326,63.030541727532686,63.317286561049485,6069513
2209,2016-09-28,63.962486267089844,64.19546711225792,63.15601074503902,63.15601074503902,4515648
2210,2016-09-29,62.15239715576172,65.27077128509059,61.5430629791392,64.07001780487468,13380901
2211,2016-09-30,63.281463623046875,63.69366125192091,61.489295791797716,62.40329944110824,11831869
2212,2016-10-03,64.94816589355469,65.55749991877434,62.94093734707106,63.49650732029567,9403402
2213,2016-10-04,64.8764877319336,65.48582671716946,64.67935122224527,65.05570450858342,7967290
2214,2016-10-05,65.01986694335938,65.73673412451673,64.66143335278069,64.93025854571471,5347763
2215,2016-10-06,63.76535415649414,65.32454136470898,63.62198168182812,64.98403234507306,5654229
2216,2016-10-07,63.42481231689453,64.37465993930935,63.191831558425164,63.76532116032989,3980080
2217,2016-10-10,63.819122314453125,64.15963132995982,63.51445277100302,63.51445277100302,4458994
2218,2016-10-13,62.72588348388672,63.747420035415274,62.259921830976275,63.63989191907162,14897308
2219,2016-10-14,63.69364547729492,63.98039031465185,61.847714040592415,63.01262284239834,4958871
2220,2016-10-17,63.10224914550781,63.675738983208205,62.654207171325275,63.191857540344316,4534814
2221,2016-10-18,63.2276725769043,63.7294832833348,62.725866732038476,63.35312525351192,7289895
2222,2016-10-19,63.998329162597656,64.78688007178005,63.12016500251694,63.4248344985592,9020687
2223,2016-10-20,64.03417205810547,64.60766675285454,63.747427141514194,64.28507750629772,4037879
2224,2016-10-21,63.42481231689453,64.28505158131618,63.12014292740479,64.28505158131618,10350237
2225,2016-10-24,63.12016296386719,63.92663844180828,62.779649150776734,63.29937973674299,2945373
2226,2016-10-25,63.926639556884766,64.14170066040028,62.94094728887439,63.28146110790445,3002870
2227,2016-10-26,62.90511703491211,63.90873412199828,62.65421640931602,63.80120111539944,3927291
2228,2016-10-27,62.90511703491211,63.389003410688716,62.25993844158814,62.761744554347594,7017500
2229,2016-10-28,63.04845428466797,63.442732032077615,61.66848946108104,63.01261483072901,4282450
2230,2016-11-01,63.40690612792969,64.3567588875397,62.42121390397407,62.81549176586951,5277438
2231,2016-11-02,62.76171875,63.26352465644301,62.52873795717631,63.066388184414954,4859666
2232,2016-11-03,62.70796203613281,62.976787181203434,62.47498121605143,62.77964582454547,4078615
2233,2016-11-04,62.206153869628906,63.030549007378795,61.38175387031334,62.72587954810056,4179894
2234,2016-11-07,62.36744689941406,62.58250798315728,62.206154732780966,62.474979872068545,7660803
2235,2016-11-08,63.44275665283203,63.65781776774916,62.3316116103989,62.45706433256443,3265787
2236,2016-11-09,64.58973693847656,64.9840147834316,59.840492790744726,60.933713083898205,13247214
2237,2016-11-10,67.54682922363281,68.10239936537472,64.93026099669837,66.31023134483067,18046820
2238,2016-11-11,65.62921142578125,67.56475200284707,65.05571666105917,66.66866795220854,8770575
2239,2016-11-15,66.29230499267578,66.88371940811338,65.43206540098777,65.43206540098777,11489252
2240,2016-11-16,67.56472778320312,68.28159476674166,65.71879627290447,66.86578539119228,10203154
2241,2016-11-17,69.141845703125,70.39636304528214,66.02347207942236,67.36759780316214,9392264
2242,2016-11-18,68.80132293701172,70.00207606595805,68.60418646786218,69.44650611721649,12168642
2243,2016-11-21,66.3281478881836,69.41067748154136,66.05932271774367,69.41067748154136,12187225
2244,2016-11-22,65.86217498779297,66.91955583412886,64.78687440978325,66.6328109579526,11976002
2245,2016-11-23,65.10946655273438,67.2242283409581,64.37467973585397,66.02347500228008,13625626
2246,2016-11-24,66.3281478881836,66.991250947582,64.62558847539738,65.21700287805196,18404432
2247,2016-11-25,67.6185073852539,68.17407744069381,66.31022104423182,66.70449891981795,14716858
2248,2016-11-28,68.28162384033203,69.82289142813448,67.00918634738692,67.02710608497927,10318399
2249,2016-11-29,67.90525817871094,68.65796966811956,67.56474433349358,68.3353804188206,12406804
2250,2016-11-30,68.78341674804688,69.07016164354171,67.24214956545522,68.38913887056687,7446808
2251,2016-12-01,66.059326171875,68.99848346699501,65.7725763914723,68.99848346699501,11056167
2252,2016-12-02,65.88009643554688,66.63280777652818,65.41412995705102,66.31021372927505,9676372
2253,2016-12-05,66.34606170654297,66.68657550336843,64.82271920986273,65.84425573877324,12282830
2254,2016-12-06,65.5575180053711,66.88372424881705,65.41414553997426,66.45360685262654,4550359
2255,2016-12-07,65.39622497558594,66.4894454796361,65.2349279155807,66.20270055247869,4265108
2256,2016-12-08,66.54319763183594,66.65072573702051,65.07361931210923,65.93385873828215,5413273
2257,2016-12-09,66.11308288574219,66.66865292730417,65.86217746348231,66.66865292730417,3451184
2258,2016-12-12,66.22059631347656,66.47150168007897,65.73671017020901,66.04137958349338,3689403
2259,2016-12-13,66.39982604980469,66.86579255597304,65.3962141099382,66.48943443234869,4417447
2260,2016-12-14,65.21699523925781,66.4535928230667,65.03777847995599,66.31021552637264,7312670
2261,2016-12-15,65.71881866455078,66.5790583655839,64.69728189263836,64.87649869958555,5253972
2262,2016-12-16,65.88009643554688,66.75825561538706,65.12738509456557,65.79048805832447,26025533
2263,2016-12-19,65.98762512207031,66.31021431058583,65.53958323203052,66.00554485304563,3627943
2264,2016-12-20,65.21699523925781,66.11307903576693,65.14530659091078,65.951782007769,5757036
2265,2016-12-21,65.68296813964844,65.84426519532406,65.14531776948515,65.25285076045775,5279390
2266,2016-12-22,65.14530944824219,65.75464840122083,64.9123286232442,65.59335136614827,2653684
2267,2016-12-23,65.34245300292969,65.48582544916016,64.15961938300448,65.09154757585176,4805945
2268,2016-12-26,64.08795166015625,65.36038912415754,63.89081024328754,65.36038912415754,5932940
2269,2016-12-27,64.89440155029297,65.12738234893612,63.28145082828822,64.05208186759963,4555998
2270,2016-12-28,64.51805877685547,65.5933595133914,64.19546952820801,64.89441695158298,3739977
2271,2016-12-29,64.5359878540039,65.03779392691857,64.15962965314274,64.23131831851636,14737238
2272,2016-12-30,65.77256774902344,66.34606237290568,64.6076587692738,64.66142282679522,4872601
2273,2017-01-02,65.82633972167969,66.38191468038058,65.44998641221014,65.77257565769354,1811713
2274,2017-01-03,67.4034423828125,67.56473455333126,66.13100044259103,66.27437774291774,7819727
2275,2017-01-04,66.93748474121094,67.6901962213083,66.68658415555615,67.40345130582668,7829503
2276,2017-01-05,68.40706634521484,68.55043880918802,66.70450678931253,67.04502064511968,6362320
2277,2017-01-06,67.6722640991211,69.12391786805318,67.4751227519454,68.51458381880758,6298387
2278,2017-01-09,66.86579132080078,67.81563918590807,66.34606076701988,67.81563918590807,2956484
2279,2017-01-10,66.86579132080078,67.49304998702183,66.32814103546846,66.88371105235221,4626997
2280,2017-01-11,68.03070068359375,68.60419529706145,66.63281090559273,67.13461686928979,21835704
2281,2017-01-12,70.96986389160156,71.59712261775984,68.10239056759745,68.10239056759745,26857806
2282,2017-01-13,70.6651840209961,71.6508761602524,70.27090619298046,71.6508761602524,23933005
2283,2017-01-16,71.47168731689453,72.06310185907878,70.52183912956015,70.61144754084769,8473484
2284,2017-01-17,70.88026428222656,71.91972075630652,69.93041134713089,71.47167875355078,10193606
2285,2017-01-18,71.13115692138672,71.56127914049284,70.62935090680715,70.96986473539667,21229809
2286,2017-01-19,72.33191680908203,73.01293966572874,70.7010459001465,71.29246035824582,8756982
2287,2017-01-20,71.47168731689453,72.61867206443452,70.77273976422478,72.61867206443452,12987134
2288,2017-01-23,71.7584228515625,72.47529004758883,71.34622518616072,71.63297011994453,7334154
2289,2017-01-24,72.88748931884766,73.37137565913977,71.90179690259468,72.04517423421228,7122776
2290,2017-01-25,72.79785919189453,73.13837296051452,72.3677419101048,72.99500053325127,10336365
2291,2017-01-27,73.31759643554688,74.1778359396032,72.60072937190562,72.94124317176158,11095330
2292,2017-01-30,73.72980499267578,73.99863018153097,72.58282043716697,73.22799894579276,5832917
2293,2017-01-31,74.26744842529297,75.00224012305668,73.28175615833393,73.65811430447619,7593736
2294,2017-02-01,73.76564025878906,74.76925709079197,73.38928698526675,74.76925709079197,7325455
2295,2017-02-02,73.10254669189453,73.83733846312855,72.85164609761219,73.80149413206917,7773806
2296,2017-02-03,72.29605865478516,73.76563708230105,72.08099756707647,72.83370894327396,4479429
2297,2017-02-06,72.08099365234375,73.19213849385396,71.59711230823619,72.49319607371771,6337200
2298,2017-02-07,71.65088653564453,72.9770877799267,71.39998110105712,72.2781452605468,6562928
2299,2017-02-08,72.08099365234375,72.65448823456505,71.07738177963067,72.04515419097694,9024346
2300,2017-02-09,72.45735168457031,73.69394436286541,71.97346547933937,72.54696006103657,12790725
2301,2017-02-10,71.65088653564453,73.76564355014463,71.41790569585123,73.55058244357917,16817238
2302,2017-02-13,72.77995300292969,73.10254223968394,71.50751578956765,72.29606671701512,9508762
2303,2017-02-14,71.99138641357422,73.10253127264536,71.72256127968114,73.08461154167875,9403263
2304,2017-02-15,72.20645904541016,72.61865667768112,71.59712489470373,72.18853931157653,7302351
2305,2017-02-16,72.45861053466797,72.92689677103932,71.72015314861244,72.04435657390572,6272531
2306,2017-02-17,72.96292114257812,73.21507828074957,71.88225606896229,72.76480116674297,4966775
2307,2017-02-20,74.3677749633789,74.70998747926618,72.69274529711849,73.44921172615122,9917513
2308,2017-02-21,74.25971221923828,74.85407696862148,73.68335659815017,74.36777676064656,7428835
2309,2017-02-22,72.62071228027344,75.25033369149364,72.36856001507893,75.16027826410567,26345564
2310,2017-02-23,71.73816680908203,72.764799583848,71.52203282189667,72.764799583848,13404307
2311,2017-02-27,69.43275451660156,72.0443619280495,69.12656508430236,72.0443619280495,14798634
2312,2017-02-28,69.21661376953125,70.18920936548824,69.00047978626775,69.12655835032305,10051421
2313,2017-03-01,69.39672088623047,70.13517332980709,69.10854062872772,69.70291027228136,10348326
2314,2017-03-02,68.35208129882812,69.88302838873621,68.08191502751836,69.88302838873621,10629352
2315,2017-03-03,68.7483139038086,68.89240157902987,67.72168127840182,68.08190290936429,8454072
2316,2017-03-06,69.82898712158203,70.67550903242838,68.83837751833651,69.10854377376711,14858083
2317,2017-03-07,70.08113861083984,70.58544793658358,69.72091696590594,70.08113861083984,11746802
2318,2017-03-08,70.45938873291016,71.17983222062269,69.93707013581063,70.3513241640813,7938282
2319,2017-03-09,70.04512786865234,70.53142815256231,69.3426984681776,70.53142815256231,9777769
2320,2017-03-10,69.36070251464844,70.4953998367105,68.46014830891357,70.2432475905963,16388459
2321,2017-03-14,69.75694274902344,71.57606017049604,69.37870707602906,71.48600475585245,11886293
2322,2017-03-15,69.5047836303711,69.90102842054571,69.34268682017611,69.88301929246366,7772586
2323,2017-03-16,70.27926635742188,70.40534492429859,69.43274930657664,69.93705868826424,5161993
2324,2017-03-17,69.8830337524414,70.96369892062432,69.55883029333069,70.89165262175088,9522200
2325,2017-03-20,69.73893737792969,70.04512680283023,69.43275283884869,69.88302996787314,9378518
2326,2017-03-21,69.61286163330078,70.08114787931987,69.48678306373583,69.88302790273165,8126819
2327,2017-03-22,69.19860076904297,70.45937665644783,68.96445765283163,69.00048079820705,8203222
2328,2017-03-23,69.54082489013672,69.70292662838358,69.01850140984796,69.52281575736265,5875356
2329,2017-03-24,69.79297637939453,70.29728580001415,69.61286552304327,69.82899464200905,6164329
2330,2017-03-27,70.189208984375,70.63948607797106,69.75694590601428,69.883024469385,7104197
2331,2017-03-28,70.85562896728516,70.96369841482506,70.1171763952848,70.1171763952848,6020578
2332,2017-03-29,70.90966033935547,71.12579434584549,70.51342036091341,71.07176206567792,6451066
2333,2017-03-30,70.40533447265625,71.23384715641144,69.97307144644441,71.07174546794539,13016042
2334,2017-03-31,71.07176208496094,72.00833952279201,70.47739723131689,70.47739723131689,8522874
2335,2017-04-03,70.67550659179688,71.8282178628219,70.60346519099467,71.8282178628219,9945512
2336,2017-04-05,70.24324798583984,71.28788989320641,69.95506770689161,70.90965419317796,7061975
2337,2017-04-06,71.03572845458984,71.3058947014565,69.55881866122168,70.74755307892634,7466431
2338,2017-04-07,70.24324798583984,70.69352509124089,70.06313714367943,70.621478800049,9205565
2339,2017-04-10,70.35131072998047,70.47738929341855,70.00909818433698,70.26125531121315,5763232
2340,2017-04-11,71.73816680908203,72.6207070018449,70.06313695857928,70.36932148078765,10668096
2341,2017-04-12,71.17981719970703,72.58468561293634,70.60346643981907,72.04435311117709,6620702
2342,2017-04-13,72.04434967041016,72.42258044925009,70.89163843404847,71.25186008468414,5910355
2343,2017-04-17,72.87284851074219,73.17903785312346,71.68411916481278,72.02632675915332,11138596
2344,2017-04-18,72.89088439941406,73.59331874361773,72.63873211402763,72.94492156882974,7675098
2345,2017-04-19,76.07884216308594,76.90735503192616,72.7467913280977,73.07098989163532,29099215
2346,2017-04-20,75.25033569335938,76.51111171033091,74.00756880801667,76.36702399984098,11822555
2347,2017-04-21,74.06159973144531,75.80867601439519,73.41320260321346,75.43044517056322,7938078
2348,2017-04-24,73.79144287109375,74.5479095411872,73.5212765521904,74.38581268133737,7520828
2349,2017-04-25,75.14226531982422,75.61055156415034,73.77341996149819,74.2056879453526,6293621
2350,2017-04-26,74.09762573242188,75.10624949783589,73.5753071606327,75.10624949783589,5977354
2351,2017-04-27,74.8360595703125,75.7005904634973,73.89948240027132,74.2056717481834,13646716
2352,2017-04-28,74.92611694335938,75.17826914734937,74.18765968653094,74.56589532124359,5477289
2353,2017-05-02,74.2056884765625,75.23232128120145,73.66535593578617,75.23232128120145,5123042
2354,2017-05-03,76.02481079101562,77.01542051054027,74.3137576391094,74.52989164598782,10859280
2355,2017-05-04,75.8807144165039,76.63718091128379,75.28634962982656,76.00679297993709,12952295
2356,2017-05-05,75.286376953125,76.36704237049115,74.764053380403,76.36704237049115,4993008
2357,2017-05-08,75.64657592773438,75.8266867762688,74.45784139591552,75.32237737753631,6855459
2358,2017-05-09,75.05220031738281,76.18689752289424,74.83606635304284,75.66457418289086,4729357
2359,2017-05-10,75.8266830444336,75.98877986864525,75.28635052542298,75.53850276946974,4623710
2360,2017-05-11,74.9981689453125,76.18690339794058,74.2777255991691,76.00679256140474,4946190
2361,2017-05-12,74.29574584960938,75.50248953283976,74.06159783380652,74.92613383039037,5386419
2362,2017-05-15,74.45783996582031,75.28635278465727,74.33176628292325,75.25032963847838,5353854
2363,2017-05-16,74.70999908447266,74.90811906498139,74.29574510697834,74.47585595682973,4077710
2364,2017-05-17,75.21430969238281,75.53850825014749,74.25972315003477,74.7820465773031,3694898
2365,2017-05-18,75.01619720458984,75.43045123011734,74.60194317906236,74.92614176922213,5797418
2366,2017-05-19,74.11564636230469,76.27697691352773,73.52127655206212,75.53851937703435,17793954
2367,2017-05-22,72.9449234008789,74.81807355610046,71.75618870281856,74.56592126438109,7423973
2368,2017-05-23,72.5486831665039,73.30514986194412,71.08978206405054,73.10702495661762,6465473
2369,2017-05-24,72.0083236694336,73.44921021477272,71.50401435572863,72.90887776027056,6650433
2370,2017-05-25,71.66613006591797,72.38657352863855,70.47740030675696,72.29651809579848,9992276
2371,2017-05-26,72.83683013916016,73.44920886399471,71.43196676045459,72.04434548528913,6466364
2372,2017-05-29,75.3223648071289,75.9167295309362,73.16103009959747,73.17904411293627,14504778
2373,2017-05-30,73.5212631225586,75.25033017919525,72.78281060677234,75.25033017919525,10884114
2374,2017-05-31,74.90813446044922,75.3944348321586,73.8274691392375,73.8274691392375,7781359
2375,2017-06-01,74.80003356933594,75.53848589267118,74.33174744514551,74.76401043228634,6369921
2376,2017-06-02,74.24171447753906,75.052218259024,73.9535390467417,74.96216282617233,6713770
2377,2017-06-05,73.95352172851562,74.69197903646142,73.55727693959578,74.47584507106707,5093948
2378,2017-06-06,73.28712463378906,74.07961436225509,72.87287063810807,74.04359121353941,5324457
2379,2017-06-07,73.86347961425781,74.09762274982955,72.83684675817594,73.44922562273555,7605903
2380,2017-06-08,74.69198608398438,74.81805976369282,73.34114989426695,73.84546415637766,7487370
2381,2017-06-09,74.63794708251953,75.10623818781387,74.38579484350177,74.70999337127839,6432439
2382,2017-06-12,74.27772521972656,74.89010401514781,73.8454621457402,74.34977150830052,3684911
2383,2017-06-13,75.73662567138672,76.78126753736925,74.20568357367223,74.36778039370348,15775215
2384,2017-06-14,75.8266830444336,76.72723724278462,75.46646136509318,76.0067938841038,13639132
2385,2017-06-15,75.77265167236328,76.4570718940996,75.4124299887316,75.64657310592834,5595511
2386,2017-06-16,75.6285629272461,76.18690949669428,74.78204583641931,75.64657694383318,6127735
2387,2017-06-19,76.51109313964844,76.70921308275719,75.62854818765072,75.64656220072698,6393073
2388,2017-06-20,75.03421020507812,77.44769795166759,74.06160949864469,76.45708811156032,12876594
2389,2017-06-21,74.09762573242188,74.92613863463552,73.75541802383307,74.92613863463552,13855413
2390,2017-06-22,72.87284851074219,75.17826581286424,72.04434077095118,74.15163325820619,33713902
2391,2017-06-23,74.2056884765625,74.5659101704134,72.90888940153539,73.12502339500982,9034020
2392,2017-06-27,74.11564636230469,74.45785410142283,72.5847038885217,74.20570180193899,6947747
2393,2017-06-28,74.78204345703125,75.26833883047786,73.2691104028303,74.20568777515378,7103873
2394,2017-06-29,74.92611694335938,75.82667099864886,74.52987218186831,74.92611694335938,7577681
2395,2017-06-30,75.84468078613281,76.02479159875972,74.85407131668488,74.89009445637396,7751039
2396,2017-07-03,76.16888427734375,76.60115221038338,75.46645499342789,75.64656581789126,8768284
2397,2017-07-04,75.89871978759766,76.72723253069019,75.556512144732,76.72723253069019,4530105
2398,2017-07-05,75.6645736694336,76.1688829922588,75.466453720194,76.1688829922588,6062229
2399,2017-07-06,75.59253692626953,76.00679086388631,75.28634753383314,76.00679086388631,5577232
2400,2017-07-07,75.44845581054688,75.79066839862422,74.99817866087655,75.53851124048093,7641379
2401,2017-07-10,76.13287353515625,76.36701665290398,75.64657328394524,75.64657328394524,2844699
2402,2017-07-11,76.34900665283203,76.85332094628343,75.97077581856301,76.5471315212078,13833624
2403,2017-07-12,77.08747100830078,77.44769274411864,76.3490135183822,76.3490135183822,9211263
2404,2017-07-13,77.48369598388672,78.16811612890126,77.24955289293683,78.15010700106617,9596900
2405,2017-07-14,77.51973724365234,77.89796810314107,77.26758008011329,77.89796810314107,4889330
2406,2017-07-17,78.06007385253906,78.33024016202775,77.53775036653289,77.53775036653289,6302565
2407,2017-07-18,77.5917739868164,79.24879481047627,77.35763085523632,78.15012056223614,7549621
2408,2017-07-19,78.76248931884766,79.0686787256471,77.82591196868078,78.31221221644236,8521832
2409,2017-07-20,78.78050231933594,79.2487885454758,78.40226662669757,78.88856686819308,10233967
2410,2017-07-21,77.55574798583984,79.05067191840197,76.90735089365388,79.05067191840197,4948380
2411,2017-07-24,78.07807159423828,78.2581824409533,76.81729566723315,76.81729566723315,6137724
2412,2017-07-25,78.16812133789062,78.7444769826645,77.9159642164836,78.34823217151877,6113154
2413,2017-07-26,78.27619934082031,78.51034737344638,77.64581131474682,78.47432422336392,5258903
2414,2017-07-27,78.04204559326172,78.92459066421306,77.71784705819647,78.42028128902054,21380991
2415,2017-07-28,77.32159423828125,78.09606979358975,76.38501698929062,77.84391757497374,8260545
2416,2017-07-31,80.43753051757812,80.76173398573145,77.32161350623957,77.32161350623957,17403810
2417,2017-08-01,80.83377838134766,81.26604643094433,79.48294683363324,80.61764435654932,15263765
2418,2017-08-02,79.89720153808594,81.41013483861039,79.50096152273825,80.92383450016895,12014487
2419,2017-08-03,80.31143951416016,80.88779025375125,78.97861743576325,79.60900533228254,5285543
2420,2017-08-04,80.90581512451172,81.10393510710394,79.82515001403884,80.8337688294857,7975937
2421,2017-08-07,81.39212036132812,81.50018492463292,80.32946431694498,81.04990776782986,4619568
2422,2017-08-08,80.2934341430664,81.62625636493445,79.77111561835984,81.59023321837758,3229672
2423,2017-08-09,79.9332046508789,81.12193905636634,79.53695984904975,80.18536176635716,4573769
2424,2017-08-10,78.31221771240234,79.89719224693883,77.57376516696068,79.89719224693883,6813656
2425,2017-08-11,78.85252380371094,79.42887931892918,76.36699583551382,76.5471066286559,8860877
2426,2017-08-14,80.23942565917969,80.67169377440175,78.88859390638682,78.97864935657302,4990789
2427,2017-08-16,79.5009536743164,80.92382651127953,79.12271794361506,80.58161881491509,5221989
2428,2017-08-17,79.05067443847656,79.82515012489375,78.7985172913549,79.42890527333951,2837686
2429,2017-08-18,80.31143951416016,80.61762401238583,78.78049747975618,78.88856202197478,7721084
2430,2017-08-21,79.35685729980469,81.03189209659223,79.08669102752535,80.6896795307106,5203218
2431,2017-08-22,79.06867218017578,80.0953048658369,78.54634883029696,79.95121718215893,6646897
2432,2017-08-23,79.15873718261719,79.53696800881869,78.40227064439478,79.10470490541975,5312780
2433,2017-08-24,79.59100341796875,80.04128052772414,78.90657830248507,79.06868001632475,5492256
2434,2017-08-28,78.20415496826172,79.57299553305734,78.04205324193238,79.57299553305734,9753985
2435,2017-08-29,77.55574798583984,78.7264684864896,77.01541544707841,78.27619137085507,12235532
2436,2017-08-30,77.663818359375,78.33022947569486,77.17751809147568,78.11409548042633,9313551
2437,2017-08-31,78.97862243652344,79.2487886949952,77.46568943475386,77.89795740263637,8143692
2438,2017-09-01,77.98800659179688,78.78049617433108,77.73584948303996,78.78049617433108,8803556
2439,2017-09-04,78.38424682617188,78.97861153560955,76.6551800791131,78.02402519792861,6239751
2440,2017-09-05,77.87995147705078,78.38426086978154,77.77188203772457,78.34823772333948,3937595
2441,2017-09-06,77.19552612304688,77.82591408354463,76.72723987814771,77.44768326157373,4800221
2442,2017-09-07,77.77188873291016,77.86194416385827,76.92536670483388,77.62780102055713,5008597
2443,2017-09-08,76.76325988769531,78.04204488669356,76.51110275947238,77.87994806353812,8588797
2444,2017-09-11,78.90421295166016,79.05060192568646,77.09263512700865,77.22072734072636,6205180
2445,2017-09-12,78.79441833496094,79.16039325583921,78.42844341408266,78.90421378953594,4307268
2446,2017-09-13,78.2271499633789,79.08719191873985,77.95266880510532,78.79440903827019,3679773
2447,2017-09-14,78.30036163330078,79.05060828797609,77.82459122460786,78.06247394702787,6793237
2448,2017-09-15,77.76969909667969,78.11737729529953,76.15941026045466,77.8428911105949,9054445
2449,2017-09-18,78.81272888183594,79.54467880552903,77.76969924780268,77.76969924780268,10470233
2450,2017-09-19,78.9957046508789,79.19698886451091,77.87947820442649,79.19698886451091,5530915
2451,2017-09-20,77.91608428955078,79.12380458072677,77.76969530500448,79.01400911942739,5687495
2452,2017-09-21,77.42200469970703,77.91607178664091,76.98283781653961,77.91607178664091,5113744
2453,2017-09-22,76.6900634765625,77.34882132050065,76.15940281311933,76.87305093923655,5195124
2454,2017-09-25,76.90966033935547,78.26376974085605,75.99472289613975,76.4887901082469,13057600
2455,2017-09-26,77.1292495727539,78.13568080275478,76.90966358434665,78.13568080275478,6570371
2456,2017-09-27,76.17770385742188,77.97098009969538,75.68363668764935,77.58670839201281,7885119
2457,2017-09-28,76.48880004882812,77.18415160327017,75.02489994943268,75.39087497428154,11633088
2458,2017-09-29,77.22071838378906,77.82457593401313,75.42743752745127,77.22071838378906,13782560
2459,2017-10-03,75.44574737548828,77.67819534341461,75.20786467418479,77.64159685924812,12296210
2460,2017-10-04,76.50708770751953,77.09264867034635,75.04318778237918,75.04318778237918,12075908
2461,2017-10-05,75.0065689086914,76.63515911838735,74.71379098876612,76.48877015842471,17352392
2462,2017-10-06,74.93341827392578,75.33598689507815,74.4942461877626,75.02491204488855,13466622
2463,2017-10-09,73.54266357421875,74.96996450789173,73.06689825094497,74.96996450789173,21446056
2464,2017-10-10,74.93341827392578,75.39088712873962,73.56101170948428,73.57930847813492,14560236
2465,2017-10-11,74.238037109375,75.4274557388125,73.7073763914763,75.17127624309168,11830976
2466,2017-10-12,74.03672790527344,74.73207910759595,73.74395001919599,74.31120903491534,5518551
2467,2017-10-13,75.26276397705078,75.79342961644986,73.26819860287105,74.0733454425415,11394674
2468,2017-10-16,75.29936981201172,76.34239946760766,75.07978383759364,75.64704305464156,11521216
2469,2017-10-17,74.98828125,75.72023110248765,74.64060308452731,75.11637346695586,4936452
2470,2017-10-18,78.15396118164062,78.41014560838153,75.39085255138262,75.4640445562711,18484486
2471,2017-10-19,77.09262084960938,77.95266273803308,76.69004752270344,77.89776750342128,559370
2472,2017-10-23,78.15396118164062,78.39184884812254,77.22072713138196,77.93437523927021,14162373
2473,2017-10-24,78.70291900634766,79.0139986597366,77.36711163293279,78.0624629403684,7050716
2474,2017-10-25,79.08721160888672,80.14853802567664,78.24546620230262,79.05061311923468,16306452
2475,2017-10-26,77.58670043945312,78.9591063460105,77.129231803934,78.46503922687937,23524154
2476,2017-10-27,77.4952163696289,78.1539693013278,77.00114918892824,77.71480233481287,9985329
2477,2017-10-30,77.73307800292969,78.50162619058993,77.53179381838014,77.56838733276976,4118717
2478,2017-10-31,77.53180694580078,80.11192812281925,77.11093182054242,77.84288165389262,16442260
2479,2017-11-01,76.98286437988281,78.0990861774251,76.36070487590116,77.89780190700068,12417385
2480,2017-11-02,78.75782775878906,79.16039621572556,77.51350901019458,77.58670598264816,16259892
2481,2017-11-03,76.873046875,80.69748662823257,76.70836114561178,80.69748662823257,26293141
2482,2017-11-06,77.11092376708984,78.06245944383738,76.67175689125774,77.12922548932367,7985183
2483,2017-11-07,75.99469757080078,77.65988117698728,75.57382747994775,77.44030023487383,9702210
2484,2017-11-08,76.17770385742188,76.83645677454997,75.81172891149451,76.12280860830336,12777065
2485,2017-11-09,76.122802734375,76.78155560067118,75.024877981313,76.78155560067118,9492091
2486,2017-11-10,77.34882354736328,77.58670626291763,75.57384411555307,75.75683158349531,8999608
2487,2017-11-13,77.22071838378906,78.08076033173336,76.59855911152674,77.55009477810655,7885278
2488,2017-11-14,75.738525390625,77.23902353200849,75.42744572070303,77.22072677183468,4927717
2489,2017-11-15,75.7568359375,75.95812017826384,74.80530005674181,75.64704047211268,8653007
2490,2017-11-16,76.23260498046875,76.43389419455042,75.07978480474021,75.79343798982865,18027175
2491,2017-11-17,76.34239196777344,76.83645415686121,76.03131228156256,76.59857144288326,9193722
2492,2017-11-20,76.41558837890625,76.96455081072403,75.26276826485952,76.96455081072403,8277194
2493,2017-11-21,75.61044311523438,76.4704802493195,75.31766018622743,76.4704802493195,15596732
2494,2017-11-22,75.77513122558594,76.17770466313453,75.06147808793828,76.17770466313453,8665005
2495,2017-11-23,76.50708770751953,76.78156894348335,75.59215025430682,76.08621747181236,6824919
2496,2017-11-24,77.29393005371094,77.53181775379346,76.12281313540754,76.30580061925369,7734712
2497,2017-11-27,76.90966033935547,77.53181978628348,76.12281513096062,77.51351805910717,14811199
2498,2017-11-28,76.25090026855469,76.85475793210097,75.4640501695444,76.85475793210097,21546865
2499,2017-11-29,76.39728546142578,76.76326038648453,75.95811356581423,76.34239021543749,7324543
2500,2017-11-30,75.40916442871094,76.30580513819872,75.07978793105235,76.30580513819872,19256592
2501,2017-12-01,74.27461242675781,75.8849057322491,74.00013129021065,75.75681354242344,8172074
2502,2017-12-04,74.2014389038086,74.64060585328028,73.52438427237202,74.4759201086732,7124561
2503,2017-12-05,73.3047866821289,74.0916316850967,72.04217135458958,73.92694596662551,17485101
2504,2017-12-06,73.28649139404297,73.50607235641036,72.70093057874163,73.0852022267367,5557173
2505,2017-12-07,74.03672790527344,74.29291227847979,72.99369861986393,73.28648146979282,11119755
2506,2017-12-08,74.32950592041016,74.58569029406132,73.15838941021549,74.29291240747553,14615599
2507,2017-12-11,74.7686996459961,75.17127308102678,74.14654024968932,74.5857121722415,8231500
2508,2017-12-12,74.25634765625,74.84190865922167,73.89037264987442,74.84190865922167,8310332
2509,2017-12-13,73.37800598144531,74.0916542397704,73.14011826481675,73.56099347801896,12105970
2510,2017-12-14,73.23160552978516,73.78056797090551,72.64604956367258,73.67077746822267,12838407
2511,2017-12-15,72.77413177490234,73.98185203980636,72.28006958328766,73.7073708383081,22654959
2512,2017-12-18,73.15840148925781,73.23159349106312,70.77956463546579,72.81072334816268,16832008
2513,2017-12-19,74.14654541015625,74.29293937043101,72.9022314947936,73.45119395426417,20133065
2514,2017-12-20,74.27461242675781,74.42100137347931,73.17668788056916,74.32950766129693,14097971
2515,2017-12-21,74.32950592041016,74.9516651342193,73.96353108025218,74.9516651342193,7881749
2516,2017-12-22,74.31122589111328,74.51251011296789,73.87205399852722,74.29292913052744,7399925
2517,2017-12-26,74.09163665771484,74.65890074079265,73.63416802483871,74.25632735109119,7946762
2518,2017-12-27,73.6341781616211,74.8418984969852,73.48778917171869,74.10994858362017,7831439
2519,2017-12-28,72.88392639160156,73.9452526990268,72.64604367915581,73.72566674759507,15796200
2520,2017-12-29,73.3230972290039,73.81716440503035,72.9937207662706,73.03031925409718,8561565
2521,2018-01-01,73.26820373535156,73.83546790062789,72.84733352489046,72.84733352489046,6388017
2522,2018-01-02,73.46949005126953,73.85376175791095,72.9388243955715,73.65247752373742,4383705
2523,2018-01-03,73.79885864257812,74.09163658177783,73.41458201304462,73.74396339945973,8187397
2524,2018-01-04,73.3230972290039,74.23803460540364,73.1950099673903,73.9269598685101,4204055
2525,2018-01-05,73.65247344970703,73.94525140391971,73.41458577757504,73.67077021040059,4923559
2526,2018-01-08,73.39628601074219,74.3844202524804,73.21329855589084,73.92695161535204,11797863
2527,2018-01-09,73.56098937988281,73.70737837621559,73.30480491341052,73.59758290607607,7380366
2528,2018-01-10,73.14008331298828,73.89033466872586,72.64602127942224,73.89033466872586,8710385
2529,2018-01-11,72.40816497802734,73.3048056559091,72.20688072651265,72.8656336986092,12305664
2530,2018-01-12,71.85919952392578,72.57285268388623,71.62131679189,72.49965570609687,9411915
2531,2018-01-15,72.93880462646484,73.2864827154614,71.4200100094013,72.3898423578502,9962401
2532,2018-01-16,71.8042984008789,72.93882168072243,71.12724378517773,72.86562470891857,13205546
2533,2018-01-17,72.24347686767578,72.71924233606838,70.99916298092708,71.7311129100561,13012437
2534,2018-01-18,72.09709167480469,73.1218196440567,71.63962294498621,72.6826476778896,24603506
2535,2018-01-19,71.76768493652344,72.46304113197587,71.1089321831862,72.09706627704371,8082214
2536,2018-01-22,71.47490692138672,72.07876443826825,71.36511645062703,71.78598654034134,9833311
2537,2018-01-23,71.67620849609375,71.85919596765812,71.01745558400314,71.47492426291407,16134097
2538,2018-01-24,71.71279907226562,72.07877397502229,71.42002113560122,71.47491637824425,11061376
2539,2018-01-25,71.10894775390625,72.04218185279281,70.68807757134668,71.9872866053029,13143678
2540,2018-01-29,71.05404663085938,71.73110119752224,70.99915138790884,71.18213884031219,11002896
2541,2018-01-30,71.34683227539062,71.7860041941349,69.7914387619629,70.92596208217488,22826262
2542,2018-01-31,70.92597198486328,71.47493447801337,70.26721897862461,71.34684223684096,14372442
2543,2018-02-01,71.31022644042969,71.42002189072895,69.16927224389633,71.18213919419243,17028230
2544,2018-02-02,70.5965805053711,71.18214136661423,69.90122419047785,71.18214136661423,22083930
2545,2018-02-05,71.91410064697266,72.07878640329793,69.53525840502718,69.53525840502718,21997294
2546,2018-02-06,71.34683227539062,71.58471499643841,69.5352543153866,69.5352543153866,13495253
2547,2018-02-07,71.5481185913086,72.04218077518024,70.77957024638775,71.65790908464615,14316750
2548,2018-02-08,71.60371398925781,72.14111434628148,71.2886863671008,71.90021264469648,33536651
2549,2018-02-09,71.60371398925781,72.01139649870515,70.78834897036313,71.15897354637382,15183068
2550,2018-02-12,73.56798553466797,73.77182423418054,71.64076226336527,71.97431878386234,11747845
2551,2018-02-14,72.43759155273438,73.54944994815189,71.78900748874084,73.54944994815189,13853923
2552,2018-02-15,73.34561157226562,73.49385835359682,72.15962726791959,72.64143559080627,8833619
2553,2018-02-16,72.47465515136719,73.47532972691204,72.17816158734928,73.41973278516646,6252218
2554,2018-02-19,71.95579528808594,72.99352788111143,71.75195154623717,72.49319054892644,4332550
2555,2018-02-20,72.27082824707031,72.77116058963495,71.80755383591855,72.23376528880836,8479558
2556,2018-02-21,71.88167572021484,72.60438582235129,71.6407740284524,72.49319694602691,9258406
2557,2018-02-22,70.5103759765625,72.08551390121977,70.1397564711958,71.64076848404022,25535938
2558,2018-02-23,71.62225341796875,71.84462114286072,70.5474526223588,70.64010751668037,11567495
2559,2018-02-26,72.69703674316406,73.08618522196413,71.529586279915,72.2708253076095,8362326
2560,2018-02-27,73.29002380371094,73.47533354757014,72.47465891999101,73.10471405985173,17333449
2561,2018-02-28,73.2715072631836,73.45681705117522,72.41908424916193,72.93795065016857,5795018
2562,2018-03-01,73.16032409667969,73.56800663950717,72.47467686922208,73.04913520671778,8106682
2563,2018-03-05,72.99352264404297,73.03058559688802,71.99285307831674,72.93793072819956,6992551
2564,2018-03-06,71.5851821899414,73.1973781703691,71.19602866261104,73.04912633509136,9525018
2565,2018-03-07,71.65930938720703,71.90021612731012,70.88100729089992,71.43694166841894,9481007
2566,2018-03-08,72.41907501220703,72.60438477656267,71.30721642607325,71.84461172659513,10429826
2567,2018-03-09,71.49250793457031,72.51171137826917,71.08482555172122,72.45611946852789,9887071
2568,2018-03-12,72.27082824707031,72.51172993549942,71.52958918922751,71.7148989536882,14242997
2569,2018-03-13,72.28936004638672,73.012070166852,71.62224687891822,72.23376812023922,10581316
2570,2018-03-14,72.0299301147461,72.71557733032097,71.71490749910464,72.14111900278102,8577503
2571,2018-03-15,72.19669342041016,72.54878394017196,71.82607393722866,71.88166585433619,6132848
2572,2018-03-16,71.25162506103516,73.06765976059553,70.91806346109931,72.04845604864491,10373796
2573,2018-03-19,71.97431945800781,72.30787598162914,71.34426936380052,71.67782588742183,13496140
2574,2018-03-20,72.2337646484375,72.67850506309101,71.45546263923258,71.93726601181946,9661410
2575,2018-03-21,71.97431945800781,72.45612779377049,71.75194676664414,72.45612779377049,9675146
2576,2018-03-22,71.41839599609375,72.1596350091172,71.25162023427275,71.97432525586133,11371840
2577,2018-03-23,71.99284362792969,72.36346305403285,70.78832546624673,70.78832546624673,9062739
2578,2018-03-26,72.2337646484375,72.45613736918877,71.99286296214406,72.04845488561962,15451169
2579,2018-03-27,72.62290954589844,72.771156343447,72.30788195932725,72.30788195932725,7563470
2580,2018-03-28,71.62225341796875,72.56733132930881,71.2701628088069,72.45614746686283,14095921
2581,2018-04-02,72.2337646484375,72.34494849538862,71.49252559716597,71.49252559716597,6821616
2582,2018-04-03,73.58650970458984,73.93860019192203,72.10403190840879,72.1966867706701,6269850
2583,2018-04-04,72.65998840332031,74.0868748240468,72.14112198492428,73.73478420432278,9689298
2584,2018-04-05,72.7341079711914,73.54946797826821,72.64145308219294,73.34562923321137,8673501
2585,2018-04-06,72.62290954589844,73.34561959586476,72.54878866054855,73.1973727983162,7948746
2586,2018-04-09,72.58586120605469,72.8267679557862,72.34495948317299,72.64145816482338,4610445
2587,2018-04-10,72.99352264404297,73.62357776186374,72.75262099082268,72.95645969119792,7562115
2588,2018-04-11,73.0120620727539,73.45680245947935,72.56731665917975,73.38268157511614,5790314
2589,2018-04-12,72.77114868164062,73.34561187357528,72.67849381457197,73.08617623504372,3537785
2590,2018-04-13,73.1973876953125,73.3826974866743,72.78970514894657,72.82676811258888,3438013
2591,2018-04-16,73.82743072509766,74.45748596463999,72.9379448192168,73.10472562581604,9628436
2592,2018-04-17,75.9399642944336,76.77385827531653,74.93928950663434,75.30990905369342,23457958
2593,2018-04-18,75.97701263427734,76.27350620413071,75.73610595356708,76.01407056037274,8814122
2594,2018-04-19,77.12594604492188,77.42243966102376,75.95849049275401,76.16233425231705,10627620
2595,2018-04-20,76.7923812866211,77.68187215206164,76.42176176830384,77.38537352129848,5446620
2596,2018-04-23,76.64412689208984,77.05180932722249,76.05113471615586,77.05180932722249,4139986
2597,2018-04-24,76.5144271850586,77.16301143143349,75.90290590098934,77.16301143143349,3594644
2598,2018-04-25,76.84796905517578,77.83010965601491,75.5693298589948,76.49587854409745,5924775
2599,2018-04-26,76.71824645996094,77.34829651051574,76.42174788306926,76.92208514725996,7950190
2600,2018-04-27,77.05181121826172,77.34830480008117,76.75531763644227,76.903564427352,7371596
2601,2018-04-30,77.03327178955078,77.45948314058394,76.7367732211619,76.922082941337,5644871
2602,2018-05-02,76.0326156616211,77.49656481547747,75.86583486242512,76.71826279731141,7210903
2603,2018-05-03,76.5144271850586,76.92210971672131,75.32844757922571,75.9770318256006,3782713
2604,2018-05-04,76.86650848388672,77.01475528831799,75.79171286819869,76.71826167945544,22466426
2605,2018-05-07,77.57067108154297,77.83010671430527,76.71824833420652,76.71824833420652,6003886
2606,2018-05-08,78.84932708740234,79.31260151149169,77.40391188961345,77.64481358477006,19748071
2607,2018-05-09,78.51576232910156,79.20140941070554,78.25632666789508,78.5713542488319,13934330
2608,2018-05-10,77.0888671875,78.4972191138012,75.86581996290866,78.27484643416203,13973187
2609,2018-05-11,76.66267395019531,77.45950496609917,76.32911233841524,77.38537904640377,10688957
2610,2018-05-14,77.47803497314453,77.7559996354615,76.34764735712855,76.34764735712855,13962128
2611,2018-05-15,79.25698852539062,80.0538193177164,77.32976542255105,77.45948323219662,56040833
2612,2018-05-16,79.1087646484375,79.6832229371682,78.77520303371712,79.46085020297106,18183776
2613,2018-05-17,79.1087646484375,80.05384248521365,78.68254814670576,78.75667406705459,17900935
2614,2018-05-18,78.92344665527344,79.68321971414494,78.6084240736563,79.20141633191355,18414996
2615,2018-05-21,78.81226348876953,79.47938167015595,78.42311498643099,79.47938167015595,16669979
2616,2018-05-22,78.10810089111328,79.31261459240423,77.64482639061676,79.21995969230493,9411261
2617,2018-05-23,78.31192779541016,78.73813926592088,77.71893551924994,78.20074394287668,18219990
2618,2018-05-24,78.47870635986328,78.71960805137233,78.34898851771251,78.71960805137233,17260447
2619,2018-05-25,78.58987426757812,78.96049372605925,77.92276125305133,77.92276125305133,30090956
2620,2018-05-28,76.6997299194336,78.7566713563994,76.4588282268653,78.66401647257703,17488299
2621,2018-05-29,76.71824645996094,77.71891596149433,76.2549721462377,77.18152077368418,15749359
2622,2018-05-30,77.64481353759766,78.55282839215157,76.7182646899819,76.7182646899819,36016623
2623,2018-05-31,77.62628936767578,78.83080302200023,74.71692461262984,77.79307019209142,274352477
2624,2018-06-01,76.3291015625,77.0518115835277,74.25363139937936,76.68119209107218,17096388
2625,2018-06-04,74.75396728515625,76.6997195832119,74.34628484590822,76.6997195832119,14456405
2626,2018-06-05,73.69770050048828,74.55012833004227,72.30787743508898,74.4204105052353,13788817
2627,2018-06-06,74.53160858154297,75.32844464611348,73.1973822052888,73.1973822052888,8130515
2628,2018-06-07,75.14312744140625,75.58786784724911,73.47533960908542,74.66131905151532,7683528
2629,2018-06-08,73.34561157226562,74.5686538018083,72.91940019087035,74.45746997252195,12429285
2630,2018-06-11,72.5302734375,73.8459760449695,72.08553292977024,73.60506928140954,19668041
2631,2018-06-12,72.28936004638672,72.80822640184547,71.67783880506572,72.80822640184547,13416832
2632,2018-06-13,73.43827056884766,73.88301093785178,72.30787811557573,72.75262351142838,10866676
2633,2018-06-14,73.69770050048828,73.88301024254152,72.8638066612487,73.45679884118877,7205187
2634,2018-06-15,73.32708740234375,73.75330386766363,72.73410019760968,73.69770691872701,9527937
2635,2018-06-18,73.62357330322266,73.93860084305499,72.73408762305046,73.32707472526656,4303444
2636,2018-06-19,73.64208984375,74.01270923354602,72.937914008507,73.21587855085401,8099053
2637,2018-06-20,73.80888366699219,74.01272235678388,72.93792694117226,73.6421029012731,8160216
2638,2018-06-21,72.43759155273438,73.623575851919,71.82607044062439,73.41973212998353,10942576
2639,2018-06-22,73.2715072631836,73.53094297711178,71.93727578427384,72.71557789920867,7677797
2640,2018-06-25,71.97431945800781,73.4938603176698,70.97364486029548,73.27148762630613,8701812
2641,2018-06-26,70.69568634033203,72.15963540992426,70.047102200334,71.86314181380753,9869227
2642,2018-06-27,69.37997436523438,71.34426035971879,68.82404522041104,71.14041665717492,13094540
2643,2018-06-28,68.49049377441406,69.95443761397162,67.87896764866986,69.82472482545435,22542641
2644,2018-06-29,69.25027465820312,70.54744300181031,68.23107095965463,68.65728241004146,8435793
2645,2018-07-02,68.58316802978516,69.43559101145924,68.00870469270086,69.30587315941766,13100144
2646,2018-07-03,68.3978500366211,68.73140659692982,67.15627364789242,68.2125402779108,9990760
2647,2018-07-04,67.8233871459961,70.1397591427669,67.50835954906547,68.65728106483358,10626271
2648,2018-07-05,67.32305145263672,68.10135346815058,66.91537399261196,67.87898074559675,7739370
2649,2018-07-06,67.378662109375,67.78633965232828,67.02657147480615,67.32306514729036,7229617
2650,2018-07-09,68.37932586669922,68.56463565202753,67.45277694005762,67.5269028649288,10238815
2651,2018-07-10,68.21253967285156,68.69434303048503,67.97163296718595,68.56462519516867,7258266
2652,2018-07-11,67.78632354736328,68.47197065729044,67.6010137893748,68.11988513322167,3825437
2653,2018-07-12,67.6751480102539,68.04576757172343,67.30452844878438,67.89752075250553,11523981
2654,2018-07-13,67.36009216308594,67.95308421842554,67.17478245997027,67.526872906629,4793733
2655,2018-07-16,67.21186828613281,67.63807974301966,66.93390363683498,67.10068443715333,12191173
2656,2018-07-17,67.24893188476562,67.54542550276547,66.71153154693562,66.97096723282235,4698206
2657,2018-07-18,66.1556167602539,68.11990374780625,65.98884094860011,67.67515819636225,5845129
2658,2018-07-19,65.76644134521484,67.00801756191538,65.63672352672107,66.37796245885892,5980121
2659,2018-07-20,65.1549301147461,65.95176108229377,64.52487491611825,65.78498028652494,5273662
2660,2018-07-23,65.61820220947266,65.97028772715143,65.09933087504278,65.21051974392725,6336970
2661,2018-07-24,65.87763214111328,66.13706780553716,65.32170288321821,66.04441292922131,6260188
2662,2018-07-25,65.09931945800781,66.34089560162103,64.74723400207733,66.2111777907633,7757736
2663,2018-07-26,67.39717102050781,68.11988104401851,64.5619328988518,65.3217008502565,33869484
2664,2018-07-27,66.67447662353516,68.49051658991183,66.04442635263999,67.91605322388561,19690254
2665,2018-07-30,67.89752197265625,68.10136072438776,66.7300713384175,67.0450939498481,10288607
2666,2018-07-31,67.56396484375,68.78700739837167,67.3971840286427,68.06429723537278,11713824
2667,2018-08-01,68.45343780517578,68.84258626411466,66.76711608712725,67.82338265305239,10299992
2668,2018-08-02,69.9359130859375,70.51037127017275,68.47196412671441,68.99083542107346,12305598
2669,2018-08-03,70.49182891845703,70.76979347613516,70.04708361543302,70.34358215973151,7491196
2670,2018-08-06,70.2138900756836,71.10337598064653,69.91739644964571,71.10337598064653,4944677
2671,2018-08-07,70.08416748046875,70.65863075391053,69.5467721913317,70.36213212111345,3270258
2672,2018-08-08,70.23241424560547,70.67715968113698,69.62089304188636,70.08416744271129,6225545
2673,2018-08-09,71.3813247680664,71.52957657497,69.62088231614418,70.23240342565278,6328977
2674,2018-08-10,70.62157440185547,71.84461692434661,70.08417403560513,71.78902499638782,4909902
2675,2018-08-13,69.6764907836914,70.41772988691633,69.36146818630033,69.89886352002877,2537940
2676,2018-08-14,69.6394271850586,70.0471046371895,69.13908982571279,69.5097093471765,2304692
2677,2018-08-16,69.5653076171875,70.41773058358982,69.34293487865011,69.45412376134352,3661689
2678,2018-08-17,69.34293365478516,70.04710979201735,68.84259625861907,69.86180001764839,4022502
2679,2018-08-20,69.54678344726562,69.99152392816767,68.78701029042709,69.49118648865931,2487784
2680,2018-08-21,69.50970458984375,69.78766921191728,68.87964943573762,69.54676754482328,3655095
2681,2018-08-23,70.49182891845703,70.78832243590806,69.5096884866971,69.5096884866971,9442607
2682,2018-08-24,70.76981353759766,72.1225737630686,70.25094722154907,70.60303274497362,8393334
2683,2018-08-27,73.30855560302734,73.49386535405458,70.75128204422133,70.84393691973493,14042229
2684,2018-08-28,73.06764221191406,74.29068436177668,72.5487759976344,73.23441794497829,8224129
2685,2018-08-29,71.54812622070312,73.77184364491585,71.19603561779626,73.01207553571636,6955827
2686,2018-08-30,72.99352264404297,73.4567969874852,71.30720604465256,71.62223360356296,22347117
2687,2018-08-31,74.67984771728516,74.95781233618052,72.21522407493396,72.21522407493396,11854651
2688,2018-09-03,72.08551788330078,75.97702290462212,71.90020812038073,75.18018690258661,8999761
2689,2018-09-04,72.06696319580078,72.80820203462329,71.02923083218829,72.08549718287989,5387824
2690,2018-09-05,72.51173400878906,73.01207140630883,71.436938319911,71.95580468417806,7334087
2691,2018-09-06,73.8644790649414,74.77249878452321,72.45612707829241,72.64143681479088,16457730
2692,2018-09-07,72.5302734375,74.45749738487923,71.47400656301043,74.45749738487923,4580610
2693,2018-09-10,72.5490493774414,73.31985065281627,71.49625385475204,72.62425124326832,6293799
2694,2018-09-11,70.2742691040039,73.2634596519873,70.01106762690654,72.5866631391876,9560546
2695,2018-09-12,72.86865997314453,73.41386082803466,70.34946340890198,70.34946340890198,13582243
2696,2018-09-14,75.2562484741211,75.93304489720133,72.90625381090523,73.4138536781228,22816500
2697,2018-09-17,75.91425323486328,76.53465085710768,74.22225693793388,74.22225693793388,15162744
2698,2018-09-18,74.78624725341797,76.66624292647282,74.50424790245974,75.76384602336942,4937349
2699,2018-09-19,74.56065368652344,75.199854314731,73.77105441044797,74.82385514515364,6025625
2700,2018-09-21,75.35025024414062,75.91424897815891,73.35745165738703,74.82385244568654,11174973
2701,2018-09-24,74.29744720458984,75.33144485101825,73.15065185484062,75.19984923041554,3992299
2702,2018-09-25,72.41744232177734,74.6734369012905,72.06024623990957,74.07184242660496,10770907
2703,2018-09-26,72.5114517211914,72.94385481951385,70.76305670994724,72.73705222905207,7286693
2704,2018-09-27,73.15064239501953,73.65824219395013,72.24824558570631,72.56784583687107,8101331
2705,2018-09-28,70.83824157714844,74.4290305244286,70.4434395081958,73.13183684024771,10284429
2706,2018-10-01,72.34226989746094,72.90626873206197,69.89827494752308,70.80067206292158,4684738
2707,2018-10-03,71.04505157470703,72.30464965573572,70.8194510811204,71.62784817497585,10349581
2708,2018-10-04,71.15785217285156,71.79705274743948,69.39065928396883,70.68785325030593,11239097
2709,2018-10-05,70.4246597290039,72.02265612954368,70.06745849366318,71.06385522933087,7035573
2710,2018-10-08,70.18025970458984,71.08265663148306,68.61985917496588,70.1238557530595,4680183
2711,2018-10-09,70.14265441894531,71.23305085045858,69.67265551744697,70.33065397954465,5552286
2712,2018-10-10,70.3682632446289,71.0450597030069,70.01106199726465,70.01106199726465,3526073
2713,2018-10-11,69.82305145263672,70.87584691145712,69.20265394655276,69.91705122931047,10016561
2714,2018-10-12,70.85704803466797,71.34584482681387,69.97344912596036,70.02984797123653,6856067
2715,2018-10-15,70.7254409790039,71.439838187926,69.97344284333565,70.8570416727086,6926558
2716,2018-10-16,70.38704681396484,70.98864637644559,69.59744770694726,70.66904613077013,6530627
2717,2018-10-17,71.1014633178711,71.47746250876723,70.68786318792225,70.70666620735629,4151254
2718,2018-10-19,71.12025451660156,71.98505047200116,70.33065532699369,71.06385056748955,9497796
2719,2018-10-22,71.12025451660156,71.81584882429428,70.7818512211878,71.21425429870216,4377225
2720,2018-10-23,71.79705810546875,72.43625872775857,69.86066342003558,70.6878585255585,4599675
2721,2018-10-24,71.59025573730469,72.28585516725879,71.21425659676892,72.00385071204224,4510189
2722,2018-10-25,71.92865753173828,72.24825783709879,70.19906037903581,71.32705785690938,7455415
2723,2018-10-26,70.83824157714844,71.8158350435525,70.61264112343459,71.57143667695148,6390862
2724,2018-10-29,71.27067565917969,71.62787188409531,70.4622782977414,71.2142767920684,8374975
2725,2018-10-30,69.99227142333984,71.27066770098477,69.78546880060212,71.06386507824705,5105532
2726,2018-10-31,69.91706085205078,70.21785813888006,67.22866788913848,69.5974605474103,9622136
2727,2018-11-01,70.85704803466797,71.17664829098531,69.7666516600096,69.97344912596036,5603131
2728,2018-11-02,71.38346862792969,72.30466876190854,70.95107054252126,71.08267129020622,6034462
2729,2018-11-05,69.95467376708984,71.25186802596812,69.55987152322753,71.08267143558358,4872816
2730,2018-11-06,70.7254409790039,71.06383912009187,69.55984284875535,70.34944191116978,7337064
2731,2018-11-07,71.0826644897461,71.43986065664288,70.72546322303397,71.43986065664288,223308
2732,2018-11-09,72.07906341552734,72.2670630140567,70.98866676402018,71.06386354354262,9231137
2733,2018-11-12,69.91706085205078,72.53025704316325,69.27786024276982,72.00385414148953,3906667
2734,2018-11-13,69.20266723632812,70.6878609331036,68.7514661817191,70.31186175420116,7750412
2735,2018-11-14,69.91706085205078,70.3118579284911,69.2214613889662,69.29666326058101,9918943
2736,2018-11-15,70.3494644165039,70.87586225990766,69.76666771484537,69.93586428960975,8814911
2737,2018-11-16,70.7254409790039,71.439838187926,70.01104377008181,70.31184098442361,5537047
2738,2018-11-19,71.32705688476562,71.62785416817289,70.55626065865016,70.76305815351579,5155461
2739,2018-11-20,70.83824157714844,71.8534359691404,70.49983834667087,71.8534359691404,2673334
2740,2018-11-21,68.46946716308594,70.63146245331737,68.1686698582842,70.49986172003588,6426666
2741,2018-11-22,67.60466003417969,69.07105558002273,66.85266179530485,69.07105558002273,6231287
2742,2018-11-26,68.60108947753906,68.75148817725376,67.24749098047302,67.69869217943399,5022526
2743,2018-11-27,68.638671875,69.54106892919519,67.79267368047661,68.41307133649734,6727512
2744,2018-11-28,69.29666137695312,69.55985772082077,68.24386070203798,68.39425934136447,9281286
2745,2018-11-29,67.86786651611328,70.87585992183817,67.41667056514368,69.54106488797383,16395530
2746,2018-11-30,67.73626708984375,69.0146683917622,67.0406726812188,68.05586741532336,10573839
2747,2018-12-03,69.10865783691406,70.87585067226274,68.09345815504335,68.09345815504335,11107638
2748,2018-12-04,70.40585327148438,70.76305448937252,68.48825666456601,68.95825558293744,6304336
2749,2018-12-05,68.99586486816406,70.57506346497637,68.61986568795307,69.59746457646472,5774768
2750,2018-12-06,68.99586486816406,69.71026739041717,68.69506756392137,68.99586486816406,8600328
2751,2018-12-07,68.67627716064453,70.31187491497975,67.9242786620827,69.10868037717054,8378029
2752,2018-12-10,67.41666412353516,68.58225737702988,66.42026232324203,67.86786003139336,6431248
2753,2018-12-11,67.79266357421875,68.16866271573225,66.60826219859939,66.85266572043497,6514193
2754,2018-12-12,68.638671875,69.10867087195744,67.9430723395399,68.01826911916379,7396629
2755,2018-12-13,68.638671875,68.80786845401538,68.09347099860318,68.56346999556061,4251108
2756,2018-12-14,69.82305145263672,70.02984892139328,67.86785405789682,68.24385316459185,9276710
2757,2018-12-17,72.39865112304688,73.90264764890954,71.32705257840679,71.43985027792066,23727234
2758,2018-12-18,73.82744598388672,74.07184949985714,71.77825377170309,72.53025203668379,15507368
2759,2018-12-19,74.82383728027344,75.01183682017549,73.33863887512163,73.33863887512163,11434466
2760,2018-12-20,74.42903900146484,74.80503810054086,73.28224378920868,74.09064083225927,7938383
2761,2018-12-21,74.03426361083984,74.86145881052073,73.56426459972036,74.44786376058812,8722621
2762,2018-12-24,72.92505645751953,74.37265428390107,72.6430570796458,74.07185698742848,8563441
2763,2018-12-26,73.43265533447266,73.80865449973194,71.94745659177245,72.79345471360585,4766041
2764,2018-12-27,73.90264892578125,75.0118484226953,72.75585359492277,73.33865021883813,46486470
2765,2018-12-28,74.09064483642578,74.57944165171554,73.54544407337498,74.25984648008001,5142112
2766,2018-12-31,74.6922378540039,75.19983764034404,73.69584129552229,73.95903759597769,6317785
2767,2019-01-01,75.19984436035156,75.3878439202543,73.73344371325867,74.24104354495894,3961625
2768,2019-01-02,73.41385650634766,75.19985251919613,72.94385755559806,74.86144919480442,7876559
2769,2019-01-03,72.586669921875,73.31987046243307,72.19187276915355,73.28226951936057,7942863
2770,2019-01-04,73.65825653076172,73.97785684413334,71.96626027153972,72.68065767213709,4017540
2771,2019-01-07,74.6170425415039,74.78624418506264,73.63944381166169,73.73344359145779,3592512
2772,2019-01-08,74.20345306396484,74.63585619249314,73.62065638611001,74.41025566887298,3990870
2773,2019-01-09,74.29744720458984,74.72985030022082,73.54544891627827,74.2034474185509,4087529
2774,2019-01-10,73.56426239013672,74.24105890589418,73.2822629919352,74.24105890589418,3589725
2775,2019-01-11,73.0754623413086,73.65826417317608,72.66186729266053,73.28226496544828,2995789
2776,2019-01-14,72.37985229492188,73.07544659952208,71.81584850501125,72.96264890142868,5370460
2777,2019-01-15,72.36107635498047,74.82387461649263,71.59027989668938,74.82387461649263,11498868
2778,2019-01-16,72.19186401367188,73.000261242516,72.04146025962291,72.37986360641773,8515441
2779,2019-01-17,72.90625,73.15064841223646,72.19185267968781,72.19185267968781,5325531
2780,2019-01-18,72.79345703125,73.95905550062785,72.37986201614854,72.94386078199442,4366941
2781,2019-01-21,71.90987396240234,73.20707345271941,71.68427848566577,72.92507400698234,4067143
2782,2019-01-22,71.32705688476562,71.90985353379781,70.87585585983979,71.81585374525618,3577455
2783,2019-01-23,70.04865264892578,72.00384496373333,69.82305216265182,71.27064975811086,6173490
2784,2019-01-24,70.21786499023438,71.10146411875625,69.76666901596599,70.199067070404,6157088
2785,2019-01-25,69.87947082519531,71.10146828090583,69.65387027494714,70.53746945519329,3868441
2786,2019-01-28,70.6126480102539,70.9134452446666,68.43185021141255,69.93584658310421,7440853
2787,2019-01-29,69.78544616699219,70.61264619002495,69.05224591476706,70.23664710679441,17469350
2788,2019-01-30,70.3494644165039,70.65026682688847,68.95826538053687,69.59746604026559,12711500
2789,2019-01-31,70.91346740722656,72.00386409752147,70.23667086837197,70.87586646622005,25774313
2790,2019-02-01,71.5150375366211,72.13543495685539,69.89824364148765,71.79703682761973,9474849
2791,2019-02-04,69.40946197509766,71.251856858238,69.0898616658208,71.251856858238,3678667
2792,2019-02-05,69.97344970703125,70.2930499660026,68.99585101480712,69.22145149759949,5500377
2793,2019-02-06,70.23666381835938,70.96985914522133,69.46586245444993,70.02986121348921,4322649
2794,2019-02-07,69.40946197509766,70.57506040314645,69.18386145679546,70.29306103022247,4309303
2795,2019-02-08,68.05587768554688,70.66907444140361,67.86787806569578,69.40947596843802,7692145
2796,2019-02-11,68.5634765625,68.88307693100515,66.87148001139553,67.52947867015838,7913450
2797,2019-02-12,68.14986419677734,70.08626398322946,67.84906690363928,68.80786273785503,11930402
2798,2019-02-14,65.78105926513672,67.24745472136993,64.85985943888278,66.7398549211854,36962390
2799,2019-02-15,68.2438735961914,68.50707508960379,66.77747766101791,67.07827499650423,16005610
2800,2019-02-18,67.96187591552734,68.99587379488678,67.51067990078732,68.2250774156543,7973918
2801,2019-02-19,67.47306060791016,68.80785546741772,67.26625802839091,67.7738578692651,10824411
2802,2019-02-20,68.35668182373047,68.65747918298723,67.153482187071,67.96187955241274,9658184
2803,2019-02-21,68.35668182373047,68.80787786261561,67.99948049727388,68.69508012784837,9197823
2804,2019-02-22,68.3942642211914,68.65746568365292,67.86786639608357,68.31906744607039,12182132
2805,2019-02-25,68.41304016113281,68.61983758563169,67.11584148072883,68.05583904629312,29907322
2806,2019-02-26,68.13106536865234,68.69506411061658,67.24746631961202,67.49186475450018,13683801
2807,2019-02-27,68.22506713867188,69.2966657994616,67.62346744315701,68.16866828280192,13566494
2808,2019-02-28,68.75145721435547,69.46585454112704,67.90545917216987,68.77025513092264,69863939
2809,2019-03-01,68.88307189941406,69.08986942285038,68.46947175272581,68.84547095883957,7227772
2810,2019-03-05,68.807861328125,69.72906130668632,68.65746268463732,69.18386048675167,15733697
2811,2019-03-06,69.37187194824219,70.0862745518494,68.31907616368818,68.84547405596518,20336766
2812,2019-03-07,70.3682632446289,71.25185720422931,69.40946231214251,70.31185928991817,12295538
2813,2019-03-08,70.31185150146484,70.85705227129937,69.65385303433364,70.68785062553982,6211299
2814,2019-03-11,73.0566635131836,73.69586419830561,70.5938656732752,70.87586507556746,17678891
2815,2019-03-12,73.82744598388672,75.95184516230889,73.18825051854189,73.18825051854189,26457157
2816,2019-03-13,73.22584533691406,74.54184219073588,72.60544274026098,74.48543824572073,6930222
2817,2019-03-14,72.7142333984375,73.54757757960597,72.57857149517879,73.23749773546706,8466765
2818,2019-03-15,74.9041748046875,75.27239388109399,72.52041615793999,72.52041615793999,14301914
2819,2019-03-18,76.37705993652344,76.6677616911947,74.90417314906635,75.25301420323322,14247336
2820,2019-03-19,77.13288116455078,77.5980007849232,75.6987505063853,76.04759153596281,16995997
2821,2019-03-20,76.51273345947266,77.46235618170759,76.16389235217831,77.22979894830736,9060589
2822,2019-03-22,76.93907928466797,77.84994050410951,76.4158151166276,76.70651684807305,8782833
2823,2019-03-25,78.29570007324219,78.87710363050309,75.62123950408716,76.43520553569114,14506515
2824,2019-03-26,78.62515258789062,79.03213820487909,77.28792765056839,78.35383410042493,8371544
2825,2019-03-27,77.59801483154297,79.34222555235655,76.9390939357741,78.68330465658768,11579885
2826,2019-03-28,76.8421859741211,77.52049007830449,76.14449859835935,77.52049007830449,17034861
2827,2019-04-01,75.795654296875,77.40420290940759,75.62123114609729,76.82279941640594,10617688
2828,2019-04-02,77.44297790527344,77.83058030256761,75.97009089843318,75.97009089843318,17946031
2829,2019-04-03,77.88870239257812,78.50886714259343,77.57862264616688,77.6755232240695,15076661
2830,2019-04-04,77.2685546875,78.78020824199592,76.93909685570911,78.08252077287612,10130253
2831,2019-04-05,76.08637237548828,77.79182193626643,75.98947177252141,77.79182193626643,9883976
2832,2019-04-08,76.8809585571289,77.63678539598604,75.79567385962604,76.74530191283685,13511642
2833,2019-04-09,76.8809585571289,77.26856098583627,76.37707750268709,77.11352106579221,10655872
2834,2019-04-10,76.99723052978516,77.38483289853647,76.64838944934769,76.64838944934769,8637199
2835,2019-04-11,75.95069885253906,77.28792907164188,75.83442024965768,77.19102848350961,13713296
2836,2019-04-12,76.37705993652344,76.60962239169909,75.60185525740009,76.22202005213741,11004111
2837,2019-04-15,76.76465606689453,77.84994042700556,76.39643177121788,76.66775548984202,8965316
2838,2019-04-16,76.29954528808594,77.46235242750782,76.16388866090838,77.13289461042662,4918434
2839,2019-04-18,75.31116485595703,76.68715126595494,75.00108504044016,76.49335006695839,11593259
2840,2019-04-22,75.50495147705078,76.24139483961217,74.96230927606834,75.27238903171747,7772049
2841,2019-04-23,74.8072738647461,75.40805539863437,74.43904953288343,75.11735363890908,6686014
2842,2019-04-24,74.40028381347656,75.44681218900473,73.66384045082744,74.84602543372264,7288151
2843,2019-04-25,74.24524688720703,75.89255682631209,73.91578384794738,74.49718735586681,17599280
2844,2019-04-26,73.95455932617188,75.34992906440831,73.7801361374445,74.03207665445524,8664580
2845,2019-04-30,72.24909973144531,74.61347517397881,71.86149737224945,74.30339013230605,14290974
2846,2019-05-02,73.72197723388672,73.95453967131718,72.26846857143737,72.50103100886783,8897549
2847,2019-05-03,73.97392272949219,74.78788868742072,73.72198226225538,73.99330600062927,10782838
2848,2019-05-06,73.81890106201172,74.74914584753856,73.19873611926235,73.64447786470286,5477945
2849,2019-05-07,74.24524688720703,75.11735214908619,73.83826127734753,73.83826127734753,9450289
2850,2019-05-08,73.64447021484375,75.09798444131256,73.21811178961157,74.40029698174426,10180731
2851,2019-05-09,72.83051300048828,73.66385713265655,72.22972610915272,73.60571782244838,7921214
2852,2019-05-10,71.91963958740234,73.04368542315503,71.72583839995555,73.02430740728781,5938686
2853,2019-05-13,70.79559326171875,72.11344563085396,70.5630360268775,71.88088313881869,5504435
2854,2019-05-14,70.40798950195312,71.39637875973007,70.17543227159989,70.50489010033161,11334983
2855,2019-05-15,69.18704223632812,71.55141786163219,68.78006183058952,70.98939229447518,7616268
2856,2019-05-16,70.48551177978516,70.81497486429102,69.32270460425426,69.51650580017606,8660893
2857,2019-05-17,70.601806640625,71.16383234100343,69.9041242776405,70.42738867847643,10183233
2858,2019-05-20,72.88864135742188,73.21810440868398,71.33823194648807,72.1328146667143,6287120
2859,2019-05-21,71.29947662353516,73.10182666306244,71.22195404362684,72.96616477681978,7748239
2860,2019-05-22,70.5824203491211,71.82275024597756,70.46614172131339,71.2801026303563,6972640
2861,2019-05-23,71.5707778930664,72.90800790250502,70.96999644372009,72.09404203837684,13966122
2862,2019-05-24,71.95840454101562,72.30724564474684,71.4157569827738,71.95840454101562,7240775
2863,2019-05-27,72.61732482910156,73.48943020947884,71.95840391824396,72.26848372838943,6424176
2864,2019-05-28,73.72197723388672,74.14834082631043,72.79173274135769,72.96615062653595,11255911
2865,2019-05-29,73.70260620117188,74.80727394068803,73.39252116950082,74.1871091345392,8310232
2866,2019-05-30,74.10958099365234,75.15610935396586,72.927396027944,74.96230819518135,34989609
2867,2019-05-31,73.37313842773438,74.57470667650895,73.02429738962381,74.22586038120544,11849847
2868,2019-06-03,74.82666778564453,75.00109098143545,73.64447722380538,73.74137783097936,12106965
2869,2019-06-04,74.78787994384766,75.97007008604423,74.40027765273912,74.63284007884275,11447117
2870,2019-06-06,75.75689697265625,76.80342541764223,75.2530160219257,75.58247906995413,26132949
2871,2019-06-07,74.32276153564453,75.98945468623403,74.09020434657003,75.75689223996653,8783688
2872,2019-06-10,75.31116485595703,75.95070776120686,74.57472135120895,74.78790056722757,11231885
2873,2019-06-11,75.05921173095703,75.85379441039288,74.7685099813303,75.69875452869724,6589306
2874,2019-06-12,74.09022521972656,75.03984802849568,73.76076209946199,74.80729077390372,7509749
2875,2019-06-13,75.13671875,75.36928116928058,73.50879232942074,74.10957376013589,11041648
2876,2019-06-14,75.42743682861328,76.33830343510412,74.94293387379831,75.19487961605692,34979466
2877,2019-06-17,75.21426391601562,76.14450861554968,75.03984073483063,76.12513059861533,10860754
2878,2019-06-18,76.66776275634766,77.07474311566436,75.25301524873095,75.46619443557431,17815522
2879,2019-06-19,77.63677215576172,78.10189709376561,76.74528882464666,76.7840448551524,32722391
2880,2019-06-20,77.88870239257812,78.58638970779265,77.24915962985942,77.77242380197211,11459458
2881,2019-06-21,77.48171997070312,78.31506386666703,76.95845581275609,77.9856008592787,16601442
2882,2019-06-24,77.15225982666016,77.81118586589149,76.57085635340646,77.52048412926464,9883389
2883,2019-06-25,78.14065551757812,78.41197928258947,77.13289354969292,77.13289354969292,10375296
2884,2019-06-26,81.2608642578125,81.76474528188272,77.92748252041096,78.08252243110995,31182825
2885,2019-06-27,80.5050277709961,81.35775506295573,79.94300750523522,81.0476752788941,13741562
2886,2019-06-28,80.19493865966797,81.24146700924547,79.32283345408433,80.29183923806616,12067819
2887,2019-07-01,80.25308990478516,81.39651900301503,79.71044763639561,80.33061248192378,11211814
2888,2019-07-02,80.36937713623047,81.0864373474208,79.98177474869242,80.38875515272983,12203723
2889,2019-07-03,80.98953247070312,81.2608562305194,80.11742714482827,80.6988306954115,13693989
2890,2019-07-04,81.47403717041016,81.70659964705142,80.5050312320663,81.00891747432131,12324046
2891,2019-07-05,79.78797149658203,82.17173048126561,79.1484285829425,81.41590369238632,12525923
2892,2019-07-08,78.00499725341797,79.98177037315821,77.65615091796286,79.4585061271691,8948141
2893,2019-07-09,79.36161804199219,79.5360359800123,77.3654613350496,78.27632809091365,6875651
2894,2019-07-10,79.57477569580078,80.0205173150168,78.7220484838452,79.34221325097717,12675299
2895,2019-07-11,80.8538818359375,81.06706105072841,79.8848705893413,80.00115446238594,7808266
2896,2019-07-12,80.11741638183594,81.33836787979268,79.22593316024779,80.85386498606155,6349095
2897,2019-07-15,79.43911743164062,80.13680479772981,78.64453473777613,79.71044117242974,6656137
2898,2019-07-16,80.97015380859375,81.16395499057379,79.18718188293873,79.38098306491877,6627472
2899,2019-07-17,80.62129974365234,81.6096835096356,80.02051302199027,80.93137948198637,6388864
2900,2019-07-18,79.59416198730469,80.97015352892643,79.45850536614203,80.97015352892643,8419638
2901,2019-07-19,79.72982025146484,80.48564692719177,78.60577450225536,79.76858153740861,10869152
2902,2019-07-22,79.10964965820312,80.31121789136182,78.52824618317727,79.84609826565686,9061812
2903,2019-07-23,81.57093811035156,81.78412257200796,79.14842325421313,79.34222444270421,14046808
2904,2019-07-24,81.3189926147461,82.55932224767264,80.83448967332063,81.26085331321372,18181391
2905,2019-07-25,82.61746215820312,83.1019651032,81.33837648628872,81.39651578824966,28085772
2906,2019-07-26,81.99730682373047,82.94693480866758,81.49342580551527,82.61747171651426,10950941
2907,2019-07-29,80.58255767822266,82.36552974180225,80.05929339495994,82.30739043414948,5948953
2908,2019-07-30,80.71821594238281,81.31899752313603,80.11742910443591,80.54379277006417,10050004
2909,2019-07-31,81.70659637451172,82.92754801367796,80.21432623779233,80.42751069000566,26229893
2910,2019-08-01,82.94693756103516,83.81904299186498,81.31900532060848,82.15234945862925,27069006
2911,2019-08-02,81.60969543457031,82.92754765803815,80.75697340095438,82.5399400426938,20863783
2912,2019-08-05,77.96623229980469,81.39651413202317,76.29953904861263,81.39651413202317,18063375
2913,2019-08-06,76.7840576171875,78.50889052033803,76.06699733294195,77.75306368475647,11846580
2914,2019-08-07,77.07474517822266,77.88871117583146,76.39644105641422,77.13288973727525,9432897
2915,2019-08-08,78.56702423095703,80.87326061020937,76.3770717258383,76.76467412522902,6595239
2916,2019-08-09,78.29570007324219,80.95077736950567,78.00499829461174,78.87710363050309,9175926
2917,2019-08-13,78.29570007324219,79.61354708492816,76.26078762282904,77.69491324308974,7558090
2918,2019-08-14,79.51663970947266,79.92362006196339,76.648383456413,77.92746907040659,8024154
2919,2019-08-16,81.84224700927734,83.04381521107832,78.41196554470731,79.10964759365356,11894601
2920,2019-08-19,81.21466827392578,82.37179773794604,80.86164743886033,82.03838710253474,8100095
2921,2019-08-20,80.82241821289062,82.72481498399907,80.66552066191124,81.1950545516278,8711658
2922,2019-08-21,80.371337890625,81.43040569815015,80.13598889782116,81.05776934952871,5649369
2923,2019-08-22,79.52799987792969,80.62628795982981,78.76311706791031,80.21443125916319,5059207
2924,2019-08-23,79.0376968383789,80.25365682158002,78.72389642321085,79.25343030115741,7611285
2925,2019-08-26,79.58684539794922,79.82219439253684,78.11592083200696,79.37110660283375,7846961
2926,2019-08-27,81.01854705810547,82.13645083107728,79.64568408222048,79.64568408222048,18828020
2927,2019-08-28,80.70475769042969,82.86211394925495,80.15560820476261,81.56769700184884,15756988
2928,2019-08-29,80.33210754394531,81.11660059464143,79.88102510383183,80.70474387109957,8660979
2929,2019-08-30,78.64545440673828,81.27350309464867,76.09585183656867,80.54784591448662,15630977
2930,2019-09-03,77.29220581054688,79.39072602515304,76.89995924034702,78.99847945495318,9494810
2931,2019-09-04,77.23336791992188,78.05708676037708,76.60577235956627,77.44910139995764,8565768
2932,2019-09-05,78.19437408447266,79.74375023003607,77.40988091106024,78.05709203527334,14199248
2933,2019-09-06,79.82218170166016,80.15558696078504,78.46892918807228,78.58660100656536,13782929
2934,2019-09-09,79.58684539794922,80.35172298012859,79.15537312790262,79.72413275480736,4769289
2935,2019-09-11,78.99848175048828,79.97909820448264,78.37088615589494,79.62607734508163,7723322
2936,2019-09-12,78.31204223632812,79.2338226729977,77.52754915323644,79.2338226729977,11516235
2937,2019-09-13,79.48876953125,79.62605686353288,78.07668113668092,78.25319418107082,7223537
2938,2019-09-16,79.29266357421875,80.01832078572738,78.78273984604682,78.8415810871246,6031015
2939,2019-09-17,78.62583923339844,79.50839397311276,78.19436696327901,79.39072213589125,5823968
2940,2019-09-18,79.2534408569336,79.62607723701964,77.76290597695889,78.64546078435609,7206830
2941,2019-09-19,78.90042114257812,79.52801674542394,78.09631244761839,79.52801674542394,6306748
2942,2019-09-20,76.95878601074219,81.94031898800478,76.64499091996923,78.52777210497494,51859153
2943,2019-09-23,73.86004638671875,77.76290178605565,73.11477898689635,77.27259358614822,24586363
2944,2019-09-24,74.70338439941406,75.2917543099742,72.56563826297155,73.70315767953588,18234411
2945,2019-09-25,77.95902252197266,79.78296790207037,75.74282527456495,75.89972814956266,48245282
2946,2019-09-26,78.15514373779297,78.99847272787243,77.31180942752935,78.42971312144127,15826874
2947,2019-09-27,77.70406341552734,78.3512745194542,76.89996006605745,77.58639157127773,10034452
2948,2019-09-30,78.07669067382812,78.44932700408766,76.74305354056796,77.27258741823739,9111327
2949,2019-10-01,77.07646942138672,79.48878467320222,76.88034614367515,78.25320908765617,7634447
2950,2019-10-03,78.09630584716797,78.44933200155917,76.29197595673658,77.15491518255499,9432906
2951,2019-10-04,77.0960693359375,78.37087047099548,76.723433029924,78.07668559367441,19442087
2952,2019-10-07,77.07646942138672,77.42949025723068,76.25275059096123,77.15491554036072,11655995
2953,2019-10-09,77.54716491699219,78.01786292869798,76.64499993477145,77.46871879516429,8504262
2954,2019-10-10,78.09630584716797,78.29242912397002,77.07646906394478,77.62561317495367,6982965
2955,2019-10-11,78.84156799316406,80.11636912159886,78.01784927690791,78.07668518802971,10517558
2956,2019-10-14,77.82173156738281,79.35149196638866,77.54715686901949,78.8415736067814,11162487
2957,2019-10-15,78.93963623046875,79.23382113090254,77.78250682735555,77.82173254478354,5013200
2958,2019-10-16,77.88055419921875,78.93962177491584,77.13528698529787,78.8415601593951,6668842
2959,2019-10-17,77.54716491699219,78.35127357697421,77.076472225471,77.95902700728091,7899823
2960,2019-10-18,79.44955444335938,79.72412914464203,77.27258831241862,77.54715769351718,8795448
2961,2019-10-22,80.43017578125,81.41079217516108,78.84157935118785,78.84157935118785,10675241
2962,2019-10-23,80.90087127685547,81.19505618593226,79.35149529431065,80.41056309506081,5777589
2963,2019-10-24,80.05752563476562,81.29310633443062,79.86140238976273,80.95969575388901,5428181
2964,2019-10-25,79.6064453125,80.56745136616348,78.90040374013998,80.56745136616348,3993616
2965,2019-10-27,79.37110137939453,80.13598423142103,78.84157282665124,80.01831240196341,388417
2966,2019-10-29,78.8611831665039,79.58684030328683,78.25320317957402,79.33188112554797,5943950
2967,2019-10-30,78.42971801757812,79.95947854255303,78.17475881677973,79.95947854255303,6419057
2968,2019-10-31,77.80213165283203,78.80236369446169,77.60600834900487,78.56701466583206,15582577
2969,2019-11-01,77.39025115966797,77.99823108740229,77.17451771955153,77.84133355639183,8803683
2970,2019-11-04,76.39002227783203,77.91978246611211,76.11544761729161,77.62559760989735,15175738
2971,2019-11-05,76.64498901367188,77.0764612428912,76.0566192429684,76.39002984373714,8153818
2972,2019-11-06,76.52732849121094,77.07647798597127,76.37043091564442,76.64500566302458,9183411
2973,2019-11-07,76.17428588867188,77.21373801552151,75.95855244882546,76.88033275761042,15498054
2974,2019-11-08,75.17405700683594,76.64498128527592,74.86025663532543,76.58614537817498,11762251
2975,2019-11-11,75.21327209472656,75.74280586166348,74.66412813353317,75.17405170621362,10089055
2976,2019-11-13,74.23265838623047,76.23311639278214,73.86002744198949,75.31134146953443,9456977
2977,2019-11-14,73.74237060546875,74.5857049812258,73.31090363763019,74.52686373998912,19380370
2978,2019-11-15,73.6050796508789,74.095387800587,73.25205352694194,73.74236167665003,18256039
2979,2019-11-18,74.78181457519531,74.91909659245769,73.21282859337526,73.6246852855296,11766437
2980,2019-11-19,76.66459655761719,76.88033532485117,74.60530243143549,74.91909750354209,22218922
2981,2019-11-20,76.9195556640625,77.33141768111632,76.09584227032212,76.86071975310728,9597590
2982,2019-11-21,76.99800872802734,77.25296789437259,76.09584388705682,76.80188547388734,12107895
2983,2019-11-22,77.95902252197266,78.92002337032008,76.88034451737695,76.88034451737695,16199814
2984,2019-11-25,77.9001693725586,78.60621624153852,77.58637431091206,78.05707222356534,6529113
2985,2019-11-26,76.25275421142578,78.21398708166046,76.05663092440231,78.0766997167071,21594044
2986,2019-11-27,76.52732849121094,76.88035468646686,76.13508189220214,76.46849256539662,12155700
2987,2019-11-28,76.9391860961914,77.56678168180461,76.17430314494648,76.9587962969168,6724188
2988,2019-11-29,75.82127380371094,76.84111585115555,75.3505758371414,76.64499258511559,17547179
2989,2019-12-02,75.07601165771484,76.48810033506234,74.68376509846189,76.48810033506234,19957065
2990,2019-12-03,74.29151153564453,75.35057395367753,74.17383438685157,75.35057395367753,7451455
2991,2019-12-04,73.89926147460938,74.52685162404977,73.62468679409143,74.3111181752026,10311154
2992,2019-12-05,73.46778869628906,74.0953841611256,73.15398830377896,73.93848130477872,4569931
2993,2019-12-06,73.19320678710938,73.80119199493153,72.89902194079698,73.52661734363339,5388071
2994,2019-12-09,73.72274017333984,74.07576092295709,72.78134973429947,73.35010390863195,5459781
2995,2019-12-10,71.68305969238281,73.72274350256576,71.46732625792532,73.72274350256576,10563080
2996,2019-12-11,71.29082489013672,71.89881022167424,69.93757751384524,71.78113306709396,39214905
2997,2019-12-12,72.46754455566406,73.87963278041734,71.01623594370373,71.6830516885992,63493233
2998,2019-12-13,72.84019470214844,73.56585180676149,72.56562001818119,72.84019470214844,12987237
2999,2019-12-16,73.33049774169922,73.70313402687567,72.7421280199575,73.03631288082836,8479418
3000,2019-12-17,73.76197052001953,74.0757655793638,72.80096450547963,73.48739585295573,17903634
3001,2019-12-18,73.4285659790039,74.13460758064554,73.0167092647436,73.36973006556441,10099352
3002,2019-12-19,73.11477661132812,73.40896152171423,72.52640679055591,73.3893460022446,5749401
3003,2019-12-20,72.99707794189453,73.52661168856605,72.60483151031308,72.82057023979252,9690984
3004,2019-12-23,72.87943267822266,73.54624866261051,72.46757058298034,72.82059675609794,17045076
3005,2019-12-24,73.4089584350586,73.50702006773072,72.76174740327525,73.134383735503,3748896
3006,2019-12-26,72.50679016113281,73.54624243121467,72.192995056265,73.46779631508981,3925143
3007,2019-12-27,74.15423583984375,74.33074361048998,72.76175727487129,72.76175727487129,7122947
3008,2019-12-30,74.64453887939453,75.11523155524014,74.01694332474929,74.13461516366459,6925363
3009,2019-12-31,74.62491607666016,75.40941443354427,74.23266955831005,74.33073118789757,11907723
3010,2020-01-01,76.68421173095703,76.84110926630694,74.62491229382368,74.74258943547385,13620373
3011,2020-01-02,76.52732849121094,77.15492411366203,76.23314354195433,76.7038415888389,5673692
3012,2020-01-03,75.70360565185547,76.40964731584397,75.01716886716616,76.19391384078757,7358268
3013,2020-01-06,75.7428207397461,76.0762313488781,73.74236240513808,75.31135381988771,7355290
3014,2020-01-07,75.19368743896484,76.29198105455478,74.97795394814105,75.76244710776898,14023712
3015,2020-01-08,74.74259948730469,74.89949704375512,74.0757782221599,74.64453784950013,9451757
3016,2020-01-09,75.6839828491211,75.86049590822455,74.97794125307495,75.29173633572127,7714854
3017,2020-01-10,75.37019348144531,75.9781734952418,74.91910570068457,75.9781734952418,4118638
3018,2020-01-13,76.4096450805664,76.48809651657427,75.23290546155353,75.46825444939294,27682638
3019,2020-01-14,76.5861587524414,77.01762569331771,76.1939122096926,76.40964568013075,5994314
3020,2020-01-15,76.19390106201172,76.80188098624711,75.66436724273835,76.6449834561396,7114590
3021,2020-01-16,77.05684661865234,77.54715476659092,76.13506623649103,76.13506623649103,8552344
3022,2020-01-17,77.42949676513672,77.60600453780188,75.9585720586695,76.86073708389546,4698386
3023,2020-01-20,80.27325439453125,82.76402035976137,79.72411044098183,80.17519278424804,49337827
3024,2020-01-21,78.68466186523438,80.13597598687902,78.05707174578275,79.88101683582886,17283910
3025,2020-01-22,78.46894073486328,79.37110566322076,75.72321491094227,78.6454538087605,56787054
3026,2020-01-23,79.2142105102539,81.35195638033247,76.05662784509126,77.17453159990129,226059260
3027,2020-01-24,77.25296783447266,77.7236657721172,76.19390545504805,77.05684458048472,16151679
3028,2020-01-27,75.70360565185547,77.05685306119749,75.42903093797975,77.03724286171393,8213919
3029,2020-01-28,74.70338439941406,75.70361643947734,74.17385041587292,75.70361643947734,9174575
3030,2020-01-29,75.46825408935547,76.01739817823817,74.23267323913919,74.70337121257246,17600091
3031,2020-01-30,76.25275421142578,76.58616486340262,75.07601448928499,75.46826106333192,26386034
3032,2020-01-31,73.29129028320312,76.68422744642605,72.60485877021104,76.60577600258165,63986362
3033,2020-02-03,73.48739624023438,74.13460187865735,69.60415708951308,70.95740427527322,16329297
3034,2020-02-04,76.23313903808594,76.60577541320288,73.74237221749797,73.87965958307709,14207381
3035,2020-02-05,74.27191925048828,76.76268651011256,73.74238521573578,76.13509081411647,14550344
3036,2020-02-06,75.66438293457031,75.99779358030857,73.99733502606361,74.50725343470948,9175642
3037,2020-02-07,74.68376922607422,75.62515995627307,73.95811198731386,75.62515995627307,18058457
3038,2020-02-10,73.19320678710938,74.95831586498373,72.46754976883551,74.80141834432042,30471811
3039,2020-02-11,74.33074188232422,74.9975631875327,73.78159774166205,73.93849530753916,32456571
3040,2020-02-12,74.27191925048828,75.27215138728425,73.95812406258304,74.54649403004457,16386952
3041,2020-02-13,74.74259948730469,74.97794848207252,73.62469575229575,74.05616802267272,18581113
3042,2020-02-14,72.21259307861328,75.07599553848206,71.93801841801515,74.72296945480352,23830630
3043,2020-02-17,72.01647186279297,72.87941626016948,70.82012220842338,72.5656158792219,17670292
3044,2020-02-18,72.56562805175781,73.09516196078457,70.93780592564063,71.62423739136824,30879880
3045,2020-02-19,73.5462417602539,73.72275483024686,71.78113234106107,72.9578719538563,22313738
3046,2020-02-20,74.23265838623047,74.80141788031288,72.91863700366608,73.54622708242628,25907657
3047,2020-02-24,72.99707794189453,74.21304294383361,72.5852213168071,74.13459152944422,14921452
3048,2020-02-25,73.0167236328125,73.624703724964,72.70292316574647,72.99710811101686,17807428
3049,2020-02-26,72.89904022216797,73.89927214257472,72.15377282198428,72.5656295820324,17113656
3050,2020-02-27,73.1343765258789,73.62468464090476,71.11430815600914,72.60484269761429,28472046
3051,2020-02-28,71.19276428222656,72.68330435379917,70.2709838322066,71.95764717739263,28010970
3052,2020-03-02,71.97725677490234,73.42857111558146,71.29082532299438,72.0753184108892,19540018
3053,2020-03-03,75.19368743896484,76.37042717840673,71.40850900779704,72.09494052247148,16039306
3054,2020-03-04,77.29220581054688,77.66484218031059,73.95810996384807,74.80143902574085,16939245
3055,2020-03-05,76.86073303222656,78.27282174003462,76.31158890146358,76.8999587530349,9715265
3056,2020-03-06,74.76221466064453,75.54670781527258,73.80121373833597,74.72298893887618,14371982
3057,2020-03-09,70.97702026367188,73.97770484008346,69.80028079682941,72.52639602308786,69609292
3058,2020-03-11,71.1535415649414,72.13415797437395,69.5257193893203,70.40827415780959,42604599
3059,2020-03-12,65.15216827392578,69.78067538572063,64.62263437312431,69.11385945005351,58418097
3060,2020-03-13,65.85821533203125,67.701776376406,58.64087936203925,63.8577567205189,44617540
3061,2020-03-16,64.23554229736328,66.24862376201712,63.035831705568654,66.04528242279903,39669086
3062,2020-03-17,65.88260650634766,69.2784077709804,63.34083991844688,63.66618383530358,35460792
3063,2020-03-18,58.623313903808594,67.0619780940635,49.676290933094556,66.69596484684,119909061
3064,2020-03-19,59.8433723449707,61.77511509234402,56.976256115592875,59.131677648570005,44039786
3065,2020-03-20,63.950870513916016,65.82161201929716,60.29072624877393,60.29072624877393,131485883
3066,2020-03-23,62.222469329833984,63.38151612210551,57.56595023224671,57.56595023224671,39665620
3067,2020-03-24,59.90437698364258,63.93053467308974,59.13168094481732,61.83611983869933,42302851
3068,2020-03-25,61.10408401489258,63.82885442928379,60.331382575899305,60.39238938549402,23309603
3069,2020-03-26,64.39823150634766,65.76061431436493,59.88405185062359,61.24644017462871,25329120
3070,2020-03-27,65.06924438476562,67.61101109714083,63.70685632373515,64.49988974439093,28883749
3071,2020-03-30,63.300174713134766,65.02857610658532,62.24279863982647,63.035832073804414,22364337
3072,2020-03-31,64.70323181152344,65.80127173406827,63.60518637299176,64.41855173013023,24838523
3073,2020-04-01,62.8731575012207,65.86227066862521,62.28346543206672,64.66256011949996,14182117
3074,2020-04-03,63.52384567260742,65.25224700324453,61.71411111835586,62.852820376851525,21066826
3075,2020-04-07,64.25587463378906,65.84193585043188,63.605181296811224,65.4759225721276,24741992
3076,2020-04-08,64.39823150634766,66.16729706684478,63.13751387046251,64.21522206133658,21481260
3077,2020-04-09,66.87898254394531,67.79401853376945,64.39821720166921,65.43525578374191,15607786
3078,2020-04-13,65.04891204833984,67.0619936489789,63.95087205198082,66.69598031685922,14901247
3079,2020-04-15,64.88623046875,66.65530108089905,64.43887845524307,65.65892639245119,25249654
3080,2020-04-16,66.45196533203125,67.79402148512389,64.05253862412164,64.33721319042357,31150756
3081,2020-04-17,68.2210464477539,70.45780152643557,66.79765685222921,68.18037707039852,18536308
3082,2020-04-20,67.30599212646484,68.81072007086823,65.9436042064217,68.81072007086823,24177042
3083,2020-04-21,66.14695739746094,67.50934556208804,65.94361604500875,66.69598015227929,13915863
3084,2020-04-22,65.96395111083984,66.18762991876685,63.6865322678602,65.06925242709426,19702407
3085,2020-04-23,64.25587463378906,65.84193585043188,64.0932026785412,65.67926389518402,32128585
3086,2020-04-24,64.72355651855469,65.10990722648926,63.34083666887165,63.84918996037175,33134279
3087,2020-04-27,64.90657043457031,65.67926638831838,64.11353703815276,65.67926638831838,9762001
3088,2020-04-28,63.930538177490234,65.23192511547039,63.7678661892396,65.08958505725576,26134701
3089,2020-04-29,64.27619934082031,65.3132432815292,63.44250221631633,64.86589131785001,14509262
3090,2020-04-30,65.9029312133789,66.47228576350194,63.93051945403667,64.90656212966006,18702868
3091,2020-05-04,64.68289947509766,65.67927432265667,64.09321285420515,65.43526359305167,12598146
3092,2020-05-05,66.55363464355469,67.44833872735448,65.1505772203202,65.65893055975491,18305545
3093,2020-05-06,67.26533508300781,67.77368846600542,66.16728956933808,66.24862831701259,12853774
3094,2020-05-07,65.78095245361328,67.10267141307764,65.47594038604458,66.5536485882564,8561359
3095,2020-05-08,64.66255187988281,66.1266103868217,64.29653863214457,66.1266103868217,30898767
3096,2020-05-11,64.58123016357422,66.04528905618747,64.3982262494897,64.7845715232153,9453421
3097,2020-05-12,66.41130828857422,67.1026711790472,64.1338837554732,64.45923326933786,19986028
3098,2020-05-13,67.77368927001953,69.90877350393845,65.90294769519787,69.72576959348063,27175817
3099,2020-05-14,65.39457702636719,66.69596356479742,65.06923314975255,66.69596356479742,26454121
3100,2020-05-15,64.9879150390625,65.78094857436939,64.3575590096558,64.7439042961998,20009870
3101,2020-05-18,62.83248519897461,65.150572965828,62.344463818591585,65.00823845287049,32898286
3102,2020-05-19,64.27619934082031,64.78455259136807,62.62913701543993,63.035819615878125,12276533
3103,2020-05-20,64.43887329101562,65.33357724632657,63.340833545118706,63.54417485169065,24677051
3104,2020-05-21,64.62188720703125,65.0082379230177,63.849191291044676,64.07286453757177,17176100
3105,2020-05-22,63.38151168823242,64.255878324398,62.66981701665795,63.84919565492687,25080927
3106,2020-05-26,63.99153518676758,64.5405523734258,63.239171150993954,63.50351378086396,18512685
3107,2020-05-27,63.91019058227539,64.21520255397844,63.34083600496025,63.991529314457345,22655078
3108,2020-05-28,63.950870513916016,64.39822258285302,63.4628490721689,64.39822258285302,25797051
3109,2020-05-29,64.07286834716797,64.52022038280683,63.68652312419683,63.95086575380586,63844851
3110,2020-06-01,64.6015625,65.49626110206945,64.13387299702366,64.47955438427213,45314328
3111,2020-06-02,67.12298583984375,68.46504189675052,64.4998860524111,65.00823936578796,43626060
3112,2020-06-03,66.91963958740234,68.11935552503483,66.63496506246291,67.3059902835175,13811685
3113,2020-06-04,68.83106994628906,69.11575006925031,67.14333768698701,67.18400706397972,23992166
3114,2020-06-05,69.72576141357422,70.8848081077822,66.9196466225486,67.9160213545489,22851633
3115,2020-06-08,70.0917739868164,71.12881256171525,69.48174999782023,70.53912601527757,11723588
3116,2020-06-09,69.3597412109375,70.78313602063734,69.13606795689145,70.7627985782781,8412588
3117,2020-06-10,69.15641784667969,69.64443936625413,68.56673115284752,69.35975922717104,10101681
3118,2020-06-11,69.54275512695312,72.51154201330927,68.26170578264275,68.34303900940031,22109491
3119,2020-06-12,67.63135528564453,68.89207290674128,67.3466806718406,67.52968459871717,20331770
3120,2020-06-15,66.39096069335938,67.50933800668157,66.12661806795326,67.1839940855643,13833335
3121,2020-06-16,66.16728973388672,67.6110166547826,65.65893634962491,67.38734337210231,13972830
3122,2020-06-17,64.86590576171875,65.80127374461323,64.3982217702715,65.41492849775986,28371013
3123,2020-06-18,67.2856674194336,67.63134328083765,64.86590329368428,65.35391919471833,19720997
3124,2020-06-19,69.70541381835938,70.07143257500009,67.12297817798395,67.44832757099948,21577413
3125,2020-06-22,72.63352966308594,73.10121354764759,69.40040080218517,71.73882574097915,33039735
3126,2020-06-23,76.2326889038086,76.86304486616095,72.816555415086,73.8129246948038,34298071
3127,2020-06-24,72.59288787841797,76.61905154146875,71.98286374959062,75.94802058696838,32910525
3128,2020-06-25,72.93855285644531,74.54495157279752,70.90513955270157,72.55220212233935,40909792
3129,2020-06-26,72.87754821777344,74.0569267766516,72.45052813398189,73.58924284143964,11954078
3130,2020-06-29,72.49119567871094,73.3248983836353,72.04384368045716,72.38952502074355,7547198
3131,2020-06-30,71.10847473144531,73.18255722503132,70.76279339651663,72.79620652434876,11889584
3132,2020-07-01,70.53913879394531,71.33216681371104,69.90877724819616,71.16949482370687,15209917
3133,2020-07-02,71.21015930175781,71.9015221067022,70.19345253918502,70.55946587051378,15481100
3134,2020-07-03,72.22685241699219,72.95887894133256,71.21014584652715,71.57615910869733,22720042
3135,2020-07-06,72.38953399658203,72.67421408058372,71.4948354051238,72.5522059663029,11724475
3136,2020-07-07,70.39678955078125,72.59287491932255,69.82743490204638,72.59287491932255,20855578
3137,2020-07-08,69.0344009399414,71.0271449532136,68.64805019055768,70.35611963964061,16818545
3138,2020-07-09,69.76644897460938,70.15279429609318,68.93274598743007,69.33942875698443,16110083
3139,2020-07-10,70.19344329833984,70.66112724435611,68.93272597552338,69.7867606468498,23809286
3140,2020-07-13,68.77005767822266,70.8441404144066,68.40404437559884,70.19344703419384,10803798
3141,2020-07-14,66.43163299560547,68.64805027754835,66.28929295533705,68.52604768073932,16288923
3142,2020-07-15,66.5129623413086,67.63133963876683,66.32995845677097,67.12298632174036,15061461
3143,2020-07-16,65.96395111083984,66.89932468619484,64.86591106497197,66.89932468619484,15458966
3144,2020-07-17,66.41130828857422,66.6349871136039,65.74028284546097,65.74028284546097,13711930
3145,2020-07-20,66.49263763427734,66.79764965760907,66.02495363503279,66.41129888832737,8390572
3146,2020-07-21,70.62046813964844,70.9458176177171,66.73665045985767,66.73665045985767,33717545
3147,2020-07-22,73.06055450439453,73.77224915151035,70.68146538253946,70.7627986040465,46076322
3148,2020-07-23,73.91458892822266,74.23993836108396,72.16585572204433,72.38952897539743,18738194
3149,2020-07-24,74.01627349853516,74.52462691165722,72.65388524817051,72.99956667229102,14438899
3150,2020-07-27,73.56892395019531,73.83327214700171,72.69455715241622,73.73160146084163,11938756
3151,2020-07-28,73.9755859375,74.36193664289449,72.67420482940749,73.28422877519696,11893746
3152,2020-07-29,73.91458892822266,75.03296622696116,73.40623561061425,73.73158504347555,13335993
3153,2020-07-30,71.9218521118164,74.52462025118733,71.41349874412727,74.21960823057384,23995122
3154,2020-07-31,72.51152801513672,72.93854254214378,71.65749344513678,71.82016538323538,14354565
3155,2020-08-03,72.61321258544922,72.99955782299514,70.80347244772352,72.79621648239616,12500988
3156,2020-08-04,72.49119567871094,72.81654509379833,71.4134878074538,72.32852372916035,9628257
3157,2020-08-05,71.55582427978516,72.36918950314899,71.23047488084805,72.00317625583244,10577794
3158,2020-08-06,71.53549194335938,72.28785593184604,71.33215062301089,71.84050392388211,8564058
3159,2020-08-07,71.55582427978516,72.36918950314899,71.27114424521343,71.49482299123005,8026904
3160,2020-08-10,72.08451843261719,72.71487986870406,71.67783577036242,71.92184647091261,7766140
3161,2020-08-11,71.9218521118164,74.15860692964857,71.39316681581454,72.45053740781827,21833550
3162,2020-08-12,72.40987396240234,72.97922863425006,70.43746178136995,71.6575098707524,19435650
3163,2020-08-13,72.69454193115234,73.3249033629482,71.73883657816201,73.18256332893066,10641012
3164,2020-08-14,71.33216094970703,73.46724512246045,70.80347564665819,73.46724512246045,17130105
3165,2020-08-17,72.65387725830078,74.21960670172832,71.41349727308464,71.57616924419689,17368089
3166,2020-08-18,72.28787231445312,73.16223908691218,71.79985634460947,73.14190715666403,13890131
3167,2020-08-19,72.12518310546875,72.95888030240856,72.00318052113141,72.59286703341026,12400644
3168,2020-08-20,73.69092559814453,76.49703518601846,71.75918273110263,72.06419476274083,44062975
3169,2020-08-21,76.90371704101562,77.47307172388798,74.2602794628344,74.4229514413712,49949864
3170,2020-08-24,75.3379898071289,77.53408088982164,74.99230839478007,77.12739817317296,19724617
3171,2020-08-25,75.13463592529297,75.96833866505281,74.42294128978372,75.84633056080222,10109220
3172,2020-08-26,75.37864685058594,77.12738555568657,74.87029353793805,76.04967212008387,18000615
3173,2020-08-27,75.3176498413086,76.31402459717974,75.11430850468075,76.00901259223798,10363056
3174,2020-08-28,74.13825988769531,75.94799419814845,73.93491858207231,75.84632354533696,12114955
3175,2020-08-31,72.77588653564453,75.37865466295982,72.38953577159549,74.62629057906733,24259718
3176,2020-09-01,73.3655776977539,74.13827927396221,72.63355101248932,72.81656044179915,16505345
3177,2020-09-02,75.37899780273438,76.16939435293904,72.90380281521357,74.02700177342433,30959608
3178,2020-09-03,74.25581359863281,75.48301249524171,73.90221343839418,75.04621030588375,11884498
3179,2020-09-04,72.82061767578125,74.04781087547453,72.25901811006278,73.71501405848713,17373558
3180,2020-09-07,73.27820587158203,73.611008303588,71.98861407988689,72.82061169638436,13069001
3181,2020-09-08,72.75819396972656,73.21579370304543,72.27979655676117,73.15339502176192,9597878
3182,2020-09-09,72.90381622314453,74.02701538792579,72.13421721337556,72.79981650945535,20122483
3183,2020-09-10,73.88140106201172,74.23500115194196,72.44620302031907,73.21580188843913,19635358
3184,2020-09-11,72.8622055053711,74.1726062372112,72.42540902298761,74.08940422040253,31182063
3185,2020-09-14,71.34381103515625,73.83980383194185,71.03181193555805,73.83980383194185,14143608
3186,2020-09-15,72.09261322021484,72.34220798934334,71.13581258329101,71.48941269601623,7858789
3187,2020-09-16,71.531005859375,72.15500399844511,71.05260841455677,71.96780229978637,13201491
3188,2020-09-17,70.01261138916016,71.30220877329813,69.84621300076859,71.28141109062845,10765947
3189,2020-09-18,71.51022338867188,71.96782328589681,69.59662740904228,70.34542877968653,23788415
3190,2020-09-21,70.92781829833984,71.42701915730474,69.74222049005719,71.135817715851,13331596
3191,2020-09-22,70.22061157226562,70.90701410088423,69.26381659653181,70.22061157226562,9039386
3192,2020-09-23,68.18221282958984,70.67820539936504,67.72461306332886,70.67820539936504,8404497
3193,2020-09-24,66.28942108154297,68.66061065031542,65.93582100376669,67.49581636835818,20770480
3194,2020-09-25,66.87181091308594,67.59980867032137,66.43500887333845,66.975810592691,8761400
3195,2020-09-28,69.9502182006836,70.32461601459877,66.9758277313225,66.9758277313225,16915185
3196,2020-09-29,67.93263244628906,70.4702267678676,67.59983559593442,70.30382834269028,13468026
3197,2020-09-30,67.57901763916016,67.91182005982725,66.68462136036722,67.78701703619781,14349950
3198,2020-10-01,68.47343444824219,69.05583175810732,67.72463307069047,68.53583315245167,14856837
3199,2020-10-05,67.74542236328125,69.22221584040909,67.45422094751345,68.22381985288993,10360105
3200,2020-10-06,67.89102172851562,68.39022257506315,67.32942782908111,67.84942635992431,8989183
3201,2020-10-07,66.3934326171875,67.89102392049202,66.14383218585496,67.80782753827808,17614061
3202,2020-10-08,65.85263061523438,67.01743074509125,65.72783322098148,66.64302727764186,12953710
3203,2020-10-09,65.72782135009766,66.28942080749776,65.18701957386838,66.01901709821097,11980039
3204,2020-10-12,66.47663116455078,67.72462771951547,65.95663259998216,66.22703072508874,20670634
3205,2020-10-13,66.74702453613281,67.39182609568438,66.22702600859694,66.55982845162698,11179799
3206,2020-10-14,65.33263397216797,66.89262965750869,65.02063483509983,66.74702893174113,13362234
3207,2020-10-15,64.79183959960938,65.33263586257058,64.3134420373982,65.14543976032047,15536883
3208,2020-10-16,66.12301635742188,67.05901356620161,64.62542533724972,64.93742440684296,18673957
3209,2020-10-19,66.45582580566406,67.55822150679364,66.31022509592736,66.53902218098156,18793008
3210,2020-10-20,65.39503479003906,66.72623340826811,65.27023738810632,66.55983499157591,13701957
3211,2020-10-21,68.11981964111328,69.11821562112549,65.41582747231014,65.56142817909927,36573148
3212,2020-10-22,68.6814193725586,69.0142161528929,67.05901955198067,67.45422066567934,39056262
3213,2020-10-23,70.7822036743164,71.30220211595432,68.51501385418162,68.68141222703692,29149043
3214,2020-10-26,71.57261657714844,71.94701438293247,70.57421490526428,70.74061330312996,36760149
3215,2020-10-27,72.17582702636719,72.94542612995896,71.34382921542392,71.57263199884108,23610507
3216,2020-10-28,71.90541076660156,72.61261098482886,71.36461458255351,72.61261098482886,14060472
3217,2020-10-29,71.38540649414062,72.09260665519076,70.82380703005309,71.15660942915967,17654072
3218,2020-10-30,71.13583374023438,71.55183266896651,70.42863330445113,70.92783427586832,22904945
3219,2020-11-02,71.98860931396484,72.55020315404502,71.5310095267171,71.78060992361083,13423596
3220,2020-11-03,74.85900115966797,75.17100025098097,72.32140742185341,72.38380611164708,27441682
3221,2020-11-04,73.67340850830078,74.8798039485111,72.65420915023711,74.85900626460983,19461431
3222,2020-11-05,74.48460388183594,74.79660297525703,73.46540458638916,74.04780176563958,10248002
3223,2020-11-06,74.2350082397461,74.6510070576546,73.67340870710059,74.15180621922636,8815864
3224,2020-11-09,76.56460571289062,76.83500382653126,74.50540922757861,74.83820603785243,15228920
3225,2020-11-10,77.3342056274414,77.72940113916815,75.5246095489379,76.25260751734255,13815795
3226,2020-11-11,78.89420318603516,79.45579711853848,76.5022041609612,76.5022041609612,15502357
3227,2020-11-12,78.83180236816406,79.435002983359,77.85420954279714,79.24780123592727,26079694
3228,2020-11-13,78.56138610839844,79.01898588583839,77.45899049161885,78.45738641545047,11968619
3229,2020-11-14,78.20781707763672,78.99821957175946,77.79181814066546,78.62381601460797,1162700
3230,2020-11-17,77.70861053466797,78.72780439789238,77.31340934458663,77.79180692465897,16872514
3231,2020-11-18,77.1261978149414,78.91499037142495,76.85579408508329,77.70859499781898,16685757
3232,2020-11-19,78.95660400390625,82.0349944419114,74.214212482218,74.25581349672056,64832376
3233,2020-11-20,79.80937957763672,80.70378141896894,78.66538299600592,80.49578204049061,27479934
3234,2020-11-23,81.01579284667969,81.49419036169664,79.24779221753857,79.87179609051756,20909280
3235,2020-11-24,80.91178131103516,82.24297395633967,80.39178286153864,81.11978069083376,15308572
3236,2020-11-25,81.24459075927734,82.13898710372533,80.51659281620535,80.91179395652536,19854793
3237,2020-11-26,82.2221908569336,82.84618910699194,80.22539307133971,81.18219377350302,24879552
3238,2020-11-27,80.03820037841797,82.22219434630728,78.49900237268159,82.22219434630728,46793847
3239,2020-12-01,80.01739501953125,81.72299139391926,79.72619921661087,81.05739212070134,18193922
3240,2020-12-02,80.76618957519531,81.2029860642836,78.85259394032556,80.22538774232727,15836732
3241,2020-12-03,80.4749984741211,81.16139546314352,79.45579901242266,81.11980009111144,21308517
3242,2020-12-04,80.84941101074219,81.93100936938187,80.18381722913009,80.78701229900939,14838659
3243,2020-12-07,80.49579620361328,82.05579181667979,80.0797973734622,80.28779678853773,22078115
3244,2020-12-08,79.70539093017578,80.9533873739337,79.49739152288281,80.70379259905813,15896364
3245,2020-12-09,80.1629867553711,81.01578766813326,79.49738755677117,80.24618877107537,18701467
3246,2020-12-10,80.18379211425781,81.28618781740454,79.66378796643382,80.28779181535364,13612880
3247,2020-12-11,80.32939910888672,81.22380118498376,79.93420357145257,80.70380260229744,14876364
3248,2020-12-14,80.82860565185547,81.9518049258624,80.20460730903964,81.53580603065186,20316890
3249,2020-12-15,80.20458984375,80.99498644406465,79.60138932010874,80.87018905961573,16084083
3250,2020-12-16,81.61898803710938,81.88938614286327,80.10059346571119,80.99498980428723,35024972
3251,2020-12-17,82.51543426513672,83.41187809349967,81.78974026362954,82.51543426513672,23058726
3252,2020-12-18,82.77156066894531,83.1557492211291,81.98183621785326,82.5154330375241,20310375
3253,2020-12-21,79.185791015625,82.47274997349035,78.73757197132358,82.38737795023584,21609326
3254,2020-12-22,81.23479461669922,81.55495268464355,78.97234079595525,79.16443795268009,23934507
3255,2020-12-23,81.08539581298828,81.8324313919451,80.67985989702464,81.74705358124866,9836093
3256,2020-12-24,81.10674285888672,82.06722302957651,80.8719625484293,81.2134622345304,12945145
3257,2020-12-28,81.76838684082031,82.08854489092681,81.10672339666307,81.19210119264957,6879688
3258,2020-12-29,80.97867584228516,82.23796669626202,80.67985929696637,81.78974187828383,8549660
3259,2020-12-30,81.19210815429688,81.38420531678985,79.74072602734746,81.10673035098982,19132583
3260,2020-12-31,81.0427017211914,81.5336096265388,80.27432463368207,81.32017090335334,23272111
3261,2021-01-01,80.8932876586914,81.06404325691706,80.4664102429183,80.67984895080485,3074621
3262,2021-01-04,80.44508361816406,81.27749704937028,80.252986429456,81.10674141945351,7133203
3263,2021-01-05,80.25298309326172,80.89329930914128,79.48460595016478,80.89329930914128,10478882
3264,2021-01-06,83.7320327758789,84.35100159672953,79.82609952512655,80.25297696980803,54265234
3265,2021-01-07,84.1162109375,86.14387854950668,83.45455329585589,84.52174677585941,40129922
3266,2021-01-08,86.89092254638672,87.08301970767168,84.32965794203116,84.84191317886058,29487917
3267,2021-01-11,86.89092254638672,87.50989714173093,85.99447877688311,87.08301970767168,12726089
3268,2021-01-12,86.95494842529297,87.40317318139337,85.3541581318532,85.82372444257462,31454127
3269,2021-01-13,87.50990295410156,88.19290805194044,86.48539241239519,86.99764768324837,23792586
3270,2021-01-14,87.5525894165039,88.57709999738836,86.9122731983993,87.91543643140912,12024674
3271,2021-01-15,86.6561508178711,87.83006387728138,86.44271207979651,87.06168094627503,13530190
3272,2021-01-18,83.561279296875,86.22926320930452,83.04902406973028,85.90910513981298,26118654
3273,2021-01-19,85.22611999511719,85.37552828706968,83.34786004029199,83.47592098202442,19382828
3274,2021-01-20,83.7320327758789,85.631633930774,83.30515533119741,85.37551209588183,21158179
3275,2021-01-21,83.30516815185547,84.39370348736041,82.87829064147756,83.86010659938803,12509109
3276,2021-01-22,82.89961242675781,83.7960561426995,82.38736301043072,83.24111782753796,16720401
3277,2021-01-25,81.19210815429688,84.00950039478442,80.9359805342715,83.00633726045758,9393599
3278,2021-01-27,82.10989379882812,82.96364867557531,80.80791992774698,81.106730660671,18874916
3279,2021-01-28,79.95415496826172,81.5122562638595,79.31383889144934,81.5122562638595,16072463
3280,2021-01-29,78.73756408691406,80.67985413759041,78.11858947829191,80.55179322058383,13415015
3281,2021-02-01,80.6371841430664,80.87196445907064,77.90516343012547,78.73757689577104,9485240
3282,2021-02-02,82.89961242675781,83.51858698511873,80.7652253839897,81.53360240342806,10803602
3283,2021-02-03,88.15022277832031,89.64429395829887,83.02769301839383,83.02769301839383,73411707
3284,2021-02-04,87.6593017578125,88.64112335412322,87.16839385460509,88.15021545091581,23523019
3285,2021-02-05,88.4063491821289,88.91859867698629,85.90911480127325,87.78737452887624,28755118
3286,2021-02-08,90.73281860351562,91.09566557704832,87.80870704960492,88.15021246759274,28436890
3287,2021-02-09,89.9644546508789,92.82453616489997,89.6442965316928,89.6442965316928,27738169
3288,2021-02-10,89.83638000488281,91.35179844262794,88.3636562604723,89.87906890832139,34189378
3289,2021-02-11,91.24506378173828,91.69328271795928,88.93992707136803,89.15336576288186,20504448
3290,2021-02-12,90.77552032470703,93.486193546414,89.87907643699103,93.486193546414,25066544
3291,2021-02-15,90.69013214111328,91.97077025563328,90.3059436017052,91.35179564943994,8599603
3292,2021-02-16,96.28223419189453,98.13915813407269,91.05298518495024,91.09567408992496,80200957
3293,2021-02-17,98.20318603515625,98.69409977366004,94.85220241776454,96.26089579896765,39034960
3294,2021-02-18,100.95653533935547,101.7249123972813,97.54151589987056,98.6087094747096,44291912
3295,2021-02-19,99.1209716796875,100.78579840547245,97.64824212684577,99.67591006168507,36335681
3296,2021-02-22,96.0261001586914,99.84665534601749,95.44981448938866,99.2276807771561,25800846
3297,2021-02-23,96.51702880859375,97.79765554179777,95.89805410646969,96.36762052291931,18293559
3298,2021-02-24,95.08699035644531,97.41347514702977,94.59608236840275,96.53837276061775,11421326
3299,2021-02-25,97.13597869873047,99.37707925180317,94.25455046787636,95.49249955590822,30696079
3300,2021-02-26,91.47985076904297,97.00791560265948,90.15652962614179,94.55337046933629,38070699
3301,2021-03-01,97.00791931152344,97.66957701332316,92.80317546004984,92.84586436111015,31441940
3302,2021-03-02,96.06878662109375,97.90435725711555,95.34309846285299,97.75495478828955,18223787
3303,2021-03-03,97.1146469116211,98.24587683119914,95.49251485282029,98.18184057922589,19350542
3304,2021-03-04,96.11148071289062,98.16049596481702,95.21503690204133,95.21503690204133,22865747
3305,2021-03-05,94.019775390625,96.4743205680529,93.63558686865889,96.4743205680529,17342685
3306,2021-03-08,95.71538543701172,97.34578567029205,94.34585042045457,94.71540898606308,15749448
3307,2021-03-09,93.91109466552734,96.56321405591244,92.71546760319734,95.86757531297644,12585004
3308,2021-03-10,93.54151916503906,95.19366161875618,93.04153093579252,94.780624531079,10661165
3309,2021-03-12,95.67192840576172,96.0414870543723,93.6502328418241,93.78066842797702,18173078
3310,2021-03-15,97.45450592041016,98.47622486136497,95.54150363136321,96.08497052580798,30092241
3311,2021-03-16,97.58492279052734,98.78054972891161,97.17188567119777,97.88926065482991,14767699
3312,2021-03-17,95.84583282470703,97.82404965980727,95.36758085117958,97.80231334614379,12571132
3313,2021-03-18,96.106689453125,97.17188673229592,95.71539453932479,96.08495314007749,14232655
3314,2021-03-19,100.08486938476562,100.91093182415362,95.28061945217462,96.4762463829066,70334403
3315,2021-03-22,97.1936264038086,101.91092543343046,96.60668696132304,101.91092543343046,29180881
3316,2021-03-23,95.21540832519531,97.38927555663884,94.99802160205095,97.19362514701201,38455903
3317,2021-03-24,96.106689453125,97.34579492765243,94.30238086944084,94.36759570557551,24398959
3318,2021-03-25,94.08499145507812,97.12840542608349,93.62848171822411,96.10668669927614,20272124
3319,2021-03-26,93.30241394042969,96.51973652561942,92.23721655146485,95.36758797851,25184863
3320,2021-03-30,96.23713684082031,97.2588557223766,93.65023221485791,94.30239245027772,53328751
3321,2021-03-31,93.75891876220703,96.12843647053943,93.32414530357667,95.60670596138603,20694060
3322,2021-04-01,95.08499145507812,95.36759305382492,93.3676337521665,94.19370223196215,11229344
3323,2021-04-05,93.10675048828125,95.21540275890823,92.75893411038052,93.56326611839188,14484908
3324,2021-04-06,90.95462799072266,95.21541144202183,90.65029010655358,93.56327465083983,25301732
3325,2021-04-07,91.54158020019531,93.99805515377287,91.10680670710094,91.69375210217693,22841720
3326,2021-04-08,90.86766815185547,92.82414853720233,90.65028144237249,92.15024619960994,20468881
3327,2021-04-09,90.56332397460938,91.93285905852416,90.43289430832868,91.04157591262505,11773021
3328,2021-04-12,87.45470428466797,89.84595832552569,86.30255578983501,89.84595832552569,18544315
3329,2021-04-13,90.75897979736328,91.04158135586235,88.01990356877664,89.19379422345553,19831072
3330,2021-04-15,90.34596252441406,91.91114844232506,90.01988237055734,90.38944105766033,10159348
3331,2021-04-16,91.23723602294922,93.38936112766591,90.1068238391928,90.21551720499644,22020846
3332,2021-04-19,87.47644805908203,89.99813789178069,86.95472339841517,89.49814365027625,18404990
3333,2021-04-20,88.56336975097656,89.43291663071345,87.6720865580431,89.12857876100085,14467660
3334,2021-04-22,88.45467376708984,89.08509759499508,87.47643355640434,88.69380269011927,11626459
3335,2021-04-23,91.80243682861328,92.56329036986394,88.69380782518768,88.82423750203371,38318040
3336,2021-04-26,93.82412719726562,94.10673464367882,90.51984795782312,90.51984795782312,19139358
3337,2021-04-27,94.19368743896484,95.86756634911342,93.8241288384917,93.93282219763132,15270611
3338,2021-04-28,96.04147338867188,96.3892956719286,94.04151442516994,95.12844800348707,16383579
3339,2021-04-29,95.71538543701172,97.23709232140669,95.23713352251784,96.99796931265554,14761969
3340,2021-04-30,95.67192840576172,96.65016876544053,94.19369970831232,94.67195173022054,16897105
3341,2021-05-03,95.99800872802734,96.8892979291427,94.23717843569067,94.56325855627101,15528063
3342,2021-05-04,94.80238342285156,96.38931142412827,94.21544391223475,96.25887583521883,20857434
3343,2021-05-05,94.86759948730469,95.80236129192151,94.25891189639816,94.80237874756989,23178237
3344,2021-05-06,93.65021514892578,95.38930879312926,92.86762536783094,94.97627759082602,18823613
3345,2021-05-07,93.2806625366211,94.25890277405647,92.82415278461478,94.0632582647647,12509591
3346,2021-05-10,95.5849609375,95.71539060440732,93.45457236373187,93.65021686409284,17845577
3347,2021-05-11,97.12841033935547,97.91100608111132,94.95454310724301,95.65018180091745,22995780
3348,2021-05-12,98.2370834350586,102.17178065700553,96.97623575788955,97.12840763930569,55645370
3349,2021-05-14,99.4979248046875,99.9979189993383,97.32406341012845,99.01967871814013,18820793
3350,2021-05-17,99.30229949951172,100.43270592510564,98.73709038972153,100.41096960807238,10996347
3351,2021-05-18,101.34571838378906,104.28045120615533,99.34576506722759,100.3892261504683,52885042
3352,2021-05-19,101.62831115722656,103.47609820394035,100.60659833134308,101.82396155626363,28081040
3353,2021-05-20,99.5414047241211,102.15004535598015,99.3022816916642,101.73700823047227,10707136
3354,2021-05-21,99.10663604736328,99.67183918595948,98.25882544247654,99.15010867572263,21702883
3355,2021-05-24,100.43269348144531,101.91092797236318,99.30228719590929,99.56314655596067,22028927
3356,2021-05-25,101.25875854492188,101.9326549919259,100.49790505450162,101.30223116963805,9165363
3357,2021-05-26,98.08491516113281,101.65005391561859,97.80231359781874,101.38919456301628,18322114
3358,2021-05-27,99.25879669189453,99.8239998000339,97.06319319836221,98.56316391172058,51194207
3359,2021-05-28,98.01969909667969,100.43268935700907,97.73709163990893,100.43268935700907,15307498
3360,2021-05-31,98.10665130615234,98.51968844204966,97.28058293135003,98.25882319290358,13102261
3361,2021-06-01,97.56319427490234,99.12838002969659,97.34580752831961,98.38926273251813,15733731
3362,2021-06-02,98.88925170898438,99.1935954968144,97.43275940492802,97.47623793133124,7995532
3363,2021-06-03,98.38925170898438,100.62833966551337,98.1066501494881,99.58487868123133,10291328
3364,2021-06-04,98.32404327392578,99.19359611644443,97.7370979062972,98.25882843240986,6142487
3365,2021-06-07,102.7152328491211,103.38912921775228,98.65010063653,98.82400880614534,18058790
3366,2021-06-08,101.75873565673828,103.88913003763041,100.88918885539184,103.88913003763041,22511761
3367,2021-06-09,105.25867462158203,106.73689715880008,101.6500458355278,102.60654970901226,39865778
3368,2021-06-10,105.06303405761719,107.8238407885047,104.45434650098798,107.8238407885047,32690784
3369,2021-06-11,107.08473205566406,108.17166578309494,106.08475538522481,108.17166578309494,29142097
3370,2021-06-14,108.12816619873047,108.60641220199446,105.25866659118088,107.80208616178243,18732629
3371,2021-06-15,107.64993286132812,109.34554217656999,107.41079803757721,108.93250505570884,15026686
3372,2021-06-16,105.28043365478516,107.60646721354134,104.75870308447,107.32387150869422,30706682
3373,2021-06-17,104.28042602539062,106.10646478914687,102.93262146882915,106.10646478914687,22261167
3374,2021-06-18,101.30225372314453,106.51953596186581,100.04140579785894,106.08476244197237,49278209
3375,2021-06-21,102.10657501220703,102.36743436363048,99.30228391147435,100.82399098074183,11719831
3376,2021-06-22,101.75873565673828,103.04131954752096,100.88918885539184,100.88918885539184,10961545
3377,2021-06-23,100.97616577148438,102.60656634495336,100.86747239991978,102.49787297338877,10721151
3378,2021-06-24,100.49790954589844,101.28049938365186,99.17184111100063,100.9761556150854,12964208
3379,2021-06-25,100.3674545288086,101.21526498608448,99.73704255743333,100.62832563549962,7736431
3380,2021-06-28,100.80223083496094,101.08483826024015,100.302248505445,100.86745156202021,9989595
3381,2021-06-29,102.60655212402344,103.43262635101748,100.71529243851602,101.12831775802904,61089570
3382,2021-06-30,101.04137420654297,103.30219841854593,100.86746011562575,103.1065480147601,17437744
3383,2021-07-01,100.34573364257812,101.28050127910103,100.0848742897732,101.1065871812413,15924813
3384,2021-07-02,99.10663604736328,100.47616536850197,98.95445826013571,100.34573568943898,9549992
3385,2021-07-05,100.12834930419922,100.38922045720771,99.28053869639528,99.69357584317001,6849185
3386,2021-07-06,99.47618103027344,100.21529821276724,99.25879431742139,99.7370521620863,5343938
3387,2021-07-07,100.41095733642578,100.62834406816351,99.47618967235952,99.47618967235952,7228897
3388,2021-07-08,100.49790954589844,101.36745643095433,99.80226496146305,100.04138799605653,8740010
3389,2021-07-09,100.10661315917969,100.62834367209373,99.99791979373863,100.45442956979407,2990856
3390,2021-07-12,99.5631332397461,100.75876010237664,99.21531687486844,100.30225038635075,5578309
3391,2021-07-13,99.41098022460938,100.82399397373204,99.25880243677443,100.17183378182928,8264289
3392,2021-07-14,99.9761962890625,100.62835656526794,99.32403601285708,99.41099307514843,9228746
3393,2021-07-15,100.17184448242188,100.62835430672227,99.6935865475469,100.43270386945461,5376823
3394,2021-07-16,101.67179107666016,102.82394544722243,100.21530472352045,100.71529891315723,15903784
3395,2021-07-19,101.36746215820312,102.01962235884201,100.6500812199063,101.67179414997986,13725925
3396,2021-07-20,100.56311798095703,102.73698518268174,100.41095199443005,102.12830944258945,14178067
3397,2021-07-22,101.41093444824219,101.95440128029081,99.43271753838224,101.95440128029081,10378326
3398,2021-07-23,101.30225372314453,101.7152909258406,100.88921652044846,101.62833386306461,6660369
3399,2021-07-26,101.17180633544922,102.32396067930003,100.88919887933955,101.49788641835215,12963701
3400,2021-07-27,100.80223083496094,102.1065628182638,100.28051219441963,101.30222495846009,10832912
3401,2021-07-28,99.17183685302734,101.04137201081602,98.86749899451996,100.86745792367812,13828088
3402,2021-07-29,97.04142761230469,100.60657193830016,96.89650314209335,99.12833762455115,28609665
3403,2021-07-30,99.2153091430664,100.40368289581781,97.50519896563344,97.99793987745647,34142169
3404,2021-08-02,99.12834930419922,99.70804725334659,98.14286161125021,99.4181982787729,9575755
3405,2021-08-03,101.1282958984375,101.56306933186842,99.18631025457624,100.02687930226654,20959435
3406,2021-08-04,101.5920639038086,102.3746537633862,100.78048442966025,101.82394543842024,23323277
3407,2021-08-05,101.56307220458984,101.88191078238458,100.4326659632895,101.59206181856555,6621382
3408,2021-08-06,101.4471435546875,102.31669049944198,101.18628418885527,101.73699253627233,5340311
3409,2021-08-09,102.2876968383789,102.60653542310676,100.89643121698224,102.60653542310676,16415005
3410,2021-08-10,100.05587005615234,102.08481300778806,99.3312475734253,102.08481300778806,11925263
3411,2021-08-11,102.2297134399414,102.60651940105826,100.02686868738189,100.25873839208494,31279965
3412,2021-08-12,108.40350341796875,108.80928721584367,102.20074082768909,102.606524625564,58107755
3413,2021-08-13,107.09918212890625,108.5774164239216,106.43252721558592,106.78034358088853,26776843
3414,2021-08-16,104.75142669677734,106.83834898803579,104.57752436849668,106.66443486576881,21308655
3415,2021-08-17,106.22966003417969,106.51950903836571,104.92533951534254,104.95432913335563,15962459
3416,2021-08-18,104.69344329833984,107.82381446416076,104.43258394868165,106.49050451394561,25227527
3417,2021-08-20,103.5340347290039,104.37460369664409,102.63551012853995,102.78043459254862,18720467
3418,2021-08-23,101.8239517211914,104.28766811623937,100.98338258060727,104.05578656732011,13112745
3419,2021-08-24,102.3746566772461,103.93984823493567,101.70800166900712,102.7804523228627,11029463
3420,2021-08-25,101.73699188232422,102.86739818564487,101.47613251816875,102.722473695784,12001351
3421,2021-08-26,100.34571075439453,101.67902072999155,99.47616384700119,101.67902072999155,12115246
3422,2021-08-27,101.07032775878906,101.36017671238123,99.56311555890666,100.75150098622817,8051699
3423,2021-08-30,101.73699188232422,102.22973278905411,100.171812109421,101.56307777689712,14512401
3424,2021-08-31,101.6500473022461,102.63554103061283,101.41816573121942,101.73700436562943,43248333
3425,2021-09-01,101.8239517211914,103.07030472689513,101.244253745886,103.07030472689513,11817591
3426,2021-09-02,101.88190460205078,102.08479650561942,100.98336815112481,101.67901269848215,13545023
3427,2021-09-03,101.76598358154297,102.49060604568388,101.09932855573625,102.02684295103953,12286475
3428,2021-09-06,100.9254150390625,102.22973548217097,100.28774962567323,101.8529294398092,13950485
3429,2021-09-07,100.2877426147461,100.9543975978607,99.96890403334812,100.92540798355738,12485031
3430,2021-09-08,101.96903991699219,102.41148586282998,100.40573450899967,101.02515763296113,25370295
3431,2021-09-09,102.35249328613281,102.73594883143164,101.40861102224548,101.7035749798424,5078350
3432,2021-09-13,102.58846282958984,102.82443638683642,101.8805421578501,102.79493519138798,7522483
3433,2021-09-14,102.70645141601562,103.29637935292797,102.35249705429115,102.588470629479,8434427
3434,2021-09-15,104.94817352294922,105.5970917983825,102.49997039088802,102.64745236267348,20064238
3435,2021-09-16,105.86254119873047,107.16038958806718,105.18413381574746,105.56757729235105,16214883
3436,2021-09-17,105.4791030883789,106.42298523639067,104.26974620985237,105.92154897045748,21219226
3437,2021-09-20,104.41722869873047,105.71506515854756,103.2963633913724,104.53520946703648,7833069
3438,2021-09-21,103.7683334350586,105.24315337585784,103.50285864444548,103.85682503192963,9481007
3439,2021-09-22,104.2697525024414,104.6826972164572,103.70932581883235,103.70932581883235,9165634
3440,2021-09-23,105.1546401977539,105.44960412537735,104.41723037869532,104.41723037869532,10295913
3441,2021-09-24,103.91578674316406,105.89204251786617,103.70931440887199,105.184133942547,7093411
3442,2021-09-27,103.82730865478516,104.50572812880449,103.29637115328683,104.12227259982717,5205649
3443,2021-09-28,108.5172348022461,111.43738517304598,103.88630308533122,104.3287490201087,38873626
3444,2021-09-29,115.06543731689453,115.80284716383153,107.63233645807887,108.2517655303513,53686662
3445,2021-09-30,112.02730560302734,116.80571897901909,111.28989576098807,115.00643416359797,23618199
3446,2021-10-01,113.17765045166016,114.1510337601146,111.87981404179575,112.55823343872535,16994903
3447,2021-10-04,113.0596923828125,113.88559390129099,112.11581007688625,113.26616476190344,10757286
3448,2021-10-05,112.05680084228516,115.09493195585416,111.70284649942879,113.05968548284451,17200858
3449,2021-10-06,110.67048645019531,113.35466355525425,110.16905006851272,113.2366707581954,8929507
3450,2021-10-07,111.08341217041016,113.00067756579564,110.67045549936756,112.67621246727018,6733699
3451,2021-10-08,110.72944641113281,112.17477676354206,110.31650174022283,111.4963573738081,8165175
3452,2021-10-11,114.12152862548828,115.09491190031464,111.6733378461011,112.08628250712472,12982042
3453,2021-10-12,114.06256103515625,114.82947213269838,113.05968837109126,114.3870261922966,8539966
3454,2021-10-13,117.63162231445312,120.64025211845146,114.53450092754912,115.09492761576253,33075614
3455,2021-10-14,120.72875213623047,121.49565123672853,116.95321101941782,118.10356567122209,19185455
3456,2021-10-18,120.22732543945312,123.85537286390137,119.25394188567529,123.7668932698341,38546365
3457,2021-10-19,117.1891860961914,120.81724527853717,116.21580260793554,120.34529813207538,16174177
3458,2021-10-20,114.65247344970703,118.13305011056569,114.06254560895513,117.98556815037772,21909934
3459,2021-10-21,114.47550964355469,116.4222644416731,114.15104450947825,115.77334617563362,16946547
3460,2021-10-22,114.71146392822266,116.21578472422907,112.82369963710056,115.56686649928788,7705870
3461,2021-10-25,113.64958190917969,115.03590970260953,112.38123486331854,114.7114446436297,7862419
3462,2021-10-26,112.32225036621094,113.82655898591457,111.90929372389348,113.62008666581147,8525850
3463,2021-10-27,112.23379516601562,113.17767750811888,111.23092242792752,112.17480477003078,9862679
3464,2021-10-28,109.6676025390625,112.73522291692002,109.28414699130175,112.49924934890461,11095238
3465,2021-10-29,109.16617584228516,111.28991413761557,106.95394595087528,110.25754018829096,12988035
3466,2021-11-01,110.75895690917969,111.20140280895005,108.87119253767142,108.90068172972155,5475153
3467,2021-11-02,109.4316177368164,112.8237029227285,109.22514538679218,111.28989289126041,10946890
3468,2021-11-03,108.5172348022461,110.49350291261017,107.95680808570692,109.43162786829855,13957727
3469,2021-11-04,109.16617584228516,109.63811101785008,108.69422866460492,109.10717344348865,830214
3470,2021-11-08,111.58487701416016,112.29278577152971,108.90069997174653,110.67048386728558,11947323
3471,2021-11-09,110.05106353759766,112.29278253948961,109.31365360234739,112.29278253948961,10381150
3472,2021-11-10,108.78271484375,110.02156112082699,108.2812784937563,109.69709595206447,13857851
3473,2021-11-11,107.45536804199219,109.28414210870568,106.59996539641831,109.13666013554953,8851354
3474,2021-11-12,107.36687469482422,108.36974729497442,106.364002094674,108.36974729497442,9590673
3475,2021-11-15,111.08341217041016,111.34887488584945,107.36686214158729,107.48484290353541,24821341
3476,2021-11-16,110.67048645019531,112.88271637124978,110.02156807377575,111.4963880211454,23206330
3477,2021-11-17,112.70573425292969,114.32803603776733,110.31652136895944,110.31652136895944,18359498
3478,2021-11-18,113.5611343383789,114.71148908018131,112.705743581871,113.17767875707301,10742933
3479,2021-11-22,114.5639877319336,116.21579057135655,113.2661512167536,114.68198050738567,25095721
3480,2021-11-23,119.0769271850586,119.4013922845015,113.94455998989808,114.00355037103893,19671538
3481,2021-11-24,119.93233489990234,122.38052583884718,119.16542390560537,119.28340467298368,18120478
3482,2021-11-25,120.49275970458984,120.93520557865811,118.72297620831681,119.51937638121719,18537454
3483,2021-11-26,119.1654281616211,120.90571055422528,118.45751952784285,120.37478507994813,12814537
3484,2021-11-29,118.133056640625,120.34528616573033,117.10068286224251,117.39564679892321,16066147
3485,2021-11-30,121.96760559082031,123.58990747896907,118.16257505400833,118.16257505400833,37739647
3486,2021-12-01,122.23306274414062,123.14745583984515,120.75824291372332,122.11508195855305,20332817
3487,2021-12-02,126.53953552246094,127.42442737926136,121.820112286192,123.29493204752605,33758843
3488,2021-12-03,121.58413696289062,127.68988828595303,121.23018262572003,125.7431334304579,47614182
3489,2021-12-06,119.1654281616211,122.70499533473856,118.78197265077743,122.32153982389488,11322446
3490,2021-12-07,121.40715789794922,122.08556533251573,119.253918817233,119.51938155231441,8049102
3491,2021-12-08,120.81722259521484,122.49851448538787,120.07981281863788,121.02369493223395,8788449
3492,2021-12-09,119.87335968017578,121.79062559830236,119.22444130830985,121.23019882308074,5755422
3493,2021-12-10,119.54886627197266,120.49274831366478,119.07691925007093,120.49274831366478,6164402
3494,2021-12-13,120.58128356933594,123.6784055171676,120.16832677502231,121.2302019579823,21648126
3495,2021-12-14,125.21219635009766,125.7431338587187,119.87334407236929,120.40428158099034,48042035
3496,2021-12-15,123.79638671875,127.21797387314027,122.58704153643923,125.7136526927186,15207306
3497,2021-12-16,122.822998046875,124.94674833181308,121.70214451018741,124.71077474436272,13410737
3498,2021-12-17,123.85537719726562,124.17984239391551,120.9647396363445,122.82300321061787,15209414
3499,2021-12-20,123.79638671875,125.44818989716924,122.41005833799584,124.32732431196445,22539246
3500,2021-12-21,121.87910461425781,124.91723577133894,120.81724157048066,124.74025259631901,17566511
3501,2021-12-22,123.06981658935547,123.95520594834588,120.90212205799253,122.00123722773179,14750231
3502,2021-12-23,127.22199249267578,127.98526340086683,123.37511456921044,123.64988712694758,15932489
3503,2021-12-24,125.42068481445312,127.4357126658373,125.08484062770755,127.13040428626122,8975969
3504,2021-12-27,125.84812927246094,126.55034112883156,125.17645322755354,125.42070245016482,8648187
3505,2021-12-28,125.54277801513672,127.40516372619692,124.13836720460772,126.18393045285312,15736206
3506,2021-12-29,124.93217468261719,125.72598136403482,123.77200046478701,123.95519044450756,17172943
3507,2021-12-30,125.39012908935547,129.08436486461707,123.13085240858531,124.93216659273764,87481206
3508,2021-12-31,124.8100814819336,125.9091843128272,124.29105966542568,124.5658322673913,9842223
3509,2022-01-03,125.1764144897461,126.36711199982773,124.65739281671121,125.42066363677064,7410054
3510,2022-01-04,128.59588623046875,130.0613689283519,125.48174326186063,125.97024163549824,14784090
3511,2022-01-05,127.40516662597656,129.05382661330376,127.03879912024024,128.22949661964014,9565107
3512,2022-01-06,125.75650787353516,127.43570384497266,124.96271359540023,126.85562293314219,5615931
3513,2022-01-07,125.2985610961914,127.31360148458405,124.87113430981987,126.36714048515074,11908249
3514,2022-01-10,124.5658187866211,126.55032325258443,124.22997460009233,126.55032325258443,11085710
3515,2022-01-11,124.4742431640625,125.66495348280623,124.2605297498362,124.90168241554679,7208789
3516,2022-01-12,125.1458969116211,126.21447621531202,124.77952934924723,125.78704946304744,11018139
3517,2022-01-13,127.0082778930664,129.1454364153055,126.12288861735037,126.7640287202047,20522807
3518,2022-01-14,126.85564422607422,128.0158186675013,126.1229090120313,126.97776262073769,14183654
3519,2022-01-17,126.0007553100586,127.954736231009,125.66492357421232,127.7104870630116,7574539
3520,2022-01-18,125.26802062988281,126.9166807788397,124.9321764699333,125.93969652675307,8475422
3521,2022-01-19,124.96272277832031,126.641918873154,122.76450492059854,125.78705292208726,13724367
3522,2022-01-20,131.0688934326172,131.49632020653866,125.42068825549582,126.45873180532229,30170343
3523,2022-01-21,131.34364318847656,133.87770485273484,130.06135066651092,130.61090815393274,29509593
3524,2022-01-24,130.6719970703125,132.96181010308666,129.14545504846305,132.1374798958941,12850189
3525,2022-01-25,133.63348388671875,134.45781408020852,129.4202254918447,130.36668649887073,27389035
3526,2022-01-27,131.19102478027344,133.90827715533365,129.66448268968838,133.1144702990169,28512473
3527,2022-01-28,128.3516387939453,132.8091461393278,127.77155783749123,132.8091461393278,18932049
3528,2022-01-31,131.5269012451172,132.35123169146058,128.9623024505624,129.45080100848742,19907759
3529,2022-02-01,130.03085327148438,132.53439229554883,129.02334540715245,132.50385648382837,8622355
3530,2022-02-02,130.6719970703125,132.99234591273597,130.21403446375766,131.19101887313514,9921099
3531,2022-02-03,129.02334594726562,131.28262333308749,128.84015592223935,130.67200648037544,4594389
3532,2022-02-04,128.0463409423828,130.2750947983639,127.67997333854379,129.4507645839684,7329263
3533,2022-02-07,130.45826721191406,130.85517057212368,128.22951365661,128.87066619410473,7869237
3534,2022-02-08,128.26004028320312,131.52683707938706,127.3135794475948,130.6719712315841,9074237
3535,2022-02-09,127.83262634277344,129.23704997118313,127.43572293274194,128.5958973532068,9833985
3536,2022-02-10,129.4812774658203,131.71001850411335,128.26004405392115,128.26004405392115,19180334
3537,2022-02-11,126.88616180419922,129.4507471078795,126.42819925546853,128.35163202171412,20071130
3538,2022-02-14,123.25297546386719,126.36711807481375,122.88660793723142,126.36711807481375,12109375
3539,2022-02-15,124.22997283935547,124.47422202400281,121.5127332706065,123.34458352091715,19046061
3540,2022-02-16,123.1944808959961,126.14411428187358,122.81792108656333,124.63791334874816,20270061
3541,2022-02-17,123.63377380371094,124.794799075131,123.00619119557027,124.41825206388677,16405551
3542,2022-02-18,122.81792449951172,125.61067506666824,122.5355174027913,123.50827565718781,14600643
3543,2022-02-21,124.35547637939453,124.88891895697805,122.7237644139984,122.81789157553759,10682638
3544,2022-02-22,124.35547637939453,124.5437434706717,120.37033001154278,121.87651781455533,13606058
3545,2022-02-23,124.29273986816406,125.20272953696697,124.0103200353557,124.4810069885022,6493463
3546,2022-02-24,119.93101501464844,123.00617186491098,119.17792111051016,121.75100684588128,13145037
3547,2022-02-25,123.82203674316406,124.19858370286195,120.58998420004221,120.84101976257384,10920938
3548,2022-02-28,131.2589111328125,131.94924948013846,123.0375811385821,123.9161866161598,31938385
3549,2022-03-02,132.357177734375,133.76923863601868,129.4075317455764,130.38028991843362,20502615
3550,2022-03-03,136.71885681152344,137.66023064236,132.23163899756256,132.23163899756256,19805555
3551,2022-03-04,134.96165466308594,136.499227055976,132.38855557068774,135.52646883634236,12794317
3552,2022-03-07,133.54959106445312,135.05577918775475,131.0706319724663,132.10614588338728,17635653
3553,2022-03-08,133.26718139648438,140.20197521414389,131.66685320116466,134.30269538651623,28410490
3554,2022-03-09,130.59994506835938,135.55785048703476,129.65857110664385,135.02440779570293,22830958
3555,2022-03-10,131.0706329345703,132.67097378757725,129.94099183380212,132.41993817578378,16516553
3556,2022-03-11,133.3299102783203,133.6750857949299,130.38027734223797,131.35303542126508,12992850
3557,2022-03-14,133.9261474609375,134.30269451809542,131.54132815193336,133.32993624958527,12598659
3558,2022-03-15,131.57269287109375,134.961641419078,130.7254589261478,133.80060341015894,14528285
3559,2022-03-16,131.38441467285156,132.92199970279466,131.133379079371,132.5768241657338,11933774
3560,2022-03-17,132.76512145996094,133.51821557094146,130.38030216151864,133.04752855952805,28464621
3561,2022-03-21,128.59165954589844,135.55782289081438,128.34062398690529,135.55782289081438,17797415
3562,2022-03-22,130.97645568847656,131.47852676909838,128.05820743298096,128.65440566904613,13285297
3563,2022-03-23,131.8551025390625,132.16889384104417,130.7254615128489,131.47855553032463,9408783
3564,2022-03-24,132.2630615234375,132.54546864716704,130.53720900059312,131.79237447175268,11188958
3565,2022-03-25,131.57269287109375,132.29441540501085,129.72131656511507,132.2630311681534,9842670
3566,2022-03-28,133.23580932617188,133.5182164275508,130.22340732651844,131.57271265486742,12823578
3567,2022-03-29,132.60824584960938,134.58512138203284,131.60410319213196,134.20857426958096,10470515
3568,2022-03-30,136.24818420410156,137.25231384213518,132.9220039801027,133.73785372491702,54218485
3569,2022-03-31,136.05992126464844,136.34232834496385,134.77337174720822,135.27544296577062,10326026
3570,2022-04-01,141.2374725341797,141.67677525715402,135.6206004721449,135.6206004721449,39663961
3571,2022-04-04,142.71229553222656,143.151598274924,140.60989623240044,141.83367727863015,9907530
3572,2022-04-05,146.25811767578125,147.23086296264597,142.39848245835122,144.31260156565256,17167487
3573,2022-04-06,148.51742553710938,149.6470665614636,145.0657212209924,145.1912326342982,17153675
3574,2022-04-07,145.1912384033203,150.5570749788611,144.34400440934053,148.07811593786687,11913911
3575,2022-04-08,145.9757080078125,146.91708189363442,144.7205428267166,146.22674359767177,6746769
3576,2022-04-11,144.90882873535156,147.8270904563584,143.3398721937566,145.91295836833214,12413822
3577,2022-04-12,146.2895050048828,146.63468055041798,143.46538323734376,143.8733144907396,14769907
3578,2022-04-13,144.03021240234375,147.7015682040574,142.80643139117294,147.45053260047843,11015439
3579,2022-04-18,145.0343475341797,145.47366304910966,142.8064367926266,144.03021785008522,19069923
3580,2022-04-19,142.99468994140625,146.4463941710431,142.14745600231728,146.03846293571866,15036942
3581,2022-04-20,142.46127319335938,143.71643859594403,140.2333494964905,143.24575156997477,9814641
3582,2022-04-21,142.61814880371094,143.49676701554782,141.36298357771568,141.89642624512348,11134333
3583,2022-04-22,141.4884796142578,144.4694967019815,141.01779270566988,141.2374568109039,12032249
3584,2022-04-25,139.85678100585938,142.3984956640303,139.00954704253598,140.54711931789322,11042683
3585,2022-04-26,145.34812927246094,145.7246762831371,140.79815537030535,142.46125183300927,15389155
3586,2022-04-27,143.9047088623047,146.13261964155075,142.74367072821943,145.1912456527477,12680209
3587,2022-04-28,147.8584747314453,148.2664060212288,144.3753985683758,146.47779796254963,18378146
3588,2022-04-29,142.9319305419922,148.32913809882916,142.49262784958225,147.54465988509705,9026331
3589,2022-05-02,145.31675720214844,146.3836425226862,141.77091293252468,141.77091293252468,12634353
3590,2022-05-04,149.11361694335938,150.27464215095438,146.16398395452876,146.22673965825277,23124643
3591,2022-05-05,146.69741821289062,151.0277402774137,146.1325913752225,149.6156795673431,16481935
3592,2022-05-06,149.61569213867188,150.0863790815778,145.25398547348996,145.25398547348996,17715186
3593,2022-05-09,153.8518829345703,154.66773268541877,147.8898480024111,149.99224724063754,54118806
3594,2022-05-10,152.9104766845703,155.86010928882538,152.1887542653424,154.25978159561407,30997494
3595,2022-05-11,150.11776733398438,155.6404998554923,149.80397600363057,153.13016921266177,15412618
3596,2022-05-12,148.04672241210938,151.81221761834428,145.69328790821254,149.9922257150242,26538994
3597,2022-05-13,148.29779052734375,150.52570135242001,146.2895183156641,150.52570135242001,15074553
3598,2022-05-16,147.60743713378906,149.3019179837021,146.22676038337275,147.79571703984672,7960529
3599,2022-05-17,149.77261352539062,150.18054483298732,146.06987305122493,147.41917840641278,15470937
3600,2022-05-18,143.0260772705078,149.52155463490004,142.52400608260666,149.050867684318,19181550
3601,2022-05-19,143.27711486816406,144.12434883742006,139.10368796099837,139.95092193025437,15085602
3602,2022-05-20,143.74781799316406,146.2895201868064,142.30437272156297,144.81470344211976,15148281
3603,2022-05-23,140.95504760742188,145.59916134179153,140.7040120169856,145.59916134179153,11572501
3604,2022-05-24,142.46127319335938,144.1243699054246,140.95507215661723,141.2061077907747,16336858
3605,2022-05-25,141.11192321777344,143.96742871313356,139.66849112208047,143.33984621025868,11062614
3606,2022-05-26,142.58676147460938,143.77917096709453,140.51574655753578,142.46125006201123,14150454
3607,2022-05-27,141.01780700683594,143.49676597105312,140.20195727679805,143.4653817333513,8430491
3608,2022-05-30,143.2457275390625,144.28124137611755,140.76678139210705,140.8922928040286,9305758
3609,2022-05-31,146.16400146484375,147.57606242469868,143.21435535444806,143.24573959416995,26351545
3610,2022-06-01,143.84193420410156,146.22675331392682,143.18298010116132,145.6933106301558,10282009
3611,2022-06-02,141.55128479003906,143.96747566037817,140.92370208251185,143.96747566037817,10071898
3612,2022-06-03,141.83367919921875,143.15160021335876,141.2060965478948,141.83367919921875,16082518
3613,2022-06-06,141.08058166503906,142.74366543570062,140.2961033701227,141.8336757208782,12693293
3614,2022-06-07,141.20606994628906,141.99054811265734,140.39020754598633,140.54710317926,9103195
3615,2022-06-08,140.92367553710938,142.14745647898602,139.98230165314257,139.98230165314257,11240130
3616,2022-06-09,141.11192321777344,141.64536579157735,138.69573313534497,141.01778328870247,9468041
3617,2022-06-10,140.86093139648438,142.7436794896512,139.35474313651304,139.35474313651304,9019239
3618,2022-06-13,139.54298400878906,141.51987168800434,139.00954136981358,139.2291927190152,10186775
3619,2022-06-14,140.54710388183594,142.64951559277205,139.32332304346366,139.54297437750492,17023962
3620,2022-06-15,139.480224609375,142.02193909648835,139.26057326599235,140.73538973521866,5898563
3621,2022-06-16,135.77749633789062,140.766785793069,135.33819361423008,140.1705746473,11883333
3622,2022-06-17,132.63958740234375,136.12267613515405,131.9492490572304,134.42819535911062,19675226
3623,2022-06-20,130.69407653808594,132.35717298284698,129.50166704364213,131.22751919480535,7402273
3624,2022-06-21,132.0120086669922,133.7692452048304,130.09788923391312,131.19615887801157,9459619
3625,2022-06-22,132.20028686523438,132.5768338989995,130.66270172240786,132.29442681572607,10257637
3626,2022-06-23,130.88235473632812,132.85922968758646,129.3761539611118,131.8551000935091,13114525
3627,2022-06-24,131.13339233398438,133.0475245635234,130.38029824562258,133.0475245635234,9499105
3628,2022-06-27,132.76512145996094,133.89476262643174,131.5727118107398,133.89476262643174,17545390
3629,2022-06-28,131.9806365966797,132.76511491033517,130.7568427664561,131.50994960848638,6770087
3630,2022-06-29,132.48268127441406,134.93025591204,130.81958486883488,131.22751610313927,41502918
3631,2022-06-30,132.98477172851562,134.77337980323003,132.04339771359201,132.73373610422888,22260722
3632,2022-07-01,129.59579467773438,133.61232549257284,128.77993226739864,132.45130034571002,11133663
3633,2022-07-04,132.2316436767578,133.14164607302132,128.6858123363592,128.6858123363592,20178279
3634,2022-07-05,134.3968048095703,135.52644573170298,132.38853300100183,132.41991723558868,20083997
3635,2022-07-06,132.0747528076172,134.39681608405252,130.66269196034457,134.30267614059423,19203527
3636,2022-07-07,133.39268493652344,135.118537063225,133.1102651094156,133.83198764331271,14069302
3637,2022-07-08,137.31507873535156,137.69162574376278,133.45544317068473,134.30267713166018,17142257
3638,2022-07-11,136.216796875,138.85263846398567,135.68334149571993,138.0681602805733,10826079
3639,2022-07-12,133.9888916015625,136.15404656934234,133.76924023454447,134.99302125664587,8503695
3640,2022-07-13,134.58509826660156,135.99715927192327,133.9575155975697,134.616482507334,10210005
3641,2022-07-14,134.8361358642578,137.59750220211401,133.5809705077961,137.59750220211401,10898403
3642,2022-07-15,131.35305786132812,136.18543931021625,131.03926652651197,136.18543931021625,22067479
3643,2022-07-18,131.94924926757812,133.29855448911516,131.10201526230648,132.01200497756093,15155654
3644,2022-07-19,131.7923583984375,132.73373238699776,131.54132278118104,131.72960268617385,14922395
3645,2022-07-20,131.32167053222656,133.23580273687068,130.85098354107163,132.60822008199742,14181034
3646,2022-07-21,133.23580932617188,133.80062352892978,131.44718845676377,131.76097979971925,12461554
3647,2022-07-22,131.7923583984375,134.27130479436545,131.4785670689174,134.27130479436545,9272199
3648,2022-07-25,130.47442626953125,132.4199297934248,130.1606349667032,131.79234718776877,6635194
3649,2022-07-26,131.22755432128906,132.4199641349125,129.97238878446527,130.4744601064764,11451315
3650,2022-07-27,132.20028686523438,132.41993823758057,131.4158085581397,131.7295998809776,9209354
3651,2022-07-28,134.42820739746094,134.8047672268822,131.82374944258004,132.41994789215943,13192642
3652,2022-07-29,134.2712860107422,136.6874891245983,133.58094773601192,135.80887097121428,15433067
3653,2022-08-01,137.40919494628906,138.16230167121566,134.3968063511818,134.96163320282685,12136557
3654,2022-08-02,139.69989013671875,140.2019613453123,136.4050813468518,138.036793622479,17748747
3655,2022-08-03,140.3274688720703,141.0491914263347,137.8485226728589,140.1705732197607,12406038
3656,2022-08-04,138.57022094726562,140.70399123024274,137.50332303757844,140.57847983766712,9712267
3657,2022-08-05,140.35882568359375,141.04916386522325,137.3464246405944,139.13503217378846,14099223
3658,2022-08-08,139.26058959960938,142.0219557539809,138.75851838310493,141.20609321921157,8392041
3659,2022-08-10,140.26470947265625,141.1433276561027,138.41334593141593,138.5388573426795,8585266
3660,2022-08-11,139.85678100585938,142.3984956640303,139.1350584562873,140.9864348024244,5040626
3661,2022-08-12,143.12020874023438,143.465371489304,139.32332912306896,139.9509116866864,13279062
3662,2022-08-16,143.62225341796875,144.31259161839836,142.49261257222906,143.8419047406238,11298246
3663,2022-08-17,143.40264892578125,144.94022145468463,142.9005776515827,143.62230032016703,11225465
3664,2022-08-18,145.1912384033203,145.41088976943342,142.93194349664046,143.0574549149333,11360485
3665,2022-08-19,144.58917236328125,145.57147106221421,143.03648671359161,144.77928845326966,9829530
3666,2022-08-22,143.1949462890625,146.2686256214924,143.00483016846633,144.55750317453152,9190493
3667,2022-08-23,144.2089385986328,145.0328008403845,142.08587872529242,142.56118832793314,8903751
3668,2022-08-24,145.4130401611328,145.72991321695886,143.5434942891982,144.08217590538297,13007225
3669,2022-08-25,143.41677856445312,146.39538072037124,142.65627534403134,146.0785076019289,12124365
3670,2022-08-26,146.04678344726562,146.522093021809,143.60686354332893,143.60686354332893,7966045
3671,2022-08-29,143.89207458496094,145.06450243319958,142.97313489253682,144.6525648396025,7517013
3672,2022-08-30,145.50807189941406,145.92000935797094,144.55745294594195,144.62082496412114,7214498
3673,2022-09-01,143.29000854492188,145.82499326183725,142.59289032648994,142.624582792891,13109081
3674,2022-09-02,142.0858917236328,145.03281410831605,141.83240356057996,144.1772593240143,6897237
3675,2022-09-05,141.57888793945312,142.9414446968906,140.50151178291273,142.59287916815148,18055474
3676,2022-09-06,142.6245574951172,144.49410323479535,141.95911896751824,141.95911896751824,14103701
3677,2022-09-07,142.21263122558594,143.82867608768714,141.35707654640322,141.35707654640322,7866745
3678,2022-09-08,142.21263122558594,143.79699651799754,141.61056467831088,143.2266224340098,7187735
3679,2022-09-09,141.2620086669922,143.32168349779923,141.008507647558,143.25831146634005,9162027
3680,2022-09-12,141.92745971679688,142.40276937813056,140.8184038403516,141.67397154563204,8778919
3681,2022-09-13,143.73361206054688,144.17722914663634,141.83237387399782,142.14924690508934,11278383
3682,2022-09-14,147.37767028808594,147.7895949649722,142.40275276497007,142.59288176476238,25072958
3683,2022-09-15,150.57806396484375,150.99000148991544,147.25089709045946,147.9480151901825,23606369
3684,2022-09-16,149.34230041503906,151.11678210786994,147.91637140959998,151.08510253279792,29399642
3685,2022-09-19,147.75790405273438,150.89494205333267,146.80728491393523,149.5323853756678,13920046
3686,2022-09-20,147.4727020263672,149.72250568188275,147.0924569716087,148.29657705634102,20162973
3687,2022-09-21,143.89207458496094,148.51841393896188,142.14927259894162,148.20154085059474,14468837
3688,2022-09-22,139.48753356933594,143.4801397160203,138.88547984744508,141.95914628425487,26264530
3689,2022-09-23,128.3652801513672,139.26570812103532,125.54510221662562,138.34678141601478,87162722
3690,2022-09-26,127.28791809082031,132.67476063844836,118.09859845074895,126.74923641477733,167547134
3691,2022-09-27,129.8228759765625,131.75580658966916,127.54139277154239,130.42494246120714,54127095
3692,2022-09-28,131.6290740966797,133.34019648852563,128.3652916423786,130.04470867474757,52877873
3693,2022-09-29,131.8191680908203,134.41752411389146,130.58336854740702,132.42122163379696,36761869
3694,2022-09-30,134.48092651367188,138.6002764470471,131.185451724411,131.185451724411,62897614
3695,2022-10-03,133.5937042236328,136.0336245168524,132.45295590528627,134.9879407073013,11740863
3696,2022-10-04,132.1043701171875,134.57598249955797,131.8191895280514,134.4175459736829,19179333
3697,2022-10-06,130.74183654785156,133.65706627352301,130.2982065045025,132.3578815021702,20692745
3698,2022-10-07,132.70645141601562,132.92825999819868,129.28421949765212,129.28421949765212,14282850
3699,2022-10-10,132.42127990722656,134.32251874519739,131.53404543105435,131.78753362790295,16834226
3700,2022-10-11,132.041015625,134.00562622809696,130.9002802233304,133.08669941339653,17807162
3701,2022-10-12,136.60397338867188,136.85746150706953,132.6747399367463,133.371858049534,35288330
3702,2022-10-13,135.58998107910156,137.71304095645925,135.1463639399034,136.22372721715504,16436903
3703,2022-10-14,134.76612854003906,138.1566680440517,134.06901031670174,138.1566680440517,23365190
3704,2022-10-17,134.25909423828125,136.2237043578519,133.72041269005,134.3224662627327,9520537
3705,2022-10-18,134.5759735107422,136.25540315156218,134.06898439796413,134.9562185687249,13256574
3706,2022-10-19,135.5583038330078,137.45954227977202,134.95623725537342,134.98792972025888,11595367
3707,2022-10-20,137.83978271484375,138.15665577855603,134.57598757988762,134.70274454153133,16371066
3708,2022-10-21,137.7130126953125,138.7270037293895,135.62164571148227,136.4772002435599,11634491
3709,2022-10-24,138.69534301757812,139.58259021057617,138.53690647931413,139.2974095991404,1132859
3710,2022-10-25,138.47354125976562,139.04391540431516,135.78011997668094,138.69534984553513,20622687
3711,2022-10-27,141.89576721191406,142.49782090396786,137.74472472375814,138.9805374667718,24298489
3712,2022-10-28,143.73361206054688,145.12784823991086,141.4521159218107,141.83237387399782,11669879
3713,2022-10-31,144.58917236328125,145.92003656758868,143.67023280074727,144.46241540969183,11755682
3714,2022-11-01,149.02542114257812,149.50073079141032,145.63488155962827,146.17356324958487,15220278
3715,2022-11-02,147.8529815673828,149.91265654951874,147.56778806446647,149.02540936310973,12884449
3716,2022-11-03,144.52581787109375,148.04310134546196,143.67025023473514,147.66285622574628,9358215
3717,2022-11-04,143.3217010498047,145.41305570566198,142.59289036477603,144.49412890297305,8059667
3718,2022-11-07,144.49412536621094,146.96573798408954,143.48013408271166,144.05050820892959,14862038
3719,2022-11-09,138.63198852539062,146.3953798828125,138.18837131954942,146.3953798828125,22831150
3720,2022-11-10,136.1920623779297,139.51922996260092,135.3048151099641,136.88918062647423,16217631
3721,2022-11-11,135.65335083007812,138.06157814907556,135.33647779650502,136.88915050357448,12123886
3722,2022-11-14,137.14584350585938,138.67076510697518,136.43205182044179,136.88627929243907,18460862
3723,2022-11-15,140.16322326660156,140.4876751723113,136.04268670448442,136.26980039808487,15258103
3724,2022-11-16,140.87701416015625,141.10412785269492,138.50851261915182,140.13077214011625,9825807
3725,2022-11-17,141.6557159423828,143.05084866033135,140.32545776714971,140.74724791066137,9449665
3726,2022-11-18,141.68814086914062,141.98015549781425,140.71478517752485,141.68814086914062,5828998
3727,2022-11-21,142.14236450195312,142.43436589383646,140.48765474266784,141.13655845972403,4712051
3728,2022-11-22,141.33126831054688,142.23972316788448,140.74725218655624,141.78549573921566,4366445
3729,2022-11-23,139.61167907714844,141.98018099244246,139.02766291691398,141.623278560637,13510578
3730,2022-11-24,143.24554443359375,143.40777041822975,139.57923454042313,139.7739110027801,7622243
3731,2022-11-25,143.148193359375,143.3428698042659,140.5525778380736,143.24553158182044,10989671
3732,2022-11-28,143.60243225097656,144.18643517458287,142.2072862848416,142.2072862848416,4526153
3733,2022-11-29,142.3370819091797,144.21890604578718,141.81796665900225,143.60245256058116,6476054
3734,2022-11-30,145.3544464111328,145.97089972003042,141.23391005728487,142.33704120014832,17317951
3735,2022-12-01,143.99176025390625,145.90602124152198,143.08329226579053,145.3544556350888,13241961
3736,2022-12-02,142.6290740966797,143.73220538088657,141.8179442694738,141.8179442694738,12880949
3737,2022-12-05,143.99176025390625,144.21887395043967,140.94190437965938,142.56416392915813,16477957
3738,2022-12-06,145.030029296875,145.4518194945111,142.36952580699364,143.76467190595102,11299945
3739,2022-12-07,143.440185546875,145.4193341505067,143.05083271811228,144.60820442721965,5813973
3740,2022-12-08,141.33126831054688,143.95932106553016,140.74725218655624,143.926883793187,11176439
3741,2022-12-09,140.94192504882812,142.0775069000106,139.96856917638598,141.7206176679722,6020031
3742,2022-12-12,139.87123107910156,141.4610402413883,139.25476449630955,140.1632325327517,8194429
3743,2022-12-13,140.35791015625,140.68236208615167,138.24897261188923,139.87123226139752,8235450
3744,2022-12-14,142.23971557617188,143.11574631639326,140.35790501328148,140.35790501328148,10055353
3745,2022-12-15,140.39036560058594,143.018431853767,140.09836410667006,142.43441566395072,5385778
3746,2022-12-16,138.34628295898438,141.590801913951,137.95694332478465,139.51431506356494,11166617
3747,2022-12-19,142.04505920410156,142.23972244311787,138.54097567999548,138.89787808783316,7758862
3748,2022-12-20,141.0067901611328,142.04503352077603,138.80051477065314,142.04503352077603,6541929
3749,2022-12-21,140.19569396972656,141.6232772800724,138.76809745739698,140.84459787478988,7005861
3750,2022-12-22,139.51434326171875,140.8121511060138,138.11919718870473,140.2281349356842,6961415
3751,2022-12-23,137.08096313476562,139.70902948394212,136.56183467997013,138.4761093052916,4554651
3752,2022-12-26,137.4702606201172,139.02763230382342,136.8862445884797,137.24314694169732,6864331
3753,2022-12-27,137.9894256591797,139.6441227871209,137.43785994986595,138.18408892023982,13115851
3754,2022-12-28,140.00100708007812,141.72060494069348,137.8920695458475,137.8920695458475,16815549
3755,2022-12-29,140.00100708007812,140.4876849725929,138.54097340253387,138.89787580450445,22536873
3756,2022-12-30,138.67076110839844,140.64992332642663,138.37875962796068,140.195695867527,4643134
3757,2023-01-02,139.54676818847656,139.83876961918568,138.21651011084245,139.2223162868079,5959394
3758,2023-01-03,139.9036865234375,140.29302624620527,139.0925566001778,139.67657278532167,2873110
3759,2023-01-04,136.95115661621094,139.77388559537894,136.59425423409388,139.77388559537894,9954542
3760,2023-01-05,135.49111938476562,137.5027185342271,134.06352309658075,137.5027185342271,21273509
3761,2023-01-06,135.03689575195312,136.46449221933807,134.6800065365944,135.06934622697815,11510471
3762,2023-01-09,135.685791015625,137.53516432893323,132.5386100155064,135.750678759569,52485126
3763,2023-01-10,137.4378662109375,137.85964323010768,135.6209298130311,136.20494602678565,17248326
3764,2023-01-11,137.53517150878906,138.24897633538404,136.33470197621693,137.69739747810917,9164361
3765,2023-01-12,138.54098510742188,138.80054931242273,137.1782895336473,138.57343558379094,21179555
3766,2023-01-13,138.86541748046875,139.7414349970753,138.41119008726002,138.60585331207147,6560245
3767,2023-01-16,139.93612670898438,140.09835268170474,138.02185230969397,139.51433653951472,8362194
3768,2023-01-17,141.72061157226562,141.9152748171908,139.44944796758824,139.93612588287624,13000571
3769,2023-01-18,142.3370819091797,142.85621036134208,140.42282049555266,141.65574066794963,11171369
3770,2023-01-19,143.24554443359375,143.56999640286577,141.88284880304818,141.98018703422667,11586815
3771,2023-01-20,144.86778259277344,145.28957273008058,143.40774894962118,143.40774894962118,10112645
3772,2023-01-23,146.06826782226562,148.14476826002868,145.06247468074105,145.35447616009054,14393610
3773,2023-01-24,143.3752899169922,147.041599042419,143.08328848658772,146.81448535188423,6150893
3774,2023-01-25,142.36952209472656,143.5699917013239,141.33127846745276,143.21308926601853,5790331
3775,2023-01-27,142.2721710205078,143.69975422886003,140.81213733842733,142.30462149423605,10458603
3776,2023-01-30,137.4702606201172,142.01258699643813,136.62669364284616,141.46102143399534,24288177
3777,2023-01-31,140.5850372314453,142.8886382315483,137.66496958473533,137.9569710686127,20997546
3778,2023-02-01,140.52012634277344,146.00335829575457,138.6058521683733,146.00335829575457,20246369
3779,2023-02-02,138.02183532714844,140.87701473611529,137.1458178226425,140.16322318436903,12820663
3780,2023-02-03,139.41700744628906,139.61168390709676,136.52939022354192,138.34631331581525,10815686
3781,2023-02-06,140.84457397460938,141.03923719190536,138.24895879481087,138.5085097512055,6948201
3782,2023-02-07,140.71481323242188,141.59083088913505,139.5792313657978,141.46105538517168,10035526
3783,2023-02-08,140.81443786621094,141.64471167438435,139.78489293864746,141.37902135305464,12432719
3784,2023-02-09,141.3790283203125,142.10966660479727,140.81444480564573,140.81444480564573,7011082
3785,2023-02-10,142.20928955078125,142.441763505184,140.71479675502988,140.74801311147482,10892159
3786,2023-02-13,143.47129821777344,143.80340770438866,142.14286027131257,142.2092794659217,7710133
3787,2023-02-14,142.80709838867188,144.16875287175986,141.31260549855787,144.16875287175986,6010681
3788,2023-02-15,142.47499084472656,142.93993878937397,141.4786622374208,141.6447170053051,8107497
3789,2023-02-16,142.54139709472656,144.06910622584957,142.14286839073765,144.06910622584957,3963115
3790,2023-02-17,142.01002502441406,143.40488219634867,141.47864442864378,142.14286341657169,6491149
3791,2023-02-20,143.33847045898438,144.1355278805453,142.2757092121423,143.2056185463438,6841917
3792,2023-02-21,144.26837158203125,145.29791651016026,143.504530488949,144.5008590593044,6701434
3793,2023-02-22,142.57460021972656,144.3347831386998,141.47863625028518,143.47129309888075,9128659
3794,2023-02-23,141.6447296142578,143.40491301323397,141.21298447661115,142.80711309292113,10345874
3795,2023-02-24,142.84030151367188,143.0727754612154,141.08011845900785,141.08011845900785,9808830
3796,2023-02-27,145.5968017578125,146.09496601589842,142.5081941685362,143.7701994781642,17763618
3797,2023-02-28,147.62266540527344,148.1208296304881,145.29789902093842,146.52670140708733,36559278
3798,2023-03-01,145.39755249023438,147.62268360107973,144.40122391699873,147.15773567233157,12896085
3799,2023-03-02,146.3606719970703,146.79241710302887,143.33848328250397,144.7997598572864,79708558
3800,2023-03-03,147.52304077148438,149.74817177268096,146.3938738495549,146.3938738495549,9951869
3801,2023-03-06,150.87734985351562,151.9733139156786,148.1208382770361,148.78505728276272,15659957
3802,2023-03-08,151.47515869140625,151.67441629686058,149.91423312403964,150.74450693069377,11591495
3803,2023-03-09,149.98065185546875,153.06925931738832,149.78138075502306,152.10614719689704,13941653
3804,2023-03-10,150.47882080078125,151.5415685047437,147.62267367741,147.62267367741,9605434
3805,2023-03-13,150.17991638183594,152.80358959561275,149.71496847740482,151.47515156744336,13209653
3806,2023-03-14,149.5821075439453,151.27587133312494,148.7850501805488,149.54890470338609,9583405
3807,2023-03-15,151.64120483398438,152.80358809723438,149.91422460344242,150.51202441297076,12228069
3808,2023-03-16,154.1984405517578,154.69660479206271,151.6744029954517,152.40504117851825,18437817
3809,2023-03-17,152.57110595703125,155.4272531946693,151.64121012484284,155.39403683770368,33711025
3810,2023-03-20,151.10984802246094,152.37186703833004,149.6485713810793,149.6485713810793,9281411
3811,2023-03-21,148.22047424316406,151.24266261948995,147.75551282971912,150.94376947150914,11272787
3812,2023-03-22,148.8514862060547,149.25001493281508,146.659571452087,148.1208479547321,7589846
3813,2023-03-23,147.5562744140625,149.11718658202855,146.95847452683216,148.78507703507526,17091298
3814,2023-03-24,147.72232055664062,148.95112310585876,146.65957277119713,148.12084928698553,10371666
3815,2023-03-27,146.19461059570312,150.27956046691017,145.82929822536275,148.05442934613646,19983733
3816,2023-03-28,147.52304077148438,148.18725978757712,145.26469341405493,146.95845731051963,8689166
3817,2023-03-29,147.75550842285156,148.58578215755756,146.49350315695438,147.52303447984787,19743258
3818,2023-03-31,149.9142303466797,150.61166573677667,148.12084436296007,148.78506339597783,10202058
3819,2023-04-03,149.18359375,151.01019611084132,148.68542946977053,151.01019611084132,7643214
3820,2023-04-05,149.88104248046875,150.51204521946207,148.58580712851148,150.51204521946207,12019382
3821,2023-04-06,149.61534118652344,151.04341484839873,149.21681245877414,150.9105629301015,4282875
3822,2023-04-10,152.13937377929688,152.37184773639873,149.44928131028348,149.58211971046433,4145643
3823,2023-04-11,153.66705322265625,154.0987982480478,151.74081554184178,152.03972218106793,5106602
3824,2023-04-12,150.97698974609375,153.79992060156155,150.81093498988977,153.700285045125,9118795
3825,2023-04-13,153.5674285888672,153.86633524933387,150.77771417259962,150.9769852795774,11428621
3826,2023-04-17,157.18743896484375,159.34615085097062,154.2980888353574,154.49734643978033,21815047
3827,2023-04-18,152.96963500976562,157.7520062137656,152.53788997425613,157.35347753236056,13482833
3828,2023-04-19,152.73716735839844,153.7002931030168,151.87369068901148,152.1061646571706,8264190
3829,2023-04-20,153.3681640625,154.69660201277966,152.5378903435752,153.33494770831516,7308750
3830,2023-04-21,153.79991149902344,154.33127857928523,152.5046763691475,153.96596624539958,5030650
3831,2023-04-24,154.06558227539062,154.2980697221085,152.73714435617683,153.4345796691918,5725067
3832,2023-04-25,154.69662475585938,155.3608438286509,153.20213184207844,153.63387694210726,8338703
3833,2023-04-26,158.28338623046875,159.0804435904209,154.09880130679605,155.46045560308133,13581018
3834,2023-04-27,156.72247314453125,158.28339866016591,155.09514194285038,158.08412754774469,9794457
3835,2023-04-28,157.58596801757812,158.05091594244394,154.82945628526247,157.38669689916648,10585487
3836,2023-05-02,159.47898864746094,160.17642404421662,158.25018612736037,158.5490792896437,6732907
3837,2023-05-03,159.2133026123047,160.74101184935935,158.61551627165585,159.41257373490186,4789217
3838,2023-05-04,158.64869689941406,159.87749928049308,156.05824023627187,159.18007747621172,9189783
3839,2023-05-05,160.11001586914062,160.40890905200754,158.2169806657439,158.61552292766228,3896441
3840,2023-05-08,162.567626953125,163.5639556167805,160.1432245021821,160.64138883400986,8758321
3841,2023-05-09,161.6708984375,163.99566481002157,161.20593705485405,162.10264346653932,9166941
3842,2023-05-10,164.4938507080078,164.69310831519556,162.4679771967197,162.833303080254,9689409
3843,2023-05-11,165.0916290283203,165.52336054438038,163.79639393943177,164.527032097652,12616726
3844,2023-05-12,160.574951171875,165.7890678763965,160.17642245492783,165.29090360181985,13853807
3845,2023-05-15,161.57127380371094,163.16540212668772,160.97347399339836,161.67090935769141,12187763
3846,2023-05-16,159.81109619140625,162.43476947258188,159.4125674754318,161.77055044143424,11418509
3847,2023-05-17,158.61550903320312,160.67458531393163,157.71880253600864,160.01036628701465,11560929
3848,2023-05-18,156.5232391357422,160.07680874330433,155.8258036507261,160.07680874330433,14497723
3849,2023-05-19,155.22801208496094,157.75205029511207,154.09884491985684,156.52324755342272,10071694
3850,2023-05-22,155.65972900390625,158.74835023632295,154.53056204363693,155.89220296471805,12566129
3851,2023-05-23,155.49366760253906,157.1210122858537,154.9955033448332,155.46046476016755,12458561
3852,2023-05-24,156.62286376953125,157.98450476930344,155.991847538208,157.95130192359488,8877971
3853,2023-05-25,158.05091857910156,159.6118441677003,156.95496795026756,157.884863815512,12502747
3854,2023-05-26,157.61920166015625,158.01773042711235,155.95865386986202,157.98451406587748,6811801
3855,2023-05-29,155.75936889648438,158.3166095637124,155.49367857091897,158.21697400242894,13638297
3856,2023-05-30,156.1578826904297,156.68926329073014,155.22797339668887,156.68926329073014,9469926
3857,2023-05-31,155.32762145996094,156.22431447082212,152.77038083136748,156.091476066832,48104157
3858,2023-06-01,154.76304626464844,155.49368455288305,152.80360537616852,154.72982990508567,8804790
3859,2023-06-02,155.82577514648438,156.15788464744173,154.82944664361227,155.42724644804957,6617781
3860,2023-06-05,156.49000549316406,158.08413391604006,155.95863836125287,157.05458898300714,27428302
3861,2023-06-06,156.29074096679688,157.41990789649117,155.72614398837916,157.05458202969976,6898603
3862,2023-06-07,158.8811798095703,159.44577677190117,156.85531996242085,157.22063230523295,11153571
3863,2023-06-08,160.50851440429688,163.03253834443177,158.91438619740836,158.91438619740836,19300834
3864,2023-06-09,162.66725158691406,163.06578032287075,160.60817518982836,161.7705585526187,11037141
3865,2023-06-12,160.50851440429688,163.69675730450453,160.20960776412252,162.73364521782676,8188909
3866,2023-06-13,160.9070587158203,161.7041161399441,160.37567809069068,160.74100395966363,6443218
3867,2023-06-14,163.72998046875,164.19492835471402,160.80741422014353,160.80741422014353,10297426
3868,2023-06-15,163.69677734375,164.02888686444217,161.9366076949382,164.02888686444217,9732749
3869,2023-06-16,163.69677734375,164.29457718371012,162.40155561847885,163.66357449982337,9702361
3870,2023-06-19,161.47164916992188,164.92559635555415,161.006701237996,163.69678029597492,10431647
3871,2023-06-20,165.2244873046875,165.85548999147798,161.90339208248272,161.96981128421262,13426365
3872,2023-06-21,171.5013427734375,172.06593974212504,165.22447854180027,165.25769489768905,31172093
3873,2023-06-22,168.4127655029297,171.36853522048963,167.8481684326241,171.36853522048963,7430965
3874,2023-06-23,166.12115478515625,169.14335637838795,165.75584247499165,168.4459210834671,5593393
3875,2023-06-26,165.0584259033203,166.2208091843296,164.16173293211295,166.0547544298997,7305362
3876,2023-06-27,165.755859375,166.08796888004824,164.49384055310264,164.7927337022179,11142907
3877,2023-06-28,166.1543731689453,167.71528499989387,163.6967549439737,166.58611818948066,17808717
3878,2023-06-30,169.4755096435547,172.49769850417792,166.8518360350533,170.37220274476,17659979
3879,2023-07-03,166.38687133789062,169.34264069275605,165.72265229063356,169.07696388471012,12467239
3880,2023-07-04,165.78907775878906,167.71531577135258,165.52338742713002,167.71531577135258,8637967
3881,2023-07-05,168.2134552001953,168.67840307666336,165.72263404718154,165.8554724365811,5340907
3882,2023-07-06,174.49032592773438,175.088125730562,168.97731633482869,172.66372367738722,16705046
3883,2023-07-07,169.6747589111328,174.3907251991779,169.17659460016228,174.3907251991779,13149183
3884,2023-07-10,166.05474853515625,170.30575280037024,165.0584200439453,169.67473664779465,15319047
3885,2023-07-11,168.37953186035156,169.64155077819274,166.0879815067339,167.38320326946192,7486045
3886,2023-07-12,167.41641235351562,169.2097983337641,166.81861252224252,168.71163405996498,9390877
3887,2023-07-13,161.47164916992188,167.51603985281432,160.5417397924989,167.2171466842293,30591450
3888,2023-07-14,159.44580078125,162.33515117116136,157.22065597951948,161.40524172599262,72085831
3889,2023-07-17,160.0767822265625,162.70044192401784,158.88118259703552,161.07311074664483,11474161
3890,2023-07-18,160.17642211914062,161.87017254100806,159.14687721507886,160.07678656172,14940593
3891,2023-07-19,161.57127380371094,163.53071447318908,159.7778878863435,160.07678103471463,22954874
3892,2023-07-20,162.23548889160156,163.2982365767138,160.9402672618663,162.03621778845613,10249082
3893,2023-07-21,162.13587951660156,163.59716964392754,160.87386052459297,161.57129598463177,18466409
3894,2023-07-24,164.3610076904297,164.8259691595229,161.30560259261486,162.1026736052439,14825562
3895,2023-07-25,166.81861877441406,167.05109274151903,164.8259616045351,165.35732874169338,10500017
3896,2023-07-26,166.718994140625,169.80761565909205,166.05477504046314,168.6452322338088,12898171
3897,2023-07-27,166.51971435546875,168.31311394089295,165.855495289809,167.383204546255,10836773
3898,2023-07-28,171.5013427734375,173.46079695875883,166.1211715015241,167.25035192532886,17518458
3899,2023-07-31,176.71548461914062,177.34648731464438,172.13237044649736,174.0253920465799,24269734
3900,2023-08-01,167.25035095214844,174.02537940127374,166.38686083976745,174.02537940127374,31395702
3901,2023-08-02,165.0916290283203,168.57877859186962,163.79639393943177,167.98097882111873,20825405
3902,2023-08-03,165.19126892089844,166.45328779257127,163.46430212924813,165.390540037215,10882019
3903,2023-08-04,164.29458618164062,165.42376672197855,163.79642187331936,164.72633128490008,7406390
3904,2023-08-07,164.69309997558594,165.3573189930532,163.39787829695294,165.25769695128955,6345966
3905,2023-08-08,163.5418701171875,166.08134015006308,162.96625966523703,166.08134015006308,15171726
3906,2023-08-09,162.7631072998047,164.8962650237864,162.35679482321476,164.55766899704352,18442141
3907,2023-08-10,163.7450408935547,164.32065137244183,162.55995482275458,162.89855084298318,9962450
3908,2023-08-11,165.43800354003906,166.75852236860536,164.42221558652471,166.25062839184818,23866073
3909,2023-08-14,165.573486328125,166.11524557762596,163.03401567892064,165.8105008332154,9188486
3910,2023-08-16,167.97750854492188,168.38382105577912,164.59154799193018,165.64118749685235,9191471
3911,2023-08-17,165.0316925048828,168.48538288626898,164.01590445800622,167.97748886283068,15301142
3912,2023-08-18,163.20327758789062,164.99783920483563,162.59380201152157,164.99783920483563,12292241
3913,2023-08-21,167.40187072753906,167.74046675552964,163.6773144196427,164.08364067523752,9129526
3914,2023-08-22,167.80819702148438,169.39959559790228,167.06327473772876,167.94362992170852,11107830
3915,2023-08-23,169.0271453857422,169.29802498121384,167.40188159042083,169.29802498121384,8487619
3916,2023-08-24,166.79241943359375,171.09258650516654,166.4538233842178,169.29802468797234,18982087
3917,2023-08-25,163.8804931640625,167.53733337033262,163.4741806472567,166.6908432196918,12851343
3918,2023-08-28,168.2822265625,168.6208225918008,164.2529393248235,164.55767024019113,11908665
3919,2023-08-29,170.0767822265625,171.3295847349331,168.3499370275198,169.0271290620452,12363321
3920,2023-08-30,167.3341522216797,170.3815164361569,166.89397463519816,170.1783670883629,6748007
3921,2023-08-31,165.60731506347656,169.02712651989197,164.93012303913605,167.84204047729608,20715819
3922,2023-09-01,170.78782653808594,171.05870610889127,166.04748227026826,167.26643345013858,13120723
3923,2023-09-04,172.95484924316406,173.69975772938707,169.8397686241814,171.73589806388475,10240031
3924,2023-09-05,172.20994567871094,174.03835872237877,171.32959049323668,172.88713773599645,10893186
3925,2023-09-06,172.3453826904297,174.20766089238916,170.75398407334777,173.83519974099406,10018473
3926,2023-09-07,174.03839111328125,174.51242013060127,170.75401177968052,172.00681456332077,13760453
3927,2023-09-08,175.15573120117188,176.95029293746228,174.10607798442433,174.88485161838142,16781751
3928,2023-09-11,179.11729431152344,179.45589033101592,174.44466648702573,176.30694459423438,17683806
3929,2023-09-12,172.7291259765625,184.4219729111432,172.1422179186637,183.29331946615457,29826173
3930,2023-09-13,174.44467163085938,175.70877174074343,172.72912392584752,174.44467163085938,10692151
3931,2023-09-14,176.2053680419922,176.65682941414948,174.89613281823756,175.34759419039486,10941807
3932,2023-09-15,175.25730895996094,177.15343844329055,173.54174749122546,177.1082895508882,20516593
3933,2023-09-18,180.67486572265625,181.03602934750796,175.2573286848256,176.29568443940616,25627043
3934,2023-09-20,184.7831268310547,185.95692910790805,179.18500879241608,179.41073946959915,33369524
3935,2023-09-21,182.0292205810547,185.59576246606275,180.9457023264893,185.09915222897143,20332556
3936,2023-09-22,179.8170623779297,183.20302273235347,177.33402478468557,181.08116251008602,21193988
3937,2023-09-25,179.59130859375,181.17142322262538,177.6048815300936,180.58452901433128,11951847
3938,2023-09-26,179.09474182128906,180.62970781661915,178.41754972533386,179.77193391724427,7440011
3939,2023-09-27,179.99766540527344,180.2233961049151,178.14667091271002,179.9525165098434,6736870
3940,2023-09-28,181.2617645263672,184.60257635989424,178.59814483926493,180.67487017713617,50185120
3941,2023-09-29,180.3588104248047,182.30008873063954,179.7719161772287,181.44231491591034,16293959
3942,2023-10-03,180.17823791503906,180.58455039793284,177.78548435576175,179.45589695794575,10830728
3943,2023-10-04,179.681640625,180.0428042408809,176.4311129720367,179.59134283227536,14120040
3944,2023-10-05,177.5146026611328,180.13307289649526,176.38594932218234,180.13307289649526,14575590
3945,2023-10-06,177.9209442138672,178.28210783041172,175.9345167678546,177.8757953174219,12857229
3946,2023-10-09,177.19857788085938,177.78547211825185,174.94127115626245,177.42430855331907,7853369
3947,2023-10-10,178.7335662841797,179.2753254775464,176.70198997531745,177.1986002729855,7440527
3948,2023-10-11,179.23016357421875,179.81705784318166,178.19180793605125,178.19180793605125,10031916
3949,2023-10-12,181.2617645263672,182.39041810374184,178.19183230691198,178.19183230691198,21872719
3950,2023-10-13,182.2098388671875,182.75158432549344,179.95253168047188,180.9908874753572,13105921
3951,2023-10-16,183.33847045898438,184.06081142755068,180.67485105380993,180.85543285157448,18336656
3952,2023-10-17,187.04046630859375,188.710879122838,182.93217828749655,183.78995225528027,19378328
3953,2023-10-18,186.4535369873047,188.2142334914897,184.19623024411698,188.2142334914897,14923328
3954,2023-10-19,185.8214874267578,187.26615542591966,182.57096031800728,184.19622387238255,13192888
3955,2023-10-20,183.15789794921875,185.2797582911917,181.3971874435809,185.2797582911917,22081120
3956,2023-10-23,180.3588104248047,185.23458752353375,179.68161839567526,182.39038651219298,6988219
3957,2023-10-25,180.13308715820312,180.99086100821685,178.59812125120368,179.68162578687932,16817158
3958,2023-10-26,179.636474609375,180.58454623259763,177.24373488279608,179.4558928186439,11070090
3959,2023-10-27,181.44232177734375,182.20981161705004,179.81705809047062,179.90735587543875,9995487
3960,2023-10-30,181.35205078125,182.57098830072857,178.46268678505945,181.4423347951881,7679981
3961,2023-10-31,182.52581787109375,183.24815878492151,181.08114982094517,181.93892362845637,7474770
3962,2023-11-01,181.44232177734375,182.70642187935957,181.03600930000238,182.70642187935957,5598615
3963,2023-11-02,183.38360595703125,183.8802024202315,181.3971649942021,182.1646548005231,12924797
3964,2023-11-03,184.5574188232422,186.45356225548798,183.38363017971835,183.65449600360301,8684015
3965,2023-11-06,187.98851013183594,188.6657021811419,185.05401125151008,185.09916014363196,9804415
3966,2023-11-07,187.8079376220703,188.8011581878057,185.77636137375464,187.9885194219745,10730361
3967,2023-11-08,186.9049835205078,189.2525878583378,186.58895509050942,188.71082877191367,7435543
3968,2023-11-09,189.43319702148438,190.06524019537358,186.09238557877748,187.17589013080297,13777877
3969,2023-11-10,190.6521453857422,192.32255809143655,189.25262605544054,190.06525107158402,12066023
3970,2023-11-13,191.6905059814453,194.21869248180155,190.24582404481086,191.41962639613786,11352269
3971,2023-11-15,189.74920654296875,194.12838730242171,189.43319185339953,194.12838730242171,19182861
3972,2023-11-16,190.71568298339844,192.23442153364775,189.33501923490158,190.2554617338995,27533260
3973,2023-11-17,192.83270263671875,193.93723082137438,190.4395465326,191.17590333731636,16705395
3974,2023-11-20,192.64862060546875,194.39745576065033,192.23442428396135,193.3849774241698,11156900
3975,2023-11-21,192.3264617919922,193.43099000729424,191.40601927176746,193.29292924719584,9608081
3976,2023-11-22,194.76564025878906,195.68608276654356,191.6361273055209,191.6361273055209,13079580
3977,2023-11-23,194.12132263183594,196.1463074198616,192.602598085655,195.1798399610018,11382709
3978,2023-11-24,193.70713806152344,195.2258767447173,192.83272041989983,194.48951987209352,7250200
3979,2023-11-28,193.47702026367188,197.38890108221955,192.83271329076118,197.38890108221955,15629209
3980,2023-11-29,194.25938415527344,194.627555521648,192.46452416573203,193.5690523096931,10062023
3981,2023-11-30,192.3264617919922,195.87017111279275,191.68215483680254,193.66110063735042,60354322
3982,2023-12-01,193.47702026367188,195.5480159911383,192.7866883545164,194.67359838184242,20719909
3983,2023-12-04,195.96221923828125,197.06676156775268,194.85769095364898,194.85769095364898,27914088
3984,2023-12-05,204.61436462402344,205.4887821646929,194.7196080360259,196.69855373569038,40709207
3985,2023-12-06,206.54730224609375,208.25012657859452,204.79846702204324,208.0200159414911,29544730
3986,2023-12-07,211.70176696777344,213.91082326602393,206.4092227935791,207.09955464238706,24534268
3987,2023-12-08,210.4131622314453,214.83127501895567,208.43420241906983,213.3585754380649,22206320
3988,2023-12-11,212.57620239257812,214.37106254157973,208.52626082330073,209.86089970102816,19106395
3989,2023-12-12,212.9443817138672,214.7392418112625,211.24155744117732,211.7017786992191,14355329
3990,2023-12-13,218.09884643554688,218.6050926168904,212.25404501774537,212.62221639790184,26878281
3991,2023-12-14,213.6347198486328,218.69715383514222,212.7142773056311,218.37499332715618,29972018
3992,2023-12-15,218.46705627441406,219.15738822298098,209.0785305380324,216.3040105509686,41341690
3993,2023-12-18,213.4045867919922,218.05280990992446,213.03640138657096,218.05280990992446,29051897
3994,2023-12-19,214.96934509277344,215.75171277780075,212.48415319325767,213.680717187398,12612164
3995,2023-12-20,209.07850646972656,216.67215702981113,208.20408891116924,216.25796071731955,20400245
3996,2023-12-21,213.86480712890625,214.64717477811473,204.98252913204115,206.59330340638675,17755207
3997,2023-12-22,213.3125457763672,215.56762705435582,212.16199267077727,214.46309888195708,9735375
3998,2023-12-26,214.78526306152344,217.040344378276,212.66824250187983,213.54266006819145,6772092
3999,2023-12-27,215.4295654296875,217.08636470401413,214.00287677554962,216.30398297743727,10231881
4000,2023-12-28,220.07781982421875,220.86018756659757,215.47560706373605,216.39604961583257,39164340
4001,2023-12-29,218.32894897460938,219.295416367779,216.07386775377176,218.88122006923126,12665999
4002,2024-01-01,219.29542541503906,220.44597853893748,217.5926011737342,218.97326492241234,5952776
4003,2024-01-02,218.92724609375,220.9982416416608,217.36248266612523,220.906191777152,9128513
4004,2024-01-03,218.19088745117188,219.7096118887511,215.93580623831522,217.22442006142265,8284439
4005,2024-01-04,222.2408447265625,223.75958331885636,218.19090323678884,219.06532082607654,19663959
4006,2024-01-05,222.0567626953125,225.50842221907385,220.26190255192432,222.74709460006477,16345257
4007,2024-01-08,223.06924438476562,225.73852200356993,221.27437028281187,223.1152552736667,13585746
4008,2024-01-09,223.02320861816406,225.1862399504512,222.28685184862147,223.29934416234718,8688409
4009,2024-01-10,220.12380981445312,222.83912632118046,219.06530659798605,221.8266339920783,16872195
4010,2024-01-11,222.70106506347656,223.75958238913262,220.16984813167568,221.13631558733093,18812468
4011,2024-01-12,220.4459686279297,223.34535675186524,219.8016617164815,223.20729600113967,11296498
4012,2024-01-15,221.96469116210938,222.2868516374899,218.14486061318883,221.27435932472585,12597366
4013,2024-01-16,220.03176879882812,223.1152425558457,218.78916588289573,222.42491072362483,7478450
4014,2024-01-17,220.1698455810547,222.01073060103815,218.7891818160671,219.5255386330281,13620300
4015,2024-01-18,214.87730407714844,216.9482997528553,208.06603502831462,209.1705632463906,25522629
4016,2024-01-19,216.67214965820312,218.09883828143575,213.91082227575447,216.30397829181157,20931080
4017,2024-01-23,219.019287109375,227.16520874234408,217.45453768946598,221.82663950544466,27492163
4018,2024-01-24,226.61293029785156,227.34928707304752,216.30397757962012,217.36248078813864,28309825
4019,2024-01-25,225.96864318847656,228.91405650253583,223.75958671414173,225.27831128464211,20651484
4020,2024-01-29,233.74635314941406,234.71282051343678,225.64645692664965,225.92259246563285,26181011
4021,2024-01-30,233.88446044921875,236.50772736691485,231.4913041718525,233.79241057515125,16031367
4022,2024-01-31,238.6707305908203,239.31505158094717,232.31968291679965,233.79239654446377,34369455
4023,2024-02-01,244.6536102294922,249.3939116724396,237.750291339386,238.39461233833316,29929092
4024,2024-02-02,255.05462646484375,259.0125180425485,242.95081301335696,243.45704516061815,33900724
4025,2024-02-05,260.3931579589844,266.37603375696943,253.02961851531043,255.42277445243923,27440927
4026,2024-02-06,252.4313507080078,260.393172559988,250.63647663209895,260.393172559988,29668277
4027,2024-02-07,246.63255310058594,252.5693897456716,245.57402186547972,250.45238345480502,27335466
4028,2024-02-08,254.22622680664062,265.13344783422536,249.25581489216967,249.25581489216967,69776717
4029,2024-02-09,251.2808074951172,257.21767297400424,247.69108729169366,256.43529121551643,24496638
4030,2024-02-12,248.79559326171875,254.04212667900316,245.067812421321,251.46489894856467,19140023
4031,2024-02-13,248.74957275390625,249.30184384326517,243.22691803966597,248.79558364065517,22031847
4032,2024-02-14,251.87908935546875,253.1216923723227,245.75815223058243,248.05925852487627,13546941
4033,2024-02-15,263.5770263671875,265.16795188477124,253.9379700457916,254.54625501687218,25475670
4034,2024-02-16,256.93255615234375,264.7467557788312,255.76276664416642,263.9045130448063,25129188
4035,2024-02-19,258.6170654296875,260.44191989333854,255.76276194657132,257.4472759429957,11429901
4036,2024-02-20,269.42596435546875,270.2214270821199,259.88049731361417,260.4887822601169,43053543
4037,2024-02-21,262.1264343261719,270.8764654130571,261.3309717620344,269.09836254287427,24651085
4038,2024-02-22,264.4660339355469,265.3082767212113,255.71600216603525,262.12645477574785,26793590
4039,2024-02-23,263.8577575683594,266.89921057410527,261.09704264710945,264.4192337373513,14313526
4040,2024-02-26,269.33233642578125,272.79492494138776,263.9513044586698,264.7935757879309,31012494
4041,2024-02-27,273.7308044433594,274.57304736055175,265.8698229506962,265.8698229506962,36510093
4042,2024-02-28,261.6117248535156,274.8069567557171,260.5355241739681,272.7949244314648,18824161
4043,2024-02-29,264.6999816894531,266.7120139777734,256.7921930091932,261.6585288984785,35043015
4044,2024-03-01,269.23876953125,270.8296661557682,266.33768578625074,266.7120127238247,15149735
4045,2024-03-04,275.7428283691406,277.942038764834,269.5195527416572,269.5195527416572,23131460
4046,2024-03-05,276.0703125,276.4914481292337,271.1571967690678,273.3095979512748,13220556
4047,2024-03-06,274.8537902832031,275.9767712226256,268.1157904093969,271.67193955654477,15969436
4048,2024-03-07,273.87109375,279.7200408596417,272.326977424917,275.13447203754504,14908694
4049,2024-03-11,267.2267150878906,273.21606046966036,266.1505144068685,269.89384099081695,19020659
4050,2024-03-12,266.8523864746094,270.12779721510617,264.60639625013175,266.6184285645739,17906155
4051,2024-03-13,247.34033203125,265.68264092781914,245.00075254340496,265.1211361388723,39389523
4052,2024-03-14,249.25880432128906,251.1772480773971,243.97136039116597,247.1063740571006,26005940
4053,2024-03-15,248.8844451904297,254.5462153959138,241.1170251585676,250.89647757820327,43817794
4054,2024-03-18,247.9018096923828,249.53951515466076,242.84832426350278,248.88445010533965,12423655
4055,2024-03-19,242.38040161132812,249.39913910972564,241.72530802108463,245.32826564879187,20031514
4056,2024-03-20,247.66786193847656,248.13577780405438,242.3336382064802,243.26946993763585,11308487
4057,2024-03-21,256.1839294433594,256.88580322265625,249.96065431212384,250.61571937054396,23559105
4058,2024-03-22,258.0555419921875,260.39512079538054,253.93788901043015,256.18387894963314,22097588
4059,2024-03-26,252.72132873535156,256.5114640995812,249.0248108084402,252.76813745401068,28477120
4060,2024-03-27,252.9084930419922,255.29485222791337,251.92588127351036,253.61036675071188,18094214
4061,2024-03-28,259.1317443847656,261.56491206936624,254.21862886289023,254.54617560954426,26646830
4062,2024-04-01,262.1732482910156,263.53021569655294,259.8336690120322,262.7347530298351,8945400
4063,2024-04-02,261.6117248535156,263.6237857370833,260.62911305030167,261.3309867838303,13229425
4064,2024-04-03,262.1264343261719,264.93392909890633,260.67587822467084,262.173214481992,14499308
4065,2024-04-04,259.8336486816406,268.3029421444806,257.4004807100149,264.6531759073845,23722104
4066,2024-04-05,260.5355529785156,261.98610932376937,257.49409979696486,261.98610932376937,9308711
4067,2024-04-08,263.6705627441406,265.9633616699896,261.1438059099118,262.54755336019116,14473340
4068,2024-04-09,263.1558532714844,266.10371705400445,262.9686755306553,264.69996967572695,5780865
4069,2024-04-10,264.4192199707031,267.0395657132801,262.03286069877964,262.03286069877964,8809693
4070,2024-04-12,257.587646484375,266.19730858078447,257.02614181559807,263.4365939522309,17731780
4071,2024-04-15,256.4646911621094,258.476752362273,251.17724724941587,252.90854177640043,13378690
4072,2024-04-16,256.6518249511719,257.86839464845417,253.84433005653736,255.4820354117408,9662195
4073,2024-04-18,262.1264343261719,271.29757249337905,259.88044421984705,269.42590931155604,51039603
4074,2024-04-19,263.5770263671875,264.13853117100064,257.07301235437086,260.25483483021765,18755469
4075,2024-04-22,265.4486389160156,266.4312792733896,263.6237843540043,265.7761857018069,14965203
4076,2024-04-23,267.03955078125,268.7240362249676,262.6879395855513,265.44862564938376,11464036
4077,2024-04-24,271.7655029296875,273.1224702333387,266.15051308172156,266.7120177783812,19324163
4078,2024-04-25,274.4794616699219,275.60247127882707,270.6893542186782,273.2628917263752,22022414
4079,2024-04-26,273.4967956542969,277.1465333232782,272.74814176913173,275.36845892652474,15581578
4080,2024-04-29,274.8537902832031,275.69603312759943,271.01687448171117,273.5436030149001,9804396
4081,2024-04-30,282.4808044433594,284.82038369407576,274.2454683452475,274.8537817978874,33288857
4082,2024-05-02,293.4768371582031,296.89261727152814,282.4808142962947,282.57440318145115,44059506
4083,2024-05-03,290.9032897949219,295.8164062222536,288.4701216619037,291.9794905385692,27074447
4084,2024-05-06,287.1599426269531,290.8564604459498,283.6505739991819,290.2949843129584,16855909
4085,2024-05-07,276.3042907714844,288.5168822082761,275.6024170438684,287.30031250413447,13857464
4086,2024-05-08,282.6211853027344,283.4166479930991,273.2628679086041,273.2628679086041,18754452
4087,2024-05-09,277.1465759277344,284.8204079472572,276.3043330376207,283.3230713874333,11196567
4088,2024-05-10,284.25885009765625,284.91394364506374,277.24011305820795,277.24011305820795,11786977
4089,2024-05-13,286.87921142578125,287.9086320622395,278.5035344021713,284.68002966160225,11710605
4090,2024-05-14,289.40594482421875,292.91531359734995,288.0021973149663,288.236155233175,9957875
4091,2024-05-15,294.6466369628906,296.003575886737,289.0316463721136,290.1078471901487,11397656
4092,2024-05-16,292.4473876953125,295.34847149311304,285.7093884590864,294.3190509765625,19843532
4093,2024-05-17,293.0556640625,295.7227898729001,290.80967390191046,294.6933693861632,9069551
4094,2024-05-21,304.75360107421875,306.4381153454307,291.04367176561226,291.04367176561226,21976662
4095,2024-05-22,304.8471984863281,306.71886202269854,299.6533435966279,306.71886202269854,10287081
4096,2024-05-23,299.3725280761719,300.12121050413447,289.17196917943966,298.95142098480017,35705284
4097,2024-05-24,298.34307861328125,302.22680228774936,297.0329201907276,297.59442481733964,15058182
4098,2024-05-27,297.54766845703125,300.8698592112212,294.31903801533144,300.8698592112212,12857918
4099,2024-05-28,292.7281799316406,298.9982645078016,291.9795259043321,298.5303486009036,10935739
4100,2024-05-29,297.313720703125,298.24955233447344,289.2655629616654,289.2655629616654,16812268
4101,2024-05-30,287.01959228515625,297.26693220999215,284.30565752215614,294.41265696391986,22768893
4102,2024-05-31,290.1078186035156,291.51156611288746,286.08375383370947,288.75085125406304,36929443
4103,2024-06-03,315.98358154296875,326.3245394135394,304.70682049099423,313.5036331419187,55218939
4104,2024-06-04,276.9593811035156,313.4568145129152,261.7988973405007,313.4568145129152,73262478
4105,2024-06-05,279.6264953613281,281.73211664736016,261.28421722823555,277.2869161546258,45312613
4106,2024-06-06,281.17059326171875,291.46474004227434,278.97138346491954,283.93127912637163,36508044
4107,2024-06-07,289.49951171875,290.7160813773226,277.754807980975,278.9245974831848,38016104
4108,2024-06-10,295.5356140136719,302.60115987646884,291.60513834737,292.91529690280396,25478964
4109,2024-06-11,296.2375183105469,299.18541106374397,294.9273596198579,295.91000005736277,12238518
4110,2024-06-12,303.8177490234375,306.11054806183057,296.56505350765565,299.3725485460228,20346144
4111,2024-06-13,300.8231506347656,306.9060574783548,300.07446804150067,306.0170058236404,11756503
4112,2024-06-14,300.8699035644531,305.0811463826181,298.85787104097125,305.0811463826181,14159988
4113,2024-06-18,310.5089111328125,311.1640046716362,301.33777294516347,301.33777294516347,21653702
4114,2024-06-19,306.2976989746094,313.36324532959264,304.51962448556577,312.56778268574465,14235150
4115,2024-06-20,303.7241516113281,307.23352031070095,301.61853039170444,306.4848664118943,11749507
4116,2024-06-21,305.03436279296875,308.4501428841355,302.2736477750116,305.736236588112,17209541
4117,2024-06-24,311.5851745605469,312.5677864174738,301.85250207614206,302.36722664445557,18044357
4118,2024-06-25,306.39129638671875,313.50362310025974,304.89395993766004,313.50362310025974,13979671
4119,2024-06-26,305.7362365722656,309.01164761609755,304.09853105034966,304.8004048454565,12946277
4120,2024-06-27,310.2749938964844,311.1640454500687,303.5370226794719,307.46749874956646,27061015
4121,2024-06-28,309.7134704589844,315.7027868133724,308.450092123772,311.631913759605,21676594
4122,2024-07-01,308.4501037597656,310.46213600543615,304.37923055242834,309.76026229931983,11959181
4123,2024-07-02,309.5730895996094,312.94208915574075,306.99955263523765,308.87121588205343,12684459
4124,2024-07-03,313.64398193359375,315.28168737408174,307.98221169163327,309.853875052191,9369793
4125,2024-07-04,313.50360107421875,316.9661895844363,312.47418055285823,315.3752643642141,12878827
4126,2024-07-05,317.6212463378906,318.0891621482173,311.4915606463369,313.5035929188787,10894118
4127,2024-07-08,317.6212463378906,319.11858264279897,315.2348871289504,319.11858264279897,7828162
4128,2024-07-09,319.2590026855469,320.3820122334923,316.40472721022104,318.182801861702,9214579
4129,2024-07-10,323.84454345703125,325.48224890723014,313.9715305952731,320.9902682389827,10662609
4130,2024-07-11,320.8030700683594,326.3712796685086,320.0544161910536,326.13732176193616,12642065
4131,2024-07-12,321.0838623046875,323.70417964359524,318.2763672018648,320.80309565881504,11380570
4132,2024-07-15,321.7857360839844,323.23626379673215,318.36995608737533,323.23626379673215,5277531
4133,2024-07-16,320.4755554199219,324.73357794329087,319.58650394130785,320.7562934872131,11363095
4134,2024-07-18,319.3525695800781,322.5812003885706,315.32850466916955,320.054443359375,13908161
4135,2024-07-19,310.88330078125,319.91407093422737,309.76029132251716,317.7616408982089,12937990
4136,2024-07-22,316.87261962890625,317.62127356588127,308.35654543905974,308.82446128949834,10678640
4137,2024-07-23,312.8017272949219,318.6506750753056,300.4955468768576,317.34051648436275,15954324
4138,2024-07-24,315.515625,317.05974146127835,309.10517269055066,309.66667737446494,12573882
4139,2024-07-25,317.6680603027344,320.6159242446315,309.24557557770544,309.24557557770544,16271884
4140,2024-07-26,322.11328125,323.37663119239386,316.7790291580287,318.5103235078311,11468068
4141,2024-07-29,320.3819580078125,323.70414880593756,316.0771268817204,317.99557026216206,31849674
4142,2024-07-30,327.3539123535156,334.0451317561641,321.27100639424725,322.8619316842441,25813219
4143,2024-07-31,325.8565979003906,328.14936834914283,320.6159348528889,325.90337806001816,17976593
4144,2024-08-01,337.9288024902344,339.23896104170495,327.68143486400743,328.6172664806742,26792459
4145,2024-08-02,335.2616882324219,337.8820054257251,331.28440372443083,335.0277303201871,13771470
4146,2024-08-05,320.8030700683594,332.03304958383495,319.58650037790875,330.1146061736671,13566586
4147,2024-08-06,318.8846740722656,328.2897718911683,317.48092642411183,320.8031177676815,12273667
4148,2024-08-07,329.45953369140625,329.92744953448977,321.364595317924,323.65739437276005,12441847
4149,2024-08-08,320.6627502441406,332.2202783142611,319.35259147814537,332.2202783142611,15489731
4150,2024-08-09,323.7977294921875,326.5584441008897,322.20680436864495,325.57580379776743,8720610
4151,2024-08-12,319.2590026855469,321.73895116466394,317.71488597661124,320.9902971722464,12521136
4152,2024-08-13,315.3284912109375,320.4755653727706,313.6439770769298,315.3752713705005,10435954
4153,2024-08-14,312.09991455078125,316.63870462717705,311.1640827230428,315.3753259478659,12385993
4154,2024-08-16,319.50726318359375,320.4036779626853,311.95836164964834,314.22302635047714,13013828
4155,2024-08-19,321.1113586425781,323.94219646357095,320.16774603558054,323.3288540283768,5891370
4156,2024-08-20,321.3000793457031,323.32884060718095,319.69592646168604,321.2529102360198,6393840
4157,2024-08-21,317.66717529296875,321.7247267416092,317.1953689940644,320.8282832549824,10118601
4158,2024-08-22,315.16656494140625,318.6579425986856,311.86392129681064,317.05378988117513,18370039
4159,2024-08-23,317.28973388671875,317.95027421946645,314.55326313076745,315.7799479809891,7494822
4160,2024-08-26,319.17694091796875,322.24368166588715,316.9122765865521,317.4784498685986,7993675
4161,2024-08-27,316.44049072265625,322.1965333338851,316.1102205537682,319.8846709484401,9589690
4162,2024-08-28,315.5912170410156,319.7902754531152,314.93067676205817,316.4404625448405,8790600
4163,2024-08-29,314.5060729980469,316.95947155591176,310.25981623139404,313.75119442490615,17653536
4164,2024-08-30,318.3748779296875,321.6303528411853,315.21377003530586,316.11021350275325,22713812
4165,2024-09-02,316.6291809082031,320.73390127657825,315.3553269979917,319.31848244588133,9789776
4166,2024-09-03,315.77996826171875,318.89390729167116,315.16662579721645,317.05385110139144,8434423
4167,2024-09-04,314.12860107421875,315.8271208824705,312.3357430517047,312.5244770737667,9025610
4168,2024-09-05,312.5716857910156,315.4496928131749,311.0147307003922,313.60966545035535,13912371
4169,2024-09-06,311.2033996582031,314.31733827308625,306.6740710506246,314.2701403687094,23755639
4170,2024-09-09,310.0238952636719,310.63726646547246,305.30583246071376,309.22184762458505,18597200
4171,2024-09-10,315.3081359863281,316.3932846875682,308.56131183850994,308.56131183850994,15472387
4172,2024-09-11,314.4117431640625,318.23336283732135,313.27939647736304,317.9030926539696,10134008
4173,2024-09-12,319.12982177734375,319.8847004070875,314.4589274650794,315.96871352134076,18410837
4174,2024-09-13,318.23333740234375,322.00778766063695,317.14818871243847,320.63953792329755,10417461
4175,2024-09-16,319.17694091796875,322.24368166588715,318.04459435387577,318.2333283801477,7748570
4176,2024-09-17,317.903076171875,320.8282809635439,315.638411712663,317.71437093172375,11451846
4177,2024-09-18,315.4496765136719,319.7903001759544,314.31735868662264,319.4128609002713,6583254
4178,2024-09-19,316.015869140625,319.27134428550585,314.31737789785313,317.2425828575359,10589610
4179,2024-09-20,321.63037109375,323.61196337856205,315.87432828425676,319.08260547088133,31236123
4180,2024-09-23,321.9134521484375,323.18733499463224,321.0642065165653,322.71552866617293,6542941
4181,2024-09-24,330.31158447265625,331.2080279759151,323.04578461278606,325.1217150884182,26145769
4182,2024-09-25,343.2391052246094,345.5981368756376,332.4819266552752,333.89734564589213,40770462
4183,2024-09-26,344.84326171875,345.4566041948038,337.0584571924117,343.52218094352844,18733959
4184,2024-09-27,334.2747497558594,342.8144319147534,333.42550421025845,341.7764811350023,33148043
4185,2024-09-30,332.9537048339844,337.2943284642278,329.9813309643599,334.2747566875096,16356171
4186,2024-10-01,331.019287109375,335.9260841265613,330.2172394403099,331.302388166196,9856291
4187,2024-10-03,324.7442626953125,330.17003501440104,323.2816747193099,323.6591139908489,19350466
4188,2024-10-04,319.7431335449219,327.85820762051003,318.7051539311656,323.659120054448,20121706
4189,2024-10-07,310.4013671875,320.8282745930665,306.6740860080783,320.8282745930665,13851446
4190,2024-10-08,308.70281982421875,312.33573366395365,304.17349139855435,308.8443559381268,21148292
4191,2024-10-09,311.1562805175781,313.0906749884397,307.1459266367602,308.5613456535195,9228363
4192,2024-10-10,315.49688720703125,319.0354345539096,311.48653354723575,311.5809005691736,20773976
4193,2024-10-11,311.4393615722656,316.4405261837106,310.9203861035491,315.5912805090952,6098468
4194,2024-10-14,312.05267333984375,312.8075518406612,309.3161739816506,311.43930216156457,5944216
4195,2024-10-15,311.2505798339844,314.64759049456165,309.03308476410984,314.64759049456165,12415489
4196,2024-10-16,308.75006103515625,313.892732540298,306.62693263842027,312.9963178286282,22085298
4197,2024-10-17,312.4773254394531,313.1850349318255,306.2966740581104,309.9767576590921,17039729
4198,2024-10-18,313.3265075683594,315.025027283874,309.74079171910705,312.8075322311774,10569021
4199,2024-10-21,312.4773254394531,314.9307241056986,310.8732012014729,314.2230146133262,8745904
4200,2024-10-22,304.5509948730469,316.7235927817395,302.9468417856799,314.1286578912643,11219831
4201,2024-10-23,299.0307922363281,303.748854684982,296.1527856613564,301.20111824076963,12541589
4202,2024-10-24,301.1539611816406,302.7109162415018,297.47387773194004,297.47387773194004,8327779
4203,2024-10-25,297.9927978515625,303.37140029303833,295.58659764166174,303.37140029303833,12979410
4204,2024-10-28,300.35186767578125,302.3806577262924,293.2276043345509,296.7661514504143,9610615
4205,2024-10-29,302.4750061035156,303.08837732828067,296.4358912489805,298.27594732973336,15856332
4206,2024-10-30,300.4934387207031,307.0515288976693,298.8892858101173,300.5877769416323,14498110
4207,2024-10-31,302.71087646484375,304.5037632403153,299.9272368864473,302.3334372267116,9900390
4208,2024-11-01,303.89044189453125,304.5038131534014,301.95604748404565,304.26790999130446,847672
4209,2024-11-04,297.66259765625,306.3910139560511,294.02968349103276,306.24944903269204,9249409
4210,2024-11-05,298.7477111816406,299.78569064903104,294.40708809776885,294.7373582187704,7518195
4211,2024-11-06,300.5406188964844,302.28630799950747,296.1999950934131,299.50263925711073,11019250
4212,2024-11-07,295.3035583496094,301.01240274503147,294.1240426648718,301.01240274503147,14504208
4213,2024-11-08,298.4175109863281,299.6441959554675,291.29324674868417,294.2656209406557,15740539
4214,2024-11-11,311.2033996582031,313.65679798596193,295.1619867109397,295.8696961056719,22838987
4215,2024-11-12,304.5038146972656,313.75120717964063,303.6545402719927,312.8075945264688,12069181
4216,2024-11-13,300.0687561035156,306.2966039706777,299.26667976967184,304.45654819284584,12918639
4217,2024-11-14,298.728759765625,305.14169530359766,297.29302400501814,301.6002312868387,12500377
4218,2024-11-18,298.680908203125,302.03095857840174,296.8144690915435,300.54737652482765,9408101
4219,2024-11-19,301.5523986816406,304.6153137561682,298.87236989902124,299.63808406259164,13157158
4220,2024-11-21,311.9375305175781,312.75111999232894,299.59020828645436,302.46167993137243,25406386
4221,2024-11-22,322.5141296386719,323.13627597551874,310.1189322371218,311.8418035099469,31523269
4222,2024-11-25,328.0656433105469,330.60210414911484,321.7483996979914,327.20420763840764,29419152
4223,2024-11-26,324.2848205566406,329.8363493784488,323.42338499070473,327.3477350245429,13997179
4224,2024-11-27,324.7156066894531,326.6777674260775,322.08342417391594,322.8012921326988,12177260
4225,2024-11-28,319.3554992675781,327.10847855898857,317.9676388304884,324.71558551905446,16920231
4226,2024-11-29,315.28759765625,318.2547910236072,312.5118474261887,317.15406600945965,13890537
4227,2024-12-02,313.80401611328125,317.72836675357354,312.2247124633197,314.0911516095936,16003524
4228,2024-12-03,315.52685546875,317.15403434293347,310.3582125891655,310.3582125891655,23174488
4229,2024-12-04,311.12396240234375,317.0583492266345,307.3432086697145,314.95259152508044,17880011
4230,2024-12-05,314.2826232910156,316.2926595781231,305.85962104269,311.0761403104066,19785053
4231,2024-12-06,314.80902099609375,318.4940823362232,312.7032925232497,313.08614959011936,8802058
4232,2024-12-09,315.00048828125,316.484070482891,312.7033164938183,313.70832002265587,9376929
4233,2024-12-10,313.8518371582031,317.63261974756006,311.41109800464613,317.63261974756006,14994365
4234,2024-12-11,313.5168151855469,314.9047047476614,312.8468227015165,313.2296797224079,5013051
4235,2024-12-12,315.0961608886719,315.7661534003986,311.88967843718416,313.9475605683982,10414162
4236,2024-12-13,319.54693603515625,319.9776392477004,311.12393517615186,316.4840213209511,14973536
4237,2024-12-16,320.6476745605469,321.8441211074146,317.39334579509085,319.54694957945276,12695136
4238,2024-12-17,315.6704406738281,321.1740947097826,313.9475693553166,318.25477686171575,17360248
4239,2024-12-18,307.7738952636719,315.00044986782,306.9124595997002,313.94757107402324,15037099
4240,2024-12-19,307.8696594238281,309.97541730276333,303.27531577358263,304.37604089706593,10234715
4241,2024-12-20,302.270263671875,311.6504227384428,300.1645351378377,307.53462882215234,13973399
4242,2024-12-23,301.7917175292969,304.6631897387483,298.2023772674826,304.3760542018535,5984169
4243,2024-12-24,296.814453125,303.08382109172123,295.52228506487864,300.64308191936277,4833589
4244,2024-12-26,297.005859375,299.6859169879721,295.5222774395131,296.8144454662927,3775101
4245,2024-12-27,296.14447021484375,298.9202206125247,295.57016997839725,297.4366384443176,3981693
4246,2024-12-30,294.37371826171875,298.63307996449225,293.17727162724566,295.76160804175674,12489142
4247,2024-12-31,295.4744567871094,296.479460222459,292.0765310002142,294.18228864871605,8402716
4248,2025-01-01,297.10162353515625,298.01093466478636,292.79441563503605,295.47447363229577,4239498
4249,2025-01-02,301.6481018066406,303.6102916972374,295.5223012423458,296.57518006045615,10766571
4250,2025-01-03,302.5095520019531,304.37602041496183,300.2123803314119,302.7967167170974,7636948
4251,2025-01-06,292.8901062011719,302.9402569041533,291.7415058653546,302.2702351732399,6722495
4252,2025-01-07,291.9808349609375,297.3887973014811,290.01867409746296,292.89014611822995,10137739
4253,2025-01-08,293.51226806640625,294.66086846296133,290.01864990788994,293.03368943619523,6907996
4254,2025-01-09,292.1722412109375,293.75154478086444,290.64078381793064,293.51225547602337,8244909
4255,2025-01-10,286.8600158691406,292.1722264848171,285.7114155797474,291.02362619542384,6540783
4256,2025-01-13,275.2784423828125,285.7592971798324,274.4648528444749,282.3614004851616,19474228
4257,2025-01-14,277.81488037109375,280.4949088766722,274.5126763105418,275.4219873446416,15954608
4258,2025-01-15,285.85498046875,289.54004138292,278.6284555827443,282.36136267094673,12198882
4259,2025-01-16,284.8978271484375,288.67860967176716,283.89282379925817,286.18999517603874,11694289
4260,2025-01-17,289.6357727050781,291.9329441283263,283.0313939094448,284.8978329114067,7593230
4261,2025-01-20,293.12939453125,295.5701337241153,289.01363022677754,289.6357765690648,9435937
4262,2025-01-21,289.396484375,296.6708849147273,288.5828949154698,293.8472594993341,13911546
4263,2025-01-22,284.8021240234375,289.34862089660356,283.1270988596395,289.06148540971503,9723333
4264,2025-01-23,281.7392272949219,286.7643025883743,281.02135939585725,284.7542666289694,12228286
4265,2025-01-24,283.1749572753906,289.54004667430615,281.7392215067577,282.6485033008205,11142914
4266,2025-01-27,274.7041320800781,282.36139011715346,271.5933710025163,282.36139011715346,13477947
4267,2025-01-28,271.7847900390625,276.42697894433195,267.3818612161158,274.84767545624203,11298068
4268,2025-01-29,275.5177307128906,276.7620235010742,271.1626475340035,273.1248374970589,4800024
4269,2025-01-30,282.6964111328125,284.37143638847147,275.5177314657026,275.5177314657026,10969499
4270,2025-01-31,288.72650146484375,290.4494021772343,283.2228468418883,284.27572574221756,14141459
4271,2025-02-01,277.4320373535156,292.2679748674991,276.28343695870706,288.7264813252738,6945157
4272,2025-02-03,271.6412048339844,279.48990564927925,266.08970469349185,277.5755912270239,14978897
4273,2025-02-04,273.41192626953125,274.1297941115885,260.4424589404097,268.96115149079947,19836427
4274,2025-02-05,272.98126220703125,278.293473315418,272.3590866200002,273.36411926896625,15337191
4275,2025-02-06,269.104736328125,278.48489425351164,267.7647221131038,275.18269028603163,21418561
4276,2025-02-07,269.3468322753906,272.9781486269869,261.4547773149336,264.45667140926554,17193482
4277,2025-02-10,260.1959228515625,267.2648732583572,259.61490634717717,266.29652226829074,16709670
4278,2025-02-11,253.17539978027344,260.29275652329574,251.77127890415463,260.19594505740855,22083955
4279,2025-02-12,248.9146270751953,253.80481763807177,245.96116817566727,251.2870989826207,17861265
4280,2025-02-13,250.94818115234375,253.0785653887716,247.99472212394767,249.10831997637257,12257226
4281,2025-02-14,249.20516967773438,253.22382096433645,246.68745082472165,252.15862880901594,11339563
4282,2025-02-17,254.8699951171875,255.64466409678988,244.21811933729094,248.76936608384136,8332653
4283,2025-02-18,258.5013122558594,259.4212279783289,251.96494298094876,255.49941823407346,10483635
4284,2025-02-19,254.72471618652344,260.00224090453156,253.99845294377334,254.19213496253084,14602009
4285,2025-02-20,257.3393249511719,258.01718259487836,253.03015039846485,254.43427142397144,15312926
4286,2025-02-21,253.6111602783203,257.33931811622057,251.1902824032853,256.9035482780215,10757038
4287,2025-02-24,250.94818115234375,253.51430565186118,249.10831997637257,249.83458329991885,14599185
4288,2025-02-25,247.65579223632812,251.72287865093057,246.83268789626214,250.60925125169004,21287363
4289,2025-02-27,248.13995361328125,249.30198668016166,245.42856775033403,245.96116377667684,13614799
4290,2025-02-28,242.91087341308594,248.8662266223009,239.47322413686564,247.80103452796848,38512868
4291,2025-03-03,244.50863647460938,245.76749577598812,240.63523233243734,244.99281199238087,9873539
4292,2025-03-04,245.96116638183594,249.01146627504443,241.55516615486243,242.0877621868464,11947033
4293,2025-03-05,256.0320129394531,258.7434136235141,247.65578222706532,248.81781531333843,14536637
4294,2025-03-06,258.2108154296875,258.84023773562126,252.4491441040102,256.758288776734,11926868
4295,2025-03-07,254.96681213378906,260.1474960090282,253.3206331283176,257.5813717124639,10043068
4296,2025-03-10,262.7136535644531,265.5703012601409,252.7880543377751,252.7880543377751,30233763
4297,2025-03-11,258.8402404785156,263.24625577020277,257.43614909681986,261.45480030223024,9255499
4298,2025-03-12,258.6465759277344,263.77882476257304,255.2573471929502,262.1326456795726,11875548
4299,2025-03-13,259.1791687011719,262.0842220313962,257.0972197248572,261.26111767748654,9270442
4300,2025-03-17,258.888671875,262.0842186766507,256.5646351509149,261.454796373505,11987667
4301,2025-03-18,258.888671875,258.888671875,258.888671875,258.888671875,0
4302,2025-03-19,268.4269104003906,269.49207286448365,261.2610893221769,263.39147335381784,13089950
4303,2025-03-20,271.47723388671875,274.57593964248076,268.2816575599182,274.52753390869157,13710249
4304,2025-03-21,274.1401672363281,276.1252749165851,271.1866790282726,272.1066242762316,26003527
4305,2025-03-24,282.61328125,284.64682451930895,275.44748884781086,275.98007014494203,19966817
4306,2025-03-25,281.7901611328125,285.90565317684843,278.5461791406971,281.7901611328125,16983852
4307,2025-03-26,281.6449279785156,287.358193652155,280.38605379676846,282.46803233740206,20367015
4308,2025-03-27,286.1477355957031,287.8423499351024,279.85345376364876,279.85345376364876,37203166
4309,2025-03-28,281.1607360839844,284.9372993063308,279.1755986806343,284.5983705251023,10834900
4310,2025-04-01,280.1439514160156,287.55186070814506,277.9167557861563,280.4344744666903,11603556
4311,2025-04-02,277.6746520996094,280.5797051294222,275.49586232724977,277.77149311094865,11679536
4312,2025-04-03,289.6338195800781,290.45692392445716,276.07690419600505,280.1923963661701,23478876
4313,2025-04-04,284.5983581542969,291.3768152773064,282.855338143357,290.50530527183645,21020875
4314,2025-04-07,280.24078369140625,284.59836335003746,273.3654854307757,274.62435950763955,22847548
4315,2025-04-08,279.8050842285156,284.6952458484161,275.64115643914886,282.7101377575811,20831596
4316,2025-04-09,284.11419677734375,290.02114418869473,280.14395149746986,280.7734033315833,21342531
4317,2025-04-11,294.4755859375,295.3470960482798,283.96897021691166,283.96897021691166,19831004
4318,2025-04-15,294.91131591796875,300.62461105387973,294.0882411237009,297.4774699763862,16563441
4319,2025-04-16,296.0733337402344,297.2837725535632,293.21668632008675,294.8144891950639,7032401
4320,2025-04-17,299.220458984375,299.9951279636436,292.44200198472896,295.78282475524543,8528993
4321,2025-04-21,309.8723449707031,311.80904712677,298.6879018401087,300.18883419036865,13369014
4322,2025-04-22,302.6581115722656,309.63025101551136,302.22237132689344,309.63025101551136,10027268
4323,2025-04-23,304.982177734375,306.095775541447,299.65624691194205,304.20747915643824,8225575
4324,2025-04-24,304.4495544433594,305.85367524150877,302.9486221846986,304.9337299528277,8021180
4325,2025-04-25,296.7995910644531,305.41790933183546,293.79769695737076,303.0938727672882,11475773
4326,2025-04-28,298.78472900390625,301.10879535467075,293.9429733593657,294.57242523454096,7314824
4327,2025-04-29,293.36199951171875,300.9635325739952,291.66738495994684,298.7847424360028,14678005
4328,2025-04-30,297.7195739746094,300.18885759542735,292.3452073414585,294.81452051400845,17619987
4329,2025-05-02,293.45880126953125,299.22050237544687,292.732537914251,295.8312733841392,5688285
4330,2025-05-05,298.44580078125,300.86667836853553,295.00813687626754,295.153383621159,4342960
4331,2025-05-06,297.86480712890625,300.6246137007377,295.879669623817,297.86480712890625,9124804
4332,2025-05-07,301.2539978027344,303.2391055043175,297.2837528478413,298.25210383431636,14679327
4333,2025-05-08,298.4942321777344,307.3546389986981,294.3787399254866,303.4812345259943,19253478
4334,2025-05-09,289.8274841308594,293.45880090272146,287.0192717376323,290.50534174896626,11981497
4335,2025-05-12,299.2688903808594,301.2540278320499,294.4271349658529,294.4271349658529,7145884
4336,2025-05-13,289.00439453125,298.97839893410884,288.5686247202087,295.3470823478646,17988336
4337,2025-05-14,286.58349609375,291.03788714287646,284.74360551498364,289.7306369076964,10359258
4338,2025-05-15,290.1663818359375,290.89264511245915,281.8385570214769,286.53506545332925,22640626
4339,2025-05-16,290.6990051269531,292.63570728089223,286.14774324450434,290.50532309086736,16763668
4340,2025-05-19,294.4271545410156,294.8629243780306,289.5369930674257,292.4420465095738,12575289
4341,2025-05-20,288.4717712402344,295.6375630838809,287.69710222265644,294.7660530511735,21339095
4342,2025-05-21,286.77716064453125,292.68410802367583,286.29298511430187,288.3265282516112,11997632
4343,2025-05-22,281.6933288574219,286.9708541689505,277.480995665399,286.53508435360214,26158839
4344,2025-05-23,288.66546630859375,289.29488860777093,282.516430966752,282.7585187396455,9872024
4345,2025-05-26,287.30975341796875,294.1850218741288,286.38980814760674,290.55370562542714,16469130
4346,2025-05-27,285.2278137207031,288.1813024003118,282.9522122049933,287.6002858115583,17074710
4347,2025-05-28,281.9353942871094,286.2929738883065,281.3059720328376,285.2277818532238,10099453
4348,2025-05-29,283.8236999511719,284.59836897398986,282.12908560599465,282.12908560599465,9773818
4349,2025-05-30,280.5797424316406,285.3246571008113,279.1272157236252,282.7585324936637,21788566
4350,2025-06-02,283.7752685546875,284.3562851056245,279.2724420004522,281.1123031186449,7255782
4351,2025-06-03,279.1271667480469,286.05087026440947,278.6429912636617,283.2426583653208,10989055
4352,2025-06-04,279.4176940917969,280.62813294950126,277.96516746255156,279.1272005866398,8580196
4353,2025-06-05,284.93731689453125,285.9056680139689,280.9186656592112,281.79017575635885,13110486
4354,2025-06-06,286.4382019042969,287.6002348760014,283.6784253120191,284.25941224614536,7935393
4355,2025-06-09,290.9894714355469,291.61889366640986,286.77713873403803,288.56859396936096,8666186
4356,2025-06-10,291.5220642089844,292.2483274776183,288.81069316010877,291.0378886965617,7273892
4357,2025-06-11,286.0993347167969,291.8610058374493,284.6952138482143,291.57051233788775,10941604
4358,2025-06-12,279.8534851074219,286.43826117160955,279.36930952765124,285.8088388282541,14071159
4359,2025-06-13,276.4642333984375,277.3841787453238,272.88132258098824,273.60758589114175,16028417
4360,2025-06-16,279.5145263671875,281.30598173089703,277.2388954755418,278.8366983591143,11067299
4361,2025-06-17,279.4176940917969,281.25758479689154,278.11044376686004,279.5145351107592,7286868
4362,2025-06-18,278.2072448730469,279.1755959231469,276.46422480355835,278.4009269037584,11904855
4363,2025-06-19,277.3841552734375,278.54615874031805,276.270527984052,277.7230544814481,13573824
4364,2025-06-20,283.8236999511719,285.17938551696784,276.02845623231923,276.5126317595127,33014151
4365,2025-06-23,281.06390380859375,284.1626391165812,278.9819548759131,282.17750165149454,6833477
4366,2025-06-24,276.8999938964844,285.3730655634303,276.318977357548,284.1626267538666,15007849
4367,2025-06-25,281.257568359375,281.88699061825,277.43256997188115,277.43256997188115,10838516
4368,2025-06-26,284.2110595703125,284.9373229252622,280.5797427955641,281.596499671801,10232220
4369,2025-06-27,289.7790832519531,291.1832042479687,284.8404864490922,285.6635908415244,15523628
4370,2025-06-30,290.4084777832031,291.4736698624816,286.87400231481786,290.8926533145361,8415241
4371,2025-07-01,288.1328430175781,291.9578414845851,287.6002617609346,291.47366595973506,12349270
4372,2025-07-02,285.518310546875,289.294873699044,284.1141897157614,288.13284062834805,10826029
4373,2025-07-03,284.4047546386719,289.48859835605145,283.82373801776765,288.9559874736672,10373094
4374,2025-07-04,284.6952209472656,285.8088187923256,282.41958997152483,284.4047274404605,14193884
4375,2025-07-07,286.5350646972656,287.2613279718709,284.2110281288743,285.3730611889341,6220756
4376,2025-07-08,288.3265380859375,288.9559603863584,283.7752761258537,284.84046823903606,6254288
4377,2025-07-09,290.1663818359375,290.50531060865995,287.01924097101033,288.8106962967761,5650646
4378,2025-07-10,289.7790832519531,293.1199065587587,288.5686443077094,290.5053466184994,9307817
4379,2025-07-11,289.1011962890625,291.37682718369206,287.5518582390185,289.77905384975355,7073217
4380,2025-07-14,288.7623291015625,290.941119221891,288.0360657281197,290.0211737948371,5484223
4381,2025-07-15,288.6170349121094,290.5053313868159,287.4550313176004,288.6654701983788,6173407
4382,2025-07-16,287.6486511230469,289.4885416541546,286.34140092172856,289.4885416541546,8144630
4383,2025-07-17,287.21295166015625,288.762319381695,286.4382530235212,288.132867504513,8318287
4384,2025-07-18,284.8404541015625,291.9578401957856,284.21103183238165,287.11608496865813,8702106
4385,2025-07-21,287.6002502441406,287.8423379968714,283.00058294225624,284.6951972113715,5298012
4386,2025-07-22,288.37493896484375,289.3917253269252,285.2277979639942,287.6971109418524,7775653
4387,2025-07-23,289.7790832519531,290.1664178037647,287.6971341782003,289.39174870014153,5310964
4388,2025-07-24,289.87591552734375,291.8126177796704,287.11610890743196,290.36009109042544,6294709
4389,2025-07-25,282.8553466796875,288.32652418374363,281.69331360283985,287.7455076453198,8202572
4390,2025-07-28,282.66168212890625,285.905664246623,281.54808426657286,282.7585231499201,7037396
4391,2025-07-29,283.8236999511719,284.59836897398986,280.62812374065743,281.3059812994199,6586034
4392,2025-07-30,279.8050842285156,287.11612378930397,277.52945305373447,283.72689467206095,10515572
4393,2025-07-31,281.7901611328125,284.98570784043096,275.93164898493546,275.93164898493546,14283621
4394,2025-08-01,282.0322265625,283.5331587801675,277.23887732898726,282.4195610491503,6697683
4395,2025-08-04,278.8367004394531,282.32274062521867,276.657910547485,281.98384139451815,10397121
4396,2025-08-05,276.9483947753906,279.5145190963554,276.07688475812137,278.0135868194878,15561914
4397,2025-08-06,275.786376953125,279.2724467665108,275.0601136399917,278.49777771986055,12985269
4398,2025-08-07,276.51263427734375,277.2388975747471,274.4306854018,275.49587748167073,8893659
4399,2025-08-08,275.8348083496094,277.1904939379996,274.6243695114522,275.78637306504544,6172968
4400,2025-08-11,275.8348083496094,277.33574068823253,274.3338464592568,275.8348083496094,8755499
4401,2025-08-12,275.64111328125,278.4493253426438,275.0116910255161,275.39902552506555,13184438
4402,2025-08-13,279.07879638671875,280.2407999654629,276.99681789864155,277.9167632562445,9928283
4403,2025-08-14,279.56298828125,280.9670797149765,278.06202627063396,279.9018875417045,8464495
4404,2025-08-18,281.1607360839844,282.08065185962835,279.3692807132589,280.3376317729236,9836105
4405,2025-08-19,280.0909118652344,282.1332473668186,278.6807200552236,282.0359876420763,7196772
4406,2025-08-20,280.47991943359375,281.06344809911144,279.0697573113852,280.28542966475504,3106073
4407,2025-08-21,276.2007751464844,281.5983488453277,275.8117659061222,280.4799361494731,7389271
4408,2025-08-22,275.5686340332031,276.73566176535235,274.0611824031939,276.2007777647218,6824793
4409,2025-08-25,276.3466491699219,276.7843031138595,274.4502179983647,275.56863069125774,7426789
4410,2025-08-26,272.2133483886719,276.0062402086339,271.24081050255336,275.22822177153944,22905910
4411,2025-08-28,266.9130554199219,274.255705157843,266.0863922167015,274.255705157843,12455072
4412,2025-08-29,267.6910705566406,268.5177337494827,264.77345670861183,266.0863888761254,12841075
4413,2025-09-01,272.1647644042969,272.89416790206815,268.4204871798367,268.4204871798367,10820878
4414,2025-09-02,278.8266296386719,279.9936573186593,272.164739043884,272.5051332470267,16983677
4415,2025-09-03,278.1944580078125,281.25797617588785,277.7568337548744,281.0634567215809,30178885
4416,2025-09-04,274.0611877441406,280.0423199960402,273.18590950809545,278.9725222944279,5946090
4417,2025-09-05,277.5137023925781,278.7779898212633,274.5960886222258,274.5960886222258,9695914
4418,2025-09-08,275.0337219238281,279.79918164903796,274.3529631627289,278.53486449927703,5186605
4419,2025-09-09,276.0549011230469,276.54117009466415,273.963950480993,275.2768529607576,7093190
4420,2025-09-10,275.17962646484375,278.5835093101367,274.74197251293344,276.88156788749023,7767863
4421,2025-09-11,278.92388916015625,280.77173512119623,274.79060262115405,274.79060262115405,7406625
4422,2025-09-12,279.75054931640625,280.67447228672944,277.2705892921768,279.3615400529297,7618852
4423,2025-09-15,278.38897705078125,280.86893685227136,277.90270809523406,280.3826678967242,5420800
4424,2025-09-16,280.43133544921875,281.74426767207285,278.4862594685472,278.6807492589119,8626429
4425,2025-09-17,279.2642822265625,281.25800294470594,278.0972544281536,281.0634834718855,19010126
4426,2025-09-18,281.1607360839844,281.89013956932183,278.2431221426345,279.1184003891387,16842964
4427,2025-09-19,278.3403625488281,282.23051420049865,277.0760454543342,282.03599474611445,14993879
4428,2025-09-22,278.7779846191406,281.06345463250244,278.04858119016353,279.1183788218969,9456933
4429,2025-09-23,280.6744689941406,281.06347825305374,277.5623355638277,280.72308402169074,13619147
4430,2025-09-24,285.245361328125,286.46103373351167,279.06976925236245,279.99366247275503,14032389
4431,2025-09-25,276.58978271484375,286.75281600507043,275.81176423882266,285.926152824609,16242837
4432,2025-09-26,274.49884033203125,276.3466565276837,272.407889645385,275.7145127870004,8959035
4433,2025-09-29,272.8941650390625,278.24312396660133,272.2620212835269,276.1035285237842,14600560
4434,2025-09-30,272.55377197265625,278.1458654208017,271.33809948392894,274.25571345687445,18772881
4435,2025-10-01,272.9427795410156,275.08237497971265,272.21337605230127,273.2831737716498,11812449
4436,2025-10-03,281.7442626953125,282.0360122154581,273.33178548390373,275.5686406298664,19597461
4437,2025-10-06,279.0211486816406,280.72309019638686,276.7356784259376,280.4313406656608,11702722
4438,2025-10-07,281.0634765625,284.3214847353709,279.21566033414905,281.0148615352423,11371062
4439,2025-10-08,277.4650573730469,282.37639168858715,276.8329136594234,282.37639168858715,9989251
4440,2025-10-09,278.2917175292969,279.069765666448,274.4988256091278,277.1733048666126,10714949
4441,2025-10-10,281.2093505859375,283.2516862769683,277.4164584051681,277.4164584051681,10773268
4442,2025-10-13,278.2917175292969,280.2854380562139,277.076045139531,279.8477841240975,8950161
4443,2025-10-14,279.6046447753906,279.99365399743874,277.56230926026143,278.6321068805197,7667654
4444,2025-10-15,282.9599304199219,285.19675584889626,279.16700864456936,279.2642683761559,8125514
4445,2025-10-16,283.835205078125,285.1967522647158,282.6195326473291,284.3700890758741,7824732
4446,2025-10-17,281.7928771972656,283.4948186471197,280.09093574741155,283.0085496614471,14275188
4447,2025-10-20,280.28546142578125,284.07835366219314,279.21566369768965,282.1818927042351,13536721
4448,2025-10-21,280.6744689941406,281.6470069811754,280.2854597352275,280.3826897903278,398291
4449,2025-10-23,281.69561767578125,283.15442463389456,280.09093595775727,281.0148589030305,21031287
4450,2025-10-24,280.57720947265625,282.7654199451466,278.6807485246963,281.69562222269496,16350189
4451,2025-10-27,283.0571594238281,284.75910084202894,280.2854500006463,281.0634684914512,13396182
4452,2025-10-28,280.3340759277344,284.564622124817,278.92388396887213,282.57090143540813,13543174
4453,2025-10-29,287.2391052246094,288.5033927571594,280.8203484666144,281.0634829674513,14608714
4454,2025-10-30,283.49481201171875,288.30888672900187,282.95992801179966,288.1629822931123,10329750
4455,2025-10-31,280.23681640625,283.98109361064735,279.1184036515609,283.98109361064735,10088802
