Price,Close,High,Low,Open,Volume
Ticker,AAPL,AAPL,AAPL,AAPL,AAPL
Date,,,,,
2000-01-03,0.8370023369789124,0.841208150609237,0.760358801244575,0.7841932093841432,535796800
2000-01-04,0.7664347290992737,0.8271881159152289,0.7566204309406731,0.8094295633996046,512377600
2000-01-05,0.7776501774787903,0.8267208744852586,0.770173246138476,0.7757809321644389,778321600
2000-01-06,0.7103536128997803,0.8000826805290923,0.7103536128997803,0.7935403467905241,767972800
2000-01-07,0.7440022230148315,0.7552184921993549,0.7140928540562652,0.7215697844799548,460734400
2000-01-10,0.7309166789054871,0.7645645343628289,0.7084842428184097,0.7626952894816049,505064000
2000-01-11,0.6935295462608337,0.7430675564000493,0.6767056432178344,0.717363953833211,441548800
2000-01-12,0.6519367098808289,0.7140928662889282,0.6467954496972995,0.7103535274640382,976068800
2000-01-13,0.7234385013580322,0.7383932009087927,0.6916599083241912,0.7064973527196073,1032684800
2000-01-14,0.7510119080543518,0.7645646467538639,0.7430676535791537,0.747740741510618,390376000
2000-01-18,0.7771827578544617,0.7926055887149458,0.7510118308482524,0.7552184431694714,459177600
2000-01-19,0.7968113422393799,0.8131679717404204,0.7729769343054548,0.7898008875207397,597643200
2000-01-20,0.8486860394477844,0.9085047810085715,0.8486860394477844,0.8636406998794371,1831132800
2000-01-21,0.832329511642456,0.8542938830691293,0.8239171329765795,0.8542938830691293,495924800
2000-01-24,0.794474720954895,0.8430772295532856,0.7860622961793617,0.8108312984276168,440876800
2000-01-25,0.8393388986587524,0.8458821298883773,0.7655000502142826,0.785127847053958,497145600
2000-01-26,0.8239169716835022,0.853826392055438,0.8206458550171248,0.8225150502787439,367158400
2000-01-27,0.8225148320198059,0.8449473156414165,0.8000823983152697,0.8136351335830972,340144000
2000-01-28,0.7598914504051208,0.8290572550905502,0.752414520764964,0.8089621861706283,423348800
2000-01-31,0.7757808566093445,0.7767155041340382,0.706615092849809,0.7552185112319083,701680000
2000-02-01,0.7496099472045898,0.7851279018500308,0.7477407519396034,0.7776501224483316,318035200
2000-02-02,0.7388610243797302,0.763630032137338,0.7253082360647924,0.7533492588837832,464195200
2000-02-03,0.7725095748901367,0.7795200288317999,0.749609767005632,0.7500770906680824,475193600
2000-02-04,0.8075603246688843,0.8225149837277594,0.7748462155438933,0.7771827843074932,425320000
2000-02-07,0.8528916239738464,0.8542935950975605,0.7921382441021377,0.8075602758825575,441067200
2000-02-08,0.8589674234390259,0.868313497089978,0.8318618531019529,0.8524241935087035,408643200
2000-02-09,0.8421425819396973,0.8757912826881188,0.8407407108125831,0.8533588488005542,299364800
2000-02-10,0.8486860394477844,0.851489882287819,0.8225150592313194,0.8440129014916095,302982400
2000-02-11,0.813167929649353,0.8533589150868783,0.8094294399630715,0.8496204254005968,212251200
2000-02-14,0.8659769892692566,0.8664443129243499,0.8122332215042067,0.8173736319590084,367539200
2000-02-15,0.8898116946220398,0.8968221508203456,0.8613042431970559,0.8617715670099362,485744000
2000-02-16,0.8533591628074646,0.8832693851659353,0.8384045008820672,0.8804647433723495,378246400
2000-02-17,0.8589674234390259,0.8636404602645019,0.8458819619198668,0.8613039418517638,289497600
2000-02-18,0.8318618535995483,0.8627058134817926,0.8290571629454926,0.8570981293542075,233441600
2000-02-22,0.8510226011276245,0.8743896897571806,0.7977460903027361,0.8234497480273939,422296000
2000-02-23,0.8692482113838196,0.8898114518827664,0.8299918238007564,0.846699369351264,473099200
2000-02-24,0.8614203929901123,0.8907460766383613,0.8356003357324157,0.8771932907693707,376432000
2000-02-25,0.8253188729286194,0.8748569388551941,0.8234496777126581,0.8585003076640031,249144000
2000-02-28,0.8468165397644043,0.8599020017530103,0.8103640458783666,0.8234495078669727,328328000
2000-02-29,0.8570981621742249,0.8767259558796979,0.8416753829693445,0.8491530608209327,368961600
2000-03-01,0.9743993282318115,0.9874847920076295,0.8860730467500343,0.8865403704800041,1077003200
2000-03-02,0.9122439026832581,0.9566407517207082,0.9024296059535635,0.9496310959898062,311259200
2000-03-03,0.9571080803871155,0.9588609687240397,0.8972893432526717,0.9337409946568425,323366400
2000-03-06,0.939816951751709,0.9655205577260201,0.9346756914523064,0.9421534707630729,210560000
2000-03-07,0.9187862277030945,0.9529022547302505,0.9057007650545376,0.9454244766899199,273011200
2000-03-08,0.9122439026832581,0.9267313365116067,0.8865403008795293,0.9187862347208788,271230400
2000-03-09,0.9141134023666382,0.9346757493144824,0.8842039804529557,0.9038317796389046,276718400
2000-03-10,0.9402843713760376,0.9566410044647671,0.904766363624617,0.9099076244481341,248606400
2000-03-13,0.9071030020713806,0.9458920776996598,0.8935502117596564,0.9131788108239034,303956800
2000-03-14,0.8542936444282532,0.9290679378648348,0.8524243494886928,0.9064017882980816,428579200
2000-03-15,0.8692482113838196,0.8991584247614496,0.8533589065779176,0.8645751741981811,443609600
2000-03-16,0.9089719653129578,0.91224393010338,0.8561627890383245,0.8771933542096916,378100800
2000-03-17,0.9346758127212524,0.9346758127212524,0.8944847653533462,0.8982241546647648,305043200
2000-03-20,0.9197208881378174,0.9440225190210422,0.9150477510085229,0.92346017654769,204489600
2000-03-21,1.0089826583862305,1.0225353457416402,0.9094401105368839,0.9164497666545498,524328000
2000-03-22,1.078148365020752,1.0795511348502143,0.9837462783172115,0.99285963992012,567996800
2000-03-23,1.05665123462677,1.1244150617438917,1.0468369386585459,1.0617915951857175,562564800
2000-03-24,1.0370231866836548,1.076279592476162,1.0131887691652854,1.0650633196531272,446913600
2000-03-27,1.0435656309127808,1.082354687178067,1.0234697180534291,1.0290783000136836,279182400
2000-03-28,1.040294885635376,1.0617918794477195,1.0253393265969633,1.0262739741612312,202966400
2000-03-29,1.0164602994918823,1.042631225465571,1.0006874007587088,1.0421640015979377,239836800
2000-03-30,0.9402843713760376,1.029546015732047,0.9379477522922981,0.9987012461481053,414400000
2000-03-31,1.0155258178710938,1.0262738643736773,0.9421533962365983,0.9529023412466778,404633600
2000-04-03,0.9968317151069641,1.0430985590371267,0.9678569464825186,1.013188344326966,328563200
2000-04-04,0.9519675970077515,0.9944951504851874,0.8729874982848129,0.9916913082115378,660329600
2000-04-05,0.9748675227165222,0.9935606729658125,0.9271988015541713,0.9456582400041132,457665600
2000-04-06,0.9360783696174622,1.0057115012338143,0.9215901361861202,0.976736731551924,259627200
2000-04-07,0.9851483702659607,0.9860829179838225,0.938414994322333,0.9515004593875596,242435200
2000-04-10,0.9346758127212524,0.992626263795346,0.9328066172364785,0.9846811596846393,212262400
2000-04-11,0.8930827975273132,0.9337410645125155,0.8828011752092617,0.923460340702051,541822400
2000-04-12,0.8169063925743103,0.8898114859774983,0.7841931842553285,0.8898114859774983,941136000
2000-04-13,0.8510226011276245,0.8972894545842981,0.8112988799101775,0.8337313708519472,529827200
2000-04-14,0.8365351557731628,0.8823338336582267,0.8150372640112281,0.8173738329441618,667620800
2000-04-17,0.9262639880180359,0.9267313116988046,0.8155044320608498,0.8187764465823959,409561600
2000-04-18,0.9486962556838989,0.9486962556838989,0.8926151277087372,0.9234599827052996,390924800
2000-04-19,0.9057009220123291,0.9739320893836746,0.8954192998860824,0.9435554452832032,520150400
2000-04-20,0.8888768553733826,0.9328063824898818,0.8753240683848111,0.9248620790519057,722120000
2000-04-24,0.9010277986526489,0.9010277986526489,0.8580329176437516,0.8599021127153728,443620800
2000-04-25,0.9594447612762451,0.9627167265386184,0.9127113854609787,0.9131787092357139,391641600
2000-04-26,0.9071030020713806,0.9571082488777669,0.8972895012127486,0.94682662551892,366912000
2000-04-27,0.9477607011795044,0.9496307940312504,0.871701772641107,0.8762584018285612,326603200
2000-04-28,0.9276658296585083,0.9533695297889312,0.9071026898526963,0.950565687627841,249580800
2000-05-01,0.9295351505279541,0.9356109573605171,0.911309327376743,0.933740863971083,226195200
2000-05-02,0.8813992142677307,0.9440226979659743,0.8785953713923329,0.921590257781774,236432000
2000-05-03,0.8603696227073669,0.9066356799835859,0.8346660135147892,0.8893443988590962,489798400
2000-05-04,0.8276553750038147,0.8617714045928367,0.826720727554206,0.860836757143228,399515200
2000-05-05,0.8458820581436157,0.8580328737462425,0.827888997420145,0.828589933056872,284076800
2000-05-08,0.8234493732452393,0.8500875666165694,0.8225147260657546,0.8381703658245294,184900800
2000-05-09,0.7883989214897156,0.8318619212934901,0.7841931580517768,0.82485146697326,327140800
2000-05-10,0.7426003217697144,0.7851278823979227,0.7383937090615947,0.7781174269447031,535091200
2000-05-11,0.7687714099884033,0.779520357933562,0.7402639557044548,0.7580225119603414,499744000
2000-05-12,0.8047565221786499,0.8262535661965653,0.7833750861391522,0.7926057043433966,306913600
2000-05-15,0.7552184462547302,0.808027574286036,0.7486752652227108,0.808027574286036,678932800
2000-05-16,0.7902682423591614,0.815504522595571,0.7683039270904635,0.7815057975792733,440451200
2000-05-17,0.7580223083496094,0.7753135361011892,0.7505445295970793,0.7748462123669686,398092800
2000-05-18,0.7533490061759949,0.7846602864551248,0.752414358973777,0.7701729054012632,373777600
2000-05-19,0.702876627445221,0.742133020092969,0.6982026911491659,0.742133020092969,740667200
2000-05-22,0.6724991798400879,0.701007479715025,0.6430570809345554,0.701007479715025,755507200
2000-05-23,0.641654908657074,0.6982025152331868,0.6402529876903189,0.6767055285136944,517585600
2000-05-24,0.6556748151779175,0.671096790833478,0.6206242034327453,0.6444586014493207,678462400
2000-05-25,0.652520477771759,0.6928287297363543,0.6430570955173655,0.6617510966232335,406750400
2000-05-26,0.6458608508110046,0.6720317799124665,0.6374493226759198,0.6580116678464467,181148800
2000-05-30,0.6547403931617737,0.6589461562135434,0.6112782459389843,0.6552076668894767,713059200
2000-05-31,0.6281021237373352,0.6823132119757009,0.6267002027714123,0.6495999590342905,433507200
2000-06-01,0.666424036026001,0.6696951522912908,0.6009967190120583,0.6112783399491234,903840000
2000-06-02,0.6921277046203613,0.7458714845508799,0.6654894515769973,0.7010074051649711,792848000
2000-06-05,0.6827806830406189,0.7122227789326084,0.6706298658726216,0.6977353928679849,323668800
2000-06-06,0.6944639682769775,0.7234387296382365,0.6753035014568566,0.6876880258208089,525481600
2000-06-07,0.722037136554718,0.7253083033290053,0.6851173083318844,0.7000728180636783,337019200
2000-06-08,0.708951473236084,0.7365243185806941,0.6963333347827177,0.7299820367722049,238526400
2000-06-09,0.7159618735313416,0.7323184492325086,0.7056802550878467,0.7234387516818718,252358400
2000-06-12,0.6818459630012512,0.7211023500328957,0.6795094444412522,0.7206350263540648,290337600
2000-06-13,0.7066149115562439,0.7080168325665126,0.6594134765714823,0.6818459099162814,351456000
2000-06-14,0.6762383580207825,0.7197005135199934,0.6739017892690238,0.7080169709220336,277446400
2000-06-15,0.6907256245613098,0.6982025534320929,0.6654892986815105,0.6823132497103115,248572800
2000-06-16,0.6818459630012512,0.7010072820919395,0.6659566584185399,0.6991371887033776,303564800
2000-06-19,0.7225044369697571,0.7318514617794013,0.671564497022741,0.6771730313778964,394004800
2000-06-20,0.7570875883102417,0.7771827066238366,0.7355897501721931,0.7365243476339648,501390400
2000-06-21,0.8318618535995483,0.8514896465534336,0.7524144371383159,0.7552183291191827,490000000
2000-06-22,0.8038210272789001,0.8617714697199448,0.8010171845523426,0.8337312953563546,467712000
2000-06-23,0.7729772925376892,0.8169067902942596,0.7598918231378053,0.8042886448251989,204965600
2000-06-26,0.8094293475151062,0.8187763693365095,0.7795199858456344,0.7851276698175035,185354400
2000-06-27,0.773911714553833,0.8299920174830995,0.772042469293134,0.8042884101150676,203470400
2000-06-28,0.8141026496887207,0.828122711920864,0.7701731679506192,0.7972787447282418,286428800
2000-06-29,0.7664347290992737,0.8066257206658519,0.763630037775055,0.7935402560121777,203660800
2000-06-30,0.7832585573196411,0.821580349918923,0.7729769364074928,0.7898008896685289,323097600
2000-07-03,0.797278642654419,0.8122333005757002,0.7795200924466918,0.7795200924466918,70828800
2000-07-05,0.7720422744750977,0.8253187210280206,0.7589568121958588,0.796343954244564,265216000
2000-07-06,0.7748461961746216,0.7916709484308024,0.7421329863748852,0.7851278172834486,309545600
2000-07-07,0.8141026496887207,0.8197111837358566,0.7795201922469268,0.7865297990677662,263603200
2000-07-10,0.8542936444282532,0.8711183970601307,0.8038209838792897,0.8089622438022482,397796000
2000-07-11,0.8514897227287292,0.8860729737411279,0.8290572371139511,0.8524242702775,357896000
2000-07-12,0.8804643750190735,0.881398922445335,0.8430771867589534,0.8692481087234786,225433600
2000-07-13,0.8449475765228271,0.9066356152055176,0.8187766453725124,0.8748569981928022,445659200
2000-07-14,0.8627057075500488,0.8823334980938351,0.8505548948143759,0.8542933837184326,190276800
2000-07-17,0.8720530271530151,0.8795299072597683,0.8542936274052387,0.8711183797018591,260002400
2000-07-18,0.8561624884605408,0.8804642112173,0.850554805609648,0.8748565283664073,318404800
2000-07-19,0.7879316806793213,0.8496205104598004,0.7739116191545162,0.8253188275536646,457872800
2000-07-20,0.8243842124938965,0.8533589824020011,0.8094295038129257,0.822514967503305,465572800
2000-07-21,0.8010168671607971,0.831861720619574,0.7916706951641687,0.8129340675756527,196235200
2000-07-24,0.7281127572059631,0.7907353740526749,0.7103533603814162,0.7860622873173411,412171200
2000-07-25,0.7486752271652222,0.7570876028240083,0.7337205193973785,0.7524145155914072,211607200
2000-07-26,0.7486752271652222,0.7664346258795623,0.7365243617535233,0.7454040611106934,210470400
2000-07-27,0.7776501774787903,0.7963441780521312,0.7458715595391723,0.7477408048535236,294985600
2000-07-28,0.7225044369697571,0.7851279208226561,0.7010074429757461,0.7818567541542506,237893600
2000-07-31,0.7598914504051208,0.7720423159003684,0.7290474870947433,0.7351224456301085,155299200
2000-08-01,0.7374590039253235,0.7650318506908143,0.7365243565351777,0.7524145102604782,137284000
2000-08-02,0.7066149115562439,0.7468058928994121,0.7056803141884227,0.7327858342064753,162355200
2000-08-03,0.7178308963775635,0.7187655433605781,0.66175062980202,0.6813783661964997,339897600
2000-08-04,0.7084842324256897,0.7664346165916155,0.6925949273707102,0.7397963674332693,263121600
2000-08-07,0.7168964743614197,0.7337203737489839,0.7056802585729826,0.7159618770672551,187348000
2000-08-08,0.6991372108459473,0.7178312068498675,0.6925949287205009,0.7168966093796835,176674400
2000-08-09,0.7103536128997803,0.72437372667995,0.7066151721328069,0.7197006382834145,379640800
2000-08-10,0.7112880349159241,0.7243734969159545,0.7084841927507717,0.7178311652525482,251714400
2000-08-11,0.7131581902503967,0.7178312778979989,0.6813787283427549,0.7005400499368193,238056000
2000-08-14,0.7038112282752991,0.7131582024031258,0.6925950090731614,0.711755482403307,156660000
2000-08-15,0.6982027888298035,0.7168967895314103,0.6953989457975839,0.7066151665170185,114200800
2000-08-16,0.7253082394599915,0.7327860186259572,0.7000727564168443,0.7010074039369608,143673600
2000-08-17,0.7692384123802185,0.7841931190621798,0.7225042489203924,0.7234388463322184,270900000
2000-08-18,0.7477406859397888,0.7748462112414631,0.7458714409227049,0.768303928557294,190176000
2000-08-21,0.7552184462547302,0.7711077523099652,0.7421329826981682,0.7514791077213836,134467200
2000-08-22,0.7729772925376892,0.7898012535499499,0.7533495376918025,0.757087979387075,276802400
2000-08-23,0.8122333884239197,0.8187765698618693,0.7636300211253352,0.7697058788121532,236863200
2000-08-24,0.8391053080558777,0.8468166990859041,0.7982133314821515,0.8176074669442255,310766400
2000-08-25,0.8496204018592834,0.8599020219263928,0.8430772713748694,0.8449473647565301,334460000
2000-08-28,0.8683136105537415,0.8823337212036829,0.8533589523170754,0.8561627947455728,359004800
2000-08-29,0.8851385116577148,0.8888769018820769,0.8627059739598637,0.865509816545219,267030400
2000-08-30,0.8898116946220398,0.897289474633226,0.877894488139766,0.8823339146108538,285392800
2000-08-31,0.9113094806671143,0.9197210088024211,0.8813991628303341,0.8818664865879909,419596800
2000-09-01,0.9486962556838989,0.9515000974392611,0.914113011569612,0.9169168533249742,256872000
2000-09-05,0.9337410926818848,0.958977476039318,0.9309372497549732,0.9370131579099258,298642400
2000-09-06,0.8739222884178162,0.9328064799792274,0.8636406665054783,0.9178517202913002,355404000
2000-09-07,0.927198588848114,0.9356109138505564,0.8711182524579192,0.884203714199373,217464800
2000-09-08,0.8804643750190735,0.9215899526525289,0.874856691124926,0.9215899526525289,195518400
2000-09-11,0.8739222884178162,0.9028970604375456,0.8692483519688476,0.8776607786714531,187381600
2000-09-12,0.8636403679847717,0.8982237120215525,0.8524241024274282,0.8575653608602765,187997600
2000-09-13,0.8673791885375977,0.8898116283938708,0.8486860377453384,0.8486860377453384,305984000
2000-09-14,0.8503215312957764,0.8916807295505933,0.8496204957855398,0.8757914232699421,426552000
2000-09-15,0.826019823551178,0.8701837641703459,0.8112987762359046,0.8636406327672533,394514400
2000-09-18,0.9071030020713806,0.9085048737173644,0.8234497908186981,0.826253633944852,424536000
2000-09-19,0.8963547348976135,0.9047662631625362,0.8757914909021336,0.8935500934692536,271510400
2000-09-20,0.9129446148872375,0.9187859093995874,0.8757910466654885,0.8884091812529165,227388000
2000-09-21,0.847751259803772,0.8916806865303051,0.8262534208930049,0.8748568334379694,510490400
2000-09-22,0.780454695224762,0.784193185020662,0.7477406382834922,0.7524145242431087,726700800
2000-09-25,0.8000823855400085,0.8299917475806634,0.7785853482347231,0.7888661189497611,435551200
2000-09-26,0.7692384123802185,0.8187764179925983,0.7683038149683925,0.7972785810034132,290936800
2000-09-27,0.7318512201309204,0.7888661008859466,0.7215696010610654,0.7739114451665944,402259200
2000-09-28,0.8000823855400085,0.8047562708867613,0.7197003729310489,0.7374589209306441,979585600
2000-09-29,0.3850861191749573,0.4336895322441155,0.3794784343081277,0.4215386664975557,7421640800
2000-10-02,0.3626544773578644,0.4000416441752786,0.35143825992458627,0.39910702178551827,2424788800
2000-10-03,0.33367976546287537,0.37387078108451116,0.331809696744794,0.37293615854142265,2038120000
2000-10-04,0.35330745577812195,0.3551766754723013,0.3271365331278907,0.3346143104119316,1466024000
2000-10-05,0.32994043827056885,0.366392987199252,0.32900581576540466,0.35143830331892045,873006400
2000-10-06,0.3318096399307251,0.34302585728356827,0.3140510908550149,0.33928739270987496,612656800
2000-10-09,0.32526740431785583,0.3420913097321585,0.31592037976941284,0.33835286929922864,597564800
2000-10-10,0.31218186020851135,0.3355489164859535,0.3065733024731293,0.3233980771719285,691101600
2000-10-11,0.2934877872467041,0.31405102263658796,0.28601088468199487,0.30096556336006347,1198422400
2000-10-12,0.2990964949131012,0.3112473381421414,0.2916187150256918,0.303769558254732,1191064000
2000-10-13,0.32994043827056885,0.330875060775733,0.2990964480047416,0.3028348881083152,1247752800
2000-10-16,0.32152897119522095,0.34769990378449694,0.31965887724204134,0.33367981480855535,820176000
2000-10-17,0.3009657561779022,0.3280713142765372,0.2944234466432783,0.32433284811981655,601720000
2000-10-18,0.3009657561779022,0.3149858466166284,0.2804025076138912,0.2906841318958967,834265600
2000-10-19,0.2832070291042328,0.2962924888872681,0.2738600332275266,0.286478194381721,1506724800
2000-10-20,0.29161861538887024,0.3047040767987681,0.283207064314222,0.2850763089790491,791263200
2000-10-23,0.30470407009124756,0.30750876065846666,0.29068398665756345,0.3030684872851625,551292000
2000-10-24,0.28227248787879944,0.312181877288336,0.2813378654770573,0.3093780100831096,804451200
2000-10-25,0.27666395902633667,0.28694558024497746,0.2757293614845275,0.2850763602028176,663969600
2000-10-26,0.27666395902633667,0.28227251766030714,0.26170927522302556,0.2813378951599565,721851200
2000-10-27,0.27759850025177,0.2869454962334592,0.2673168820433677,0.28227243501696153,744503200
2000-10-30,0.2888147830963135,0.2981617804505114,0.28040238314753047,0.2860109409629931,639189600
2000-10-31,0.29255327582359314,0.3028348715753313,0.2878801885114366,0.2953579668178371,885880800
2000-11-01,0.3065732717514038,0.31218182892475205,0.29068396958575254,0.29068396958575254,575366400
2000-11-02,0.33367976546287537,0.33554898559050983,0.31498576717146676,0.3159203647560127,590693600
2000-11-03,0.33274418115615845,0.34396042157316425,0.32807111994720584,0.34396042157316425,515821600
2000-11-06,0.32059431076049805,0.33835286341184784,0.3121819339044795,0.33554899569812247,393478400
2000-11-07,0.31872424483299255,0.3262019991845621,0.31124731411335954,0.3215289362036991,301963200
2000-11-08,0.30003097653388977,0.3205942143468232,0.29629251233175036,0.31965874346643713,422088800
2000-11-09,0.3019002377986908,0.30657329959071916,0.28507631184834276,0.29722715104812525,476834400
2000-11-10,0.285076379776001,0.2972272218710716,0.285076379776001,0.2895158057592982,422251200
2000-11-13,0.2897494435310364,0.29909646787703387,0.27292553848111967,0.2804024441435821,431816000
2000-11-14,0.3028348386287689,0.30657330308006425,0.2925532439956048,0.2981617767835529,409001600
2000-11-15,0.2972273528575897,0.301900442781059,0.287880349378365,0.29956389781932435,282357600
2000-11-16,0.28414186835289,0.2962927152007352,0.2822726474512493,0.2916188018765587,239372000
2000-11-17,0.27666395902633667,0.2878802027453281,0.272925518942017,0.28694558024497746,446180000
2000-11-20,0.2832070291042328,0.2916185791331069,0.2729254359698447,0.2780658207212306,408066400
2000-11-21,0.28133782744407654,0.2916185975978059,0.28040235657847856,0.2869455111793706,301952000
2000-11-22,0.27666395902633667,0.28601098270316827,0.27479473898417683,0.2813378951599565,280532000
2000-11-24,0.2888147830963135,0.2916186252296338,0.2813378541017674,0.2820388146350975,160932800
2000-11-27,0.27946773171424866,0.2981617228086442,0.27666386516444574,0.29722710062537655,258792800
2000-11-28,0.26965439319610596,0.28414178040580507,0.26825247171415756,0.27946786852828986,269124800
2000-11-29,0.26264387369155884,0.2738600914257291,0.25797078657593286,0.2705889504116222,492150400
2000-11-30,0.24675455689430237,0.25423146097532945,0.24114599904507025,0.24955839904450475,809597600
2000-12-01,0.25516706705093384,0.2617093771851943,0.2514277519608247,0.25423159559571473,385705600
2000-12-04,0.2495584338903427,0.25703618760577773,0.24581996884855842,0.25703618760577773,371520800
2000-12-05,0.2542314827442169,0.260774638564757,0.24488533312375388,0.25329688525314864,613978400
2000-12-06,0.21404039859771729,0.22432198961596758,0.20936731343697795,0.21871430738990336,1374464000
2000-12-07,0.21404039859771729,0.22245277052678908,0.20936731343697795,0.21591046627687124,408917600
2000-12-08,0.22525668144226074,0.2289959943278585,0.21591053318313055,0.22151821714690137,435624000
2000-12-11,0.22712603211402893,0.22993072399565942,0.22245294332333715,0.22712603211402893,332511200
2000-12-12,0.22993062436580658,0.2392767729389188,0.22432206666484253,0.22806053108579485,386260000
2000-12-13,0.22432206571102142,0.23273446545229576,0.22245284598776183,0.23273446545229576,344887200
2000-12-14,0.21591058373451233,0.22806057682021913,0.21591058373451233,0.22478943539498902,263317600
2000-12-15,0.21030208468437195,0.2196490852696259,0.20936746199734038,0.21777983989556277,513945600
2000-12-18,0.21310587227344513,0.21871440560811223,0.20843279749342966,0.21777978316454716,325808000
2000-12-19,0.20936745405197144,0.22806060592250788,0.20936745405197144,0.21497514004425966,374007200
2000-12-20,0.21497508883476257,0.21871440218226854,0.20375970704254417,0.2060962506355883,565331200
2000-12-21,0.21030208468437195,0.22432214878769086,0.20749822910255047,0.2131059277869202,366844800
2000-12-22,0.22432206571102142,0.22432206571102142,0.21123660418232956,0.21123660418232956,318052000
2000-12-26,0.21964900195598602,0.22432206370154223,0.21310584695512208,0.22245284399502713,216815200
2000-12-27,0.22151821851730347,0.22151821851730347,0.2121712216101105,0.214507764928982,325466400
2000-12-28,0.22151821851730347,0.22338746315581526,0.21404046624862233,0.21497506360934165,305177600
2000-12-29,0.22245292365550995,0.22432214403139364,0.21684523756931307,0.2196490806124115,630336000
2001-01-02,0.22245292365550995,0.22806060974170686,0.21777983527798198,0.22245292365550995,452312000
2001-01-03,0.2448853999376297,0.2495584885021242,0.21591062354050797,0.21684524624511625,817073600
2001-01-04,0.25516706705093384,0.2766640668148637,0.2514277519608247,0.27129004150084146,739396000
2001-01-05,0.2448853999376297,0.25984011196776813,0.24021148774108853,0.25329695436201044,412356000
2001-01-08,0.24768908321857452,0.25399775120448004,0.23834208849068544,0.2532967908681051,373699200
2001-01-09,0.25703611969947815,0.26381208735748,0.24768912345326055,0.2514275875073811,588929600
2001-01-10,0.24768908321857452,0.2542313880109179,0.24021133269337255,0.24955832742126163,580781600
2001-01-11,0.2691870331764221,0.27666393772801096,0.24301610766882703,0.24301610766882703,803734400
2001-01-12,0.25703611969947815,0.26918698270518726,0.2551669001516853,0.2673168896086759,423376800
2001-01-16,0.2561016082763672,0.27292553827193217,0.2542315145528087,0.2607746711920066,306118400
2001-01-17,0.2514275312423706,0.26264376948492124,0.24675447093936886,0.26264376948492124,840873600
2001-01-18,0.27946773171424866,0.28040232893898337,0.2635784058427103,0.2663822723925133,1227010400
2001-01-19,0.29161861538887024,0.2925532377212838,0.2794677763113859,0.29068399305645665,776664000
2001-01-22,0.28788021206855774,0.29348789733518804,0.2757293704142424,0.28507636943524256,519327200
2001-01-23,0.3065732717514038,0.31311642622316643,0.2850762859611264,0.2888147500303888,879530400
2001-01-24,0.3065732717514038,0.309377962153904,0.29255321409965124,0.30844336485548957,717091200
2001-01-25,0.2981618344783783,0.307508833526282,0.29535799183699285,0.307508833526282,489708800
2001-01-26,0.29255327582359314,0.29629256431343626,0.2850763461075588,0.2916186533694538,482820800
2001-01-29,0.32433268427848816,0.3252673065851676,0.29255322966605246,0.29255322966605246,855528800
2001-01-30,0.32526740431785583,0.32900584475078565,0.312181939336483,0.3224635365553429,692423200
2001-01-31,0.3233981728553772,0.33648363839159184,0.3205943299325211,0.32152895255965475,730704800
2001-02-01,0.31592032313346863,0.32152888128497575,0.30657332521923253,0.309378016110884,369695200
2001-02-02,0.30844342708587646,0.3280711972808153,0.3065733336044877,0.3159203317743786,427341600
2001-02-05,0.3019002377986908,0.30750877052280384,0.29535793132302135,0.30657329959071916,286115200
2001-02-06,0.31592032313346863,0.31989244969935965,0.2990964207352353,0.3014329393473061,462711200
2001-02-07,0.3103126287460327,0.3121818735269953,0.29629254413265893,0.30891070763958,393887200
2001-02-08,0.3103126287460327,0.3149857157399007,0.3019002535170082,0.3075087865331273,604128000
2001-02-09,0.2860109508037567,0.31124725301105,0.2794677953577491,0.3065733173987242,590083200
2001-02-12,0.29442331194877625,0.29909639874644317,0.28133785027528113,0.2850763147217072,274120000
2001-02-13,0.2860109508037567,0.3056387199611526,0.2841417060115363,0.2981617907093483,237070400
2001-02-14,0.29161861538887024,0.2934878350951604,0.27666390931414525,0.2869455286853393,309120000
2001-02-15,0.30003097653388977,0.3075087535283859,0.29442329270994855,0.29442329270994855,311416000
2001-02-16,0.28414186835289,0.2916188018765587,0.2804025530002574,0.28414186835289,263911200
2001-02-20,0.2738600969314575,0.2906840245343178,0.2719908770227515,0.2869455597583661,314893600
2001-02-21,0.28227248787879944,0.29816179250604047,0.27292549014667583,0.27292549014667583,390258400
2001-02-22,0.28133782744407654,0.2897493530470176,0.26918698910789046,0.2850762915871177,431961600
2001-02-23,0.28133782744407654,0.2822724497194707,0.27292545325093165,0.27853313698622567,293865600
2001-02-26,0.29161861538887024,0.2944233060178296,0.2775985316465588,0.2850763089790491,206438400
2001-02-27,0.2897494435310364,0.2906840660982979,0.2794678465348638,0.2883475221594157,348516000
2001-02-28,0.2729255259037018,0.2906840527025014,0.2710562808553205,0.2897494301783108,508233600
2001-03-01,0.28040242195129395,0.28040242195129395,0.2570361857383972,0.2663823607542282,330461600
2001-03-02,0.28788021206855774,0.30563876394804557,0.27292552778092727,0.2738601253530042,406201600
2001-03-05,0.30470407009124756,0.3065732897563902,0.28788014468058126,0.2897493643457239,324172800
2001-03-06,0.32152897119522095,0.32994050045131473,0.3093781026233403,0.30984542644326524,731802400
2001-03-07,0.3177897036075592,0.32339823919427724,0.3103127709738316,0.31872432642641263,419540800
2001-03-08,0.3112472891807556,0.31592035178728084,0.30563875547909664,0.30937804417131226,204859200
2001-03-09,0.3028348386287689,0.3093779937691752,0.29909639913601105,0.3084433963752544,299135200
2001-03-12,0.2785332500934601,0.29722725062182825,0.27105631877113334,0.29442340761559216,391020000
2001-03-13,0.29255327582359314,0.29255327582359314,0.27199088299340257,0.2822725037036809,443329600
2001-03-14,0.3056385815143585,0.3065731785285805,0.2757292058332677,0.2766638028474897,477775200
2001-03-15,0.29442331194877625,0.3196587643542529,0.29442331194877625,0.3121818604199383,529317600
2001-03-16,0.2934877872467041,0.30376940494164606,0.2822724209203738,0.2841416403219179,470316000
2001-03-19,0.30750882625579834,0.30844344876701013,0.2916186711770701,0.2953579848537936,356008800
2001-03-20,0.29442331194877625,0.3131164578126417,0.29442331194877625,0.3098453170211048,499206400
2001-03-21,0.3009657561779022,0.31218200323872514,0.28974950911707936,0.29582536833222994,371375200
2001-03-22,0.3233981728553772,0.32526741810964444,0.30190032996007116,0.30470417288292717,723301600
2001-03-23,0.3439605236053467,0.35237289984218084,0.32900581480990515,0.32994043731235495,944888000
2001-03-26,0.3257163166999817,0.3551768106688043,0.31599496292838464,0.3459051849424201,734451200
2001-03-27,0.3420167863368988,0.34470841555036863,0.32751013183831684,0.32810893722470424,543821600
2001-03-28,0.33154842257499695,0.3364836251960735,0.3215289399505983,0.3302026079750572,584662400
2001-03-29,0.33693167567253113,0.35069044711573916,0.3215289348907632,0.3255663536685026,613065600
2001-03-30,0.3300526440143585,0.33977314638845924,0.31913537969226197,0.3372314186875209,400349600
2001-04-02,0.3228747248649597,0.3388762710382115,0.32003319469248986,0.33035165556225854,340911200
2001-04-03,0.30268585681915283,0.32003319249498213,0.3010402152676788,0.31943523571496824,368687200
2001-04-04,0.29161861538887024,0.30283483213394097,0.28040237368526255,0.29550698073278847,685484800
2001-04-05,0.3121073842048645,0.33648361985336034,0.29909647055879146,0.308069116837219,446762400
2001-04-06,0.30792009830474854,0.31464917248361346,0.29760078688512337,0.31106060746558234,324889600
2001-04-09,0.30717211961746216,0.31913537102830336,0.2999933201806524,0.309414868918097,266582400
2001-04-10,0.32960382103919983,0.3394742517923323,0.31076076832152905,0.31255546243254423,457374400
2001-04-11,0.3260151743888855,0.3439604623442729,0.31823841871276226,0.343661484029246,334096000
2001-04-12,0.33528682589530945,0.344259470654794,0.3162946754081348,0.32033211846036475,298933600
2001-04-16,0.3206310570240021,0.33498780599569666,0.3119573916816481,0.3303515582461521,285224800
2001-04-17,0.30507850646972656,0.31719166119688197,0.29311440416252904,0.3170417601864555,685199200
2001-04-18,0.3408200442790985,0.3601120001350971,0.3152478948913963,0.3225757732075225,1100842400
2001-04-19,0.38463807106018066,0.38508610179946506,0.3529339873216282,0.3820955197013908,1873670400
2001-04-20,0.3744686245918274,0.3832922160610612,0.3678886308595433,0.3728238320666839,693403200
2001-04-23,0.3626544773578644,0.37387071974968095,0.3589151641670537,0.3640002916687747,541525600
2001-04-24,0.3593641519546509,0.3701314925759906,0.351587394023821,0.3638504752442124,377137600
2001-04-25,0.3696834444999695,0.3717771169875637,0.35248518517130895,0.36205578875346667,330780800
2001-04-26,0.369234561920166,0.3903203889626418,0.3690846609014841,0.37641251454551117,799696800
2001-04-27,0.39181607961654663,0.3931618941709131,0.3701314735151884,0.3768613699189389,453012000
2001-04-30,0.3811986744403839,0.40557491181707556,0.3719262005224019,0.3992938692919408,494776800
2001-05-01,0.38777852058410645,0.39630228476979856,0.376861257797631,0.38000179032598436,427252000
2001-05-02,0.3976482152938843,0.3992938318584716,0.3852360823467713,0.39390975003529466,368524800
2001-05-03,0.37327197194099426,0.39256392679904895,0.3698324851433866,0.3883765822398925,301543200
2001-05-04,0.3850861191749573,0.38658185954519153,0.3583172609175453,0.3625046051648202,281052800
2001-05-07,0.37327197194099426,0.38523607382052516,0.37147727803965636,0.383142401540947,276550400
2001-05-08,0.3674398362636566,0.3805998267612894,0.35816821196575627,0.37910495982139625,315436800
2001-05-09,0.3586161732673645,0.36714076118679956,0.35398077415523116,0.36100882330658757,324889600
2001-05-10,0.3439605236053467,0.36639298613517257,0.3432126658687214,0.36205574071549335,288976800
2001-05-11,0.34171780943870544,0.3512884127428024,0.34037199482606395,0.3441104602647297,203044800
2001-05-14,0.34829771518707275,0.35412985154663434,0.3402220059644345,0.34231567785060957,309220800
2001-05-15,0.3466529846191406,0.3813476792519141,0.3445593123583891,0.34949369100282746,237025600
2001-05-16,0.36041098833084106,0.3663930272634698,0.34171781238579796,0.3478489287033648,322330400
2001-05-17,0.3521862030029297,0.3638504789481375,0.34769987966769833,0.36235558692437303,332119200
2001-05-18,0.35188713669776917,0.35353192932903005,0.3457551732616459,0.3493445604859999,159051200
2001-05-21,0.3523351550102234,0.3575693596400429,0.3447083251508886,0.3533819909444798,460997600
2001-05-22,0.3514383137226105,0.3608598389729948,0.34994257324219585,0.35891521910963936,412916000
2001-05-23,0.3474000096321106,0.35517674172008157,0.3418668507497776,0.35517674172008157,281041600
2001-05-24,0.3469519317150116,0.3484468234579979,0.3382782650784339,0.3482977460996064,271756800
2001-05-25,0.3403719961643219,0.3482978064876808,0.3364836296947617,0.3469519918697479,158743200
2001-05-29,0.3210800886154175,0.3364836807743337,0.3112096817429325,0.33379122749778556,515989600
2001-05-30,0.295805960893631,0.31046168874598057,0.2886280104204616,0.31046168874598057,777078400
2001-05-31,0.2983485460281372,0.3026858161386801,0.2914695730867152,0.29610497295672517,442892800
2001-06-01,0.3124062418937683,0.31539684828713466,0.2987973767223025,0.3010401006508898,456075200
2001-06-04,0.30896687507629395,0.315695947956779,0.3059754439010281,0.3152478921860344,281920800
2001-06-05,0.31315410137176514,0.3155467512278463,0.3043305358267745,0.3110604297937416,471794400
2001-06-06,0.31001362204551697,0.3130042287282144,0.3040315850484277,0.3130042287282144,223176800
2001-06-07,0.32392165064811707,0.32451958259300673,0.30582642848772945,0.30971397199217554,325180800
2001-06-08,0.3188363313674927,0.323771531964056,0.3097137876746464,0.323771531964056,342624800
2001-06-11,0.29969435930252075,0.3150979464583212,0.2983485449174109,0.3147989681096095,294000000
2001-06-12,0.30373260378837585,0.30941483879338905,0.295506969176982,0.295656870143921,303794400
2001-06-13,0.30612534284591675,0.3249684190064721,0.29999337819863414,0.32033216993672486,511487200
2001-06-14,0.2973017394542694,0.3058263545708931,0.29565694655130437,0.29969439012182747,297348800
2001-06-15,0.3056764602661133,0.3103126843290836,0.28937593603056816,0.30059218044008457,454624800
2001-06-18,0.30403172969818115,0.3118076402254319,0.299096526236759,0.3052276434875645,345912000
2001-06-19,0.30193787813186646,0.320033064353342,0.299245401477475,0.31180745557801764,321087200
2001-06-20,0.32407063245773315,0.32676311015903753,0.29879748702743864,0.2990964654139857,431620000
2001-06-21,0.33633363246917725,0.3439604622104211,0.3155467901230039,0.3222758612877946,341331200
2001-06-22,0.3328941762447357,0.3439604930471498,0.325416398216152,0.33618458526718614,286025600
2001-06-25,0.3587661385536194,0.35891519095643554,0.3357357203450815,0.33648357804735596,439549600
2001-06-26,0.35517680644989014,0.3554757848720896,0.3441104866684235,0.3490456897147578,272781600
2001-06-27,0.34904560446739197,0.3589151845175972,0.3364835720109345,0.35637348169219873,374130400
2001-06-28,0.3520362675189972,0.35756945189596456,0.3430636210908481,0.3447084140885545,348409600
2001-06-29,0.3476998209953308,0.3753656141661405,0.3469519383351205,0.3538309363380967,515390400
2001-07-02,0.3574203550815582,0.3623555574383098,0.34605420987549046,0.3535319888722418,230048000
2001-07-03,0.3565225303173065,0.36160765805351114,0.3514382761299883,0.35158732852855223,112543200
2001-07-05,0.3468019962310791,0.355475662004954,0.34411036772960507,0.3529339594373136,152292000
2001-07-06,0.329454630613327,0.3433624746083296,0.32481838311257566,0.34037186809726394,302920800
2001-07-09,0.33947426080703735,0.343960584387713,0.32422057094779144,0.3303516876605782,337467200
2001-07-10,0.316144734621048,0.3450072848891167,0.3116584128061056,0.3432125914368018,395270400
2001-07-11,0.33708152174949646,0.3372314227368994,0.314051104429632,0.31449998376004196,470506400
2001-07-12,0.36429938673973083,0.37102928408262853,0.348446916039078,0.348446916039078,614801600
2001-07-13,0.3716271221637726,0.37401977245537393,0.3565225141767736,0.3608597840356814,454742400
2001-07-16,0.3583172857761383,0.3753656423039554,0.3575694280184081,0.3720760565282125,278667200
2001-07-17,0.37536564469337463,0.37716033859697307,0.34411043650685896,0.3586162664356518,647830400
2001-07-18,0.31091055274009705,0.3406708613116755,0.30537739509162004,0.3257161808378147,1137012800
2001-07-19,0.2984984815120697,0.3203321380648583,0.29535797329087,0.3174906082030332,861140000
2001-07-20,0.29879751801490784,0.2999934067265755,0.29146963911429136,0.29461014794660745,444584000
2001-07-23,0.29221734404563904,0.3065732423672313,0.29176846483822266,0.3004421289360246,241360000
2001-07-24,0.2854875326156616,0.2978996639962539,0.2801034514720032,0.28997385508613843,348376000
2001-07-25,0.2762150764465332,0.28862805712344425,0.2687381464477699,0.28593642821443804,443878400
2001-07-26,0.2780097723007202,0.2811503055534049,0.26694345458760427,0.27636500442857587,369140800
2001-07-27,0.28354284167289734,0.2878800853135911,0.276663846169916,0.28040230968778707,334135200
2001-07-30,0.2830948531627655,0.28952494604575696,0.2768138376221362,0.28593638261663007,243359200
2001-07-31,0.2810012698173523,0.2904227960956097,0.2768139248047934,0.288179222568031,235026400
2001-08-01,0.28503865003585815,0.29580598856885226,0.2833938573294871,0.2842907923606529,304136000
2001-08-02,0.2964048683643341,0.297151877637001,0.28803015314893077,0.29386229139724007,252089600
2001-08-03,0.29161861538887024,0.2976006525616892,0.2841416866466355,0.2974516001791439,186054400
2001-08-06,0.2860855162143707,0.29401132586985645,0.2841417449593623,0.2847397017098437,99652000
2001-08-07,0.28788021206855774,0.29416122888727614,0.2838427685273359,0.28907694920960125,168548800
2001-08-08,0.2826460003852844,0.2946100759559096,0.2772618943304227,0.2880300814816067,276169600
2001-08-09,0.2848895490169525,0.2863844406113964,0.2799543476759565,0.2835429111343543,200664800
2001-08-10,0.2844407260417938,0.2889270489768788,0.27800978324276254,0.2847397044198801,186961600
2001-08-13,0.2854875326156616,0.2890769200447672,0.280552330808594,0.28563660997331836,147996800
2001-08-14,0.28010350465774536,0.28952503072423874,0.27920656944606503,0.28713237986112455,228950400
2001-08-15,0.2757669985294342,0.283243927249935,0.27217758655129587,0.280552298801092,289279200
2001-08-16,0.27890750765800476,0.2804023742720116,0.26873810184756775,0.27322442382864004,288092000
2001-08-17,0.27023380994796753,0.2759160195543614,0.26903704824166713,0.26918697415553045,208426400
2001-08-20,0.2709808647632599,0.2726265059826236,0.26634546520573954,0.2712806916832298,252302400
2001-08-21,0.2679902911186218,0.2712807253757137,0.2646998818200713,0.2712807253757137,185701600
2001-08-22,0.2723275125026703,0.2729254691287434,0.2633540199944551,0.2682892212388491,173975200
2001-08-23,0.26634544134140015,0.2742712490786632,0.26290595541073297,0.27217757732680586,217078400
2001-08-24,0.277710884809494,0.278458742718732,0.2639529099435552,0.2691871166347098,290332000
2001-08-27,0.28294503688812256,0.2886280974970728,0.2715797393021943,0.27815973512899195,175644000
2001-08-28,0.2751682996749878,0.2862354682831774,0.2751682996749878,0.28264607987615614,171735200
2001-08-29,0.2666444182395935,0.28159912368523005,0.2666444182395935,0.27576698773054814,239971200
2001-08-30,0.2666444182395935,0.27187859759166294,0.2584188086110935,0.26529860406787337,368692800
2001-08-31,0.2774118185043335,0.2781596761766938,0.2639528263387015,0.26514873970903985,216904800
2001-09-04,0.2729255259037018,0.28533765845117554,0.271878664815907,0.2766639660833803,348213600
2001-09-05,0.2774118185043335,0.2833938562514184,0.27098087646893354,0.27277557015623877,360057600
2001-09-06,0.2649996876716614,0.28309490495566203,0.26395285155670195,0.27516824681823016,282368800
2001-09-07,0.25841882824897766,0.2706818813245377,0.2572229149528723,0.26170923707676075,241830400
2001-09-10,0.25976547598838806,0.26170924698401593,0.2530355807319154,0.25423146911475447,308845600
2001-09-17,0.25408244132995605,0.25527835478716077,0.23523936673372264,0.23927681009957488,458007200
2001-09-18,0.24346405267715454,0.2649995708123415,0.24181926054521655,0.25273652121172824,327101600
2001-09-19,0.2545313239097595,0.25572723738208125,0.2332947748669593,0.24675459181219625,373318400
2001-09-20,0.2344915270805359,0.2534845041387373,0.23179989796250974,0.24361407423820355,411174400
2001-09-21,0.2352394014596939,0.24301615956549866,0.2195368328184006,0.22133155185954229,570516800
2001-09-24,0.24600672721862793,0.2518388649049935,0.23852897293893396,0.24092244732342463,294537600
2001-09-25,0.23239794373512268,0.2425673309588747,0.22955641251928527,0.2413705933192771,374404800
2001-09-26,0.22656570374965668,0.237632021588743,0.22327526946042517,0.23643528447798143,493796800
2001-09-27,0.23194894194602966,0.23553832934124003,0.22731354216166894,0.22806055124797936,322240800
2001-09-28,0.23194894194602966,0.23793097972744612,0.23015424824842445,0.23494037265263912,365108800
2001-10-01,0.23239794373512268,0.23912784273935672,0.2277617178760071,0.23165008566440373,208208000
2001-10-02,0.22506994009017944,0.23673503580352534,0.22252736408545953,0.23075299879399125,235883200
2001-10-03,0.22402310371398926,0.22970616240536268,0.22177950601990215,0.223574199482004,683043200
2001-10-04,0.23748210072517395,0.24301610777227226,0.22417303441039174,0.2295562918788871,401122400
2001-10-05,0.24137048423290253,0.2415203852321938,0.2241730509076203,0.2303041665050054,342686400
2001-10-08,0.24226826429367065,0.24451101405743642,0.2317999023775992,0.23284673856920635,207984000
2001-10-09,0.23927679657936096,0.2422682273170586,0.23374363807279358,0.2400246542637854,174025600
2001-10-10,0.25153985619544983,0.2519887354978879,0.2385289205201892,0.2407724934006319,307759200
2001-10-11,0.2652986943721771,0.2652986943721771,0.2519888018275846,0.2530356380543282,334163200
2001-10-12,0.2693360149860382,0.27038285073364315,0.25213773885068436,0.2588676575099885,287812000
2001-10-15,0.269037127494812,0.27486926473310425,0.26843917076059365,0.26843917076059365,318752000
2001-10-16,0.2693360149860382,0.27217754396262134,0.2657466285280819,0.27053275168255275,202949600
2001-10-17,0.25408244132995605,0.2753181664724565,0.2536335619675755,0.27427130542293243,285538400
2001-10-18,0.2691870331764221,0.27262651958689754,0.2585687470100644,0.2585687470100644,612572800
2001-10-19,0.2736733853816986,0.2751682523087289,0.2673923436080733,0.26828927873941677,166790400
2001-10-22,0.2844407260417938,0.28518858380295725,0.27053285289491935,0.27232757175387473,391938400
2001-10-23,0.2712807059288025,0.2904227327187011,0.2672424142282607,0.28593641027454736,684980800
2001-10-24,0.2833939492702484,0.2854876219873476,0.26544780517996414,0.2700840300912747,374427200
2001-10-25,0.2869832217693329,0.2878801567287759,0.27157966106088194,0.27576700480175265,254951200
2001-10-26,0.2792065739631653,0.2878802423442673,0.2784587161253492,0.28204810429407423,278964000
2001-10-29,0.2636529803276062,0.27920646555710055,0.2632049247044648,0.2777107504622021,239181600
2001-10-30,0.26320499181747437,0.26918705504927226,0.25512928133017176,0.2599145824960288,276763200
2001-10-31,0.262606143951416,0.2751681740069338,0.26081227419919223,0.26514869488122084,273750400
2001-11-01,0.2780097723007202,0.280851327187086,0.25797080907058395,0.26395284729255186,312995200
2001-11-02,0.277710884809494,0.28204813123025096,0.27157976776503623,0.2769630019417088,197204000
2001-11-05,0.28518861532211304,0.28788024465426487,0.2783087923796439,0.2817491281461443,235793600
2001-11-06,0.2926655113697052,0.293413369123762,0.27711287043374194,0.28354296458123257,316019200
2001-11-07,0.29296451807022095,0.30104022951019166,0.2890769751842789,0.2910207466272499,382989600
2001-11-08,0.2798044681549072,0.2974516279665866,0.2777107961304191,0.29356323730088435,342143200
2001-11-09,0.2798044681549072,0.2878801779110464,0.2774118177886059,0.27815967545903675,134293600
2001-11-12,0.28040242195129395,0.2866834634776968,0.2685882465448677,0.2790566324498449,201499200
2001-11-13,0.2896748483181,0.28997382663589,0.27980444567238116,0.28533760363082067,224672000
2001-11-14,0.2932642996311188,0.29760072163651063,0.2863845022880916,0.2929644976159312,221149600
2001-11-15,0.29087087512016296,0.2976007726082637,0.2875812887087722,0.29087087512016296,213029600
2001-11-16,0.2836928069591522,0.2884781072379593,0.27516819372425505,0.28817912892449854,230664000
2001-11-19,0.2990964949131012,0.2998443527691876,0.2835430032647588,0.284141783728828,332589600
2001-11-20,0.2920675277709961,0.3020870087641665,0.29161864843344754,0.2964047978516103,276584000
2001-11-21,0.2943110466003418,0.29610491635639274,0.2880300315591826,0.2932642107601486,201583200
2001-11-23,0.2967037856578827,0.29834857857727065,0.29266551841513894,0.2947591907241446,60004000
2001-11-26,0.3195841312408447,0.32227575885121695,0.2973015807709908,0.29819851543062825,460689600
2001-11-27,0.3140510618686676,0.32182779226012315,0.30657328482116475,0.31704166852524196,268553600
2001-11-28,0.30702221393585205,0.31719159520321316,0.30522752034375844,0.31180751442693233,250611200
2001-11-29,0.30537745356559753,0.30956479784534274,0.3019379669974984,0.3080690824220506,202764800
2001-11-30,0.3185374438762665,0.32063111602110056,0.30283487783147023,0.3061253120026829,303912000
2001-12-03,0.3147989511489868,0.31823843742158153,0.3080690559542139,0.3149480284994034,181165600
2001-12-04,0.3349878489971161,0.33738049936783154,0.30986375969836893,0.31479896142688074,380419200
2001-12-05,0.3553266227245331,0.3593640656256469,0.3315483487747352,0.3343898783563024,568579200
2001-12-06,0.34067094326019287,0.3514383078047346,0.33109951716603664,0.35113932943177373,338934400
2001-12-07,0.33708152174949646,0.3396240731127541,0.32900578700257316,0.33588478474566963,203515200
2001-12-10,0.33708152174949646,0.3438114171784496,0.3324452983533911,0.3333430570142109,170010400
2001-12-11,0.3257163166999817,0.3417178397178543,0.3237716965260145,0.33902538662204285,205475200
2001-12-12,0.32137900590896606,0.3278099489412555,0.3177896179779484,0.3270620911529663,192460800
2001-12-13,0.3140510618686676,0.32227584789801256,0.30657328482116475,0.32137891299054644,197842400
2001-12-14,0.30492863059043884,0.3115086265849211,0.3004422821643827,0.31001373451707964,189884800
2001-12-17,0.3083680272102356,0.3140510862945938,0.30193793412739733,0.30507844199531875,173712000
2001-12-18,0.3142010569572449,0.3189863584939149,0.30238603190515045,0.3124063629730101,235239200
2001-12-19,0.3233228623867035,0.3242206214218084,0.30612542325551967,0.3077702166436889,289956800
2001-12-20,0.3091159760951996,0.3210800544473395,0.3083681182441915,0.3200332181823271,220864000
2001-12-21,0.3140510618686676,0.32212677056261185,0.31106045521209325,0.3142009628357556,256334400
2001-12-24,0.3194352388381958,0.3207810534223497,0.3125554412730566,0.3125554412730566,50629600
2001-12-26,0.32137900590896606,0.3334921855947871,0.31614482502286756,0.31928533355452665,146400800
2001-12-27,0.3300526440143585,0.33274424774236083,0.3227247670288431,0.3227247670288431,191508800
2001-12-28,0.33543670177459717,0.34396046656857304,0.32840782857411505,0.3285568809590611,299124000
2001-12-31,0.3275100588798523,0.33887620222006665,0.3264632229042646,0.33663262928733584,137782400
2002-01-02,0.34844687581062317,0.34844687581062317,0.3284079107575109,0.3297537253443085,529496800
2002-01-03,0.35263410210609436,0.3551766530446561,0.3405209512627422,0.34396043708050505,612007200
2002-01-04,0.35427984595298767,0.35816821215477207,0.343811459540372,0.34904564026740864,409976000
2002-01-07,0.3424656093120575,0.35891518391191213,0.3402220362492694,0.354727839766826,444584000
2002-01-08,0.3381284475326538,0.344708443721069,0.3358848739167766,0.3402221201213322,450038400
2002-01-09,0.323771595954895,0.34291364690376425,0.31823843771716676,0.34096987592415146,327835200
2002-01-10,0.3174905776977539,0.3209300639478539,0.3028348491151065,0.3173415003483123,452737600
2002-01-11,0.3147989511489868,0.3266131252615584,0.3080690559542139,0.3198832300667855,348801600
2002-01-14,0.31629472970962524,0.3200331950625981,0.3125554407247174,0.31420105733085085,415996000
2002-01-15,0.324519544839859,0.32541648009067076,0.3171916909128874,0.31883648402204356,290320800
2002-01-16,0.3107605576515198,0.3201820776233423,0.3065731904832926,0.3201820776233423,566893600
2002-01-17,0.3361845910549164,0.34007213319592816,0.3270620451324912,0.3284078595092737,660576000
2002-01-18,0.33154842257499695,0.3379785171782588,0.32840791396448876,0.32900584579881903,338811200
2002-01-22,0.32631412148475647,0.33453890707213957,0.32631412148475647,0.33304401564002456,327314400
2002-01-23,0.34425950050354004,0.34455930250240474,0.3228746978018034,0.326015231061639,443279200
2002-01-24,0.347101092338562,0.35158741590736176,0.34246569137560906,0.3426147687697623,344002400
2002-01-25,0.3476998209953308,0.35024152386427243,0.3388762282416466,0.3423157147638645,185914400
2002-01-28,0.3479987680912018,0.35218613719782527,0.3397731571535717,0.34994253917489127,186446400
2002-01-29,0.34500735998153687,0.3520362343530993,0.34171777429604117,0.3472509331931769,240324000
2002-01-30,0.3602618873119354,0.3610089214515411,0.3430636045043237,0.3450073758047309,471576000
2002-01-31,0.3696834444999695,0.3698325218879532,0.36056089671374064,0.36130875454959255,468445600
2002-02-01,0.36504727602005005,0.3732720662104568,0.3640004396158835,0.3640004396158835,398305600
2002-02-04,0.3791049122810364,0.38164661504705083,0.361906631776027,0.3637013254609922,522373600
2002-02-05,0.3805997967720032,0.3885264545112245,0.3750666381040258,0.3752165390980079,456887200
2002-02-06,0.36893555521965027,0.38852648873265494,0.36115882274797656,0.38284342857013126,597576000
2002-02-07,0.36340242624282837,0.37820721101161,0.36011201649866803,0.3686366074503726,347832800
2002-02-08,0.3593641519546509,0.36848669955060886,0.34949372157989494,0.3648973114661754,355331200
2002-02-11,0.37357088923454285,0.37387071615419504,0.3550276437605863,0.3578683247467792,398602400
2002-02-12,0.36953356862068176,0.3744687717674814,0.36564520178889914,0.36878571073395044,224280000
2002-02-13,0.3740197718143463,0.37745925807961406,0.368636514575412,0.3698324279032781,312872000
2002-02-14,0.3678886592388153,0.37731020805639554,0.364598250302993,0.374617730829721,260170400
2002-02-15,0.3574203550815582,0.3735709530477701,0.35667249731454714,0.3668418804084743,260187200
2002-02-19,0.3382783532142639,0.35697153070091797,0.3361846805967785,0.35532673753918764,390258400
2002-02-20,0.3459051251411438,0.34695196126630456,0.3342400267614016,0.34052104351236634,285443200
2002-02-21,0.32152897119522095,0.3439605894272563,0.3207810883569358,0.34276467572529506,446751200
2002-02-22,0.34007200598716736,0.3432125129021784,0.3215287663636268,0.3239214158753256,406476000
2002-02-25,0.3560745418071747,0.369683411771738,0.3343899360565832,0.341717789114425,426848800
2002-02-26,0.3539808392524719,0.36444919986901114,0.3476998228825484,0.3575694031554036,260131200
2002-02-27,0.32840782403945923,0.36265445593970164,0.3131541396157856,0.3580182329845583,1030159200
2002-02-28,0.324519544839859,0.3378294629601288,0.3192853634634507,0.33124946689150164,456937600
2002-03-01,0.3506903648376465,0.35143824741602037,0.3263141598633342,0.32795892748939254,348992000
2002-03-04,0.3632524609565735,0.36758970617489733,0.34037194375248886,0.3478488735078903,348258400
2002-03-05,0.35188713669776917,0.3653461033414516,0.3499425171461378,0.36115875945695974,274702400
2002-03-06,0.35996201634407043,0.36400028281029345,0.34291363780928347,0.35113927304686865,226206400
2002-03-07,0.36459821462631226,0.36684178735825845,0.3530829949668439,0.35981291448952546,258249600
2002-03-08,0.3687855303287506,0.3752164461030906,0.3634022739889599,0.3699822670884991,269774400
2002-03-11,0.37476757168769836,0.3759643334213841,0.36041084854409255,0.3678886002175936,262785600
2002-03-12,0.3696834444999695,0.36998242290791467,0.36041099569377916,0.36654293576857816,254055200
2002-03-13,0.36624306440353394,0.37162714562334337,0.3611587851668988,0.36444919429541933,200765600
2002-03-14,0.36534613370895386,0.36788868517352125,0.35697144524386754,0.3634023625860581,217296800
2002-03-15,0.37312278151512146,0.3732718588431246,0.3626544232890447,0.36579493075686775,240900800
2002-03-18,0.36998236179351807,0.3746177617989511,0.3637013453682457,0.37312287000615424,304556000
2002-03-19,0.3716271221637726,0.37835704231428174,0.3634023353094072,0.3692344718721712,242345600
2002-03-20,0.37267395853996277,0.3759643924228113,0.3663929426559107,0.3687855929500585,294319200
2002-03-21,0.36295345425605774,0.36340233356851076,0.34784884634141816,0.3568214907998819,616352800
2002-03-22,0.3602618873119354,0.3672899383739587,0.35697147784366134,0.36220565861234266,202193600
2002-03-25,0.3491946756839752,0.36026184115840837,0.3475498829765078,0.3599620391826857,262830400
2002-03-26,0.35084038972854614,0.3535320190137479,0.3439605669060815,0.3469519982291699,257840800
2002-03-27,0.35098937153816223,0.35472783630787413,0.34784886345997074,0.34919467783179475,127702400
2002-03-28,0.3539808392524719,0.3571213474374337,0.35084033106751017,0.3544288700119014,108455200
2002-04-01,0.3657950758934021,0.3693836404007159,0.34814791227667385,0.34964362794003895,199046400
2002-04-02,0.35996201634407043,0.3634023261603897,0.35697140946280276,0.3589151554323265,203795200
2002-04-03,0.35517680644989014,0.3662431511899027,0.35293408142593136,0.35966315500546264,214530400
2002-04-04,0.3723750114440918,0.3746177609440902,0.35398084156400944,0.35398084156400944,338497600
2002-04-05,0.36998236179351807,0.3767114339407086,0.360410936160409,0.37312287000615424,278348000
2002-04-08,0.36729001998901367,0.3690847143130593,0.3556257423308519,0.36130880375164814,261514400
2002-04-09,0.36041098833084106,0.3738708067957902,0.3590651737065928,0.3677388418877181,191531200
2002-04-10,0.3687855303287506,0.373122774497254,0.35906502982045657,0.3620556362723813,224980000
2002-04-11,0.37177711725234985,0.37686139745499503,0.3701315005595125,0.37431884553768324,407254400
2002-04-12,0.37476757168769836,0.37641236407584483,0.36743972097295674,0.3740197141571841,320241600
2002-04-15,0.37387076020240784,0.37611348479412576,0.3708793043343768,0.37476767033759867,299370400
2002-04-16,0.3849371075630188,0.38867557285658194,0.3756646344275791,0.3761135138250217,614577600
2002-04-17,0.39047011733055115,0.3913670521501404,0.37955285542651224,0.3877784892401768,396250400
2002-04-18,0.38000184297561646,0.38164661069629635,0.37207600932798196,0.38134763235750996,401710400
2002-04-19,0.37357088923454285,0.38119856793450024,0.3728238552270418,0.38119856793450024,375407200
2002-04-22,0.3668418824672699,0.3728239210050291,0.36235555947192716,0.3714772828377103,269427200
2002-04-23,0.3626544773578644,0.3705802858730968,0.3602618270682717,0.3669908986228232,233469600
2002-04-24,0.3554757535457611,0.3663930199285975,0.35412993894845485,0.3634024123381331,140448000
2002-04-25,0.3607099652290344,0.36400037489945025,0.35218619810034013,0.3523352505261127,194202400
2002-04-26,0.3441103398799896,0.36444912519228023,0.34396043891682515,0.3631024874187972,304981600
2002-04-29,0.3583172857761383,0.35981300129159877,0.34530634782325215,0.3463531839576961,272288800
2002-04-30,0.36295345425605774,0.3645982468926974,0.35517669816324227,0.35727039507087327,280963200
2002-05-01,0.3586161732673645,0.3632523960111809,0.3493445264528789,0.3632523960111809,214704000
2002-05-02,0.35427984595298767,0.3640003496414985,0.35293403142773544,0.35607453986395743,239344000
2002-05-03,0.35158729553222656,0.35921497394140917,0.3503913822604053,0.35248507907635973,230781600
2002-05-06,0.33872634172439575,0.3514383008909245,0.3358848117893461,0.3491947027314917,249664800
2002-05-07,0.3360345661640167,0.34321251473749675,0.33109936618096536,0.34306343743493795,242748800
2002-05-08,0.364449143409729,0.36669189254764256,0.3445592363610441,0.34695188646961506,436682400
2002-05-09,0.3617568016052246,0.36414945244295593,0.35592466371125714,0.3626545604393475,224616000
2002-05-10,0.34874656796455383,0.3632523680496124,0.34366144138637694,0.3632523680496124,235396000
2002-05-13,0.3580183982849121,0.36026197212764977,0.3430636852710817,0.3517373549252192,265608000
2002-05-14,0.3829924464225769,0.38403928248267705,0.3622056262142303,0.3656451127500119,526506400
2002-05-15,0.37805819511413574,0.38852655854077867,0.3714773500313654,0.3794040098929819,335826400
2002-05-16,0.3770112097263336,0.3805997482153551,0.37013138892720465,0.3747676119353084,227052000
2002-05-17,0.3740197718143463,0.38553499252832246,0.3680377342797105,0.38119857126715523,236493600
2002-05-20,0.36998236179351807,0.37282389164759483,0.3668418535808819,0.36743981029800066,269914400
2002-05-21,0.35084038972854614,0.3738708118941938,0.3499426059202861,0.37132823503741846,280991200
2002-05-22,0.3637014329433441,0.36444929083573896,0.34874674599156696,0.34949375529337506,290875200
2002-05-23,0.37656232714653015,0.3774592621521069,0.3599620286732518,0.36564508793723693,369398400
2002-05-24,0.3611587882041931,0.3737208208575715,0.3583172583947153,0.3737208208575715,166174400
2002-05-28,0.3586161732673645,0.36190658184109814,0.3503913623220192,0.35427975245617366,149716000
2002-05-29,0.3586161732673645,0.3654959687157743,0.35069034062296167,0.357719238364537,221793600
2002-05-30,0.36190661787986755,0.3645982464880663,0.3515873105369589,0.35547567609978215,196375200
2002-05-31,0.34844687581062317,0.3626545517007814,0.3481478974171057,0.3602619009207037,365495200
2002-06-03,0.34261465072631836,0.35069035982058155,0.3376794494113948,0.3497934498271909,235110400
2002-06-04,0.34067094326019287,0.34455930937244755,0.3316974489534166,0.34216583512499743,347821600
2002-06-05,0.3397732377052307,0.34141885446198,0.3342400778594641,0.34141885446198,277082400
2002-06-06,0.33139854669570923,0.34740006935832174,0.32960382759047663,0.34336262525228267,259996800
2002-06-07,0.32003316283226013,0.3281088981001934,0.3130042886068289,0.32541642061728693,612376800
2002-06-10,0.3212290406227112,0.32661312144191834,0.3191353686872018,0.3212290406227112,277575200
2002-06-11,0.30597537755966187,0.3245194464770309,0.3052275199279954,0.3236225364566208,349496000
2002-06-12,0.3004422187805176,0.31031264746443266,0.2981986457040888,0.3052275446105887,528718400
2002-06-13,0.29221734404563904,0.2998441973723841,0.28982387069380044,0.2993952932064352,352083200
2002-06-14,0.30059218406677246,0.3044797018051987,0.27083184171968655,0.28773032293113704,424900000
2002-06-17,0.30717211961746216,0.3085179339241964,0.29685281225435034,0.3026857973844259,324609600
2002-06-18,0.30133920907974243,0.3079200534829489,0.2987975057771823,0.3053775015898736,353360000
2002-06-19,0.2560262382030487,0.26320501419401254,0.252437673839507,0.2597655272116508,1709467200
2002-06-20,0.25587713718414307,0.26320498987934565,0.25198877115356516,0.25677407228418525,396636800
2002-06-21,0.2519887387752533,0.2615593398067564,0.2510909552001628,0.25378343237659967,445177600
2002-06-24,0.25826990604400635,0.26514888252401175,0.24974528738717103,0.25079212396596495,431933600
2002-06-25,0.25632527470588684,0.2644009877105025,0.25213790401399067,0.26021364197715563,301201600
2002-06-26,0.24750235676765442,0.25856867039756526,0.23897774517101744,0.251240820415032,558952800
2002-06-27,0.2551293671131134,0.258269876490126,0.24555791297274782,0.25109107373717754,251658400
2002-06-28,0.2649996876716614,0.26649457952740596,0.2542314995605002,0.2557272400066629,269858400
2002-07-01,0.2551293671131134,0.26739242615175496,0.25497946606233546,0.2648498737135599,222689600
2002-07-02,0.2533346116542816,0.2566250212896472,0.25168981865257317,0.25468042625858384,305188800
2002-07-03,0.2624571919441223,0.26440096358634196,0.2504930878013032,0.2513908716962991,199029600
2002-07-05,0.2802532911300659,0.28040234349656395,0.26484970742703867,0.26484970742703867,161649600
2002-07-08,0.2693360149860382,0.2783086574993415,0.26440081451424513,0.27696284348550476,211204000
2002-07-09,0.2621581554412842,0.273523451606493,0.26111131933533593,0.2705328442888705,226749600
2002-07-10,0.2590177357196808,0.27172885070721203,0.2579708992556652,0.26484987498143864,206880800
2002-07-11,0.2736733853816986,0.2744212431404313,0.25378347384205985,0.2581198957580594,373676800
2002-07-12,0.26185911893844604,0.2810011679229847,0.2581198310817251,0.2774117810332072,443492000
2002-07-15,0.27262651920318604,0.2781596776497982,0.2513907954907018,0.2606624186871163,295993600
2002-07-16,0.2670931816101074,0.2777106380004581,0.2633538953871233,0.27142960054491166,446768000
2002-07-17,0.23374365270137787,0.24226824247914477,0.22716365775117692,0.24122140638179776,1215485600
2002-07-18,0.22417303919792175,0.2326968049156776,0.220583651721066,0.23179986986237425,559462400
2002-07-19,0.2237241566181183,0.22686466470696925,0.21729321449258454,0.2198357658878856,385207200
2002-07-22,0.22312624752521515,0.22716369151571927,0.218489998123066,0.22058369558749868,430897600
2002-07-23,0.216396301984787,0.22626673157371713,0.2159474226019798,0.22282639618951314,399890400
2002-07-24,0.22731353342533112,0.22761251175814096,0.2131058604200449,0.214302597383055,406593600
2002-07-25,0.2147514522075653,0.22357419473049367,0.20951727290088032,0.22327521643177978,479354400
2002-07-26,0.2144516557455063,0.21729318510325993,0.20637677057929846,0.21624634921522953,207704000
2002-07-29,0.22462111711502075,0.225817879361077,0.21490061231997284,0.21654540541230557,274960000
2002-07-30,0.23075303435325623,0.23194894776043673,0.2177420974847778,0.22207936762390504,354838400
2002-07-31,0.2282104790210724,0.23060312942642827,0.2228263729266252,0.2303041510797349,310699200
2002-08-01,0.22133156657218933,0.23060319237794658,0.2202847302570861,0.22596694270050452,228956000
2002-08-02,0.2160973697900772,0.224322159651896,0.2131059381079096,0.22043379264432075,179060000
2002-08-05,0.20921747386455536,0.2198357335900011,0.20891849556170577,0.21699420426539764,204024800
2002-08-06,0.22043366730213165,0.22776154263034065,0.21056408980636654,0.21250786038885888,272053600
2002-08-07,0.22477097809314728,0.22970617957488831,0.21460157184371187,0.22566788811685487,333474400
2002-08-08,0.2288084477186203,0.23000518479998816,0.22088261344555568,0.22088261344555568,227348800
2002-08-09,0.22432206571102142,0.22806053011607774,0.22058362626450226,0.22806053011607774,205716000
2002-08-12,0.22417303919792175,0.22462106995012276,0.21968586807740142,0.2228263762116949,179765600
2002-08-13,0.218190997838974,0.2274626471232643,0.21759221744590138,0.2228263981858967,269869600
2002-08-14,0.22686471045017242,0.22955633974567513,0.21744315932539288,0.21938693078726143,399084000
2002-08-15,0.2334447056055069,0.23553837808065137,0.22447205889259442,0.22806059844003104,322078400
2002-08-16,0.23643524944782257,0.2407724942458721,0.22850944111291363,0.23105199232665818,245224000
2002-08-19,0.2389778345823288,0.24301612658668983,0.2350894685363744,0.23598722727183094,216557600
2002-08-20,0.23793098330497742,0.2406226120759553,0.23224792378241088,0.23882874198317997,186625600
2002-08-21,0.2410714477300644,0.242866141129435,0.23105196851788307,0.2394266552938354,202428800
2002-08-22,0.2388288378715515,0.24301620865806828,0.23419261252426088,0.24226832571136067,258311200
2002-08-23,0.2352394014596939,0.23823000917603587,0.23105205647762764,0.23778195337937102,163245600
2002-08-26,0.23224787414073944,0.2385288890183663,0.22671471679115943,0.2385288890183663,189968800
2002-08-27,0.22207936644554138,0.23538843300483314,0.21998569436226148,0.23494037729542944,262231200
2002-08-28,0.2198357731103897,0.22611681445298923,0.21908791540297748,0.22133151348375463,247973600
2002-08-29,0.2198357731103897,0.225518857739794,0.2169942432749578,0.21908791540297748,164169600
2002-08-30,0.22058367729187012,0.22641581489397583,0.21804110060649476,0.2202846989061104,193519200
2002-09-03,0.21011532843112946,0.21759226031452097,0.21011532843112946,0.2166953249960573,276936800
2002-09-04,0.21654541790485382,0.22103259022643554,0.21191001677431767,0.21235807260498785,420660800
2002-09-05,0.21205903589725494,0.21475148830156304,0.21011526481308027,0.21265781622699859,226178400
2002-09-06,0.21505048871040344,0.21908793228330348,0.21280691541530355,0.21699425999397018,181591200
2002-09-09,0.21490059792995453,0.21729324871276737,0.21161101196556398,0.21355478334161848,158244800
2002-09-10,0.2143026441335678,0.21669529494977835,0.21116213550630075,0.21549855772569781,249468800
2002-09-11,0.2137046903371811,0.21834009101967572,0.2116110178896151,0.21445172452677289,202412000
2002-09-12,0.21146109700202942,0.2169942560032359,0.21116211862789455,0.212358032124434,269830400
2002-09-13,0.21190997958183289,0.2144517076163354,0.21011528567801535,0.21131119919262897,282951200
2002-09-16,0.21684521436691284,0.21848998236379272,0.21116212912173013,0.2114611075107229,286641600
2002-09-17,0.22133156657218933,0.2247710539458095,0.21789207919856918,0.21789207919856918,427996800
2002-09-18,0.22462111711502075,0.22566795337959505,0.21714418587205814,0.21968591420602845,328641600
2002-09-19,0.2180410921573639,0.2213315264955919,0.216545376654608,0.22058366874421395,205945600
2002-09-20,0.22237838804721832,0.22342522429246262,0.2171441818624521,0.2186390739042447,352788800
2002-09-23,0.22207936644554138,0.22372415918759878,0.21609730358737048,0.22073270346333398,263709600
2002-09-24,0.2189389169216156,0.2216305464257521,0.21534950353619417,0.21534950353619417,250661600
2002-09-25,0.22327519953250885,0.22686461106728908,0.2190878564040928,0.21968581295626236,254682400
2002-09-26,0.2198357731103897,0.22716365051699905,0.21759219998815305,0.2258178360963916,208644800
2002-09-27,0.22013473510742188,0.22207935468708478,0.2165453478313272,0.21669524881440413,206152800
2002-09-30,0.21684521436691284,0.21789205054435035,0.2114611075107229,0.21534947383148018,237697600
2002-10-01,0.2169942408800125,0.21834005528576633,0.20936741015952265,0.21819097792503106,342423200
2002-10-02,0.21190997958183289,0.21878895318655253,0.21086314344059742,0.21430263024295723,229348000
2002-10-03,0.21385376155376434,0.21834008472171876,0.2102643735666255,0.2120590675601949,217896000
2002-10-04,0.20981626212596893,0.21534942001951207,0.20921748186568226,0.21475146339094517,190825600
2002-10-07,0.20592787861824036,0.21250787184741535,0.20577796517918956,0.20891848512908456,244697600
2002-10-08,0.20458218455314636,0.20876953030440074,0.19979604576377347,0.20787177128220025,453644800
2002-10-09,0.20323626697063446,0.2071237961830252,0.20054380241720635,0.20248840937401866,356686400
2002-10-10,0.21101219952106476,0.21265781588544758,0.2030863905748906,0.20383424826200755,321574400
2002-10-11,0.2169942408800125,0.22103253268764145,0.210863125557839,0.2131058750234863,294677600
2002-10-14,0.2208826094865799,0.2240231426415885,0.21594740751615324,0.21759220029568294,194404000
2002-10-15,0.22671474516391754,0.22806053447163382,0.22103250977659453,0.22761250376258144,405518400
2002-10-16,0.2177421599626541,0.22626677673657145,0.20787175336213284,0.2222284837905112,307624800
2002-10-17,0.21101219952106476,0.21505046630513333,0.20906842844001197,0.2125079148952986,469296800
2002-10-18,0.2144516557455063,0.214601556714524,0.20832054138634157,0.20936737727437196,288299200
2002-10-21,0.2177421599626541,0.21878899631022275,0.20936746918210503,0.213255836134797,238520800
2002-10-22,0.2198357731103897,0.22252740195160461,0.21325577836973306,0.21639628656176257,218148000
2002-10-23,0.22252745926380157,0.22402320002239623,0.21684524671985445,0.21878899339573077,209036800
2002-10-24,0.21968583762645721,0.22746259316296455,0.21759216582713484,0.22462103881510376,174748000
2002-10-25,0.2306032031774521,0.23105208265695634,0.21819104288655788,0.21968593509811787,279070400
2002-10-28,0.2334447056055069,0.23852898577429787,0.22806059844003104,0.23254777038700483,349300000
2002-10-29,0.23090220987796783,0.23748220731032046,0.22372425548781222,0.23284680543908745,259179200
2002-10-30,0.2389778345823288,0.24480997183532666,0.23150090449015048,0.2316499818581483,270676000
2002-10-31,0.24032366275787354,0.24585682195853148,0.23808091305507634,0.23912774921822552,295836800
2002-11-01,0.2446608990430832,0.24675459624769058,0.23763202455530869,0.23837988230488677,189828800
2002-11-04,0.2525867223739624,0.2599145749092271,0.24451098716384573,0.24675458527132,376818400
2002-11-05,0.2527366578578949,0.25363359306075456,0.24451102052932375,0.25049305944426375,210694400
2002-11-06,0.25752195715904236,0.2590176727819552,0.24974519931969283,0.25542828473974477,216389600
2002-11-07,0.23927679657936096,0.2557272196998046,0.23643526683127264,0.2533345692887331,336179200
2002-11-08,0.23688416182994843,0.24226824333468752,0.232098860691424,0.23942671339873067,190064000
2002-11-11,0.22671474516391754,0.23763198390271542,0.2261167885193029,0.23538841103779762,152975200
2002-11-12,0.23389354348182678,0.2398755814384418,0.22850946223132532,0.22910741893743883,223792800
2002-11-13,0.23314571380615234,0.24032366603774621,0.22850948969695647,0.23179989923972383,231739200
2002-11-14,0.24376317858695984,0.2454088203058632,0.235987268759865,0.2377819629144291,141713600
2002-11-15,0.23852895200252533,0.24286619735780182,0.23568824573014618,0.24271629635995517,160994400
2002-11-18,0.23404262959957123,0.24226824095962796,0.23209885841605926,0.24211833996157747,164578400
2002-11-19,0.22836041450500488,0.23553836680532864,0.22447204814702115,0.23254775925484378,210952000
2002-11-20,0.23224787414073944,0.23479042500977093,0.2280605059304537,0.22880838841703505,208740000
2002-11-21,0.24451103806495667,0.2458568527817434,0.23553839086503334,0.23778196448102298,418482400
2002-11-22,0.23942667245864868,0.2437630934889845,0.2377818799045023,0.24062258572285528,227858400
2002-11-25,0.2388288378715515,0.24137056667271317,0.23494047051241862,0.23972577327805347,199427200
2002-11-26,0.23045408725738525,0.23778194058160562,0.22836041487903658,0.2370340827847761,240262400
2002-11-27,0.23508954048156738,0.2371832133292094,0.2310520958320233,0.23329484609328574,286798400
2002-11-29,0.23179979622364044,0.2374820303530577,0.23045398225531635,0.23613621638473362,143432800
2002-12-02,0.22701366245746613,0.24077245347819856,0.22447196026437183,0.2377818470985611,398742400
2002-12-03,0.22671474516391754,0.22940719732816728,0.22581781019699557,0.22731352544027408,227869600
2002-12-04,0.22387321293354034,0.22716364702778657,0.21684518754039575,0.22701372107733192,325757600
2002-12-05,0.21878893673419952,0.22551885741801103,0.21729322132150927,0.2247709997116659,243398400
2002-12-06,0.22357428073883057,0.22716369392612268,0.21714418576365235,0.21908795726889388,245358400
2002-12-09,0.22058367729187012,0.2235742598228408,0.21938691515837172,0.22342520740446223,236084800
2002-12-10,0.22850950062274933,0.23105205249864072,0.22028471182046502,0.22058369022375254,308610400
2002-12-11,0.23165003955364227,0.23165003955364227,0.22551892240574586,0.2288085089034216,253500800
2002-12-12,0.2271636575460434,0.23254773902690729,0.22447202862154236,0.23194895866334783,149340800
2002-12-13,0.22118155658245087,0.22656566210189347,0.21908788474738555,0.22641576112865117,164780000
2002-12-16,0.22207936644554138,0.22581783127087868,0.2184899540208591,0.2214805611547652,251624800
2002-12-17,0.2255188226699829,0.22716361519141084,0.2192378072626673,0.2220793366562208,222661600
2002-12-18,0.21789197623729706,0.22222837188820938,0.21684514041685887,0.22133146198564477,150701600
2002-12-19,0.2123580276966095,0.22312621569078941,0.21086313585710484,0.2172932298466436,347519200
2002-12-20,0.21146109700202942,0.21774211375451538,0.20607700289267705,0.21370467025586784,318096800
2002-12-23,0.21669523417949677,0.21759216912205673,0.21116207628774486,0.21176003291611817,125826400
2002-12-24,0.2147514522075653,0.21639624466633006,0.2138536936797468,0.2159473654024208,39340000
2002-12-26,0.21534951031208038,0.22148062740486868,0.21355481604217363,0.21564848875172066,85422400
2002-12-27,0.21026432514190674,0.21505044923314104,0.20951729114590786,0.21400361328064424,80035200
2002-12-30,0.21041426062583923,0.21161099775283704,0.20697477387956068,0.21056416162867037,155041600
2002-12-31,0.2143026441335678,0.2147515235465918,0.2086195836750987,0.20936744148615521,200726400
2003-01-02,0.22133156657218933,0.22312626077408548,0.21460164426454076,0.2147515452947129,181428800
2003-01-03,0.22282637655735016,0.22327525590060873,0.21819097666036058,0.22133150975806576,147453600
2003-01-06,0.22282637655735016,0.23000517648073762,0.22252739820578527,0.22477099624879576,390532800
2003-01-07,0.22207936644554138,0.22432209092947628,0.2163962819375792,0.22118158280455646,342344800
2003-01-08,0.21759219467639923,0.21998569369296445,0.21594740193934603,0.21804107401625603,229644800
2003-01-09,0.21953682601451874,0.2231262390270142,0.216845221748576,0.21863906718505405,215252800
2003-01-10,0.22013473510742188,0.22163047536962918,0.21669524881440413,0.21804106313499586,175100800
2003-01-13,0.21878893673419952,0.22282637999026103,0.21475149347813802,0.22282637999026103,178942400
2003-01-14,0.21848995983600616,0.22163049300305177,0.21669526605516892,0.2196858732686705,186860800
2003-01-15,0.21579834818840027,0.2198357917933487,0.21325579649348475,0.2181909988763593,371128800
2003-01-16,0.21863895654678345,0.22073262791346518,0.21250784338644566,0.21250784338644566,559070400
2003-01-17,0.21086309850215912,0.2177420706408552,0.21056412018722298,0.2177420706408552,266761600
2003-01-21,0.2096664011478424,0.21549853846817726,0.2093674227765274,0.2125079311231503,253456000
2003-01-22,0.20757272839546204,0.21161099547776516,0.20637681491320545,0.20906844388015763,215140800
2003-01-23,0.21190997958183289,0.2147515096268859,0.2086195701528512,0.21011528567801535,228256000
2003-01-24,0.2063768357038498,0.2129568314147621,0.20278744763173118,0.2129568314147621,305468800
2003-01-27,0.21131111681461334,0.21684512233249403,0.20413316762950864,0.2045820468384452,391406400
2003-01-28,0.2180410921573639,0.21968588503126454,0.2117600754040508,0.2129568125326325,286255200
2003-01-29,0.22327519953250885,0.2258177752851851,0.21385367749357276,0.21759214139205435,373044000
2003-01-30,0.21415267884731293,0.2253689203415977,0.2137046232007094,0.22402310613838042,407058400
2003-01-31,0.2147514522075653,0.21759215786118555,0.21011522949830808,0.21220890122098207,341224800
2003-02-03,0.21923786401748657,0.22297632930914169,0.21460161497286137,0.21549855013536687,264784800
2003-02-04,0.21834005415439606,0.2190879118496791,0.21400363260630675,0.21609730470037,317413600
2003-02-05,0.2160973697900772,0.22327532328955155,0.2159474687531404,0.21998576175620008,221614400
2003-02-06,0.21579834818840027,0.2181909988763593,0.21265783972947158,0.21475151203542403,179149600
2003-02-07,0.21161100268363953,0.21834007533016145,0.21041426552875625,0.21759221756234726,269701600
2003-02-10,0.21460163593292236,0.21789207073920408,0.21026438981072487,0.21325582124175815,167888000
2003-02-11,0.21460163593292236,0.2187889810307674,0.2123580623596474,0.21684523446474283,164780000
2003-02-12,0.21519960463047028,0.21834011362699304,0.21340491039930765,0.21340491039930765,228687200
2003-02-13,0.21744315326213837,0.21893889384624368,0.2129568300174068,0.21549855822251818,208493600
2003-02-14,0.21938689053058624,0.2201347482269913,0.21460158963178286,0.2184899554739947,243297600
2003-02-18,0.22836041450500488,0.22880847027682086,0.2201347774267445,0.2205836817890374,290897600
2003-02-19,0.22207936644554138,0.22656568896230989,0.21953679006249904,0.2253689519296562,240368800
2003-02-20,0.2208826094865799,0.22372416428456832,0.2199856993740599,0.22207937150503862,224352800
2003-02-21,0.22432206571102142,0.22521984925107685,0.2190878860912521,0.2216304621884561,157444000
2003-02-24,0.22043366730213165,0.22477093628075182,0.2063767467379805,0.22222836056452608,180252800
2003-02-25,0.22462111711502075,0.22551890094719781,0.21804112111369575,0.21953683681508593,188641600
2003-02-26,0.21684521436691284,0.2246210984179586,0.21654538738745127,0.22417306760897543,217095200
2003-02-27,0.22222845256328583,0.22432212496422324,0.2169942715609423,0.21789205533814135,154341600
2003-02-28,0.22447192668914795,0.2256678146509508,0.22088251570664402,0.2222283295577623,195098400
2003-03-03,0.2190878838300705,0.22671473849416612,0.21759216863079459,0.22447198932696996,203761600
2003-03-04,0.2177421599626541,0.2214806258805251,0.21594746570509937,0.22043378953295648,126414400
2003-03-05,0.21863895654678345,0.22133143299928912,0.21714406530739427,0.21848987923861296,126683200
2003-03-06,0.2177421599626541,0.2183401168378192,0.21534950882993428,0.21804113840023664,99859200
2003-03-07,0.21729327738285065,0.21998575550525595,0.2140036909844259,0.21639634208292963,200984000
2003-03-10,0.21490059792995453,0.219386921101721,0.2138537617354777,0.21699427031890814,134573600
2003-03-11,0.21280694007873535,0.216695306728414,0.21116214698417737,0.21475153521957233,161190400
2003-03-12,0.2126578390598297,0.21519956711483518,0.21026436474750118,0.21190998129121502,222560800
2003-03-13,0.22013473510742188,0.22133149703525046,0.21190994820079465,0.21639627048002544,335445600
2003-03-14,0.22103258967399597,0.2244720770714263,0.21893891702929583,0.21953684893150932,153098400
2003-03-17,0.22447192668914795,0.22536886137939752,0.21998560597492436,0.22267723367716094,399912800
2003-03-18,0.22432206571102142,0.22566787995157264,0.2216304621884561,0.22432206571102142,229980800
2003-03-19,0.22357428073883057,0.22656573709866276,0.22118162979699724,0.22536899981174924,141316000
2003-03-20,0.22297634184360504,0.22417307909280765,0.21834009253835626,0.22327529528936926,163178400
2003-03-21,0.22432206571102142,0.22656566349162807,0.2216304621884561,0.22566787995157264,297948000
2003-03-24,0.21490059792995453,0.22133154106825811,0.2146016195360953,0.219386921101721,161100800
2003-03-25,0.21759219467639923,0.2217795388302192,0.21490056590089104,0.21549852259948926,167697600
2003-03-26,0.21549858152866364,0.21774215520964785,0.21385378834183344,0.21759225417809896,178343200
2003-03-27,0.21669523417949677,0.21983574192603592,0.21415268306133092,0.21415268306133092,122393600
2003-03-28,0.21789197623729706,0.21863898518052277,0.21490052114514197,0.21534940039151396,145303200
2003-03-31,0.21146109700202942,0.21729323437737075,0.20996538149947047,0.21430262700413755,256659200
2003-04-01,0.21176007390022278,0.21400364713842376,0.21041425941005376,0.2123580306443248,154341600
2003-04-02,0.21834005415439606,0.2196858685531763,0.21340485227098654,0.21475149030158977,171371200
2003-04-03,0.21624642610549927,0.21983581432121674,0.21460163301995827,0.21774214180071333,145712000
2003-04-04,0.21549858152866364,0.21938694839647804,0.21519960309760738,0.21714419834753532,146020000
2003-04-07,0.21669523417949677,0.22357420630094835,0.21549849729103063,0.22207933968855204,196862400
2003-04-08,0.2160973697900772,0.21908797784017375,0.2147515549859302,0.21699430511548484,128934400
2003-04-09,0.21220895648002625,0.21863905065595815,0.21146109872266156,0.21714415877312013,146725600
2003-04-10,0.21490059792995453,0.21519957632381376,0.21235804613424256,0.21235804613424256,107100000
2003-04-11,0.19740332663059235,0.21594741015856303,0.19336588331366014,0.21011527304571176,1392708800
2003-04-14,0.20308639109134674,0.20562894250764727,0.20188964158328357,0.20503014969807265,502958400
2003-04-15,0.20024484395980835,0.2033853519979573,0.19889902960514394,0.2032362871221509,303968000
2003-04-16,0.19800212979316711,0.20443221148357316,0.19321597991852485,0.19426282853070992,1016176000
2003-04-17,0.19620740413665771,0.19815117520732442,0.19022536630350004,0.1974033175242035,616257600
2003-04-21,0.19650636613368988,0.19725422375458704,0.1941137159258636,0.19635646515681401,152320000
2003-04-22,0.20203962922096252,0.20368442266310374,0.1957586102976931,0.1971044252623695,300568800
2003-04-23,0.20308639109134674,0.2038342487803655,0.19979596950675751,0.20233852092305804,209680800
2003-04-24,0.20099273324012756,0.20353529747351173,0.19441273778706458,0.20218948290719493,325108000
2003-04-25,0.19964689016342163,0.20308638907253407,0.1978521964539803,0.2012916828838229,205318400
2003-04-28,0.20727378129959106,0.20876949700996908,0.2008428501712922,0.20159070802648119,636798400
2003-04-29,0.21026432514190674,0.21176004039740173,0.20308637445267821,0.2090684118429096,458236800
2003-04-30,0.2126578390598297,0.21460161035270492,0.2071238438191904,0.20832059345462597,458175200
2003-05-01,0.2147514522075653,0.2151995078397977,0.20936737193568494,0.2131058361171237,342759200
2003-05-02,0.2160973697900772,0.21819104251476612,0.2144517529120566,0.21624644719494293,321182400
2003-05-05,0.24062250554561615,0.25243752365755007,0.22058355236176486,0.2208825056196659,1555708000
2003-05-06,0.2617093026638031,0.26769134153873037,0.24077255345899004,0.24107153185794344,1514492000
2003-05-07,0.26395291090011597,0.27277565754415717,0.2558771985359614,0.25916678499005963,1054379200
2003-05-08,0.2691870331764221,0.2702338691983844,0.2585687470100644,0.2646998621536417,687736000
2003-05-09,0.2736733853816986,0.2751682523087289,0.2673923436080733,0.2741214161728817,588386400
2003-05-12,0.27756181359291077,0.2802534432205091,0.27113086937723696,0.2714298478211838,419372800
2003-05-13,0.2792065739631653,0.2836928973580815,0.2684392081304255,0.27561716083589544,446796000
2003-05-14,0.2774118185043335,0.2817490635513043,0.2756170998584889,0.2815991625641131,355488000
2003-05-15,0.28010350465774536,0.2818981987130727,0.27621511318465286,0.27815973321645465,284995200
2003-05-16,0.28115031123161316,0.28429081958918334,0.27337440265468677,0.27800977791550113,341628000
2003-05-19,0.2706819474697113,0.2789075846918907,0.27008399067553895,0.2771128906774257,445888800
2003-05-20,0.2660464346408844,0.27157961669133635,0.26320490561928284,0.27068183328829704,416220000
2003-05-21,0.26694345474243164,0.27053284240406683,0.264251825812137,0.2660465196429546,305009600
2003-05-22,0.27277567982673645,0.2751683311611854,0.2652987473605996,0.2675414976475891,178460800
2003-05-23,0.27397239208221436,0.27606606457035365,0.26858828488332087,0.2723275990220987,206718400
2003-05-27,0.2823469638824463,0.2826459421653574,0.2678403149654741,0.2685881724885685,290130400
2003-05-28,0.2733743488788605,0.2790565840996468,0.27142972943470584,0.2766639090010339,339679200
2003-05-29,0.2706819474697113,0.2766639863072786,0.2676913398669016,0.27352347768995183,333765600
2003-05-30,0.26843923330307007,0.2718787207739746,0.2621582152347946,0.2709809618316169,382748800
2003-06-02,0.2609614133834839,0.27352344641650417,0.25826978448550914,0.2706819165211514,418588800
2003-06-03,0.2588678002357483,0.26425188289117585,0.25453137753713634,0.2608123954857811,360858400
2003-06-04,0.26320499181747437,0.26604652176966137,0.25632519480570093,0.2587186690204996,271202400
2003-06-05,0.2638029456138611,0.26529866107346567,0.25916672186820355,0.26096141569335685,205497600
2003-06-06,0.2564750909805298,0.26978498175252397,0.2563251899829739,0.2652986590399588,241388000
2003-06-09,0.2510910630226135,0.2548303777695765,0.24869841173729565,0.25333466185421083,259952000
2003-06-10,0.2569240629673004,0.25856885637412047,0.2504931181687648,0.25258681605677735,176646400
2003-06-11,0.2609614133834839,0.2618591721040446,0.25139081124319435,0.2564750906762414,225114400
2003-06-12,0.2657467722892761,0.2673923890911624,0.26096147017768484,0.2624571859495695,252588000
2003-06-13,0.2605125904083252,0.2684392250842128,0.2561761677598892,0.26544779354401915,191245600
2003-06-16,0.273224413394928,0.273224413394928,0.2609613611780394,0.2632049338987597,238526400
2003-06-17,0.27202773094177246,0.2766639546459095,0.26903712368120725,0.2753181651556035,177464000
2003-06-18,0.2859363853931427,0.2913196424049687,0.2738223848945293,0.2759160567617358,454983200
2003-06-19,0.28623542189598083,0.29326429654061975,0.2807022627838781,0.28952500770927914,381528000
2003-06-20,0.28713223338127136,0.2928152910519478,0.2826459123476229,0.28937580571386884,356546400
2003-06-23,0.28503865003585815,0.29446017420620313,0.28040240167012653,0.28862803742412313,307361600
2003-06-24,0.2808513641357422,0.29416125679508714,0.2799544289187851,0.291170649106592,514382400
2003-06-25,0.2854875326156616,0.2901237560756055,0.2798044731248795,0.282048046176023,329812000
2003-06-26,0.28847816586494446,0.2889270452422194,0.2796554211138078,0.2796554211138078,161705600
2003-06-27,0.28010350465774536,0.2887771728985218,0.27636503916112737,0.2886280955125584,365792000
2003-06-30,0.28503865003585815,0.287282223061474,0.27800975128855016,0.27935556565119934,222152000
2003-07-01,0.2854875326156616,0.2868333469936236,0.27681386602183167,0.28219712353367976,180992000
2003-07-02,0.2881792187690735,0.2901238138604039,0.2844407532377102,0.2845898306250591,325298400
2003-07-03,0.2860855162143707,0.2923665329900887,0.28384276658412155,0.2841417449593623,137771200
2003-07-07,0.2971517741680145,0.3017879971264329,0.2860854583624879,0.28817913019768054,286272000
2003-07-08,0.30507850646972656,0.3065733734558211,0.2914696112074648,0.2919176669748934,256737600
2003-07-09,0.2974517345428467,0.3058264256414313,0.2974517345428467,0.302237036990012,213645600
2003-07-10,0.2928154170513153,0.2981986751555073,0.28967490861323636,0.29730174001544224,170934400
2003-07-11,0.2968529760837555,0.29909657521290933,0.2920676728784707,0.2940114449205485,136858400
2003-07-14,0.2976006865501404,0.3050784647366546,0.2971518072121906,0.2992454792802059,188406400
2003-07-15,0.2932642996311188,0.30268585000650433,0.2905718469177995,0.29939541556808685,206645600
2003-07-16,0.2971517741680145,0.29909639362021395,0.2898239227448402,0.2986474893736439,250930400
2003-07-17,0.3125554621219635,0.3133033199701427,0.30104023829183973,0.3019380221209965,751212000
2003-07-18,0.3119574785232544,0.31674277998252515,0.3050785047215625,0.31255543529768304,298838400
2003-07-21,0.30821889638900757,0.31106042543819745,0.3035826740649815,0.3094148094844927,183808800
2003-07-22,0.3110605478286743,0.31345319859266996,0.306573376101715,0.3121073840149182,198424800
2003-07-23,0.31091055274009705,0.3134531037464752,0.30597535169370316,0.3133032027801128,143035200
2003-07-24,0.30672332644462585,0.32152896019877936,0.3047795549294036,0.31464913716114434,229236000
2003-07-25,0.3221268951892853,0.3225757995910732,0.3050785362981441,0.30522761369122087,216686400
2003-07-28,0.3139011859893799,0.32152886461359464,0.3119574150520084,0.32152886461359464,170357600
2003-07-29,0.30986374616622925,0.31524782698905723,0.30687313924138776,0.31390118905952935,197120000
2003-07-30,0.3032837212085724,0.3125553430020478,0.3016389287486301,0.3106115722431776,173594400
2003-07-31,0.31524789333343506,0.3192853370764211,0.3076202379879039,0.3101627897697476,301464800
2003-08-01,0.31001362204551697,0.3180885071783083,0.3086669842250239,0.3140510646119126,149604000
2003-08-04,0.3171916902065277,0.32152896128101105,0.3032838402419006,0.3070223058932948,230115200
2003-08-05,0.3047795593738556,0.3200332241987992,0.300592214235086,0.3192853663337318,249440800
2003-08-06,0.29356327652931213,0.3016390123231393,0.29161868159997945,0.29999337081702926,245464800
2003-08-07,0.2980496287345886,0.3004422796551453,0.2904227965403186,0.295058197359903,174378400
2003-08-08,0.2937122881412506,0.30104013956544307,0.29311433151160426,0.3007411612506199,137659200
2003-08-11,0.29401135444641113,0.29804962198438106,0.291768604598177,0.29640485390329147,137228000
2003-08-12,0.29461008310317993,0.29610497486192205,0.29102069561855287,0.2955070181584252,164438400
2003-08-13,0.3017880618572235,0.3041807125203996,0.29281541596233873,0.2970027605308713,284099200
2003-08-14,0.29864755272865295,0.30403165939060595,0.29819867334539474,0.30223696548946904,192780000
2003-08-15,0.29475924372673035,0.3001433514331137,0.29401138582019287,0.2993954685680291,125865600
2003-08-18,0.3041808307170868,0.3052276922245452,0.294909202840581,0.2970028759383937,192774400
2003-08-19,0.30388176441192627,0.30582635935667835,0.2990964630019264,0.30462962218822226,133688800
2003-08-20,0.3142010569572449,0.3180885996858305,0.30119014329549343,0.3017880751210502,273212800
2003-08-21,0.3242205083370209,0.32466941265654986,0.31330326809868125,0.31450000518403076,255326400
2003-08-22,0.31225648522377014,0.32900586548185884,0.3086670969878953,0.3261643350977909,250264000
2003-08-25,0.3119574785232544,0.31270533630725056,0.30642431927998737,0.31076074134247633,137782400
2003-08-26,0.3147989511489868,0.3150979294815902,0.30433059134901574,0.31031262889639494,164959200
2003-08-27,0.3212290406227112,0.3212290406227112,0.3089668109705226,0.31270527553200056,225702400
2003-08-28,0.33184733986854553,0.33229621919652225,0.3189863044396281,0.3189863044396281,319625600
2003-08-29,0.3381284475326538,0.34171783586525034,0.32975375717794037,0.33199733079381755,263155200
2003-09-02,0.34171780943870544,0.3424656672528294,0.334987912743544,0.3388762791978161,242132800
2003-09-03,0.343212753534317,0.3487467624310438,0.3403720464941653,0.3409700033834521,268828000
2003-09-04,0.34141862392425537,0.34769966235282185,0.3405208656391333,0.34635299996660984,199780000
2003-09-05,0.3364834487438202,0.34620394787434244,0.33513763484962655,0.339922933947096,240133600
2003-09-08,0.34007200598716736,0.3408198633904797,0.33603456436708223,0.3361844653003453,167244000
2003-09-09,0.3345390558242798,0.3390253793787459,0.33080059013422625,0.3369317068111944,180370400
2003-09-10,0.3316974639892578,0.33812840696955876,0.3306506278205008,0.33274430015801476,224890400
2003-09-11,0.3373805582523346,0.34082004523753406,0.33050158428193566,0.3327443090984634,213684800
2003-09-12,0.34545618295669556,0.3460541395961059,0.33364200935380006,0.33663261618258655,179989600
2003-09-15,0.3321463465690613,0.34246563020283377,0.3308005321020181,0.34111899210392577,226844800
2003-09-16,0.3343900144100189,0.3393252179405483,0.3319973631656618,0.33214644057537906,269007200
2003-09-17,0.33080050349235535,0.3346888691896708,0.32676306044040865,0.33453896820324597,289396800
2003-09-18,0.3421657085418701,0.34381132443218687,0.3282578407785886,0.33050143815214766,252907200
2003-09-19,0.33767950534820557,0.34470837968035944,0.33543675578100907,0.3421658281144631,205956800
2003-09-22,0.3302026093006134,0.3364836265468441,0.3278099584875659,0.33169747633025576,179821600
2003-09-23,0.33543670177459717,0.3358847574367793,0.3272110667090508,0.3293047385716739,132451200
2003-09-24,0.3188363313674927,0.3336419581157162,0.31524776845039887,0.3321462431151556,301285600
2003-09-25,0.30552658438682556,0.31958436121596717,0.30283495483953804,0.31913548174740175,574380800
2003-09-26,0.3094148635864258,0.32451944629506163,0.30133912929487217,0.3035827271471515,347250400
2003-09-29,0.3185374438762665,0.3240706025973504,0.3088169408655144,0.32137897373451885,365702400
2003-09-30,0.30986374616622925,0.31734149892597463,0.3056764022923945,0.3153969043378307,285426400
2003-10-01,0.31091055274009705,0.3155467754854494,0.3019379091821172,0.3097138159042475,236112800
2003-10-02,0.30762016773223877,0.3110604775369891,0.3032837465873955,0.3110604775369891,204058400
2003-10-03,0.32436949014663696,0.32691204093408416,0.31225634002322084,0.3139011323531632,299600000
2003-10-06,0.33334311842918396,0.3339410752253652,0.3227248303626948,0.32407064497007787,268329600
2003-10-07,0.34725087881088257,0.3500924332730767,0.32765997423871596,0.32975364612227975,418174400
2003-10-08,0.3448583781719208,0.35203633190078304,0.33992317464428534,0.3476999338665076,428668800
2003-10-09,0.3506903648376465,0.35398079859711584,0.340819962066591,0.34844679197813755,347748800
2003-10-10,0.3541299104690552,0.35607453029216585,0.3494936866263366,0.35143830644944735,174837600
2003-10-13,0.3641494810581207,0.36504723996279026,0.3547279293926799,0.3548778553793452,279865600
2003-10-14,0.3671407997608185,0.369982329365845,0.3617567188831204,0.36370131349108203,275419200
2003-10-15,0.3711782395839691,0.3740197691651773,0.36758967599402004,0.37162711889462374,610103200
2003-10-16,0.3476998209953308,0.3565225402001044,0.33513776336512663,0.3559246084500407,975682400
2003-10-17,0.3402220606803894,0.3512883785351208,0.3354367594943229,0.3496435856833867,359811200
2003-10-20,0.34725087881088257,0.34904557237275724,0.3346888475095,0.3379784326798201,279132000
2003-10-21,0.3466529846191406,0.3499425703820995,0.3402220668331659,0.3485967558761719,176461600
2003-10-22,0.3403719961643219,0.3469519918697479,0.33917525893062755,0.34306362540018775,161599200
2003-10-23,0.3438114821910858,0.3462041330193761,0.33782944330438286,0.33992311573313116,165211200
2003-10-24,0.3379785120487213,0.3417178010272981,0.332445352718748,0.33738055526492244,219856000
2003-10-27,0.3379785120487213,0.3423157578110969,0.3363337190773077,0.34022208543586735,162013600
2003-10-28,0.3547278046607971,0.3554756622743806,0.3349878229154719,0.3373804730998992,251714400
2003-10-29,0.35427984595298767,0.35742035438920966,0.34904564026740864,0.3515873683120404,267080800
2003-10-30,0.34530627727508545,0.35891514424248283,0.3420166921714248,0.3587660918590663,260556800
2003-10-31,0.3423157334327698,0.3491947068523649,0.34067094057849157,0.3484468491099089,218153600
2003-11-03,0.34620410203933716,0.3484468516511869,0.3406709430630586,0.3414188008109688,302842400
2003-11-04,0.34261465072631836,0.3454561801883487,0.33782935038591355,0.34500730089652076,249233600
2003-11-05,0.344409316778183,0.3459050318771001,0.336034630034907,0.3412688092494545,322470400
2003-11-06,0.3457551896572113,0.34620406898948203,0.33872631585611324,0.3426146815949208,397073600
2003-11-07,0.3364834487438202,0.3475497617685361,0.3357355913289317,0.34680190435364755,210145600
2003-11-10,0.3275100588798523,0.3387263012385112,0.32661312388582003,0.3357356942933036,234276000
2003-11-11,0.3221268951892853,0.32930484812113203,0.3212291363028007,0.32751015398016886,215073600
2003-11-12,0.33394095301628113,0.3397730887245953,0.3212289971832764,0.3212289971832764,300003200
2003-11-13,0.33528682589530945,0.3373804979146421,0.3278098964730035,0.33005264584697785,212772000
2003-11-14,0.320930153131485,0.3381284377515383,0.3182385237759077,0.3361846662462867,237048000
2003-11-17,0.31599482893943787,0.3195842157905208,0.3133032006169645,0.3192852374915435,228256000
2003-11-18,0.3052275478839874,0.3191353949379048,0.30433061282288854,0.317191623822943,267192800
2003-11-19,0.30537745356559753,0.30881694013369665,0.3029848030674347,0.30747112570547014,344584800
2003-11-20,0.3047795593738556,0.31524792222077963,0.300592214235086,0.300592214235086,239590400
2003-11-21,0.3032837212085724,0.30777004295584615,0.2968527801122153,0.3041806311468205,241836000
2003-11-24,0.31629472970962524,0.318088600064059,0.3058263678157533,0.30657337702225634,381824800
2003-11-25,0.3092658519744873,0.31778961879259804,0.30821901579458405,0.31749064040290104,268654400
2003-11-26,0.30986374616622925,0.31629466295751596,0.30283484775778824,0.31240629741298925,245128800
2003-11-28,0.31270524859428406,0.31509789865278764,0.3068731125997009,0.31076065417496324,76098400
2003-12-01,0.32466942071914673,0.32676309294660977,0.31405113362195314,0.31464909036354954,361536000
2003-12-02,0.3221268951892853,0.32751015398016886,0.3201823000232394,0.32302383044376387,205296000
2003-12-03,0.31450000405311584,0.32661315770139204,0.313453167969145,0.3221268350032102,191296000
2003-12-04,0.31629472970962524,0.31659370810203086,0.3106116693581133,0.31315422114146363,177940000
2003-12-05,0.31180745363235474,0.3162945985535859,0.3100135840217744,0.3125553111192266,186177600
2003-12-08,0.3147989511489868,0.3152478304637771,0.30522752634682604,0.31076068457941497,148237600
2003-12-09,0.30582624673843384,0.3177894958580559,0.3050783892375308,0.31659358276189814,135144800
2003-12-10,0.3047795593738556,0.3082190466475578,0.29849854166570117,0.305826395658548,271336800
2003-12-11,0.3171916902065277,0.3191354617282925,0.30223700396895015,0.3028349358429476,183136800
2003-12-12,0.3124062418937683,0.31883633391057115,0.3095647128226821,0.31883633391057115,192673600
2003-12-15,0.30163896083831787,0.3213789433526845,0.30014324555287997,0.3213789433526845,388908800
2003-12-16,0.30089110136032104,0.30642425952457375,0.29924546014513254,0.3019379373273894,373956800
2003-12-17,0.2973017394542694,0.3010402046453352,0.2959559249307617,0.3002923468807422,274260000
2003-12-18,0.29969435930252075,0.301788031375317,0.29760068722972444,0.29760068722972444,330915200
2003-12-19,0.29461008310317993,0.3053774468837782,0.29341334606436326,0.30193796039093684,453560800
2003-12-22,0.2968529760837555,0.29745178166713415,0.28788032666579116,0.2938623674885078,377064800
2003-12-23,0.29625484347343445,0.29834851533866075,0.293114335675595,0.29789963604418856,308498400
2003-12-24,0.3052275478839874,0.3079200003309409,0.29386222732571926,0.29490906337958217,177475200
2003-12-26,0.3107605576515198,0.3127051514668422,0.30418054116795523,0.30433046704744443,103695200
2003-12-29,0.31629472970962524,0.31644380708986053,0.31195748393990613,0.3127053417368877,233458400
2003-12-30,0.3182384967803955,0.321528931274854,0.31629472544002996,0.3167427812066227,204853600
2003-12-31,0.3195841312408447,0.3219767806313378,0.3167426027048031,0.31928515302096555,174451200
2004-01-02,0.3182384967803955,0.3252673965773621,0.3167427812066227,0.3222759404712734,144642400
2004-01-05,0.33154842257499695,0.3348380085677506,0.3203321777743602,0.3203321777743602,395018400
2004-01-06,0.33035165071487427,0.33528687814982405,0.32466943904378953,0.3327443014481789,509348000
2004-01-07,0.3378293514251709,0.3414187385073805,0.32795892380642244,0.33050149991750244,586874400
2004-01-08,0.34934455156326294,0.35487773456615995,0.338726291142322,0.3415678206530454,460303200
2004-01-09,0.3439605236053467,0.3608598272423877,0.3408200152906416,0.3474000102883282,427459200
2004-01-12,0.35487785935401917,0.35891527861563777,0.34545630758305584,0.34769990619638186,487547200
2004-01-13,0.3607099652290344,0.3714773058100973,0.35682157379889246,0.36938363337400293,679016800
2004-01-14,0.36190661787986755,0.36699089676555025,0.3556256020395604,0.3648972248187812,620043200
2004-01-15,0.34171780943870544,0.3499425981301609,0.33648362837179185,0.34261474463648184,1018208800
2004-01-16,0.3397732377052307,0.3445593633175781,0.3381284445804918,0.3423157897212893,372820000
2004-01-20,0.33992311358451843,0.3409699497922757,0.33274431255452525,0.33902535475961254,315946400
2004-01-21,0.3381284475326538,0.3435125300315486,0.3354368180992152,0.3394742622493731,226660000
2004-01-22,0.3316974639892578,0.34141881648504585,0.3316974639892578,0.3373805491873154,205004800
2004-01-23,0.3373805582523346,0.3400721874351966,0.3327443090984634,0.33528688585856614,227169600
2004-01-26,0.3441103398799896,0.34485819743248053,0.33543667480809375,0.3358847304342557,271269600
2004-01-27,0.34500735998153687,0.3476998375204202,0.3409699165588278,0.34455930424470416,307070400
2004-01-28,0.3367825150489807,0.349643524506161,0.3351377224850365,0.3415678153977619,275402400
2004-01-29,0.3391752243041992,0.34096991815554173,0.33184737152981003,0.33842736656348377,212699200
2004-01-30,0.3373805582523346,0.34201678244766215,0.33528688585856614,0.3387263728437656,185298400
2004-02-02,0.3337911069393158,0.34111895892753474,0.33020254325350373,0.3358847789359498,287431200
2004-02-03,0.3328941762447357,0.33498784826853273,0.32900578558031696,0.33349213292816476,180812800
2004-02-04,0.32586535811424255,0.3303516816127865,0.32451954342787925,0.3290058669264232,305552800
2004-02-05,0.33528682589530945,0.3426146779629737,0.32616425519085035,0.3263141811358249,352844800
2004-02-06,0.3396241068840027,0.3423157358705122,0.3349878830268845,0.33573574077466617,193340000
2004-02-09,0.33902525901794434,0.3418667884411081,0.3364835315397173,0.33827822505075317,188260800
2004-02-10,0.3436615765094757,0.3457552489097984,0.33558586530366763,0.3382783181268993,255343200
2004-02-11,0.3559246361255646,0.3569714722629351,0.3447083920334963,0.3453063487885954,348544000
2004-02-12,0.35487785935401917,0.35876622617641796,0.35293408775883567,0.3530831401980554,183988000
2004-02-13,0.3439605236053467,0.3604109478740388,0.34141879565906297,0.3566724828227809,315980000
2004-02-17,0.346353143453598,0.35128834517195934,0.34545620842834845,0.34545620842834845,170956800
2004-02-18,0.34784892201423645,0.35054055121097305,0.3447084134073954,0.3466530084298847,141635200
2004-02-19,0.3360345661640167,0.353531818832818,0.3351376314541464,0.3488955721278596,323080800
2004-02-20,0.3349878489971161,0.33663264169602103,0.33214631929695493,0.3364835643407372,277603200
2004-02-23,0.33184733986854553,0.33588478292495244,0.3273610174841619,0.33409091287663456,194079200
2004-02-24,0.3343900144100189,0.3400722522533304,0.3290059064275936,0.3310996041789667,259056000
2004-02-25,0.3411189317703247,0.3424655696310533,0.332146287822449,0.33319312373742516,276276000
2004-02-26,0.34455934166908264,0.346653014107937,0.3409699535933442,0.3421658671972846,198408000
2004-02-27,0.357719361782074,0.35921507743450964,0.34321270698523126,0.3433626080032617,468837600
2004-03-01,0.3592149317264557,0.3634022749491933,0.35697135915786066,0.3604108448577332,321680800
2004-03-02,0.3560745418071747,0.36041096378644155,0.35547573645377417,0.3589152232886115,256687200
2004-03-03,0.357719361782074,0.3617568056852897,0.35293406005264044,0.35293406005264044,225131200
2004-03-04,0.37626340985298157,0.377160319986032,0.35756941265031456,0.3578683660556373,660223200
2004-03-05,0.39989182353019714,0.41110806887536155,0.37237507754825894,0.3731229353916317,1540599200
2004-03-08,0.3888254761695862,0.4006396525274879,0.38583404501147833,0.39809710076948157,522872000
2004-03-09,0.4052758514881134,0.40721962259498773,0.3850861146461135,0.38732971269580857,618363200
2004-03-10,0.41394954919815063,0.42082852271462146,0.4028823825800279,0.40437809808600383,1006964000
2004-03-11,0.40602293610572815,0.4193328538307463,0.4051260008815518,0.40781763018605893,595851200
2004-03-12,0.4121548533439636,0.4154444390830963,0.4063227159832229,0.40856546559956197,329224000
2004-03-15,0.3955545425415039,0.4090143602275205,0.3927138360724636,0.4042290588111319,481717600
2004-03-16,0.3861330449581146,0.3979480456075563,0.3797029501466687,0.39705028675723275,605432800
2004-03-17,0.39166688919067383,0.39450759485667763,0.38553495132943916,0.3882265796612746,411432000
2004-03-18,0.3838903307914734,0.3897224693329744,0.3826935684652099,0.3879277750974242,321081600
2004-03-19,0.3867318630218506,0.40288246394703164,0.38194571220394163,0.38224553922974175,408576000
2004-03-22,0.3867318630218506,0.39136726421553303,0.3776093144040064,0.37940400864726054,419031200
2004-03-23,0.37820711731910706,0.3888254030819271,0.3771602813369288,0.387030709450797,385515200
2004-03-24,0.3813476860523224,0.3850861512612198,0.3779081992243084,0.3779081992243084,428215200
2004-03-25,0.4018356204032898,0.40243442585355416,0.38717991191687207,0.39091920136996505,566445600
2004-03-26,0.40437817573547363,0.4091634779152156,0.40243442906851423,0.40378024382956385,419893600
2004-03-29,0.41738900542259216,0.4185849188343775,0.40677071895941264,0.4093132953657361,350728000
2004-03-30,0.4175380766391754,0.4179869559779029,0.40886438504551786,0.4148464478704389,359676800
2004-03-31,0.40437817573547363,0.4184359524330628,0.40303236097442396,0.41753819350433324,390773600
2004-04-01,0.40542495250701904,0.40781760324540756,0.3980970992817375,0.4021353915622493,318332000
2004-04-02,0.4112570583820343,0.41768800090403185,0.40721963996249366,0.4149963719853106,274478400
2004-04-05,0.42352014780044556,0.42426800554651256,0.41036015763892747,0.4109581143830295,385672000
2004-04-06,0.4161922335624695,0.42097835770470704,0.41021017114995256,0.4143975399631001,257992000
2004-04-07,0.4084162414073944,0.41424837667154285,0.4025832575531265,0.4129025626591691,255119200
2004-04-08,0.41170594096183777,0.4187348148845079,0.406770714158367,0.4169401211561861,240917600
2004-04-12,0.4193328022956848,0.4202305610415067,0.411108014372953,0.4112570667841303,230540800
2004-04-13,0.40273329615592957,0.41918374537331626,0.40138748168355703,0.41843586267859717,436396800
2004-04-14,0.3983961045742035,0.40482704802739305,0.3934609017540305,0.3998918202486752,639732800
2004-04-15,0.438175767660141,0.4423631113127393,0.42112743969477284,0.4309978421992454,1761446400
2004-04-16,0.4363812506198883,0.4383258208219192,0.4262126899030409,0.43593319480991216,402931200
2004-04-19,0.423969030380249,0.42995104345144264,0.4161922736198705,0.42052954383031516,712353600
2004-04-20,0.4146973192691803,0.4248658763905349,0.41215476817298546,0.42187529460132833,354519200
2004-04-21,0.4146973192691803,0.42052948038325827,0.40931323876518755,0.41275272479619163,325875200
2004-04-22,0.41544437408447266,0.42142641151192434,0.40542486884162393,0.4121547888600142,344584800
2004-04-23,0.41424840688705444,0.41873472846606397,0.4045279061939261,0.41424840688705444,315828800
2004-04-26,0.4057239294052124,0.4133507859493337,0.40378018303092983,0.41245385078770364,231128800
2004-04-27,0.4028823971748352,0.4103601763022602,0.3991439319063524,0.40736956881385716,283864000
2004-04-28,0.3955545425415039,0.4039292318361406,0.39390974961060404,0.4010885503256431,231168000
2004-04-29,0.40034064650535583,0.4037801581527763,0.3885264709629038,0.39555452170912125,460790400
2004-04-30,0.38553503155708313,0.4031821925740328,0.3811986098569281,0.3994428790079508,466502400
2004-05-03,0.3898722231388092,0.39376058857546586,0.384937021762735,0.3888253871993916,297634400
2004-05-04,0.3909190595149994,0.3970501741819793,0.381347610114633,0.3883765083359334,279983200
2004-05-05,0.3985459804534912,0.40004172099215385,0.3882266960353656,0.3918160839748812,238106400
2004-05-06,0.3974992036819458,0.4000417807803069,0.38732981875474,0.3948075741409959,263558400
2004-05-07,0.3988448977470398,0.4123038899691925,0.3970502040521978,0.3970502040521978,419036800
2004-05-10,0.39301273226737976,0.3977980326830323,0.38792762989797547,0.39286283129050387,249978400
2004-05-11,0.40587374567985535,0.40662160326172103,0.39480740522578195,0.39480740522578195,305172000
2004-05-12,0.4082663655281067,0.40886429713810307,0.3924139024504073,0.4006395116100737,245420000
2004-05-13,0.4066217839717865,0.41454759532488017,0.4022845125635466,0.40527596917900305,229852000
2004-05-14,0.4046770930290222,0.4085654842831674,0.3955545458800942,0.4075186231539592,257801600
2004-05-17,0.3983961045742035,0.40467712204860934,0.39420875959126633,0.3992938634316783,300445600
2004-05-18,0.4046770930290222,0.4081165799280764,0.4007887267334201,0.40333127847129846,206063200
2004-05-19,0.3958543539047241,0.4112570946794036,0.3951064961097715,0.40976222767997456,375592000
2004-05-20,0.3994428515434265,0.4037801215357564,0.3958542878115189,0.3982469381767224,196296800
2004-05-21,0.40542495250701904,0.40677076707036736,0.3997418922333939,0.4022844439818984,179894400
2004-05-24,0.4088643789291382,0.4172390920489678,0.40542489252457997,0.40811652125305126,235603200
2004-05-25,0.42486587166786194,0.4263615868409639,0.4081164723920341,0.4112569800765262,319978400
2004-05-26,0.42636170983314514,0.4304000021976388,0.41873487806094506,0.42367008065047235,322168000
2004-05-27,0.4212774634361267,0.42770753317123616,0.4160432573864888,0.4256138607347987,235972800
2004-05-28,0.4196317195892334,0.42277225262408097,0.41574420242341587,0.4199315714836994,145717600
2004-06-01,0.4196317195892334,0.4217253916401054,0.41290267269268877,0.4155943014347224,182134400
2004-06-02,0.43249356746673584,0.43623200696169984,0.4157441675078887,0.41918367859945593,318712800
2004-06-03,0.4247168302536011,0.43354037195979095,0.4230720127412079,0.429502130573032,250930400
2004-06-04,0.4304000437259674,0.43742807079674995,0.426361750971828,0.42710960884627197,399112000
2004-06-07,0.4458027482032776,0.4483453251345221,0.43084808700429167,0.4342875742210043,295876000
2004-06-08,0.45387837290763855,0.45522418725762515,0.44610249010716685,0.44849511550769205,415620800
2004-06-09,0.4516356289386749,0.4592624590129036,0.4486441484784455,0.44998996277016146,349204800
2004-06-10,0.4597114324569702,0.4631509195672384,0.45163574594133377,0.45163574594133377,257577600
2004-06-14,0.4504389464855194,0.45881363567267475,0.4411673471148126,0.45836478124421887,243986400
2004-06-15,0.4589635729789734,0.4656926461566463,0.4525326545736772,0.45671999949843717,444634400
2004-06-16,0.48962077498435974,0.4982944668323402,0.4565708752492022,0.458514646387658,909641600
2004-06-17,0.49066755175590515,0.4954528524017245,0.48169490713704877,0.48692911206188394,551320000
2004-06-18,0.4921633005142212,0.4996402295690916,0.4849844762369061,0.4884239624379569,406252000
2004-06-21,0.4834888279438019,0.5009860633308272,0.48034834459266873,0.49530385203748156,390213600
2004-06-22,0.49350911378860474,0.49485487815338053,0.48289080333197476,0.4830407043107367,360511200
2004-06-23,0.5039774775505066,0.5059212485001062,0.49186345173228163,0.4935091179024511,390868800
2004-06-24,0.4962008595466614,0.5039776430799054,0.4932102766085496,0.5011361125804644,252515200
2004-06-25,0.5039774775505066,0.5039774775505066,0.4935091179024511,0.4945559289087185,323428000
2004-06-28,0.4858821928501129,0.5113052569348988,0.48169484937916157,0.5111553559687868,521096800
2004-06-29,0.4860313832759857,0.4933592107203823,0.46973086074449666,0.47960126461060837,590553600
2004-06-30,0.4866291582584381,0.49306007319554196,0.47690865901564866,0.4869289601330674,373044000
2004-07-01,0.4830409288406372,0.48573255865547954,0.47705891360787706,0.48004949692891524,341941600
2004-07-02,0.46479588747024536,0.46629160361168326,0.4446070140897797,0.45582323788609097,910683200
2004-07-06,0.46285176277160645,0.4698797863326383,0.46060819026870053,0.467637062419875,348980800
2004-07-07,0.45447707176208496,0.4689828715062285,0.45058868201862645,0.4613560428876293,397992000
2004-07-08,0.45073801279067993,0.4588136997667291,0.4478964324121546,0.4505889104369109,233380000
2004-07-09,0.4490930736064911,0.4561219473513038,0.4490930736064911,0.45268246097230946,208863200
2004-07-12,0.4357830882072449,0.44924287606103536,0.4326425559003753,0.44894307415314283,511621600
2004-07-13,0.43697991967201233,0.44266218069939,0.43398848882667,0.4374279753933411,316176000
2004-07-14,0.44236311316490173,0.44819612293088706,0.4298010821545098,0.4315958006333487,835800000
2004-07-15,0.49246230721473694,0.5029306679306603,0.48019922775585144,0.48842401533328733,1767724000
2004-07-16,0.48154520988464355,0.4923125776676137,0.4803484973595332,0.49051785829963934,488381600
2004-07-19,0.4781056046485901,0.4818440949228648,0.4734694054911932,0.4787035614274447,533170400
2004-07-20,0.48154520988464355,0.48154520988464355,0.47182470349637656,0.4778067686089662,323747200
2004-07-21,0.4728713929653168,0.4891718655483423,0.4686839988260483,0.48483546892351925,301257600
2004-07-22,0.47376832365989685,0.47451618139376606,0.46449667479148116,0.4673382546445208,334118400
2004-07-23,0.45911258459091187,0.47481509999698474,0.4558229991612627,0.4715255644844146,273571200
2004-07-26,0.46748730540275574,0.47032883532867803,0.46030932876177594,0.46135618981766424,393932000
2004-07-27,0.4849843978881836,0.48976969760078076,0.47212341509935013,0.4755629007447556,425006400
2004-07-28,0.482591837644577,0.48468550950328576,0.46599236374984204,0.48318979428085657,285051200
2004-07-29,0.4881248474121094,0.4908164750899048,0.4804980199040356,0.48558227207372834,222157600
2004-07-30,0.4836386442184448,0.4935090967030475,0.4785543905513683,0.48827489214532455,243023200
2004-08-02,0.4722733795642853,0.4815449769996809,0.4655434597331508,0.46629131734474283,365092000
2004-08-03,0.467936247587204,0.47436721629371353,0.4658425749997681,0.4703289235553886,211629600
2004-08-04,0.47541409730911255,0.4803485024052516,0.4661416467017045,0.46644060020917805,276488800
2004-08-05,0.46943196654319763,0.48304081204903104,0.46733829416406275,0.4757129836806024,244501600
2004-08-06,0.4453546702861786,0.46509463019130864,0.4441579082305073,0.4621040478548197,492290400
2004-08-09,0.45313072204589844,0.45537429607436003,0.4458028416794099,0.4464016472248517,290847200
2004-08-10,0.4713757038116455,0.4716747071726802,0.4538784663942773,0.4544772717897651,351036000
2004-08-11,0.46374884247779846,0.4655435613696296,0.4525326231186791,0.4650946570197871,322392000
2004-08-12,0.45417746901512146,0.46135624519104107,0.4528316543901269,0.4553741812965509,226200800
2004-08-13,0.4612064063549042,0.4677863780234379,0.45462638476927514,0.4576178164565401,328048000
2004-08-16,0.46030938625335693,0.4743671865568472,0.45821571379716797,0.4635989723233878,435674400
2004-08-17,0.4616551697254181,0.4655435609304322,0.45387843723247523,0.45731792408807037,323019200
2004-08-18,0.4746660888195038,0.4763109066357063,0.4559720911567416,0.45627109448650555,364655200
2004-08-19,0.4592626690864563,0.47646095663960447,0.4540284619149536,0.47122674946810184,388920000
2004-08-20,0.4606083333492279,0.4634498632829405,0.45597208462347844,0.4592625188820725,316780800
2004-08-23,0.46479588747024536,0.4676374186860828,0.4576179075708165,0.46150545172697666,254660000
2004-08-24,0.47780677676200867,0.47780677676200867,0.46644060326864833,0.4674874646812146,374136000
2004-08-25,0.49425700306892395,0.49575186983497277,0.4745161460692371,0.47660981811546493,505618400
2004-08-26,0.5183343291282654,0.5261102131216571,0.48962082323380934,0.49410712134074547,955858400
2004-08-27,0.5136979222297668,0.5198290363543137,0.5084637180313745,0.5186331231747272,388813600
2004-08-30,0.5102587342262268,0.5192313828370779,0.5078660578802597,0.5084640148190773,218142400
2004-08-31,0.5157915949821472,0.5226705666738583,0.5084637190728032,0.5095105798814541,376560800
2004-09-01,0.536279559135437,0.5382241289130792,0.5113053450546456,0.5129501627654756,515726400
2004-09-02,0.533288836479187,0.5355316105133617,0.5208758584104957,0.5308962113955888,406324800
2004-09-03,0.5268582105636597,0.5371775225769663,0.5235686238052033,0.5235686238052033,293468000
2004-09-07,0.534783661365509,0.5412145764532289,0.5268578300687182,0.5294004056004813,301957600
2004-09-08,0.5436072945594788,0.5468977280978256,0.5335878400753618,0.5338867934183205,343526400
2004-09-09,0.5338869094848633,0.5428595550070877,0.5276058928929334,0.539868972668842,461339200
2004-09-10,0.5364292860031128,0.5418125418565991,0.5302973241062078,0.5332887539195282,328014400
2004-09-13,0.5322420597076416,0.5394199853359314,0.5282037683432277,0.5365784558437278,281976800
2004-09-14,0.5307465195655823,0.5316434298643856,0.5201282057938136,0.5270080289200695,254822400
2004-09-15,0.5264092087745667,0.5305966037062378,0.5204280432125283,0.5288027332416907,232668800
2004-09-16,0.5436072945594788,0.549739257409552,0.5246151965037824,0.5264090163956788,501916800
2004-09-17,0.555421769618988,0.559011158130507,0.5443553993621119,0.5465990230069203,502308800
2004-09-20,0.5639460682868958,0.5679835105396498,0.5513840386583759,0.5515330910249637,245000000
2004-09-21,0.5684324502944946,0.5812934850973274,0.5602076635954791,0.5645441097407101,386652000
2004-09-22,0.5521319508552551,0.5703761919508067,0.5504862847774635,0.569778235327843,401688000
2004-09-23,0.5573662519454956,0.5608057388792655,0.5522811484184134,0.5539267650117257,397404000
2004-09-24,0.5576650500297546,0.5682824603545599,0.5555713784379271,0.5600576749430769,369488000
2004-09-27,0.5612546801567078,0.5679837534558655,0.5507863176558149,0.5525801381971787,397516000
2004-09-28,0.5688814520835876,0.5726198922989669,0.5600578586279708,0.5602077596329617,353186400
2004-09-29,0.5784520506858826,0.5811445282922618,0.5655910137677266,0.5672358316102488,273509600
2004-09-30,0.5794988870620728,0.5872756696210996,0.5750125889216274,0.5832382259215877,425012000
2004-10-01,0.5783029794692993,0.5860788629297662,0.5769571650050838,0.5850320517903772,465404800
2004-10-04,0.5800976753234863,0.5859298377755316,0.579498869972658,0.5859298377755316,574084000
2004-10-05,0.5887712836265564,0.5932575809930508,0.5742646320642332,0.5766572574369265,406162400
2004-10-06,0.6077635288238525,0.6095581978020378,0.5902662425635591,0.590715146914262,446303200
2004-10-07,0.5925096869468689,0.6121006412645231,0.5901170617211094,0.6062684800047791,426148800
2004-10-08,0.5841350555419922,0.594753316862498,0.5808446214944499,0.591612833721822,359228800
2004-10-11,0.577106237411499,0.5841351119742882,0.5712740750286411,0.5802467707726561,323870400
2004-10-12,0.572619616985321,0.5769569103790387,0.5630482202875217,0.5757601488516549,460191200
2004-10-13,0.5944538712501526,0.5946037723298031,0.5793501020268997,0.5812938742685224,1163008000
2004-10-14,0.6726672649383545,0.6841824350783413,0.6363269362045244,0.645898385398806,2768427200
2004-10-15,0.6804441213607788,0.6820888892539713,0.6608532136134849,0.6711724724002491,1031128000
2004-10-18,0.7140927910804749,0.7140927910804749,0.6684800103474744,0.6684800103474744,1200752000
2004-10-19,0.7091577053070068,0.7230655546879848,0.7075120387214829,0.7193270642349326,801992800
2004-10-20,0.7099054455757141,0.7118492166940295,0.6976423663033616,0.705568150442935,605108000
2004-10-21,0.7169336080551147,0.7197751384110348,0.7082599146391222,0.7100546336978266,724505600
2004-10-22,0.7090076804161072,0.7128960212905712,0.703175518523972,0.7109522501899803,483067200
2004-10-25,0.7111012935638428,0.7154385383804696,0.7039233178690909,0.7058670888085591,392644000
2004-10-26,0.7173823714256287,0.7185790835092726,0.7024276634148277,0.7096055898139156,594361600
2004-10-27,0.7522267699241638,0.7570129183411263,0.7203736398895325,0.7254578930430056,1193494400
2004-10-28,0.7804914712905884,0.7809403755557096,0.7402636491031818,0.747441574891199,864264800
2004-10-29,0.7836321592330933,0.7955962364771123,0.7746595131160381,0.7752574698886635,810219200
2004-11-01,0.7843800187110901,0.7964931983170447,0.7782489026986245,0.7851278764944483,602050400
2004-11-02,0.8000823855400085,0.8087560261553589,0.7836319643695976,0.7836319643695976,729988000
2004-11-03,0.8271515369415283,0.8391147694205453,0.8074106708961215,0.8130937828661817,1204173600
2004-11-04,0.814289391040802,0.8307398163937679,0.8130935274059581,0.8229639323689963,928625600
2004-11-05,0.8183279037475586,0.8225152495710932,0.7782491149969117,0.8204215766593259,1205047200
2004-11-08,0.8132426738739014,0.8292450453114689,0.8054667390327859,0.8115978557752758,526920800
2004-11-09,0.8083083033561707,0.815785234667662,0.7982879465063188,0.8109999327377474,475764800
2004-11-10,0.8187764883041382,0.8283470900857531,0.8062144557419014,0.8068123625282165,508676000
2004-11-11,0.8270012736320496,0.8289450447291651,0.8109997546173209,0.8217670684522516,407299200
2004-11-12,0.8299918174743652,0.8328333471249043,0.820122262780032,0.8226639904616445,395701600
2004-11-15,0.8261044025421143,0.8293939883885254,0.8126446098776049,0.8255056471024744,376045600
2004-11-16,0.8216171860694885,0.8255055769421477,0.8147382129462692,0.8249076202266954,295103200
2004-11-17,0.8210192322731018,0.8292448684416339,0.8108498249565191,0.82535647755515,397751200
2004-11-18,0.8283470273017883,0.829244785920659,0.8118966051921447,0.8120465061725433,459149600
2004-11-19,0.8250573873519897,0.8510784087927421,0.8150370341018164,0.829842687562849,765279200
2004-11-22,0.9174784421920776,0.9571083244684466,0.8658844300678914,0.9242075663921148,2568210400
2004-11-23,0.9162817001342773,0.9339287910902975,0.912992063703263,0.9316852173136538,911450400
2004-11-24,0.9578558206558228,0.9750541509824128,0.9204687276752787,0.9225623497737347,1390788000
2004-11-26,0.9653339385986328,0.9834291853605547,0.9621934544279445,0.9772972694674992,550144000
2004-11-29,1.023507833480835,1.0404062648559866,1.008104219185293,1.0311346651643176,1712916800
2004-11-30,1.0027203559875488,1.0287421383355209,1.0027203559875488,1.0287421383355209,1028518400
2004-12-01,1.0137869119644165,1.0161795368987465,0.9910554775762229,1.0137869119644165,800553600
2004-12-02,0.9752035737037659,1.0004775983910221,0.966978833421593,0.9889623230571348,987442400
2004-12-03,0.9373680353164673,0.972062803738924,0.9234602375984277,0.965033879504766,1238848800
2004-12-06,0.9837280511856079,0.990607025373662,0.9414056476877096,0.9608466566358451,1247920800
2004-12-07,0.9405089616775513,0.997935091960458,0.9355737577548351,0.9859709612387217,1056899200
2004-12-08,0.946340799331665,0.9635390325465241,0.9279466525653582,0.9433501668625801,691902400
2004-12-09,0.9569587111473083,0.9630898249299261,0.928245215678169,0.9393115301305134,741501600
2004-12-10,0.9743064045906067,0.9877653482840217,0.9675764834901431,0.9725116857520932,775773600
2004-12-13,0.970717191696167,0.985522801910455,0.9660809916938655,0.9813354564315142,395040800
2004-12-14,0.9764000773429871,0.9852237210707814,0.9723617850380271,0.9780449451802311,415721600
2004-12-15,0.9759507179260254,0.978942147543245,0.9669781262544322,0.9756517147320736,398361600
2004-12-16,0.9959909915924072,1.0094499353763957,0.9877653549312977,0.9892610704466539,1126115200
2004-12-17,0.9719141125679016,1.0025712992422542,0.9705682476867891,0.9995798672047451,783496000
2004-12-20,0.9379661083221436,0.9870175323394531,0.9236093553475926,0.9790916974045435,1168126400
2004-12-21,0.9524714350700378,0.953668146691412,0.9212162666363002,0.9505276647131384,1064414400
2004-12-22,0.9533700346946716,0.9624925848403484,0.9481358271633707,0.9520241697777465,565829600
2004-12-23,0.9572578072547913,0.9608463456147018,0.9511258942041844,0.9533694669559515,245929600
2004-12-27,0.9445458054542542,0.9743061639217029,0.9403584619792889,0.9690719596194605,559490400
2004-12-28,0.9597995281219482,0.9608463890189256,0.9279464442205937,0.9466395901362755,611755200
2004-12-29,0.9636880159378052,0.9717637005641616,0.9506779283699313,0.9542664670688519,449562400
2004-12-30,0.9690721035003662,0.9725115899180892,0.9603984120032635,0.9692211558985335,345340800
2004-12-31,0.9630904197692871,0.9720631181013817,0.9575573090427342,0.970418349698012,278588800
2005-01-03,0.9464911222457886,0.9737088235361511,0.9361717589576634,0.9687736191170034,691992000
2005-01-04,0.9562112092971802,0.9790917042236,0.9417046051290484,0.9539676359285852,1096810400
2005-01-05,0.9645858407020569,0.975802109523525,0.9578559196745089,0.9639870353687547,680433600
2005-01-06,0.9653339385986328,0.9707171978875624,0.9470888407148557,0.9671278591906505,705555200
2005-01-07,1.0356206893920898,1.041303748488432,0.968324184783578,0.9720626742694053,2227450400
2005-01-10,1.0312844514846802,1.057305528330299,1.015132980410012,1.0442945406537372,1725309600
2005-01-11,0.9654827117919922,1.0341250881720314,0.9592017452673139,1.0206661451690204,2611627200
2005-01-12,0.9789429306983948,0.9855229030776275,0.9466400773265274,0.9787930795621126,1919702400
2005-01-13,1.0438462495803833,1.112937467767392,1.042799488573114,1.102319207970334,3164716800
2005-01-14,1.049828052520752,1.0725595002828021,1.0347242368378433,1.050575910483199,1770742400
2005-01-18,1.056557297706604,1.0573051551892858,1.0131880529296473,1.0445931753298094,1006460000
2005-01-19,1.0450422763824463,1.0686706249835867,1.0430985053737076,1.0541648220149835,751895200
2005-01-20,1.0537164211273193,1.065830402610388,1.0389116084914407,1.041603238317839,914922400
2005-01-21,1.0541651248931885,1.070764654541486,1.0468372957697394,1.0664282569146992,911332800
2005-01-24,1.0582025051116943,1.073456967154331,1.055062021515867,1.0614929396361206,841629600
2005-01-25,1.0774941444396973,1.0893083173947637,1.0608946214512078,1.0673247390101486,969231200
2005-01-26,1.0804855823516846,1.087962460965148,1.0650819724678702,1.086616696691992,739496800
2005-01-27,1.086317777633667,1.0905051214974906,1.0700172565286044,1.079139003220393,496227200
2005-01-28,1.1063567399978638,1.1063567399978638,1.0833262998342457,1.086018726979133,801612000
2005-01-31,1.1500251293182373,1.1648307361889136,1.1142835984544326,1.1153304595462985,1681097600
2005-02-01,1.159446120262146,1.1630354563943903,1.1452392257526747,1.1522681468365004,678395200
2005-02-02,1.1908519268035889,1.1950392717356637,1.1618394158082985,1.165727757376962,1020062400
2005-02-03,1.1636338233947754,1.1878609762470487,1.1564558477446207,1.182925774807672,731651200
2005-02-04,1.1790378093719482,1.1803836741088434,1.1594469466184507,1.1645320011673534,563556000
2005-02-07,1.1805332899093628,1.186664405377167,1.158998561725058,1.1803833389961582,524456800
2005-02-08,1.2098444700241089,1.2170224451628933,1.1782893928743399,1.1824768362215514,890019200
2005-02-09,1.177541971206665,1.22614544366301,1.1679713674234509,1.2119385405036684,1191456000
2005-02-10,1.171859860420227,1.1856178098708936,1.1464367855518551,1.1772431193767379,1093019200
2005-02-11,1.2144807577133179,1.2227055942974883,1.180533152784249,1.194291097555644,1201054400
2005-02-14,1.2656258344650269,1.2680184596321202,1.227042732004171,1.237211339047244,1271463200
2005-02-15,1.3221551179885864,1.3321745735331645,1.2861137903308386,1.2959841934832719,2312217600
2005-02-16,1.3478773832321167,1.3489241444898832,1.306302841397191,1.3182669681621622,1639243200
2005-02-17,1.31318199634552,1.3590929135467147,1.3077979421637902,1.3556534283868973,1518473600
2005-02-18,1.2982275485992432,1.3139300607340383,1.2898528621494676,1.3121354422801703,1163254400
2005-02-22,1.2754966020584106,1.3205106338192187,1.2754966020584106,1.2906004146483685,1219293600
2005-02-23,1.3194634914398193,1.3227530268242276,1.2793846708567473,1.296881105569781,1345181600
2005-02-24,1.3299322128295898,1.3356144751483203,1.311986119533164,1.3232023904056107,1519028000
2005-02-25,1.3308284282684326,1.34458716811909,1.3188643066591654,1.3402499743674794,915510400
2005-02-28,1.3417463302612305,1.3501210197205058,1.3148275429504557,1.3363621734623825,651610400
2005-03-01,1.330978512763977,1.3492228030771685,1.3208091074463635,1.3456342648037853,468188000
2005-03-02,1.3196125030517578,1.342642943894607,1.3184165897542746,1.3235008435735354,458161200
2005-03-03,1.2499234676361084,1.3282863999415297,1.2328751863246714,1.3270904864585782,1411653600
2005-03-04,1.2804319858551025,1.286413151994768,1.2517184748844725,1.2789362700248799,756618800
2005-03-07,1.2786368131637573,1.293591570141791,1.2666727879461908,1.2801317297902965,450632000
2005-03-08,1.2122372388839722,1.2609897515070134,1.1993762035575044,1.253213768921911,1021451200
2005-03-09,1.1769437789916992,1.2047594719878407,1.1613911148395635,1.185617470388186,1322465200
2005-03-10,1.1913005113601685,1.2041615466059312,1.1694667815563407,1.1823278168021034,777109200
2005-03-11,1.2044603824615479,1.214031881746947,1.1904035344904318,1.2026657637833416,632830800
2005-03-14,1.205956220626831,1.2200139673745438,1.182028869633151,1.2119381831679408,605385200
2005-03-15,1.2250981330871582,1.2304821885058592,1.2038624121876236,1.2155275328143271,508608800
2005-03-16,1.2316784858703613,1.2654762478928867,1.2197152567566663,1.2325762946128358,697813200
2005-03-17,1.2636821269989014,1.282525224186005,1.23586553689247,1.2421466025662218,801920000
2005-03-18,1.284917950630188,1.2992747018244926,1.2711591062193466,1.295984267749328,940150400
2005-03-21,1.3070505857467651,1.315126270778258,1.2819265207252493,1.2947875565450195,541128000
2005-03-22,1.2810297012329102,1.3148274602942827,1.2765433534363493,1.3073496815177903,551415200
2005-03-23,1.2726550102233887,1.2980780823048002,1.256802541296405,1.269663579013674,609823200
2005-03-24,1.2711596488952637,1.2861144130915902,1.2711596488952637,1.283422783158233,352704800
2005-03-28,1.2720565795898438,1.284917612011662,1.2702618613708239,1.2786365474986934,275410800
2005-03-29,1.248726725578308,1.2810296667886583,1.2412498455103569,1.2729538815689885,461356000
2005-03-30,1.2801320552825928,1.2801320552825928,1.250820640292101,1.2582984200190699,394959600
2005-03-31,1.2463338375091553,1.2717569015998633,1.243941212431116,1.2696631799468283,636134800
2005-04-01,1.2230048179626465,1.2615887309969065,1.2134342145083168,1.2588963030559497,641284000
2005-04-04,1.2289866209030151,1.235566690164119,1.2011709280269807,1.225996088742245,580014400
2005-04-05,1.2529137134552002,1.2633821212783598,1.228986366267723,1.2328748060272476,556239600
2005-04-06,1.2660750150680542,1.2804317681119388,1.2606909581326224,1.2681687373385877,414825600
2005-04-07,1.3028634786605835,1.3085465392491729,1.263682457287577,1.2660750832000256,506987600
2005-04-08,1.308247447013855,1.3294831735958428,1.3022653834682167,1.3070507348022133,649950000
2005-04-11,1.2538115978240967,1.323500720784695,1.2535125945689283,1.3205101890623019,821662800
2005-04-12,1.2759445905685425,1.2917970588054382,1.2565035830794664,1.2708603357766162,981061200
2005-04-13,1.2274909019470215,1.2858148147303343,1.2080498971883862,1.2846189013720246,1371946800
2005-04-14,1.114432454109192,1.1832247731792351,1.1018704227271987,1.160792239125312,2753192400
2005-04-15,1.0573055744171143,1.1141336807275848,1.055211852171002,1.0952906796834332,1728087200
2005-04-18,1.0653809309005737,1.085719741047166,1.0169274290571808,1.0468368391011993,1327177600
2005-04-19,1.1093482971191406,1.119816607600661,1.0728580132488217,1.0946925426440204,1081642800
2005-04-20,1.0620906352996826,1.1287892343474764,1.0599970132635153,1.126396609021131,945131600
2005-04-21,1.1120400428771973,1.1129377517354686,1.073755934798532,1.0887105943208597,759592400
2005-04-22,1.0617916584014893,1.1066566289956272,1.043846369002927,1.1018704797165886,839129200
2005-04-25,1.1060577630996704,1.1072544750636066,1.0800367904038934,1.0914020099489397,746460400
2005-04-26,1.08242928981781,1.1219100977836385,1.0803355682536238,1.1000755728999818,810507600
2005-04-27,1.0752516984939575,1.0875139308298563,1.0620908587520095,1.073456979536225,613888800
2005-04-28,1.062988519668579,1.0869158728145103,1.0540150259619192,1.0854201574178526,575106000
2005-04-29,1.0785410404205322,1.0836260927205106,1.053416878709327,1.0812326688697265,671630400
2005-05-02,1.0896074771881104,1.0961882454160166,1.0773452468323477,1.0830274077993138,465920000
2005-05-03,1.0830273628234863,1.0988798285300316,1.077644105550718,1.088710422061874,496739600
2005-05-04,1.1111429929733276,1.1126378098154908,1.0797378625058334,1.0800368658079291,448176400
2005-05-05,1.0970849990844727,1.1147313829281347,1.0908040337301153,1.1141333764037904,387366000
2005-05-06,1.1138345003128052,1.1165261287432817,1.100375459653102,1.1033660913530892,326247600
2005-05-09,1.1057589054107666,1.1201156571705921,1.0991789355086878,1.115031402710607,355695200
2005-05-10,1.0893083810806274,1.1141334403285412,1.0866167525617767,1.0991787838253975,440263600
2005-05-11,1.0650818347930908,1.0668765529838413,0.9903075674459698,1.0528188090244623,2041981200
2005-05-12,1.0208163261413574,1.0644835991666248,1.0169278844542413,1.0593993436067966,970242000
2005-05-13,1.0399583578109741,1.053716307558308,1.019021631124119,1.0229099730691378,702713200
2005-05-16,1.0632874965667725,1.0677738443932452,1.0327793729387482,1.0336770817743806,474294800
2005-05-17,1.0576043128967285,1.060595743546788,1.0330782554631814,1.0510243435096385,588344400
2005-05-18,1.0719611644744873,1.1234061092366603,1.0465380947554057,1.0602960414194826,636722800
2005-05-19,1.123106598854065,1.126994940937291,1.0701667235534342,1.0701667235534342,793161600
2005-05-20,1.123106598854065,1.1260980305625425,1.1123392816526656,1.114133901075693,452650800
2005-05-23,1.1892069578170776,1.1933943023932791,1.1320798492794435,1.1320798492794435,1042574400
2005-05-24,1.1874127388000488,1.1960863343782455,1.1673737180214763,1.179935755981984,593460000
2005-05-25,1.1898051500320435,1.194890204254398,1.1760472006401865,1.1814304595736862,396006800
2005-05-26,1.2185182571411133,1.22450021970691,1.194590906048688,1.194590906048688,525520800
2005-05-27,1.2131339311599731,1.2200138011247714,1.1966843600452364,1.2155274546229777,316008000
2005-05-31,1.1892069578170776,1.2185184696846574,1.18382290104969,1.2161257441414721,404205200
2005-06-01,1.2053583860397339,1.219116332792623,1.1921975474338973,1.193095356089046,453812800
2005-06-02,1.1975815296173096,1.2059563177832286,1.1844215903364306,1.1978805329260098,373973600
2005-06-03,1.1437437534332275,1.1539131585996993,1.1296869066267368,1.141351128395484,956869200
2005-06-06,1.134173035621643,1.1554087536766533,1.1234057248996792,1.146436161131902,811966400
2005-06-07,1.092897653579712,1.1284901233033944,1.0902060252201988,1.124601783058362,745264800
2005-06-08,1.1042630672454834,1.1141334702553831,1.0937947574950175,1.0955893762240903,404006400
2005-06-09,1.1260981559753418,1.1347718513167175,1.101273083696334,1.106657142233418,390255600
2005-06-10,1.0710641145706177,1.118619813546197,1.0623896249059634,1.118619813546197,678932800
2005-06-13,1.073756217956543,1.094991949895866,1.0713635916030202,1.073457214538,435772400
2005-06-14,1.0767461061477661,1.0812324521663674,1.0692691290077703,1.0743533816155701,347846800
2005-06-15,1.1105443239212036,1.1156293773637427,1.0857200584111504,1.1027684400980469,563343200
2005-06-16,1.1359679698944092,1.1389586016985955,1.1012725078320276,1.1123388238821894,547674400
2005-06-17,1.1458377838134766,1.1527175560337233,1.1314810313769663,1.150623933685935,596125600
2005-06-20,1.1249011754989624,1.1392579293946836,1.120115823813472,1.1320799517835376,323716400
2005-06-21,1.1323786973953247,1.1422491007239166,1.1180219467675028,1.1281913533931083,370526800
2005-06-22,1.153016448020935,1.1545113647158138,1.1407534189506294,1.1443427564643853,424925200
2005-06-23,1.1631860733032227,1.1898050597473424,1.1560072970939255,1.161391354292354,674254000
2005-06-24,1.1293870210647583,1.1700646423141066,1.126994395992696,1.1691668338657608,410709600
2005-06-27,1.109647274017334,1.139556589203882,1.0970851420038377,1.1018704926658651,600171600
2005-06-28,1.1159281730651855,1.124302860680995,1.111740829257281,1.1213123286788544,350299600
2005-06-29,1.087814211845398,1.1153310183503309,1.0803364292029218,1.113536298602343,448358400
2005-06-30,1.1009737253189087,1.1114420369083153,1.0860189659528507,1.0949916618378133,418390000
2005-07-01,1.0917013883590698,1.1057591397778648,1.0854204204463211,1.1015717945579706,250000800
2005-07-05,1.1359679698944092,1.1410522236629965,1.0917010085132077,1.0931967237519018,454269200
2005-07-06,1.1183209419250488,1.1413513857426565,1.1126378821327012,1.127892442575581,394626400
2005-07-07,1.1254993677139282,1.1293868086786565,1.100674215037865,1.1009732182400367,383723200
2005-07-08,1.1440428495407104,1.1449406580490469,1.1207135056024737,1.1326775302694956,290735200
2005-07-11,1.139556646347046,1.1560071199441082,1.1299860443772296,1.1476324314045996,388788400
2005-07-12,1.1437437534332275,1.148529902015989,1.133874250028142,1.1434448500132575,387038400
2005-07-13,1.1470341682434082,1.151520514825929,1.1335744296568657,1.1452394499089478,684835200
2005-07-14,1.218817114830017,1.256503307861478,1.2032645518473182,1.2200139266016792,2096060400
2005-07-15,1.2427451610565186,1.243343067674193,1.2101433268491737,1.225396983906193,687682800
2005-07-18,1.2409510612487793,1.259195358661063,1.2373616230714115,1.238558435244474,586297600
2005-07-19,1.291797399520874,1.2929941120361457,1.2283892070300861,1.2418481545833788,671062000
2005-07-20,1.3049569129943848,1.3100420659568708,1.2756455026963869,1.2819265691058968,453395600
2005-07-21,1.2947877645492554,1.3172202043884123,1.283123438930811,1.3070507957210244,404264000
2005-07-22,1.3160245418548584,1.3160245418548584,1.2977794433779886,1.2992751592877934,301106400
2005-07-25,1.3103411197662354,1.3243988687333847,1.3079484941066866,1.3157243777489684,294627200
2005-07-26,1.3049569129943848,1.3193136647401686,1.296881227658111,1.3163231323663807,268592800
2005-07-27,1.3157248497009277,1.318118274892341,1.2762448149759946,1.3109394968311516,283749200
2005-07-28,1.310041904449463,1.3160239668011824,1.295087247740921,1.3115368210324845,251311200
2005-07-29,1.2756457328796387,1.3273896894307702,1.2639815064242375,1.3028635258418766,562080400
2005-08-01,1.2786368131637573,1.2885064176581924,1.2585970035362792,1.2732527572221743,314249600
2005-08-02,1.291797399520874,1.3010690013639774,1.274450009842169,1.2828247012625478,296875600
2005-08-03,1.2926942110061646,1.2953866392496145,1.2792352644829637,1.2917973006520858,258322400
2005-08-04,1.277440071105957,1.286113762061954,1.264878039599619,1.2828241269208869,269304000
2005-08-05,1.2858147621154785,1.2968810783859614,1.2568022586429783,1.2708601052845585,241931200
2005-08-08,1.2756457328796387,1.2935919253855694,1.2744498192168185,1.2861141455064016,176383200
2005-08-09,1.3106404542922974,1.3127340771490792,1.2834226583147836,1.284020565295341,380839200
2005-08-10,1.2974797487258911,1.3276880625327125,1.2953860271033497,1.3160238407374028,360945200
2005-08-11,1.3160245418548584,1.3196130819948886,1.2935920977362223,1.2977794433779886,271983600
2005-08-12,1.3788341283798218,1.3824227667973912,1.2968810719096877,1.2998725024316944,916036800
2005-08-15,1.426090955734253,1.4455319600383987,1.3893025691687704,1.3901994792079955,1086727600
2005-08-16,1.3833205699920654,1.4207077635246315,1.382123857933696,1.4174173294934482,537622400
2005-08-17,1.4102392196655273,1.4189129103711826,1.3869089773685395,1.3878067858711576,499724400
2005-08-18,1.3848155736923218,1.4057522955651578,1.3683659981909733,1.403060666647753,442559600
2005-08-19,1.3707585334777832,1.396779607981696,1.3689638148152568,1.384217475851436,376569200
2005-08-22,1.3719539642333984,1.3982748314553282,1.353709677571212,1.3803286494847535,387732800
2005-08-23,1.3680661916732788,1.3788343046539513,1.3555041585910885,1.3713566259003322,295604400
2005-08-24,1.3689637184143066,1.409341541033485,1.3635796626400254,1.363878665922873,572070800
2005-08-25,1.377637267112732,1.390498300479632,1.3701594902912737,1.3794319854636352,276253600
2005-08-26,1.3680661916732788,1.3860122812458053,1.3567008707206947,1.3794323112991789,261058000
2005-08-29,1.3710575103759766,1.3767405697238482,1.3537101277074677,1.3540091310056122,256295200
2005-08-30,1.3928914070129395,1.3994714775141361,1.3734503985330493,1.3755441208597237,518761600
2005-08-31,1.4024624824523926,1.4066498259987772,1.3839183898410536,1.4015646739858394,402956400
2005-09-01,1.3836196660995483,1.410837454566739,1.378534513059293,1.4057523015264837,356367200
2005-09-02,1.3824230432510376,1.3997712272639082,1.3794324108041853,1.3848156690095257,222378800
2005-09-06,1.4595897197723389,1.4619823451270593,1.3922932131802495,1.3967795604301212,818619200
2005-09-07,1.4560004472732544,1.4775359732741589,1.4332698065516014,1.4670675630003096,963074000
2005-09-08,1.4889014959335327,1.499070904963946,1.469759490017024,1.47604055742274,702640400
2005-09-09,1.5346628427505493,1.5358595546360407,1.48919997086745,1.4975746578805766,615641600
2005-09-12,1.5373549461364746,1.544234818635594,1.512829682715441,1.528382349661813,452796400
2005-09-13,1.5200073719024658,1.5340651192479382,1.5050526146650172,1.525989334697939,492884000
2005-09-14,1.4838173389434814,1.5310741504607128,1.4793309902862186,1.5271857087443097,474426400
2005-09-15,1.4915928840637207,1.5008653813258284,1.4754423121144082,1.4954813248938528,415156000
2005-09-16,1.5316725969314575,1.5316725969314575,1.493986495879907,1.5023611850024738,591004400
2005-09-19,1.574442982673645,1.5819207612876773,1.5268864790864596,1.5268864790864596,783731200
2005-09-20,1.5908931493759155,1.609437243240342,1.5828174650019091,1.5849111868336538,819828800
2005-09-21,1.5585910081863403,1.5867065142448977,1.5511141257153562,1.5840148844757576,434747600
2005-09-22,1.552309513092041,1.5693586922000613,1.5349621293405094,1.5517115064584175,463727600
2005-09-23,1.5911922454833984,1.6001649402348372,1.5505155167948674,1.5582913996645997,558457200
2005-09-26,1.6103343963623047,1.631869024160068,1.5947817316390054,1.6160174559596587,546562800
2005-09-27,1.5983703136444092,1.622298466089959,1.598071310325076,1.6127270653439103,341703600
2005-09-28,1.5277841091156006,1.5885006493455176,1.5131283546402496,1.58730393727342,1125544000
2005-09-29,1.565470814704895,1.5729477971647108,1.5197090144810403,1.5322710518396558,636846000
2005-09-30,1.6034555435180664,1.6046514570186106,1.551711593988183,1.5651714362095994,531633200
2005-10-03,1.628280520439148,1.6312711526214414,1.6055490802318186,1.6199058318544282,507553200
2005-10-04,1.607642650604248,1.65549815205028,1.6043522167413926,1.6435340271033885,539459200
2005-10-05,1.5786298513412476,1.6258874371982284,1.5777329414746992,1.6249896288244676,610769600
2005-10-06,1.5463283061981201,1.5998660750308904,1.5215032429157194,1.5911923828328625,757537200
2005-10-07,1.5343637466430664,1.5532068411994593,1.511931315320546,1.5469258762367537,677882800
2005-10-10,1.5065480470657349,1.552608922322231,1.503855620217251,1.5481216773536075,507505600
2005-10-11,1.5430381298065186,1.5514128200763198,1.507445646242772,1.5322708135084642,1225884800
2005-10-12,1.473049521446228,1.5044546502082938,1.4317739897238064,1.4551033342455815,2697486400
2005-10-13,1.6073440313339233,1.6136249987633544,1.4736477983007745,1.4787321532813202,1865575600
2005-10-14,1.6151199340820312,1.6255883463622423,1.5789295452358019,1.6160177428485147,1035552000
2005-10-17,1.5983703136444092,1.6219995626047896,1.5756396719886419,1.6145217840990522,616834400
2005-10-18,1.561582088470459,1.6136249444973951,1.5612830851195592,1.5926882207130955,609588000
2005-10-19,1.643235206604004,1.6438332132495628,1.5316725244205307,1.557394597244391,1008683200
2005-10-20,1.679126501083374,1.6898938135647847,1.6255878437726055,1.6291771808794198,1357762000
2005-10-21,1.6647696495056152,1.7042505606108698,1.6557970555071964,1.7000631171319303,796726000
2005-10-24,1.698567509651184,1.698567509651184,1.6477213761462572,1.6525067266374975,609753200
2005-10-25,1.677930474281311,1.700362818393046,1.665668239538067,1.686903970997493,465127600
2005-10-26,1.7057462930679321,1.7215977594857024,1.6725464470109876,1.6833137595863406,631593200
2005-10-27,1.6572928428649902,1.705147544836176,1.6572928428649902,1.7045495382671556,411541200
2005-10-28,1.6291776895523071,1.6878006187989307,1.6202050927398925,1.67613639269406,769787200
2005-10-31,1.7224960327148438,1.7341602577505795,1.6375522293714322,1.6510120717810317,940844800
2005-11-01,1.7198035717010498,1.73894637511982,1.700960470470921,1.712027687600828,749686000
2005-11-02,1.793082594871521,1.79457831074193,1.7227953300602252,1.7263847686134686,857060400
2005-11-03,1.849911093711853,1.8639679437341314,1.7966713308279403,1.802354490473174,884382800
2005-11-04,1.8289740085601807,1.8316657369141374,1.7832122305233182,1.805045759473455,878035200
2005-11-07,1.8014570474624634,1.844527309374085,1.7987653183235284,1.8200010465759913,638831200
2005-11-08,1.7915871143341064,1.805943865690867,1.7676588626256349,1.79308203106092,473765600
2005-11-09,1.7978681325912476,1.8307680819610033,1.7945777982181148,1.7945777982181148,552930000
2005-11-10,1.829871416091919,1.8304694228133802,1.7649676201437465,1.8137200432352483,665344400
2005-11-11,1.8406388759613037,1.857687360069864,1.8346568115945319,1.8406388759613037,425448800
2005-11-14,1.837946891784668,1.8537985597628086,1.8217955216571988,1.840638420747325,369933200
2005-11-15,1.8627721071243286,1.8866993610217397,1.8382458482476354,1.842433292389468,536841200
2005-11-16,1.9426301717758179,1.9459197066400347,1.886997797754115,1.8887926158964181,784515200
2005-11-17,1.9297696352005005,1.9704464664006438,1.9216938499896692,1.9617726745462274,676205600
2005-11-18,1.9309654235839844,1.9569873978121435,1.925283262368379,1.953397960319244,524960800
2005-11-21,1.9429292678833008,1.949808240046093,1.9058410814132416,1.9387420240302324,511711200
2005-11-22,1.9895883798599243,1.9967670549482261,1.9297695483749473,1.939340050261646,540282400
2005-11-23,2.007235050201416,2.03325601987651,1.994673120150704,2.000355280009927,485853200
2005-11-25,2.0739340782165527,2.079915342421668,2.0188996987402636,2.0236859480479423,395012800
2005-11-28,2.0835049152374268,2.125677263261254,2.0658584276041583,2.1152088522119707,1018519600
2005-11-29,2.036846160888672,2.1026470643720763,2.0144136217507023,2.093375464670507,891433200
2005-11-30,2.0284717082977295,2.059278940519533,2.0194990110640205,2.0467168049892734,595674800
2005-12-01,2.141529083251953,2.14541742319968,2.058081122926732,2.062268565947361,812893200
2005-12-02,2.1723358631134033,2.175625397248294,2.114609980005412,2.161567555651868,895762000
2005-12-05,2.1481096744537354,2.1693453987978546,2.1382392706435978,2.151998015348638,583671200
2005-12-06,2.2148077487945557,2.2381369899134507,2.1938709329331627,2.2112183122352063,857029600
2005-12-07,2.2118167877197266,2.2270712474097007,2.18699242530222,2.220191475906438,679464800
2005-12-08,2.2157046794891357,2.2183972061875505,2.1714384224248557,2.1893846070487717,790479200
2005-12-09,2.2231833934783936,2.2309600767610904,2.193871878571769,2.2195939553718658,555402400
2005-12-12,2.240530252456665,2.2536901912914504,2.2300618424797425,2.2393342392624067,524994400
2005-12-13,2.2426233291625977,2.256980077012556,2.2195929915235872,2.238734989209743,493816400
2005-12-14,2.1537928581237793,2.1923759699280767,2.1017501033609873,2.169345624315235,1450716400
2005-12-15,2.1588761806488037,2.179214987282778,2.134051028175233,2.1738309330051195,561162000
2005-12-16,2.126873016357422,2.162465476403774,2.125377301616949,2.157680027840843,671171200
2005-12-19,2.1349496841430664,2.1714390724587,2.1247803761468775,2.126874098313103,529295200
2005-12-20,2.156782865524292,2.1648586489590427,2.12717245827001,2.1424261168641303,479108000
2005-12-21,2.1983582973480225,2.201648632356734,2.1696447882599212,2.1714394075364734,475736800
2005-12-22,2.2139103412628174,2.2279681889321723,2.201348408639606,2.2106208057068613,370610800
2005-12-23,2.1938719749450684,2.221089768625063,2.192376259195101,2.218398239014922,229857600
2005-12-27,2.220191240310669,2.2486056360383992,2.211816553012638,2.2133122682106343,590590000
2005-12-28,2.200451612472534,2.236044089528195,2.1929738338695457,2.2273702976323198,398115200
2005-12-29,2.1370439529418945,2.2079300238804995,2.136146243875788,2.2067332115712825,490025200
2005-12-30,2.1502037048339844,2.1663550773530593,2.1038437089340523,2.120892191350745,624262800
2006-01-03,2.235743999481201,2.235743999481201,2.160969840487634,2.164858179817288,807234400
2006-01-04,2.2423248291015625,2.2725332465969594,2.228266982127936,2.247110079798519,619603600
2006-01-05,2.224679470062256,2.240232040477233,2.2058363645417636,2.238138317715313,449422400
2006-01-06,2.282104969024658,2.2940690963228563,2.2297631101051167,2.2506999335402718,704457600
2006-01-09,2.274627447128296,2.309024117333637,2.265355846428315,2.2949662661678603,675040800
2006-01-10,2.4184930324554443,2.4493002635474617,2.268047513170452,2.2806094485716604,2279869200
2006-01-11,2.509417772293091,2.536335652203675,2.470235867252379,2.5076231537871876,1493794400
2006-01-12,2.5210819244384766,2.5841912758124277,2.5010430166828104,2.541420733943318,1280809600
2006-01-13,2.559965133666992,2.572527064549587,2.530354725394954,2.5420189476395962,776305600
2006-01-17,2.5336451530456543,2.5835943900765286,2.5085210827614857,2.5632555717488277,835623600
2006-01-18,2.4672446250915527,2.5139043104642247,2.448102625241358,2.4848919080793777,1200637200
2006-01-19,2.3640565872192383,2.442420401230307,2.3550840932446278,2.4301573738266384,1695848000
2006-01-20,2.2758240699768066,2.393966835557334,2.268047387000222,2.3712361910205058,1134758800
2006-01-23,2.3230810165405273,2.379610103576695,2.2731317982297536,2.276122230162151,1059730000
2006-01-24,2.274327278137207,2.3754225116476158,2.266251495790684,2.3556815106878584,1142254400
2006-01-25,2.219294548034668,2.317996186657692,2.1908799498512677,2.3147064515062277,1275786400
2006-01-26,2.163362741470337,2.256083093833772,2.1513994176002336,2.2291644171164395,1181387200
2006-01-27,2.154390811920166,2.2013486118552876,2.126575015828841,2.1819075048419787,953864800
2006-01-30,2.2432219982147217,2.291077505735733,2.11969518781335,2.1286686819992653,1398401200
2006-01-31,2.258477210998535,2.2833023823427028,2.205836434703231,2.2581783074057173,913542000
2006-02-01,2.255783796310425,2.28688992149634,2.2324543521722156,2.241726748474321,521186400
2006-02-02,2.156484842300415,2.253990492813163,2.1549891265707544,2.246213809294431,707322000
2006-02-03,2.149005889892578,2.1771213768375866,2.124779541258603,2.1606709088065923,692123600
2006-02-06,2.0129172801971436,2.1687469956208383,1.9961679064337399,2.1540913434949314,1651767600
2006-02-07,2.0218913555145264,2.078121754515049,1.9943746618714835,2.041930469723761,1388830800
2006-02-08,2.058081865310669,2.0661576511920936,1.9740358681911447,2.048510363856932,953114400
2006-02-09,1.9426301717758179,2.0706432945655284,1.9300680421259118,2.0667547548701948,1149764000
2006-02-10,2.0132181644439697,2.023985481640577,1.8813166319358978,1.9495101732967635,1760477600
2006-02-13,1.9354519844055176,1.996468435139857,1.9333584617788866,1.9928789972515455,883498000
2006-02-14,2.023087739944458,2.0368464886261752,1.944126882661242,1.9471175156465956,1160938800
2006-02-15,2.0703442096710205,2.0823083329362797,1.9964677451908333,2.00872997319633,1159771200
2006-02-16,2.110722303390503,2.123882441988237,2.078121459367668,2.0909824948305302,948175200
2006-02-17,2.102346897125244,2.12029307908718,2.082008290238209,2.102646000157943,575999200
2006-02-21,2.0661585330963135,2.117602505135665,2.0541944007578894,2.1113215353264225,779606800
2006-02-22,2.1331546306610107,2.1436230396915903,2.033854196589197,2.06376450715741,978238800
2006-02-23,2.146015167236328,2.1834022481038473,2.136443670405708,2.1472119787181216,856917600
2006-02-24,2.1373424530029297,2.180112807018824,2.12956557120838,2.15768106845792,534744000
2006-02-27,2.123283863067627,2.1570817095248738,2.113114558891376,2.1531931701513587,791240800
2006-02-28,2.0485103130340576,2.1654572578027613,2.0368460879458765,2.1409317959278877,1266980400
2006-03-01,2.066755533218384,2.0784207573609996,2.034453586530536,2.0589788502355413,763817600
2006-03-02,2.0820086002349854,2.093374716838128,2.053893909316432,2.0634652077878983,625273600
2006-03-03,2.025479555130005,2.0909823380833785,2.0197973946666505,2.075727680011825,737668400
2006-03-06,1.9584821462631226,2.0254796492177216,1.9423315757820867,2.024582739175307,912665600
2006-03-07,1.9833080768585205,2.0009553696131115,1.9465197720017593,1.9668577961997373,872877600
2006-03-08,1.9638668298721313,2.0099277277089795,1.9545952289971187,1.9827099335175862,653251200
2006-03-09,1.9121224880218506,1.9880934892021869,1.9085338492697963,1.9734378343643302,799304800
2006-03-10,1.8899898529052734,1.9288718642485871,1.867856220077612,1.915711725147162,1043142800
2006-03-13,1.9644650220870972,1.9824110174291525,1.9378460308319496,1.9456219166629112,861187600
2006-03-14,2.013517379760742,2.013517379760742,1.9590819798703787,1.9671575688523497,642020400
2006-03-15,1.9809154272079468,2.035052120582722,1.9596796941032557,2.0251817127006544,891996000
2006-03-16,1.9234888553619385,2.0009547832616112,1.9231897521769392,1.9994590676682673,749638400
2006-03-17,1.9339569807052612,1.960276859076531,1.9175065076353426,1.9366485096348818,812042000
2006-03-20,1.9139164686203003,1.9578836181394021,1.9103270323920138,1.9507057440241067,605441200
2006-03-21,1.8487142324447632,1.924385532051551,1.8361522995359107,1.8487142324447632,1345366400
2006-03-22,1.8445271253585815,1.8917846276986416,1.8325629985197427,1.8591827813994823,1345895600
2006-03-23,1.799363136291504,1.851406089431065,1.7829134603144055,1.8490132640756054,1427826400
2006-03-24,1.7933824062347412,1.8226939265727118,1.7655658031845982,1.8020562010658512,1071980000
2006-03-27,1.7799220085144043,1.8358533022039536,1.7766324726940432,1.8050460754485589,1108072000
2006-03-28,1.7559946775436401,1.798765030743038,1.742235932506064,1.7835113689454871,1370322800
2006-03-29,1.8642668724060059,1.869950032128011,1.7248885932089453,1.7685566563323576,2346834000
2006-03-30,1.8768290281295776,1.8932795024992823,1.8403396400915684,1.8789227502798735,1390650800
2006-03-31,1.875932216644287,1.902552000332967,1.8615754636697361,1.8917846851874844,815357200
2006-04-03,1.8738383054733276,1.9178054701679341,1.872641693205378,1.9043466270954474,815791200
2006-04-04,1.8295726776123047,1.8609777172372823,1.8259832392812503,1.857388278906228,931924000
2006-04-05,2.0102264881134033,2.0102264881134033,1.9187027057326638,1.93545208563181,2233408800
2006-04-06,2.1307618618011475,2.154988213386281,2.039836121151493,2.042827551343184,2663768800
2006-04-07,2.087393045425415,2.129864492320769,2.047912230524789,2.12148980426129,1545238800
2006-04-10,2.053894281387329,2.121489792072767,2.047314212164467,2.102347590998702,903515200
2006-04-11,2.033555746078491,2.0727374629764763,2.0060388532318796,2.063465863640184,939316000
2006-04-12,1.9952706098556519,2.038938854016885,1.9830075851663436,2.034153604823601,739894400
2006-04-13,1.9880926609039307,2.01710425634117,1.9683518614649191,1.984204321620489,734678000
2006-04-17,1.9384429454803467,1.9991594796313037,1.9246842023072608,1.9892890769201768,721938000
2006-04-18,1.9806157350540161,1.988093513474091,1.9378453822722745,1.945322162350727,794844400
2006-04-19,1.9635673761367798,2.0039451017747645,1.9581831203137623,1.9985618442933293,1086033200
2006-04-20,2.0227890014648438,2.0936748759370243,1.9800184337783129,2.0790192156993514,1666982800
2006-04-21,2.005141496658325,2.0529969952308806,1.9880932186375866,2.0395373554738097,788986800
2006-04-24,1.9665577411651611,2.0015524077915776,1.95908096164117,1.9994586858963532,707028000
2006-04-25,1.9791200160980225,1.9916819490418622,1.9608757223179822,1.9728390496261028,529062800
2006-04-26,2.0383412837982178,2.042228825387561,1.9859994398127614,1.9934764182357785,710886400
2006-04-27,2.0745327472686768,2.0894873102349467,2.0144139944854795,2.0257803169205286,845947200
2006-04-28,2.105339765548706,2.1325575611198344,2.0697474786754886,2.0751307379381756,760037600
2006-05-01,2.0817108154296875,2.1397358508167232,2.068550870702533,2.1167052986218957,750380400
2006-05-02,2.142127513885498,2.152894827305429,2.096964338612576,2.098160351804457,771663200
2006-05-03,2.1277713775634766,2.1519985385925264,2.099058666598977,2.1484091003023162,686991200
2006-05-04,2.127472400665283,2.18011316762547,2.107433284391038,2.1301639302021282,860420400
2006-05-05,2.1502037048339844,2.1609710202889008,2.128070068873439,2.1493065949363666,563911600
2006-05-08,2.1502037048339844,2.207330816520483,2.1451193499635326,2.183104456581096,594851600
2006-05-09,2.124481678009033,2.1702434685812233,2.112218446992873,2.1481100317813864,531666800
2006-05-10,2.111621141433716,2.13345468154993,2.082009918045164,2.1322580688153234,459888800
2006-05-11,2.0383412837982178,2.1187978205710736,2.0203950979712952,2.117302105417208,812688800
2006-05-12,2.0248818397521973,2.0544922534695482,1.9997577736984369,2.029368187415788,641774000
2006-05-15,2.0275728702545166,2.045219950349664,2.0075337644127256,2.0150107417194505,529177600
2006-05-16,1.9435268640518188,2.041331563251892,1.9366478933415383,2.0368452172374574,936740000
2006-05-17,1.9519014358520508,1.9650623684237647,1.9163089741842934,1.9354509689762591,754194000
2006-05-18,1.8896907567977905,1.9818125295241944,1.8878961379131873,1.9644643473047074,658442400
2006-05-19,1.9294699430465698,1.9405361562886947,1.8789219296879227,1.892082662838928,985866000
2006-05-22,1.8956722021102905,1.9139172961778441,1.877427906716104,1.910327858397523,718975600
2006-05-23,1.888792872428894,1.9498083114865752,1.884306525302778,1.9399387072120673,694414000
2006-05-24,1.8944764137268066,1.9037482139471684,1.841236840749865,1.8840082006603684,916031200
2006-05-25,1.924086570739746,1.9276760084570987,1.8929804399866355,1.9219930482128258,463372000
2006-05-26,1.900757074356079,1.9309652926546812,1.8884940456219408,1.9234885130337531,432950000
2006-05-30,1.8310679197311401,1.8932793771077672,1.8310679197311401,1.8929802739632486,563402000
2006-05-31,1.7876992225646973,1.8481166756293328,1.7553962743109408,1.8472189666280847,1280977600
2006-06-01,1.8594818115234375,1.8627723459648637,1.7802212628339324,1.7900916681480992,942508000
2006-06-02,1.8442286252975464,1.887298098323817,1.820899169337497,1.884008561372389,685787200
2006-06-05,1.7945773601531982,1.828973815243165,1.793680450243847,1.828973815243165,605785600
2006-06-06,1.7862025499343872,1.813420329505532,1.7619762003125135,1.8011571039932952,726037200
2006-06-07,1.7515084743499756,1.806542061360175,1.7452275072875545,1.7975693653671978,750506400
2006-06-08,1.8173092603683472,1.822393415058794,1.7093350168132437,1.7479189249301963,1397482800
2006-06-09,1.7718459367752075,1.8412360552286486,1.7676584936004165,1.8298707370447713,775838000
2006-06-12,1.704848051071167,1.786501386741233,1.7036522378754364,1.7766317847601074,717785600
2006-06-13,1.7446287870407104,1.767659133838709,1.715616376397762,1.7230939562039493,1080643200
2006-06-14,1.72309410572052,1.758088782913334,1.695577408319479,1.7431340213400082,878136000
2006-06-15,1.7760334014892578,1.7868007145146725,1.6973716766419027,1.7138219489694975,1190383600
2006-06-16,1.7215986251831055,1.7703520570743596,1.720402811152026,1.7634722827790061,838101600
2006-06-19,1.710830807685852,1.7401423195112837,1.7048487442510667,1.7296739081687482,704575200
2006-06-20,1.718906283378601,1.7452271580772751,1.7135222275897801,1.7230935273595898,672974400
2006-06-21,1.7305717468261719,1.7559949193259168,1.7138223672891248,1.7269825084960817,863296000
2006-06-22,1.7820159196853638,1.7871010733824109,1.7368529341845371,1.7407404770807797,965633200
2006-06-23,1.7595837116241455,1.7996635476759646,1.7565932780881468,1.7862037015722583,660203600
2006-06-26,1.7643691301345825,1.7706500958388407,1.7458249367981873,1.7697523871633045,466536000
2006-06-27,1.7177101373672485,1.7712488175333776,1.7168132270027858,1.7673604754947438,550611600
2006-06-28,1.6755367517471313,1.7138215428476515,1.657292464020771,1.7135218407925885,850704400
2006-06-29,1.763770341873169,1.7673597789317506,1.6866041340017712,1.6976705499518643,873398400
2006-06-30,1.7129243612289429,1.727281112390485,1.6898940182776647,1.7224958614505033,739695600
2006-07-03,1.7332634925842285,1.7401424667797223,1.7150183972323878,1.7204024544476868,194770800
2006-07-05,1.704848051071167,1.7227942340787243,1.6916881158703982,1.7093343971547985,518240800
2006-07-06,1.6680601835250854,1.7168125949991793,1.6632740343761843,1.7075409971714648,633208800
2006-07-07,1.6569929122924805,1.6913894687663136,1.6351591849980904,1.659386336060911,799360800
2006-07-10,1.6450296640396118,1.6895947295002172,1.6300750077390338,1.6659663825287185,529345600
2006-07-11,1.66447114944458,1.6746405582766044,1.630972390158747,1.6483197765254378,825022800
2006-07-12,1.5840144157409668,1.6522079404279764,1.5828177035828461,1.650114218280641,927329200
2006-07-13,1.5627778768539429,1.6187091696406501,1.5376538103253405,1.556197906811927,1249906000
2006-07-14,1.5155210494995117,1.5819206479353536,1.5002673885482665,1.5702555257817556,993036800
2006-07-17,1.5663670301437378,1.5885004603804134,1.5448323052914492,1.547224930477745,1024542400
2006-07-18,1.5822198390960693,1.610633442417363,1.550814704884841,1.5899957228923398,1000448400
2006-07-19,1.6181111335754395,1.6474226438268658,1.5660682826633312,1.5840143721698268,1390743200
2006-07-20,1.8095324039459229,1.842134249348827,1.7862031559248834,1.82329134910068,1972146400
2006-07-21,1.8161122798919678,1.8289741138531312,1.783810339775085,1.7891943957978556,891892400
2006-07-24,1.837049961090088,1.8573885841847095,1.807439535929712,1.8322645084216855,722856400
2006-07-25,1.852303147315979,1.85708839700853,1.817906494587695,1.8478168010194786,589069600
2006-07-26,1.9103280305862427,1.9333585778773013,1.844826226153644,1.854397728316665,898427600
2006-07-27,1.8962700366973877,1.9447235283939464,1.8801184734620555,1.9291699715361277,735044800
2006-07-28,1.9617723226547241,1.9644640509071793,1.8992611719509616,1.9124211094475176,691507600
2006-07-31,2.032658815383911,2.052697729384096,1.9824104812862788,1.9988609559284327,892841600
2006-08-01,2.0093305110931396,2.031762063549482,1.9722422959929726,2.0105263254460293,711765600
2006-08-02,2.038640260696411,2.0541928221104966,2.0191983609191437,2.023385604351265,550768400
2006-08-03,2.0814108848571777,2.093673913070589,2.028172127009822,2.0311627588638763,841044400
2006-08-04,2.042828321456909,2.0520999215982085,1.9429298499183,2.0054412203465874,1852866400
2006-08-07,2.0102264881134033,2.0817103560512358,1.9833075993924836,2.025480152340989,1245512800
2006-08-08,1.9375457763671875,2.0072358226355296,1.9294709884236698,2.0066370172389614,997864000
2006-08-09,1.901953101158142,1.9620716393749853,1.896270939690634,1.956987484569758,955838800
2006-08-10,1.9163097143173218,1.9384431472750654,1.8753339813229857,1.8917844545524156,697760000
2006-08-11,1.9037481546401978,1.918104908677498,1.8717449106781026,1.8911860198161052,777529200
2006-08-14,1.912421464920044,1.9507064694630807,1.9022529558930483,1.9157117993252881,717620400
2006-08-15,1.9874942302703857,1.9889899453294113,1.9381438197218737,1.9542943876005827,861352800
2006-08-16,2.033257007598877,2.0359487369640394,1.9839065726643572,2.00693712172565,781284000
2006-08-17,2.021592378616333,2.0535954190895223,2.009329348458411,2.033854610100913,581148400
2006-08-18,2.031163215637207,2.0458188724306465,2.011722107530847,2.0251811519106204,536354000
2006-08-21,1.9907852411270142,2.013217779952242,1.9785222104188724,2.01291787809895,526226400
2006-08-22,2.022489309310913,2.0434261318413727,1.9889905529968475,1.9943746097167339,576968000
2006-08-23,2.0132181644439697,2.053296999865165,2.0021509453367945,2.033855089789305,536258800
2006-08-24,2.028172254562378,2.039537574796752,1.9821113696709127,2.030564879997077,655191600
2006-08-25,2.0562870502471924,2.06525954581082,2.013217593996167,2.014114504116376,543958800
2006-08-28,2.0033466815948486,2.0520990853677534,1.994373988639835,2.048809550532339,738161200
2006-08-29,1.9883924722671509,2.0117219196165967,1.9477150417310733,2.003646134340061,947332400
2006-08-30,2.0027496814727783,2.028471760293925,1.994374990794059,2.014115005081566,680142400
2006-08-31,2.0293679237365723,2.042827763651797,1.9937754515345867,2.0123196450953773,574697200
2006-09-01,2.0452206134796143,2.0532963985144814,2.028471236447649,2.0482112456373613,408494800
2006-09-05,2.137939929962158,2.1385379365189183,2.0503047146738878,2.0628666460635454,1012457600
2006-09-06,2.0945708751678467,2.1442211954940635,2.084701270666492,2.125975904777398,974103200
2006-09-07,2.1774206161499023,2.1977594269567637,2.101151523219259,2.1116199318837685,1267957600
2006-09-08,2.1690456867218018,2.200450909205228,2.150800599620719,2.194468847969376,895921600
2006-09-11,2.1684484481811523,2.2052367367442303,2.136145508710765,2.16635472619994,949124400
2006-09-12,2.1723358631134033,2.19686111214458,2.1370423066206907,2.1777191183371234,1684687200
2006-09-13,2.219294548034668,2.2228837856580426,2.1624663500094403,2.1789166231132775,1146138000
2006-09-14,2.218397378921509,2.2333519349343707,2.1971606594597413,2.204937539737255,801729600
2006-09-15,2.216304063796997,2.2426239434468105,2.1920769078921176,2.2312586225532525,981853600
2006-09-18,2.2100231647491455,2.2390349763037736,2.1923760764571902,2.20733083668994,705278000
2006-09-19,2.206434488296509,2.2240807824084885,2.177421870680732,2.2163048961257377,710049200
2006-09-20,2.250997543334961,2.263559670109872,2.21989142924235,2.2246776764158605,822791200
2006-09-21,2.2327535152435303,2.2749268600070454,2.213910416004253,2.2506997043634627,794124800
2006-09-22,2.183403491973877,2.223482323332701,2.170841556628313,2.2222855111690913,665112000
2006-09-25,2.2656538486480713,2.2689441820967238,2.204937322924397,2.2076288512263473,858992400
2006-09-26,2.321286201477051,2.3263705547407527,2.2761222332676945,2.2785150580207656,1102948000
2006-09-27,2.2853951454162598,2.317099279117412,2.267747860747093,2.308125785712553,810373200
2006-09-28,2.303340435028076,2.3173982830108435,2.2716364996213256,2.303639538176646,723609600
2006-09-29,2.302443265914917,2.3185938357792595,2.2934697731306217,2.3063316064089174,405812400
2006-10-02,2.2390353679656982,2.269244396243587,2.2222857859863514,2.246214045483114,712639200
2006-10-03,2.2157046794891357,2.241726447525538,2.1890857036399822,2.226771892677102,790708800
2006-10-04,2.2545881271362305,2.2569807527707004,2.1881886226617775,2.21630412030138,829082800
2006-10-05,2.238137722015381,2.2779176452305108,2.2172010989738262,2.2291652258575816,683883200
2006-10-06,2.219892740249634,2.244419001931117,2.207629709243067,2.2258748039934955,466958800
2006-10-09,2.232156276702881,2.2456159219703777,2.1992553209413086,2.2073311081018065,438222400
2006-10-10,2.207630157470703,2.230660508555505,2.185796419045978,2.2294646945689878,531588400
2006-10-11,2.1902811527252197,2.212713680106571,2.171438061340046,2.195964309912693,571855200
2006-10-12,2.250997543334961,2.2548860821403554,2.2013474419246504,2.2016471439398955,592855200
2006-10-13,2.2438206672668457,2.299452054938497,2.2354459789178383,2.26206496067728,684196800
2006-10-16,2.255185842514038,2.269542592808207,2.236940751605032,2.248904876573762,508692800
2006-10-17,2.221987247467041,2.2512987711610797,2.214510264151051,2.24441979476237,480925200
2006-10-18,2.2291650772094727,2.2542891429849856,2.210620881444579,2.2357449472200925,1133907600
2006-10-19,2.3625619411468506,2.3912754523378803,2.337737770348364,2.3706377284827918,1512977200
2006-10-20,2.391274929046631,2.3924717410601484,2.3529909213976876,2.3619636171373335,639413600
2006-10-23,2.436439037322998,2.4495989784585688,2.385292991690655,2.3924718674676857,832507200
2006-10-24,2.424175977706909,2.4430190788030166,2.3987528062867414,2.4289612292737863,463212400
2006-10-25,2.443018674850464,2.452589176401738,2.422978765005368,2.4331480718256118,485214800
2006-10-26,2.458272695541382,2.4705357260814065,2.4265685575784843,2.4495989031111227,432756800
2006-10-27,2.405033826828003,2.4660492747908838,2.393069700296719,2.445112452697804,594966400
2006-10-30,2.4053335189819336,2.419690275858424,2.3778168176111585,2.3924724780806015,499917600
2006-10-31,2.4250729084014893,2.443019099441477,2.399649736766548,2.436140125546176,501474400
2006-11-01,2.367647171020508,2.4340468932244423,2.3437191111522253,2.4256722020549955,611192400
2006-11-02,2.362262010574341,2.3724313164633917,2.3479052612205007,2.3604673919465737,465483200
2006-11-03,2.3416237831115723,2.3787119609619567,2.326669030490357,2.3736276086328343,431888800
2006-11-06,2.38409686088562,2.3945652713005274,2.3458118579638483,2.361365421184395,434576800
2006-11-07,2.4080240726470947,2.4226799268426182,2.396658752329069,2.4062294538066245,525932400
2006-11-08,2.4660491943359375,2.4732270710155295,2.389480184712121,2.393368525707931,690916800
2006-11-09,2.492668628692627,2.5330463507879553,2.45617844837867,2.4795078921011773,923053600
2006-11-10,2.4860870838165283,2.5004438296070095,2.467543893941808,2.4989489134597926,373864400
2006-11-13,2.522876501083374,2.525867132221325,2.4717312776478524,2.4890786553949686,450674000
2006-11-14,2.5423192977905273,2.5423192977905273,2.509419335696462,2.536337232377273,588954800
2006-11-15,2.513904571533203,2.569237054748587,2.512408856174024,2.5438138870088727,655323200
2006-11-16,2.560563802719116,2.581201723931489,2.5309533844767187,2.5384303655008935,693940800
2006-11-17,2.5677406787872314,2.570433205343028,2.542317517588129,2.5465049604452417,466424000
2006-11-20,2.586284637451172,2.602137099501068,2.5482995474842434,2.5542816086351476,570794000
2006-11-21,2.6499929428100586,2.6499929428100586,2.6054271803134643,2.6146995759988365,622666800
2006-11-22,2.7011375427246094,2.7142974769227064,2.627559995013908,2.661656741789105,671941200
2006-11-24,2.7406201362609863,2.7839893049190305,2.6769129467824317,2.677809857114614,518677600
2006-11-27,2.678107500076294,2.786380619477074,2.6769116867523817,2.766939717808007,1074836000
2006-11-28,2.7460036277770996,2.750788879021357,2.689174626133653,2.7026344680608267,1036173600
2006-11-29,2.74570369720459,2.78608242389016,2.699343905697129,2.781596076185834,1157083200
2006-11-30,2.7415168285369873,2.772024955517234,2.723571435259263,2.7579673048238544,870486400
2006-12-01,2.731346845626831,2.7615550544491008,2.6948564746666093,2.7457025934383714,795079600
2006-12-04,2.7253658771514893,2.7531814724865518,2.706821681035345,2.748097317808701,709536800
2006-12-05,2.729851722717285,2.761555653272261,2.7178875986054205,2.7412170416186776,662838400
2006-12-06,2.686781167984009,2.7334406476850646,2.6819959182225115,2.711008316874554,638184400
2006-12-07,2.6033332347869873,2.706820900880339,2.599145791784487,2.6927632561830754,1004827600
2006-12-08,2.639824628829956,2.6736224928508547,2.602138423083158,2.6090173975691746,784277200
2006-12-11,2.6544792652130127,2.6709297357464696,2.633542647597473,2.658965611963383,499780400
2006-12-12,2.576416254043579,2.6571719214327643,2.5581711585704254,2.650292947191532,1026620000
2006-12-13,2.6634521484375,2.6640501550009645,2.606623954097848,2.6305514046952787,857052000
2006-12-14,2.6484968662261963,2.6918662104150624,2.6398232769239898,2.6634516197150697,832330800
2006-12-15,2.623673677444458,2.6685385671128627,2.6120092493945126,2.6625565019563835,739939200
2006-12-18,2.5563762187957764,2.6320475216484747,2.5300553402492607,2.6209811040084414,721576800
2006-12-19,2.581500291824341,2.592566709492088,2.501043737522302,2.53424279085721,911405600
2006-12-20,2.5351402759552,2.5922673775628344,2.534542269351744,2.586285314845122,567691600
2006-12-21,2.4795079231262207,2.5566747299446524,2.4585711043685596,2.533345485598536,903599200
2006-12-22,2.458571672439575,2.513606059427121,2.4406262800284257,2.4962578750437183,613303600
2006-12-26,2.4379336833953857,2.4696386174845353,2.4193902863263794,2.457076484777915,490688800
2006-12-27,2.4382338523864746,2.4525898080791495,2.2961630227806125,2.337437668282873,1935754800
2006-12-28,2.4187920093536377,2.4301581303342097,2.382302617887682,2.3993509008509526,1119876800
2006-12-29,2.5375335216522217,2.5542829020194286,2.4932674447305776,2.510913735388053,1076429200
2007-01-03,2.506427526473999,2.5895766258583293,2.449599311278693,2.5809028319827885,1238319600
2007-01-04,2.5620594024658203,2.570732994894616,2.5070250192347774,2.513904791350951,847260400
2007-01-05,2.543814182281494,2.5782100488222435,2.5243732747169476,2.5653490117246163,834741600
2007-01-08,2.5563762187957764,2.588080355244878,2.550693059058329,2.571031874374198,797106800
2007-01-09,2.7687339782714844,2.7809970069245487,2.546804447675347,2.5856874552113776,3349298400
2007-01-10,2.9012343883514404,2.9251616413794532,2.7950549692503115,2.8339377787209683,2952880000
2007-01-11,2.865342378616333,2.894653883126538,2.8444057608247197,2.869529821975629,1440252800
2007-01-12,2.830049753189087,2.8432096939036557,2.788475210475557,2.829151844657727,1312690400
2007-01-16,2.9042258262634277,2.908712175280166,2.8548755877425327,2.8617545630562833,1244076400
2007-01-17,2.839918613433838,2.9191791370949134,2.836031071847432,2.917983323712223,1646260000
2007-01-18,2.6640501022338867,2.7549758503149206,2.6634520956822674,2.754676747204962,2364605600
2007-01-19,2.6470019817352295,2.681398644356853,2.6356366610270032,2.65089052235807,1364473600
2007-01-22,2.5958569049835205,2.666742952971197,2.561760144650379,2.6661441476736916,1454026000
2007-01-23,2.5632550716400146,2.6173915433216695,2.557572910511426,2.5641527804190622,1207424400
2007-01-24,2.593165397644043,2.6066242406652096,2.574621202088887,2.592566592341541,927813600
2007-01-25,2.5797054767608643,2.6470018861438205,2.5731254073591736,2.6054275480885365,905973600
2007-01-26,2.5536835193634033,2.6132034285383594,2.5420185004974774,2.605426749294409,986874000
2007-01-29,2.5704345703125,2.59167029993123,2.5581713382902804,2.5812018868977065,901664400
2007-01-30,2.5587687492370605,2.586884245706913,2.5497960540615257,2.585089626804476,577970400
2007-01-31,2.564152240753174,2.5722280240351174,2.522876813763028,2.5381304720685245,856069200
2007-02-01,2.5345418453216553,2.5803028204414873,2.5345418453216553,2.57910700710295,664342000
2007-02-02,2.534841775894165,2.54979633606344,2.5034365406331442,2.5159986746712217,621530000
2007-02-05,2.5106143951416016,2.5491983030542915,2.5106143951416016,2.5213817094559245,578852400
2007-02-06,2.5168957710266113,2.5264672732743976,2.478312655513475,2.525868467858099,864393600
2007-02-07,2.5767147541046143,2.5835937267356686,2.498949737571776,2.5267655298982645,1066825200
2007-02-08,2.577610969543457,2.5874813701415618,2.5545806338193167,2.555178440579658,679030800
2007-02-09,2.4905755519866943,2.5782101907805295,2.488780932850536,2.568639487726071,860540800
2007-02-12,2.5387303829193115,2.5477030800260643,2.5013430800765475,2.5252705385857115,724071600
2007-02-13,2.533346652984619,2.5509929462652727,2.52138252284616,2.5471054026438473,580986000
2007-02-14,2.5512921810150146,2.561460891095776,2.529457647513373,2.5312524663736458,507981600
2007-02-15,2.5485999584198,2.5608629904039732,2.5357389196819162,2.555479731610393,363661200
2007-02-16,2.5372347831726074,2.554582171417991,2.5321496289520824,2.549796719431053,399868000
2007-02-20,2.569237470626831,2.5770141534781152,2.517194514502287,2.5318503709767435,617702400
2007-02-21,2.667938470840454,2.676612061784263,2.5710314582099674,2.5716294647679026,1155313600
2007-02-22,2.677211284637451,2.716093297729895,2.6478999736528173,2.7157943942384506,838224800
2007-02-23,2.6640501022338867,2.7020359975303316,2.657470033483095,2.6667426292284073,517893600
2007-02-26,2.647300958633423,2.691866926573141,2.6203828743958546,2.6870806773908695,615848800
2007-02-27,2.5103158950805664,2.6045312158099803,2.4947633258548962,2.581201962634721,1145813200
2007-02-28,2.530654191970825,2.5602646068320367,2.482499780091312,2.482499780091312,919475200
2007-03-01,2.6039326190948486,2.6413197126881927,2.5049310777193976,2.5133057659188016,1415528800
2007-03-02,2.5545814037323,2.6182893739066935,2.5485993409608465,2.595258831573232,860000400
2007-03-05,2.5817983150482178,2.6514875310840926,2.565048943007861,2.5689374824600457,838899600
2007-03-06,2.637730121612549,2.6413195587292364,2.6141017737505816,2.626065099905305,723186800
2007-03-07,2.623673677444458,2.6610607859988673,2.6155978894832113,2.6335440849526486,626284400
2007-03-08,2.6320481300354004,2.6535827639700424,2.615896555579284,2.649695220644861,511011200
2007-03-09,2.631150484085083,2.6574703630153778,2.6141020040399883,2.655975446285105,451836000
2007-03-12,2.687978744506836,2.6915681822867024,2.6317485454363316,2.6341411711756733,729408400
2007-03-13,2.6440112590789795,2.709811948251089,2.6440112590789795,2.674219475939021,867890800
2007-03-14,2.691866159439087,2.691866159439087,2.629653922873122,2.6499925309939854,796586000
2007-03-15,2.6790060997009277,2.702634450618406,2.6712292178887895,2.690670324243317,559498800
2007-03-16,2.6796035766601562,2.6915677015617305,2.6715279920198998,2.6781078613791536,571704000
2007-03-19,2.725665330886841,2.738227466382694,2.679604433626538,2.699045543804155,712961200
2007-03-20,2.736133337020874,2.746900651938195,2.7235712033928787,2.732244995762484,488916400
2007-03-21,2.8076179027557373,2.8115062449894337,2.7412183792128877,2.751387690001857,686896000
2007-03-22,2.8103079795837402,2.8222719028292005,2.7815952826004184,2.8034290082448896,561492400
2007-03-23,2.7971489429473877,2.8135994187502567,2.7905690720956025,2.792064787715883,450884000
2007-03-26,2.866837739944458,2.8683334553303004,2.7905686347023457,2.8112063522675124,864987200
2007-03-27,2.8551735877990723,2.896149321811055,2.841414842851978,2.8626505675696916,932052800
2007-03-28,2.788773536682129,2.8533786111944477,2.786082007996974,2.8378250496226745,942337200
2007-03-29,2.804027795791626,2.8171887349364524,2.758565909833134,2.8171887349364524,725723600
2007-03-30,2.7789037227630615,2.831844386070377,2.774118471269252,2.8198802589941416,600558000
2007-04-02,2.8010377883911133,2.8189829834220435,2.782194684686424,2.8156934469754833,501992400
2007-04-03,2.8264596462249756,2.8482933741897796,2.8043262161506592,2.8156923337948885,583934400
2007-04-04,2.8195807933807373,2.845601766242359,2.8153933497388532,2.839619703896811,476784000
2007-04-05,2.8318440914154053,2.8318440914154053,2.7971485258411,2.815094714588142,355516000
2007-04-09,2.8010377883911133,2.850388023150943,2.782792491795438,2.84769649348177,413341600
2007-04-10,2.8189823627471924,2.819282264577533,2.7938582965621372,2.8016349786447696,352466800
2007-04-11,2.7693328857421875,2.8100095152166307,2.761556004412329,2.80851379984417,549018400
2007-04-12,2.7573695182800293,2.760958956625247,2.7134023428305474,2.7528831696023466,656675600
2007-04-13,2.699045181274414,2.733740750588155,2.693661923075067,2.718785991023795,719941600
2007-04-16,2.734637975692749,2.736731698179998,2.6993443956270777,2.7089158980942964,609033600
2007-04-17,2.7023353576660156,2.760659275954885,2.682893652233063,2.7516857818030136,751920400
2007-04-18,2.7038304805755615,2.7172903234927452,2.679903224252696,2.6966526031812217,464044000
2007-04-19,2.6999428272247314,2.7292543389826665,2.6867820880301707,2.697549402851312,425913600
2007-04-20,2.720879554748535,2.7271605214526953,2.7083174216718833,2.718486130458782,522779600
2007-04-23,2.796849012374878,2.8055226023742743,2.734337866217856,2.7394220195823733,780290000
2007-04-24,2.788773536682129,2.882989020760552,2.730748730667433,2.8103083618512685,1055252800
2007-04-25,2.8518826961517334,2.8533786110559025,2.805522911566894,2.8183839461113873,1187144000
2007-04-26,2.956268548965454,3.0657375325008953,2.940117174698845,3.0382208348407116,1737778000
2007-04-27,2.988569974899292,2.9894676836817364,2.921872169113243,2.9365278240579533,699403600
2007-04-30,2.984980583190918,3.020871953627974,2.9810922432399223,2.9936541729758237,616509600
2007-05-01,2.9751105308532715,3.001431404710795,2.947593843567646,2.9786999678205435,532523600
2007-05-02,3.002627372741699,3.00711371992812,2.975110684039262,2.9804947399332424,505145200
2007-05-03,3.00292706489563,3.03433210036566,2.991262639790257,3.0127974699121314,576077600
2007-05-04,3.0151896476745605,3.0388179968933744,3.0059180494054027,3.0148905445366863,381987200
2007-05-07,3.1082093715667725,3.1210702085056488,3.0211719489211766,3.023265471383242,861557200
2007-05-08,3.142305850982666,3.1449975796966183,3.0932537324677787,3.094749447904038,783997200
2007-05-09,3.1967415809631348,3.199134206638791,3.1372210488729984,3.1378198542140057,717757600
2007-05-10,3.210498571395874,3.2553634342224904,3.1680271322050992,3.189262851800487,1197257600
2007-05-11,3.2523727416992188,3.2640379640892148,3.193749922622395,3.222463425369871,653696400
2007-05-14,3.2709169387817383,3.2900589411758694,3.237717088485144,3.278693620600122,651946400
2007-05-15,3.215883731842041,3.2960413878497774,3.184777599951988,3.2771982867404046,954514400
2007-05-16,3.210498571395874,3.255064530811891,3.0932529598322365,3.2460910391090474,1126767600
2007-05-17,3.273310661315918,3.286172500278139,3.204818214081541,3.204818214081541,735291200
2007-05-18,3.2906572818756104,3.309201275026166,3.283179504591532,3.2969382474045745,621345200
2007-05-21,3.349281072616577,3.363337924305444,3.291555154875115,3.299331837870783,639892400
2007-05-22,3.395939350128174,3.4022205163811505,3.350177765437883,3.3645343175366023,572409600
2007-05-23,3.3764984607696533,3.4396076294261326,3.3675249667406106,3.4102963187709894,911374800
2007-05-24,3.310696601867676,3.423455890601107,3.301126100006494,3.3741058689035,887362000
2007-05-25,3.3983325958251953,3.4031178475590522,3.3349243164870717,3.3498790767458724,632959600
2007-05-29,3.4201669692993164,3.4354204327018167,3.370516640431611,3.423157601742213,645694000
2007-05-30,3.5523664951324463,3.5556562299345353,3.395640062919342,3.4186702032169003,1478444800
2007-05-31,3.6247482299804688,3.654059541763169,3.5753978046205512,3.5912494738469043,1297066400
2007-06-01,3.5413002967834473,3.624748489255077,3.5380109603744025,3.6220565605512567,885262000
2007-06-04,3.6289355754852295,3.6408997031926615,3.526345576414237,3.5481801094803,886673200
2007-06-05,3.669013261795044,3.6696118672980353,3.6041094900834376,3.631327071982963,920785600
2007-06-06,3.6980271339416504,3.710290365897276,3.647480287373958,3.657948500682264,1112241200
2007-06-07,3.7108876705169678,3.8167681988204802,3.684567788869255,3.738405562223142,1915079600
2007-06-08,3.723449945449829,3.7635293713255287,3.657648844686672,3.763229469478942,1241682400
2007-06-11,3.5948374271392822,3.7730984588085996,3.57539652684569,3.7686123122297484,1874258400
2007-06-12,3.6005218029022217,3.6403017270077602,3.5386086429029984,3.569714574823661,1426566400
2007-06-13,3.514381170272827,3.624747419191273,3.4515711164060137,3.623551406123797,1721353200
2007-06-14,3.5517685413360596,3.572704963750826,3.482079102775211,3.505408350457188,973266000
2007-06-15,3.6041102409362793,3.609194994410268,3.5849680389590826,3.607699478682624,811218800
2007-06-18,3.741395950317383,3.7440874794062777,3.665126641609967,3.6872590773212144,910604800
2007-06-19,3.698624610900879,3.739002330695938,3.6761922781236853,3.7294310316607295,943026000
2007-06-20,3.635514736175537,3.7285342033647186,3.634019620005119,3.704905857027257,897512000
2007-06-21,3.705803632736206,3.7174686564159765,3.6106912202904464,3.640002532402157,867045200
2007-06-22,3.678884506225586,3.722253664552898,3.6603405101550783,3.7043074754491956,631876000
2007-06-25,3.6591453552246094,3.7413967445606806,3.6208605421594133,3.7144778539273107,965403600
2007-06-26,3.5786874294281006,3.708794522609683,3.550871631241552,3.7081963162255978,1345005200
2007-06-27,3.6456844806671143,3.6501710279737405,3.5670227472441924,3.607400474993866,974696800
2007-06-28,3.605905532836914,3.6636312526883015,3.5891561528977443,3.6597429110706847,838143600
2007-06-29,3.6501717567443848,3.708794788578649,3.621758149472829,3.6480780342499393,1137841600
2007-07-02,3.6268415451049805,3.6516663065827437,3.568218528782337,3.620560379283638,994862400
2007-07-03,3.803607940673828,3.8104869134945156,3.634020055868734,3.6489748133958395,1162481600
2007-07-05,3.9705028533935547,3.9770835213438778,3.849069383178257,3.8523599168217224,1453051600
2007-07-06,3.957043170928955,3.9881494924778185,3.9002151820422166,3.981868327683646,874694800
2007-07-09,3.8981218338012695,3.974989736774582,3.863725375018153,3.959436374842188,995820000
2007-07-10,3.9585397243499756,4.022844901410849,3.8526592117057663,3.8547529336416178,1255007600
2007-07-11,3.9597344398498535,3.998916542137609,3.9274325067493594,3.950163940416229,821772000
2007-07-12,4.009984016418457,4.0150687698819745,3.959735486746388,4.003403747230375,704608800
2007-07-13,4.119454383850098,4.123042823449816,4.02344425672761,4.0386981200516745,907606000
2007-07-16,4.130519390106201,4.1867495724806245,4.1125732048772266,4.139192980296974,936112800
2007-07-17,4.154746055603027,4.175383771830211,4.112573713112936,4.136501963041977,709959600
2007-07-18,4.131117820739746,4.140689120973792,4.068905567228326,4.1332115426659435,756856800
2007-07-19,4.18734884262085,4.211576201146408,4.176880630248979,4.196321539034352,732891600
2007-07-20,4.299510955810547,4.3123719961457185,4.187349633761876,4.23670087103883,1167773600
2007-07-23,4.298012733459473,4.343475599885742,4.2151627832232625,4.286347714124777,1036490000
2007-07-24,4.034509658813477,4.217257268802113,4.012376028372966,4.153849005967594,1795292800
2007-07-25,4.105396747589111,4.138297700801498,4.037801020607831,4.108088277097316,1496182800
2007-07-26,4.366806983947754,4.441580788944421,4.096424074459421,4.364114655750539,2186629200
2007-07-27,4.302501201629639,4.454142940777069,4.300407878417572,4.372489358720438,1161098400
2007-07-30,4.230118274688721,4.350355329706379,4.174486693196984,4.316856579831884,1106988400
2007-07-31,3.9408926963806152,4.291433986735858,3.9337146204049356,4.276179327360561,1762392800
2007-08-01,4.037799835205078,4.0491653543214,3.8215526741849417,3.997122609941498,1750156800
2007-08-02,4.0823655128479,4.096423361115787,4.012376572673069,4.08715076398542,852644800
2007-08-03,3.943585157394409,4.066214253435962,3.9331165472097376,4.045576535551398,679187600
2007-08-06,4.045277118682861,4.04587492559612,3.837405238890789,3.974989881005661,925170400
2007-08-07,4.038698196411133,4.104798804514106,3.966915026938312,4.036006267655395,949936400
2007-08-08,4.008188724517822,4.093431517650702,3.948070993178626,4.090440885742427,808096800
2007-08-09,3.780277729034424,3.9779800811185253,3.74139512568641,3.9214507946513266,1125395600
2007-08-10,3.7387051582336426,3.8209565551084426,3.5981302250916123,3.6824749453747616,1410749200
2007-08-13,3.8221538066864014,3.868812720929609,3.7835698824288313,3.838005482047654,752911600
2007-08-14,3.709691286087036,3.8374051218469907,3.7001195870443695,3.8371064180677794,739006800
2007-08-15,3.5861659049987793,3.7345179140946203,3.5786879248258336,3.671108827277287,992852000
2007-08-16,3.5009219646453857,3.5442911209947385,3.338513153698778,3.499725951429671,1866690000
2007-08-17,3.6507692337036133,3.6938388851193067,3.5837717319436844,3.6492737180985606,1195062400
2007-08-20,3.655555009841919,3.7237493332264178,3.6041104636420345,3.707598161706493,803317200
2007-08-21,3.815570831298828,3.857145368305169,3.6190652633836584,3.655255943971059,1303047200
2007-08-22,3.963324785232544,3.9705028607605817,3.8981219025584433,3.9247416808448965,1061765600
2007-08-23,3.920255661010742,3.9881512933911223,3.8810747364720024,3.980673313541839,866838000
2007-08-24,4.046773433685303,4.048867155973447,3.8825693796882557,3.904104808937737,911834000
2007-08-27,3.9555490016937256,4.027631671806198,3.951062453885267,3.9896463657013124,707439600
2007-08-28,3.793138027191162,3.9603330294341714,3.7874550695361395,3.9178607978752327,1179365600
2007-08-29,4.010282039642334,4.013273469920429,3.8744932282630358,3.8846615354544833,1166860800
2007-08-30,4.075185775756836,4.135005190158327,3.9570428616006623,3.968109275560182,1435582400
2007-08-31,4.1418867111206055,4.17688139158835,4.109883462451564,4.1720957396492695,876887200
2007-09-04,4.31177282333374,4.358731228450395,4.182563831139273,4.185554463891088,1316842800
2007-09-05,4.0904412269592285,4.362020097927296,4.07070041909622,4.335998922599353,2328222400
2007-09-06,4.038098335266113,4.114666725146906,3.969306225934133,4.054549004254369,1901261600
2007-09-07,3.941190719604492,3.957043183181728,3.8882510706645066,3.9483695930137666,1430576000
2007-09-10,4.088945388793945,4.1287249065227964,4.0063949227410784,4.097319876981266,1487838800
2007-09-11,4.052456855773926,4.136502855091385,4.000413699628226,4.124538727546764,971885600
2007-09-12,4.093133449554443,4.169402768902218,4.06023289621435,4.0674113730173005,1022770000
2007-09-13,4.103601455688477,4.157438825751721,4.08715078211055,4.152353672763705,656163200
2007-09-14,4.1517558097839355,4.156840164030053,4.07369188381409,4.08475830109876,607320000
2007-09-17,4.139791965484619,4.20499485969631,4.115565806539468,4.157140348813901,793371600
2007-09-18,4.214865684509277,4.272591803841167,4.122445191080645,4.159234485602244,1064089600
2007-09-19,4.210381507873535,4.281865209973422,4.169404749329836,4.277678162519608,1026880400
2007-09-20,4.196621417999268,4.240888299213277,4.167010995223311,4.191835766047831,691840800
2007-09-21,4.311474323272705,4.326429086470764,4.196621470362601,4.2214462414968725,1138880400
2007-09-24,4.434999465942383,4.4819582589172535,4.386247252162949,4.388639677912256,1052161600
2007-09-25,4.581557273864746,4.582754085866101,4.391331653546624,4.391930658552307,1192550800
2007-09-26,4.56929349899292,4.635992299082744,4.523831420504643,4.62014063183992,975268000
2007-09-27,4.621037483215332,4.621635290132102,4.555834598942557,4.59920375363992,658198800
2007-09-28,4.590230941772461,4.624029600105167,4.5686963121276305,4.589334031595881,615101200
2007-10-01,4.676070690155029,4.708074723540729,4.574079323039067,4.624925654707472,837068400
2007-10-02,4.739178657531738,4.743366099392759,4.662609889418807,4.682349888090751,792069600
2007-10-03,4.723329544067383,4.761015748832654,4.696111951368419,4.719142498577578,692518400
2007-10-04,4.6730804443359375,4.72811382483412,4.591128180532949,4.725721399047072,656958400
2007-10-05,4.828909397125244,4.832797738120307,4.716748909268575,4.7367880218775165,943471200
2007-10-08,5.022127151489258,5.022127151489258,4.8743729681078705,4.889926733627566,835928800
2007-10-09,5.020631790161133,5.117837943510473,4.98533840783266,5.090619949023665,1104286400
2007-10-10,4.988626956939697,5.021227997894943,4.953034485550147,5.0113583939456925,667590000
2007-10-11,4.8522419929504395,5.140869076568884,4.582456819004515,5.069385387892046,1643992000
2007-10-12,5.002385139465332,5.003282848173977,4.839377530909203,4.8755686095778445,988176000
2007-10-15,4.994309902191162,5.071775623112334,4.890224798990421,5.02422021786856,1077930000
2007-10-16,5.072076320648193,5.090021714196585,4.939575997430656,4.9512414217115674,1067830400
2007-10-17,5.166889190673828,5.175562783489712,5.060111752264025,5.165094571607779,1127613200
2007-10-18,5.189320087432861,5.209957002946901,5.116041825951648,5.129500666533127,823676000
2007-10-19,5.097200393676758,5.223119642879197,5.084638059606365,5.211454618385261,1291780000
2007-10-22,5.215043544769287,5.23119511617945,5.083441342787337,5.095106366583566,1649499600
2007-10-23,5.567975997924805,5.640955563217824,5.466283730586754,5.639759550052154,1795164000
2007-10-24,5.561098575592041,5.599382588327464,5.361003720181921,5.557509337084641,1288481600
2007-10-25,5.466882705688477,5.560201303461091,5.433383947139523,5.5293940742808045,973602000
2007-10-26,5.524308204650879,5.54434731417834,5.46987263710069,5.541954489318562,706876800
2007-10-29,5.535971164703369,5.580836221256252,5.524306944845132,5.54673847478032,540554000
2007-10-30,5.5931010246276855,5.6639868777180435,5.525206203201338,5.5685753636561435,939414000
2007-10-31,5.681334495544434,5.686418849709195,5.53178611666681,5.61194336408088,833310800
2007-11-01,5.60626220703125,5.685822061073372,5.383734217743251,5.640956980303517,805036400
2007-11-02,5.619124412536621,5.666082426792195,5.488119978770041,5.65920345108366,1002114400
2007-11-05,5.568575382232666,5.651723666749503,5.510550565767313,5.541955599670844,804176800
2007-11-06,5.736368179321289,5.742648945968097,5.541357323395414,5.594596085337118,954727200
2007-11-07,5.572163105010986,5.762987293566502,5.567078751520082,5.701073748987237,994327600
2007-11-08,5.2482428550720215,5.590109748140971,5.0179386348583686,5.583230775443096,1890378000
2007-11-09,4.946155071258545,5.237774234922586,4.941369421157211,5.119033087139611,1526380800
2007-11-12,4.598904609680176,5.015844780510536,4.505287328539324,4.94346302250316,1769065200
2007-11-13,5.083442211151123,5.1139503408006535,4.598906167503899,4.810965562240086,1739446800
2007-11-14,4.968287944793701,5.311052521148856,4.897402105134097,5.298789692986524,1449168000
2007-11-15,4.914152145385742,5.072374517165568,4.794513680649266,4.976663505774398,1487410400
2007-11-16,4.976663112640381,4.995506210279863,4.76550109729684,4.94406127117708,1383494000
2007-11-19,4.903682708740234,5.030798720458619,4.848350237124708,4.967988671956373,1154428800
2007-11-20,5.050241470336914,5.13817581003044,4.89112216997069,4.95512945287784,1543642800
2007-11-21,5.038578033447266,5.154925995912566,4.925219905289413,4.960214184733237,1217809600
2007-11-23,5.130699157714844,5.145952621856627,5.0771604849388465,5.144457105894353,465757600
2007-11-26,5.16060733795166,5.3020791178720605,5.15492397943442,5.192012366329353,1305754800
2007-11-27,5.228501796722412,5.257813103568051,5.08493589433301,5.240764625204917,1317030400
2007-11-28,5.390314102172852,5.401679223470616,5.244653660005346,5.288621025430684,1150912000
2007-11-29,5.51204776763916,5.5383676545041896,5.358311499065636,5.366686389707786,1050926800
2007-11-30,5.450132369995117,5.614036895703202,5.374760376155011,5.603269582107939,1187802000
2007-12-03,5.349637985229492,5.50756130216981,5.314943207198896,5.439366961065231,961469600
2007-12-04,5.378049850463867,5.410650890384619,5.29370437353129,5.29849042247235,773799600
2007-12-05,5.54823637008667,5.563191128052289,5.45581589397855,5.470172445652079,892402000
2007-12-06,5.681334495544434,5.685821042751557,5.566780386209084,5.568874108239075,899810800
2007-12-07,5.81144380569458,5.832081531453011,5.6242087575574535,5.698982975772685,1066066400
2007-12-10,5.808749675750732,5.8521188396364305,5.763287588207999,5.790206475976946,722377600
2007-12-11,5.639160633087158,5.887111919118939,5.604764973555489,5.824899670445053,1110925200
2007-12-12,5.708553314208984,5.816825474553956,5.556013881638288,5.785719142056366,1225660800
2007-12-13,5.737563610076904,5.746238399593284,5.617626448628716,5.688512293689851,864617600
2007-12-14,5.694494724273682,5.7785407132595346,5.669071755039957,5.693896917306638,674312800
2007-12-17,5.515334606170654,5.7620890743842335,5.4728631637350045,5.704364172433614,1024693600
2007-12-18,5.472864627838135,5.6029717165401145,5.341860229590923,5.578745157492199,1222603200
2007-12-19,5.477051734924316,5.522514617074974,5.410652030678224,5.472864290637896,827478400
2007-12-20,5.599381446838379,5.617925442676178,5.48333262011728,5.546142683845428,774057200
2007-12-21,5.799776554107666,5.799776554107666,5.679540275212563,5.686419248742893,993960800
2007-12-24,5.946033954620361,5.961886420254443,5.826096796119578,5.833274472450459,480202800
2007-12-26,5.950520992279053,6.010639527387042,5.886813618709627,5.952315611178095,703732400
2007-12-27,5.939154624938965,6.070457294964022,5.916124484358874,5.950520143675417,795527600
2007-12-28,5.976841449737549,6.028584695405369,5.888608020471383,5.999572888950574,699647200
2007-12-31,5.924500942230225,5.996881921556594,5.91463053641068,5.9669723995647574,539333200
2008-01-02,5.8275933265686035,5.989704076166003,5.75910108560987,5.9600936562327655,1079178800
2008-01-03,5.830285549163818,5.9038633421722775,5.763288026837549,5.844642503379505,842066400
2008-01-04,5.385228633880615,5.772558414285618,5.350533867694325,5.726198625654056,1455832000
2008-01-07,5.313147068023682,5.491408555739918,5.091516421334774,5.421120512047776,2072193200
2008-01-08,5.1220245361328125,5.457312011780136,5.108565292412545,5.387920872915433,1523816000
2008-01-09,5.36578893661499,5.368779569347936,5.033791564942572,5.123520530349073,1813882000
2008-01-10,5.324512481689453,5.413643223757555,5.246448556177726,5.3113523424185205,1482975200
2008-01-11,5.165093898773193,5.319427923655493,5.084637151142846,5.264094641667048,1232285600
2008-01-14,5.347244739532471,5.366386545397601,5.239270482490759,5.309558535520619,1100450400
2008-01-15,5.0559234619140625,5.360402834401249,4.924918698377135,5.315538966146074,2343278000
2008-01-16,4.774774551391602,5.05502706674997,4.686840205700299,4.9419688504821355,2213845200
2008-01-17,4.812160491943359,4.945856819301945,4.738284002473104,4.8307048892774915,1757859600
2008-01-18,4.826217174530029,4.95752064467626,4.773875328205147,4.836685384060368,1724343600
2008-01-22,4.655133247375488,4.784941186856041,4.366805070497231,4.428418706736974,2434754000
2008-01-23,4.1595330238342285,4.187348821848474,3.7728013843262835,4.0733933017430815,3372969600
2008-01-24,4.055745601654053,4.208285010944452,3.9483703679319406,4.187049086981425,2005866800
2008-01-25,3.888550043106079,4.160129646350831,3.8765867187266245,4.157139014924242,1554739200
2008-01-28,3.888550043106079,3.9839619277674565,3.782071344621088,3.8332175713342123,1474844000
2008-01-29,3.934311866760254,3.9716989550114827,3.8598375920263437,3.9226476447129994,1099982800
2008-01-30,3.9534554481506348,4.051260197866688,3.888252547897743,3.9292288876241575,1243051600
2008-01-31,4.048568248748779,4.087150960202478,3.8703067533943165,3.8718014705659445,1345674400
2008-02-01,4.000412940979004,4.0853558344168075,3.953454547945085,4.074887624137185,1010744000
2008-02-04,3.93760347366333,4.064718729832742,3.9307237012570213,4.014171490939907,899234000
2008-02-05,3.8691091537475586,4.007889801216429,3.85535041077464,3.9011123876418137,1141042000
2008-02-06,3.648974657058716,3.9456785671371346,3.642095684532752,3.9130767259076165,1573272400
2008-02-07,3.6262423992156982,3.7321228846569072,3.507500881666594,3.588257509005705,2083331600
2008-02-08,3.753061056137085,3.7596409264300026,3.6370110248077197,3.6513679767268177,1355972800
2008-02-11,3.8718016147613525,3.887654083308489,3.8045053959145023,3.8287323541687197,1201432400
2008-02-12,3.7345175743103027,3.9181621508970346,3.6974291760740625,3.909189454046751,1225980000
2008-02-13,3.870307207107544,3.881672729525063,3.7575476951976436,3.788952732950392,968534000
2008-02-14,3.8122823238372803,3.912180795745149,3.798822280528664,3.870307146505998,954097200
2008-02-15,3.727638006210327,3.800916706270448,3.710589919364661,3.7766905406482048,901300400
2008-02-19,3.65435791015625,3.7910452350549875,3.632225078853808,3.7683137982003956,1005046000
2008-02-20,3.703411102294922,3.7267403528389824,3.6394042165545297,3.6549575826995158,967439200
2008-02-21,3.6352150440216064,3.7826700537622022,3.614877234431684,3.770108124875513,938114800
2008-02-22,3.5730035305023193,3.664227563708176,3.4656275334414417,3.6633306539047696,1529878000
2008-02-25,3.5813803672790527,3.594241405955919,3.489258575400204,3.546983498172928,1256774400
2008-02-26,3.5637331008911133,3.6217583285034274,3.4527685985574608,3.518570110768235,1504888000
2008-02-27,3.6776888370513916,3.6803803663321237,3.5320287832244737,3.5362158284037726,1475138000
2008-02-28,3.885559558868408,3.95405256859267,3.761733675939663,3.8045042194630887,1618254400
2008-02-29,3.739302158355713,3.8945327012962796,3.732721888993948,3.867016009911295,1255480800
2008-03-03,3.6408987045288086,3.768015130533211,3.529336039614525,3.721954050167126,1593043200
2008-03-04,3.7273385524749756,3.7351152355333768,3.601120199066901,3.6486764089908443,1785383600
2008-03-05,3.723449945449829,3.742891651709565,3.6564524319937655,3.6962319560228782,1221836000
2008-03-06,3.616971731185913,3.8134772877141203,3.6133820944446677,3.727038483568718,1473698800
2008-03-07,3.6564531326293945,3.6782872691220385,3.5607428942139747,3.601419336220353,1230462800
2008-03-10,3.5798838138580322,3.692643307766908,3.5703125128561166,3.6483772386430195,999588800
2008-03-11,3.808990955352783,3.812879296093338,3.6489747720885357,3.711785232195307,1163943200
2008-03-12,3.7695112228393555,3.8487719787346135,3.7437891446115885,3.799720648037336,1059629200
2008-03-13,3.826638698577881,3.8732975974817396,3.6788849197106184,3.7117858707619615,1262102800
2008-03-14,3.7868590354919434,3.8972249121852216,3.7147759691132687,3.8846625788566502,1156640800
2008-03-17,3.7904469966888428,3.846079381451692,3.665425479555648,3.665425479555648,1072598800
2008-03-18,3.972598075866699,3.9779823339169353,3.848473416890154,3.863727283908097,1205120000
2008-03-19,3.878380298614502,4.016562716631851,3.878380298614502,3.98156885687732,1010536800
2008-03-20,3.986058235168457,3.9866560423723483,3.863727393615962,3.9217522300535292,908787600
2008-03-24,4.173290252685547,4.212771068313079,3.9971228967281345,4.008188914184636,1066920400
2008-03-25,4.216660499572754,4.280068784016229,4.107490621092628,4.18615237087825,1052391200
2008-03-26,4.338690280914307,4.359028893067399,4.206489900924102,4.213368873120783,1182084400
2008-03-27,4.194826126098633,4.3461687363645805,4.187049443664449,4.335401421561618,999829600
2008-03-28,4.2773756980896,4.326427010318154,4.235203357989229,4.2411854201325125,714610400
2008-03-31,4.292030334472656,4.358130907490793,4.262719035585888,4.285151363973699,768065200
2008-04-01,4.472385406494141,4.47627374625658,4.295321187812134,4.375777514569609,1032567200
2008-04-02,4.411372661590576,4.522337567786876,4.362321327499449,4.4499557816017825,1044968400
2008-04-03,4.534599781036377,4.59501742933806,4.3967164007313215,4.398511019928703,1051568000
2008-04-04,4.578566074371338,4.627318287071383,4.508876642632907,4.551946295216296,854417200
2008-04-07,4.662612438201904,4.776268841204018,4.639282791559669,4.6697901152144095,1158326400
2008-04-08,4.571389198303223,4.679363478432961,4.5558366274634805,4.592625929090915,1014294400
2008-04-09,4.529513359069824,4.602792025098425,4.500202052393025,4.5854448430542805,873398400
2008-04-10,4.622533321380615,4.648554496545336,4.5043899741129625,4.52024244093382,955763200
2008-04-11,4.400903224945068,4.585146377191827,4.378769591298477,4.567799192736735,1210076000
2008-04-14,4.420045375823975,4.464012744742925,4.323138740569139,4.389837152563124,845087600
2008-04-15,4.437990188598633,4.478069203720593,4.358430763867324,4.468497505567289,698037200
2008-04-16,4.597109317779541,4.609072642316042,4.504987565748301,4.537887706565069,795774000
2008-04-17,4.620737075805664,4.665900836514938,4.586640526996766,4.6111657784531275,704267200
2008-04-18,4.816647529602051,4.853136917555576,4.737087685421686,4.759220520857376,1026765600
2008-04-21,5.029603958129883,5.0397734668393825,4.838182703873961,4.851641549080757,1039152800
2008-04-22,4.79152250289917,5.024817342803465,4.728412544059386,5.006871155832947,1439572400
2008-04-23,4.871981620788574,4.930305558880597,4.817845128365443,4.906677199851163,1504190800
2008-04-24,5.052931785583496,5.084038110008205,4.761313438380029,4.945257859564074,1696066400
2008-04-25,5.076561450958252,5.117536981074537,4.977559915529794,5.105573654941121,992474000
2008-04-28,5.151638031005859,5.1968010336841015,5.0586184984990625,5.077162504470763,787214400
2008-04-29,5.235682487487793,5.253926585977968,5.092115736612288,5.117837814972161,923476400
2008-04-30,5.202779769897461,5.383732764788048,5.171972547875214,5.26977727142854,1139524400
2008-05-01,5.383731842041016,5.383731842041016,5.2299964587457435,5.232987090096443,903576800
2008-05-02,5.411850929260254,5.44116225189313,5.340367242349893,5.38941858269923,1006082000
2008-05-05,5.525206089019775,5.542553672975865,5.415138522078835,5.441160097681302,854557200
2008-05-06,5.582932472229004,5.596690419595982,5.44893744461653,5.523112635944364,918870400
2008-05-07,5.461198806762695,5.628992472540584,5.399884260799878,5.564686495860189,1157133600
2008-05-08,5.53507661819458,5.578146276228033,5.475556285977859,5.496492708992313,899085600
2008-05-09,5.486922740936279,5.510850197951769,5.424710474155243,5.4782491475857595,673072400
2008-05-12,5.627797603607178,5.6490335344067955,5.468977376477243,5.539564543427318,818563200
2008-05-13,5.681633949279785,5.726199122943861,5.618823881850908,5.64125542126074,823236400
2008-05-14,5.570967674255371,5.749826958534019,5.550329957017203,5.719618340191996,916823600
2008-05-15,5.674755096435547,5.679840250411168,5.509354613095332,5.5874193539527335,873208000
2008-05-16,5.611644744873047,5.691803191505542,5.593100748807341,5.686119832287524,765769200
2008-05-19,5.491408824920654,5.643648744848533,5.4226162936373,5.618823980342099,945820400
2008-05-20,5.5602006912231445,5.567976574620151,5.387322660766673,5.438168600033687,969850000
2008-05-21,5.3295979499816895,5.621515874975224,5.271573129076642,5.553321545600511,1157657200
2008-05-22,5.295499801635742,5.423512753431691,5.14445630693424,5.361600398892378,1206735600
2008-05-23,5.418727874755859,5.443253935076624,5.317932503647155,5.406763748093695,906917200
2008-05-27,5.576051235198975,5.576051235198975,5.438766508061361,5.465984091144589,789905200
2008-05-28,5.5934014320373535,5.621516335554167,5.494998870391769,5.605364761955493,743979600
2008-05-29,5.583827972412109,5.628991741727475,5.548235502273121,5.585921694106942,647186400
2008-05-30,5.645440101623535,5.669069240137159,5.604464186008065,5.606557907142184,610184400
2008-06-02,5.566183090209961,5.672361522498911,5.519224291134706,5.640956487839451,679840000
2008-06-03,5.54434871673584,5.6289933202167415,5.45372284826559,5.588913893013123,750520400
2008-06-04,5.538963794708252,5.595792186473166,5.4803411836554625,5.503969530204389,726983600
2008-06-05,5.665781497955322,5.678044727780445,5.554218812220044,5.573361015537224,755445600
2008-06-06,5.552424430847168,5.68133510575446,5.549732901570452,5.623011183807445,966422800
2008-06-09,5.431887626647949,5.531486977310895,5.256617576273393,5.527000829469782,1888392800
2008-06-10,5.552424430847168,5.58652099527355,5.354422119539245,5.398988093913351,1140941200
2008-06-11,5.407958984375,5.563189888556777,5.371469606697354,5.513539576048792,961550800
2008-06-12,5.182141304016113,5.46149758760929,5.120527667561314,5.428297545431708,1308333600
2008-06-13,5.155523777008057,5.209062053067702,4.944362503513869,5.133690041563647,1345957200
2008-06-16,5.289219379425049,5.320923518686781,5.056821793010569,5.123520206602773,1051730400
2008-06-17,5.426506042480469,5.443255425055625,5.3062689326333174,5.32690665743803,899656800
2008-06-18,5.346345901489258,5.449534078559373,5.304472664042359,5.41723134197224,811468000
2008-06-19,5.410650730133057,5.453721175961116,5.288022056679568,5.340363899668538,791949200
2008-06-20,5.242262363433838,5.413644516025996,5.234186576451448,5.364293283140437,888367200
2008-06-23,5.179152965545654,5.26050704174415,5.13129725075903,5.226409675240571,645780800
2008-06-24,5.181842803955078,5.2575138944843225,5.133389297900122,5.155522129478726,621947200
2008-06-25,5.305668830871582,5.348738881344589,5.20068603209731,5.222519761116277,644450800
2008-06-26,5.032594203948975,5.229399668733689,5.025116625776956,5.2063691273004915,869610000
2008-06-27,5.087329864501953,5.101686418039093,4.909666566055202,4.980253320338108,1042249600
2008-06-30,5.008067607879639,5.144455424365333,4.983541553451696,5.090318962236305,684196800
2008-07-01,5.224615097045898,5.225811509891803,4.905180454587271,4.912059429114492,1111280800
2008-07-02,5.0302019119262695,5.307463729189215,5.0302019119262695,5.240167121199411,837519200
2008-07-03,5.088225364685059,5.149540701918801,4.957520503810318,5.072373698953026,523362000
2008-07-07,5.238970756530762,5.297892481775036,5.141465921610032,5.17915212114207,820391600
2008-07-08,5.370274066925049,5.374760614178694,5.166589613649358,5.246149454267399,888350400
2008-07-09,5.211752891540527,5.410950793748677,5.20846315628749,5.389714869824663,895776000
2008-07-10,5.282937049865723,5.304172571266632,5.125612413487038,5.231791617837912,840688800
2008-07-11,5.161805152893066,5.297296126305462,5.114548437953999,5.24824479191249,930011600
2008-07-14,5.200687408447266,5.362797348519689,5.176759951262455,5.361003528003748,886054400
2008-07-15,5.073868274688721,5.196498147072779,4.976662564602938,5.158811955943875,1040043200
2008-07-16,5.168684482574463,5.172273321837054,5.042765223075277,5.090619741049294,747790400
2008-07-17,5.138774394989014,5.233588514258455,5.126212060295366,5.207267432043192,757526000
2008-07-18,4.939575672149658,5.074169708929788,4.935089523726343,5.040371049137714,868414400
2008-07-21,4.973672866821289,5.0098631499400925,4.819039733055278,4.99191696095063,1360469600
2008-07-22,4.845958232879639,4.868091065538035,4.38265747396135,4.456534748098967,1879592400
2008-07-23,4.972774982452393,5.035884147490432,4.832199701691673,4.93478968243921,1061768400
2008-07-24,4.756528377532959,4.942865231713704,4.739180795618782,4.914749537962419,839619200
2008-07-25,4.848948955535889,4.875269631788848,4.745162165519173,4.797504015556768,633637200
2008-07-28,4.61804723739624,4.859417490769634,4.60668091829493,4.855529149797515,780712800
2008-07-29,4.698205471038818,4.769091329481988,4.595615473236405,4.648256037151353,684070800
2008-07-30,4.781952857971191,4.800197755034909,4.668296429850113,4.71914277918543,725183200
2008-07-31,4.754136085510254,4.851342216017603,4.695214360623417,4.711963738165309,637498400
2008-08-01,4.685643196105957,4.785242961946124,4.65842560423878,4.782550234537928,544639200
2008-08-04,4.583054542541504,4.722732979208465,4.573483237563364,4.683849952071597,592527600
2008-08-05,4.804683685302734,4.809468936865339,4.630609627207767,4.648555019406745,688371600
2008-08-06,4.910860061645508,5.006869331600981,4.72571929355429,4.784640988626538,791408800
2008-08-07,4.892320156097412,4.9694871989876335,4.830406979963835,4.8665972760182825,672372400
2008-08-08,5.071179389953613,5.074170821786389,4.8977034985538035,4.900993634299397,713997200
2008-08-11,5.191115379333496,5.279049710617902,5.0747670468688995,5.086731173123007,891304400
2008-08-12,5.2859296798706055,5.36249769473518,5.18962045661317,5.189919559780688,836278800
2008-08-13,5.362797737121582,5.383734563177962,5.261105437712186,5.323317709441522,842346400
2008-08-14,5.363395690917969,5.397193551984876,5.319129617763769,5.333785274420655,711300800
2008-08-15,5.256318092346191,5.376255241071176,5.235680377728117,5.3550197195881,708251600
2008-08-18,5.245852470397949,5.318233465314829,5.198894055512287,5.251235929940547,552014400
2008-08-19,5.1902174949646,5.296097596419148,5.138772560401788,5.220425710075977,616204400
2008-08-20,5.259309768676758,5.292210317625779,5.192610961961443,5.227306529208346,506951200
2008-08-21,5.212950706481934,5.247645080574821,5.141167535332751,5.218333765445701,539744800
2008-08-22,5.287724018096924,5.308959543189748,5.251233832934033,5.258711411724923,439611200
2008-08-25,5.160907745361328,5.2709757312476215,5.1342879586960875,5.268582106866112,484425200
2008-08-26,5.193508625030518,5.230596218559026,5.162701399137629,5.167187946501155,445550000
2008-08-27,5.2243146896362305,5.256916532211672,5.150139108390999,5.183637861040234,477780800
2008-08-28,5.196499347686768,5.271572644196056,5.1668889332456,5.242560436080434,431384800
2008-08-29,5.070579528808594,5.189320675442584,5.055923874851697,5.173169505843491,599289600
2008-09-02,4.970680236816406,5.1893197945517375,4.935087769247239,5.156419254681565,780763200
2008-09-03,4.993711948394775,5.045156895288003,4.905179805532817,4.990122710331991,734834800
2008-09-04,4.8220295906066895,5.022125572329317,4.809766762770438,4.960810235138306,743386000
2008-09-05,4.790923118591309,4.857322801579505,4.715251639845362,4.743367328195787,786884000
2008-09-08,4.723329544067383,4.931800083083952,4.530113667684152,4.922228780623328,1045979200
2008-09-09,4.536691188812256,4.784342521648335,4.480162310282663,4.691622973109477,1245025600
2008-09-10,4.534599781036377,4.635694266468551,4.450554177979322,4.5558357088686705,973142800
2008-09-11,4.565703868865967,4.575873372649374,4.366804731686328,4.432007599775039,971135200
2008-09-12,4.454738616943359,4.513660714771567,4.381759076297472,4.513660714771567,793027200
2008-09-15,4.19811487197876,4.4173526522656275,4.19811487197876,4.248064291011485,920634400
2008-09-16,4.183760643005371,4.262124101331993,3.9525594091562124,4.003704470283143,1199836400
2008-09-17,3.823347806930542,4.142782757605836,3.823347806930542,4.142184152016908,1200455200
2008-09-18,4.010583400726318,4.050662031916242,3.6094947909303405,3.905301069958954,1676253600
2008-09-19,4.214565277099609,4.312968203455935,4.076981041403073,4.265112504602413,1430875600
2008-09-22,3.919656991958618,4.194825904258241,3.9079927675975497,4.1855537064616835,856713200
2008-09-23,3.793736457824707,4.061726403193557,3.7883522035489516,3.943583892274664,1280364400
2008-09-24,3.849668264389038,3.916665763502183,3.7431899535354343,3.806598215338248,1047015200
2008-09-25,3.9459774494171143,4.0315193495355945,3.843985675382475,3.8822696790352387,1006045600
2008-09-26,3.8356125354766846,3.8822714482564655,3.678886013776749,3.7360131418200857,1126451200
2008-09-29,3.148287534713745,3.5795842468017947,3.008609373843704,3.577789628096511,2622057200
2008-09-30,3.399528741836548,3.4396073636895084,3.179393827432064,3.2377169417433627,1626682400
2008-10-01,3.2637393474578857,3.3606463854175535,3.2119954937054445,3.3474864440055874,1296484000
2008-10-02,2.9939539432525635,3.253868382028514,2.9909633111911114,3.2305391357967026,1609364400
2008-10-03,2.9033288955688477,3.1853762658753495,2.830947308300143,3.1106028509999044,2294398400
2008-10-06,2.935331106185913,2.9544731080025834,2.6182893674738623,2.75048975970511,2107417200
2008-10-07,2.666743040084839,3.0358275492323075,2.6604618738079893,3.005319426652838,1878772000
2008-10-08,2.6855850219726562,2.8811936271238605,2.5626562625455684,2.5695352334465977,2207741200
2008-10-09,2.6541805267333984,2.8653425325888544,2.5901734588575382,2.792064066878072,1617383600
2008-10-10,2.895251989364624,2.9909629870476344,2.5423179100353566,2.5632547282163207,2219299600
2008-10-13,3.2978360652923584,3.3059118513407086,3.021471109913765,3.1270525382327796,1539076000
2008-10-14,3.11299467086792,3.4814813854361724,3.084879172922616,3.477293941110737,1980994400
2008-10-15,2.929647445678711,3.200330148399201,2.927852827158717,3.1058149706908385,1584175600
2008-10-16,3.047492742538452,3.093553632799814,2.7439100105919887,2.984083868257756,1980521200
2008-10-17,2.913198232650757,3.0519795290612755,2.568938817415541,2.978999941769793,1762227600
2008-10-20,2.944303512573242,2.9918601113828065,2.8007378044362525,2.9843823334939295,1549170000
2008-10-21,2.7364323139190674,2.928153460050321,2.7265619089215023,2.8997390571212933,2193660000
2008-10-22,2.897345542907715,3.0283493110075552,2.7795019123394975,2.912300299103186,2248808800
2008-10-23,2.9380228519439697,2.968530974918584,2.7486953437580537,2.886578705785329,1675430400
2008-10-24,2.8826913833618164,2.928154281060696,2.6951576291933437,2.7017375016999265,1590058400
2008-10-27,2.754377841949463,2.9200769713914574,2.74749807108835,2.8435079729705617,1208771200
2008-10-28,2.9882709980010986,3.005918284182345,2.7627530048109006,2.8542759764607526,1634133200
2008-10-29,3.12705135345459,3.2763001931778515,2.9891680311935453,3.016684715296405,1950978400
2008-10-30,3.3211653232574463,3.355561788438483,3.218575332063799,3.2371193292497167,1638089600
2008-10-31,3.2179768085479736,3.3133889073490725,3.1446983407511784,3.2122938492360578,1659756000
2008-11-03,3.199134588241577,3.263141675486666,3.136324313147917,3.1683275572679213,1057938000
2008-11-04,3.3196702003479004,3.343597653766811,3.1904604344065124,3.2897600849009616,1398681200
2008-11-05,3.0896644592285156,3.281683652695586,3.080392063702908,3.2574573005711094,1256455200
2008-11-06,2.9640445709228516,3.074111536657052,2.931143822961795,3.0223684879890462,1319074400
2008-11-07,2.9383227825164795,2.986477409753344,2.862950556886902,2.968233108962982,1095253600
2008-11-10,2.8677361011505127,3.0029273584104543,2.8264606566295996,2.9960483838814564,1123822000
2008-11-11,2.83453631401062,2.9063190848245704,2.7594630086829874,2.835732127797176,1224538000
2008-11-12,2.695456027984619,2.7887744323621417,2.6921664916841963,2.764547272053529,1178976400
2008-11-13,2.8844850063323975,2.8844850063323975,2.5728265212175336,2.687978435361856,1854087200
2008-11-14,2.699045181274414,2.811206676680485,2.6918673040069416,2.8043269042493173,1405266800
2008-11-17,2.636235475540161,2.708318158853844,2.609915588253747,2.6464049857684433,1162526400
2008-11-18,2.6891746520996094,2.7214775941644063,2.597950782708276,2.6810996653396626,1209695200
2008-11-19,2.5809030532836914,2.739124679853038,2.5785104269416914,2.675118580758966,1171900800
2008-11-20,2.407426595687866,2.5856878985740663,2.3927707394834745,2.5494974120055653,1716814400
2008-11-21,2.469937801361084,2.5159986936231977,2.3670487014869375,2.45049589461968,1569271200
2008-11-24,2.7801003456115723,2.835133729070298,2.537533076693712,2.548599494149436,1442257600
2008-11-25,2.715794563293457,2.832741310357007,2.6368329215442152,2.8303486845981993,1235292800
2008-11-26,2.8414154052734375,2.848893185197487,2.6873812453736186,2.6894749678452103,899836000
2008-11-28,2.77172589302063,2.8342370603868003,2.747498734944421,2.832442441294611,297774400
2008-12-01,2.6598637104034424,2.759762191946456,2.659564806843595,2.7307497778138683,923767600
2008-12-02,2.765744209289551,2.771128266974032,2.5871839777928507,2.6927646201959634,1148722400
2008-12-03,2.868333101272583,2.8782035037898592,2.655975086973534,2.6739204746953997,1338680000
2008-12-04,2.7340400218963623,2.8476964494772137,2.6637519636159577,2.8243669974582013,1091370000
2008-12-05,2.8115053176879883,2.826161172374295,2.6577694932325975,2.7023352635917073,1043795200
2008-12-08,2.98258900642395,3.014890951666533,2.865343156232451,2.9096094282739857,1185142000
2008-12-09,2.9927568435668945,3.098637348194321,2.9075150526065623,2.932340211486813,1203496000
2008-12-10,2.937425136566162,2.9757093464898037,2.886280088495917,2.927255827789017,938047600
2008-12-11,2.8414154052734375,3.028051415751314,2.836331050036301,2.911703261998324,1040617200
2008-12-12,2.9392189979553223,2.961052525340407,2.7675376167620813,2.77561340024997,1041174400
2008-12-15,2.833937883377075,2.877605146724352,2.7815960295830084,2.871025276691356,891758000
2008-12-16,2.854276418685913,2.8856814568080646,2.7741187557388605,2.8109080509341267,1093506400
2008-12-17,2.666743040084839,2.7247670556734023,2.6326452802962272,2.7226733335811195,1293860400
2008-12-18,2.674819231033325,2.716692684014751,2.6452080118832813,2.671229792680098,857416000
2008-12-19,2.691866159439087,2.7199808478771144,2.6559745920108617,2.6900713414657655,801920000
2008-12-22,2.5644519329071045,2.6927639909461853,2.5330467008237574,2.6924648877929633,844740400
2008-12-23,2.583594799041748,2.628159985753782,2.5692380425579606,2.598250459110312,635031600
2008-12-24,2.5435149669647217,2.5797054481061865,2.528859312626402,2.5764157129443586,271334000
2008-12-26,2.5665454864501953,2.6147000963615707,2.549497205514672,2.591370649132175,308324800
2008-12-29,2.590472459793091,2.6206816733629186,2.544411580523952,2.587780731549075,686000000
2008-12-30,2.5809030532836914,2.633544027501969,2.5339444418349197,2.614700922006914,967601600
2008-12-31,2.552786350250244,2.6242701967742184,2.552487446807502,2.5713305434664515,607541200
2009-01-02,2.7142980098724365,2.722972598373182,2.547103977132289,2.5686386006558797,746015200
2009-01-05,2.8288536071777344,2.876709128174409,2.7729222985426687,2.7866812475209093,1181608400
2009-01-06,2.782193660736084,2.9063182578548337,2.7633505639663527,2.8698288761031656,1289310400
2009-01-07,2.7220757007598877,2.7666408791200783,2.699643360312878,2.74600395652919,753048800
2009-01-08,2.7726237773895264,2.7860836249784,2.693064100031011,2.7047293278971565,673500800
2009-01-09,2.7092151641845703,2.792962277866245,2.6960552200801873,2.7878779219107,546845600
2009-01-12,2.6517882347106934,2.721477471820396,2.6185883839824764,2.705625004830674,617716400
2009-01-13,2.6233737468719482,2.6840902913836935,2.5826971143145645,2.6392262145373384,798397600
2009-01-14,2.5521888732910156,2.6096150851806734,2.5339437793998814,2.5794066630386534,1021664000
2009-01-15,2.4938647747039795,2.515998206495037,2.3942660288248545,2.4098187924670484,1831634000
2009-01-16,2.4624595642089844,2.523774108538666,2.404734457109146,2.5213814831659556,1047625600
2009-01-20,2.338932752609253,2.4525891460107343,2.338932752609253,2.450495424112564,919914800
2009-01-21,2.477414131164551,2.4789098463686603,2.372132433131117,2.374525058320123,1089270000
2009-01-22,2.642815113067627,2.691867437694132,2.566844898760808,2.6332444099006738,1409528400
2009-01-23,2.642815113067627,2.687978896518399,2.587183716207982,2.596754219706582,763770000
2009-01-26,2.6810998916625977,2.720879817185275,2.641020263945424,2.657769842885949,692238400
2009-01-27,2.713700771331787,2.7382270316616824,2.684090356104834,2.6975493997817765,618038400
2009-01-28,2.817487955093384,2.841415413305757,2.7367316854506147,2.755275685200406,861406000
2009-01-29,2.7815957069396973,2.821674526473461,2.7696315822008075,2.7842872356693404,592729200
2009-01-30,2.6957552433013916,2.8001390421703753,2.6921658060320928,2.769631720571878,651478800
2009-02-02,2.7370312213897705,2.7516868827818333,2.658967261946557,2.664949327550184,558247200
2009-02-03,2.7809972763061523,2.792961402656644,2.7002418194602953,2.74929314015067,599309200
2009-02-04,2.7980458736419678,2.878802337958194,2.7845870286495966,2.788176466628825,808421600
2009-02-05,2.885082721710205,2.9087110704702757,2.770229714684406,2.7747160619971036,749246400
2009-02-06,2.98258900642395,2.9909636957470327,2.901234738950903,2.9018325459707466,687209600
2009-02-09,3.0660362243652344,3.080691880892095,2.9760081636011577,2.9909637219822875,715010800
2009-02-10,2.9260592460632324,3.066035717898451,2.903028903944125,3.0307429460618676,849060800
2009-02-11,2.8958494663238525,2.940414626238502,2.864444442298621,2.8823906266976635,674973600
2009-02-12,2.969128131866455,2.983484879765412,2.86623907032059,2.86623907032059,817188400
2009-02-13,2.9658398628234863,2.9891693135720243,2.9347337288237427,2.9607547090532877,608977600
2009-02-17,2.827357530593872,2.902430838382114,2.8198805494062174,2.897346483187774,678238400
2009-02-18,2.822571277618408,2.866837338650879,2.773220863194698,2.8429100888614083,684779200
2009-02-19,2.7110090255737305,2.8189822665500066,2.6951565587924042,2.79266218797168,922804400
2009-02-20,2.72775936126709,2.763650753159411,2.6619576441795325,2.6739217742576273,750316000
2009-02-23,2.600642681121826,2.7516862064577094,2.5874827390336024,2.741217993561119,786982000
2009-02-24,2.6993439197540283,2.7184861226403823,2.602137988528579,2.615597031711644,807105600
2009-02-25,2.7265613079071045,2.779202258280431,2.669434210133182,2.68767930052949,833053200
2009-02-26,2.6676411628723145,2.7792038954329796,2.6607621864929967,2.751686991573612,629868400
2009-02-27,2.671229362487793,2.7307492970791483,2.6221772403679613,2.6299539229327364,706658400
2009-03-02,2.6302525997161865,2.727758429531517,2.622177014340288,2.6356366560806594,770929600
2009-03-03,2.6431145668029785,2.714000640592159,2.6284589066379564,2.659863949753973,724340400
2009-03-04,2.7268600463867188,2.7747155401760897,2.675415914692367,2.6972496405539195,741403600
2009-03-05,2.6571717262268066,2.7477975928582716,2.6455075009945284,2.705625242901752,706899200
2009-03-06,2.5512921810150146,2.6440119762454017,2.4624601283620406,2.642217157385129,1011147200
2009-03-09,2.4857888221740723,2.6200829227960662,2.4696382527048724,2.517792655019532,698297600
2009-03-10,2.650890827178955,2.667042199486604,2.5231765626515523,2.538430226068284,844258800
2009-03-11,2.7720251083374023,2.8135996566427934,2.6793055074984844,2.6861844821222793,846372800
2009-03-12,2.8817925453186035,2.8886723170693287,2.7516856707728414,2.7786045547956317,768457200
2009-03-13,2.8692305088043213,2.9072166099276133,2.8417138169001386,2.8802977250036728,601168400
2009-03-16,2.8539767265319824,2.912898648587023,2.8168885354510174,2.887176576716842,797244000
2009-03-17,2.980794668197632,2.9816915784802456,2.843508892127629,2.848594045973935,786646000
2009-03-18,3.0364253520965576,3.0950481690679137,2.9825885846373064,2.988270745547422,796037200
2009-03-19,3.0394177436828613,3.0866744567590194,2.998441200105868,3.0462967186482137,500180800
2009-03-20,3.0385191440582275,3.0839820260869493,3.0080118194918466,3.0534739028472373,695587200
2009-03-23,3.2200706005096436,3.235025357582628,3.0433050444509386,3.0720177467475196,666397200
2009-03-24,3.185375690460205,3.2733100315054307,3.1521766340982205,3.1811884454748065,640612000
2009-03-25,3.1850757598876953,3.2410068402887062,3.106413842752098,3.217677597699623,646618000
2009-03-26,3.2861716747283936,3.289461210614967,3.2176784460272803,3.2251552266529946,616252000
2009-03-27,3.195843458175659,3.2460915858810173,3.182384416364014,3.2371188913399203,492872800
2009-03-30,3.1252574920654297,3.1408100569896282,3.0690272986075278,3.125855498689319,502796000
2009-03-31,3.1440999507904053,3.213789172629269,3.1405105140996317,3.153969553929135,570080000
2009-04-01,3.25087833404541,3.260149933470877,3.1073116053171748,3.1132936688207167,589372000
2009-04-02,3.3711133003234863,3.432129129854365,3.2834780956857714,3.294245606759943,812366800
2009-04-03,3.4692184925079346,3.473405937239996,3.3953419999901073,3.4153811153915554,636241200
2009-04-06,3.5427958965301514,3.5517685920737048,3.3881627561210292,3.4378130824515787,658064400
2009-04-07,3.439608097076416,3.4895575323151875,3.415381137449728,3.4853700875560816,536580800
2009-04-08,3.479088544845581,3.4931455949173955,3.4270457921820467,3.452468762515899,455630000
2009-04-09,3.576294422149658,3.5891554579811134,3.5281396147284414,3.541898758663509,530756800
2009-04-13,3.5957353115081787,3.618466750970294,3.5592459261832525,3.5894541455243125,389236400
2009-04-14,3.538607120513916,3.5942394891609544,3.50690299587551,3.5762933061544806,454622000
2009-04-15,3.518568754196167,3.5368132454134824,3.4623385669696254,3.50540781788936,412882400
2009-04-16,3.632523775100708,3.683369700381726,3.5529639546890315,3.5649280776601393,593446000
2009-04-17,3.69144606590271,3.716271225648657,3.596632772414292,3.6244485640383948,497495600
2009-04-20,3.6041102409362793,3.6785853268263646,3.5640312181087133,3.640899129163029,466466000
2009-04-21,3.641796350479126,3.65316267031719,3.5472821444350218,3.5559557370599295,470685600
2009-04-22,3.63431978225708,3.7491730106470214,3.625047184074769,3.6678185407033044,938767200
2009-04-23,3.7506675720214844,3.804505345052593,3.6941382697418357,3.78715776017339,945156800
2009-04-24,3.705803632736206,3.742891627301097,3.6779878364808765,3.7279368680739653,540764000
2009-04-27,3.73062801361084,3.7387037984047606,3.6687148615340206,3.6758937362430313,480690000
2009-04-28,3.705803632736206,3.7748948679542926,3.686661429111208,3.6893529583160163,455856800
2009-04-29,3.742891550064087,3.794036593950192,3.703709834108803,3.7342179576127403,458110800
2009-04-30,3.7635304927825928,3.798524376467558,3.73631289458202,3.775194721340782,498489600
2009-05-01,3.8057007789611816,3.8269366996684426,3.7626307313482417,3.7626307313482417,397516000
2009-05-04,3.950166702270508,3.955550161882964,3.818863159920973,3.835612543981892,609358400
2009-05-05,3.9693081378936768,3.973794286805752,3.9217515251297344,3.9405946284380113,398255200
2009-05-06,3.963024377822876,3.9929338812420214,3.894830087062321,3.9878495292228413,473538800
2009-05-07,3.860135555267334,3.959734071571146,3.825440002193985,3.9579394533430503,531776000
2009-05-08,3.864025354385376,3.925041199179679,3.7763901278252625,3.859538407783707,467964000
2009-05-11,3.8753907680511475,3.9169653062219782,3.8021120954206773,3.809590073326401,404658800
2009-05-12,3.7213563919067383,3.8795787830216173,3.6863625170631646,3.875092235219865,609481600
2009-05-13,3.5739028453826904,3.7093938213339954,3.5706123103187664,3.6851664582522963,595971600
2009-05-14,3.677389621734619,3.6947380087334767,3.580183865537123,3.582576292084787,447826400
2009-05-15,3.6615376472473145,3.7273387563006013,3.6373106865003315,3.6585462158014836,367567200
2009-05-18,3.7880544662475586,3.7895503813843154,3.6361140543245574,3.7007191388786627,458841600
2009-05-19,3.8119826316833496,3.86761422082522,3.7608367911656315,3.793139532370678,372422400
2009-05-20,3.7647247314453125,3.8646231772857496,3.7476762528662375,3.817365682789176,388584000
2009-05-21,3.7141783237457275,3.791943155814067,3.675595210567414,3.7431909335972127,407946000
2009-05-22,3.6639294624328613,3.71417758999726,3.6414971271381154,3.7102892493278237,297998400
2009-05-26,3.9115824699401855,3.913078385533552,3.7252455370746587,3.7315267053523042,636927200
2009-05-27,3.9794762134552,4.037201116774663,3.9154689468407167,3.9414909173081343,646422000
2009-05-28,4.0398945808410645,4.049465483679811,3.9489688075210836,3.991440262914539,487552800
2009-05-29,4.062026023864746,4.0647175523408245,4.003403016176793,4.049464093408959,456534400
2009-06-01,4.16790771484375,4.187049519431694,4.067710147581245,4.08176799685127,452499600
2009-06-02,4.172094821929932,4.227427312957162,4.137997458701029,4.157140461583314,456223600
2009-06-03,4.215762615203857,4.2205478662173626,4.159532421599529,4.1873482155864865,565199600
2009-06-04,4.299211502075195,4.312372045144869,4.1885464936835834,4.19123802361105,550634000
2009-06-05,4.327025413513184,4.378768247174548,4.283357164612668,4.346167211036753,632716000
2009-06-08,4.302501201629639,4.3138667247007225,4.170300772527275,4.301604291302606,931652400
2009-06-09,4.268701553344727,4.32373492057457,4.203797385522863,4.301302589785022,676964400
2009-06-10,4.194826126098633,4.257636593903164,4.136502605188961,4.255542871709345,688623600
2009-06-11,4.18585205078125,4.234006855883357,4.143978810725592,4.173889123629535,524823600
2009-06-12,4.096722602844238,4.160429580253329,4.06890600852219,4.151755987812154,563085600
2009-06-15,4.070403099060059,4.0955273752824715,4.034511903414477,4.068010672153145,539750400
2009-06-16,4.0781779289245605,4.1415857926421955,4.070699951710524,4.0874493268193755,514805200
2009-06-17,4.05514669418335,4.11107776912171,4.023741671147668,4.0877477301380685,571412800
2009-06-18,4.064120769500732,4.127529043273298,4.055447177033354,4.070999742974169,427680400
2009-06-19,4.171794414520264,4.1723922213002576,4.094627422835233,4.129620883305573,721856800
2009-06-22,4.108685493469238,4.23400691080606,4.077579965655505,4.207387929986116,634914000
2009-06-23,4.008188724517822,4.096123046434487,3.97439126946042,4.079673572597441,706532400
2009-06-24,4.074288845062256,4.112573241888816,4.033612422190102,4.050361795884651,485525600
2009-06-25,4.183160781860352,4.193330288879533,4.0440814122454665,4.060232183543817,589447600
2009-06-26,4.260327339172363,4.293826089436112,4.179571095331473,4.181066610909014,439384400
2009-06-29,4.2462687492370605,4.3054895583919865,4.233407716858718,4.290833907634823,567616000
2009-06-30,4.260026931762695,4.301002848031942,4.2411842399279385,4.2645134771216755,434224000
2009-07-01,4.27199125289917,4.32672671974018,4.2627198556624535,4.29203116018823,414178800
2009-07-02,4.187946319580078,4.271992313132453,4.18106734605048,4.224735609919548,370479200
2009-07-06,4.145773887634277,4.157140207130448,4.075187138727169,4.1484654167564425,498688400
2009-07-07,4.0497636795043945,4.177777034685215,4.043183809420904,4.141885454703178,461596800
2009-07-08,4.1041975021362305,4.128723551067843,4.020450651073934,4.065315705886408,575929200
2009-07-09,4.07847785949707,4.127230483912782,4.065616821015922,4.120351509532969,343025200
2009-07-10,4.143082141876221,4.156540984793297,4.077280248329945,4.077879253296139,445275600
2009-07-13,4.257335186004639,4.257335186004639,4.113470605231854,4.173588324561165,483501200
2009-07-14,4.255242347717285,4.282460332920779,4.222043497987357,4.248064671346976,347247600
2009-07-15,4.393126487731934,4.396715725575535,4.316558077085029,4.338092705473333,485587200
2009-07-16,4.412267208099365,4.427222761447528,4.353944104136877,4.359626663324732,393570800
2009-07-17,4.5387864112854,4.546862196224309,4.445468226452337,4.458927868017184,602154000
2009-07-20,4.573481559753418,4.637189736468775,4.513064715927321,4.5842496732403,735526400
2009-07-21,4.531609058380127,4.58903608300362,4.4789684843716095,4.584849036891654,874781600
2009-07-22,4.688035011291504,4.747555735148289,4.669191913545754,4.71944004108888,874104000
2009-07-23,4.720337390899658,4.738880585433946,4.652741287055289,4.684744920012473,526962800
2009-07-24,4.785242557525635,4.785541261356438,4.6808575487601205,4.694316791959836,438362400
2009-07-27,4.7885308265686035,4.8118604690959845,4.703587941955209,4.790624548274344,433311200
2009-07-28,4.785541534423828,4.788532166932557,4.713757968143739,4.75204277642847,363554800
2009-07-29,4.786439895629883,4.799002233188883,4.733201109989003,4.752642423541116,382158000
2009-07-30,4.868989944458008,4.9267148649863355,4.83040603125413,4.836388095213911,469604800
2009-07-31,4.886935234069824,4.935089649915142,4.87257828087069,4.874971106403879,422536800
2009-08-03,4.9778594970703125,4.98414026285311,4.931199812662922,4.941368918757718,394240000
2009-08-04,4.951539039611816,4.952137245888013,4.911460417116558,4.932995044386361,395810800
2009-08-05,4.938381195068359,5.0065743407006975,4.911462301647361,4.957523004578101,423183600
2009-08-06,4.902487277984619,4.980252090158951,4.877961222220063,4.952435500836911,341616800
2009-08-07,4.950342655181885,4.982944500713105,4.929107129216504,4.949744848190701,387354800
2009-08-10,4.926714897155762,4.98294510073473,4.8950107566353305,4.95483059795032,300294400
2009-08-11,4.870185852050781,4.916545648721234,4.8417718475328755,4.895907528508595,355342400
2009-08-12,4.944360733032227,4.986233969021196,4.859117946881169,4.861809475444504,445071200
2009-08-13,5.037380218505859,5.044858197148449,4.979954006783179,4.984440554366725,439980800
2009-08-14,4.988326072692871,5.03169441077813,4.950938995994165,5.023020823028369,305816000
2009-08-17,4.773277282714844,4.892915725571735,4.768192130754218,4.891718913853029,524381200
2009-08-18,4.905178546905518,4.912356621852576,4.827712841944178,4.834292710700934,431152400
2009-08-19,4.92312479019165,4.9440616111570925,4.858819610232751,4.867792305311286,413271600
2009-08-20,4.974868297576904,4.986533319054198,4.923424159177298,4.934490175751783,342031200
2009-08-21,5.061307907104492,5.06579525356841,4.988926932767521,5.014350304243794,416074400
2009-08-24,5.056521415710449,5.105872630632927,5.032893068480264,5.088225546983564,406929600
2009-08-25,5.066693305969238,5.112754008991946,5.058617518125779,5.0684879254900075,324354800
2009-08-26,5.007172584533691,5.0711786742305165,4.987730876053647,5.052335571501969,303998800
2009-08-27,5.068188667297363,5.071777107555625,4.930006163116822,5.047251839531905,449181600
2009-08-28,5.086133003234863,5.159112582290914,5.040670916920858,5.1525327116240724,453700800
2009-08-31,5.031099319458008,5.050241123306447,4.979953876355144,5.029603404299326,311337600
2009-09-01,4.944063663482666,5.084639405651569,4.933296345051483,5.024520846124039,469028000
2009-09-02,4.940473556518555,5.013153636128759,4.908469914030444,4.923724176956293,364249200
2009-09-03,4.981448650360107,4.997898923934614,4.935088861074977,4.978158915114519,293955200
2009-09-04,5.093907833099365,5.1055728529534825,4.997599039553883,5.003281997944351,374628800
2009-09-08,5.172272205352783,5.178552972209106,5.1444564108857715,5.173767721113015,315047600
2009-09-09,5.118734359741211,5.218332914429732,5.07566390500431,5.167785679533924,811087200
2009-09-10,5.16120719909668,5.1818449228934185,5.108865331188666,5.146252436742499,491134000
2009-09-11,5.149242401123047,5.179750527674376,5.110659286980654,5.171674741409896,348961200
2009-09-14,5.1959004402160645,5.20128349733252,5.092113661399103,5.1094608424924886,322011200
2009-09-15,5.238970756530762,5.25362641205174,5.192013157700888,5.205472001243764,426470800
2009-09-16,5.439665794372559,5.465986479002082,5.320326402200916,5.3236165376967,754023200
2009-09-17,5.519822120666504,5.586819629856135,5.442655902908074,5.442955006062253,810572000
2009-09-18,5.53387975692749,5.579641339754036,5.52610267588008,5.558106712151332,601582800
2009-09-21,5.503970623016357,5.538067185641264,5.432187860468307,5.512046408429888,437715600
2009-09-22,5.51772928237915,5.5446481712303495,5.468976658448966,5.538965609727396,356753600
2009-09-23,5.54823637008667,5.649929443058836,5.534178522222543,5.545245737962861,593563600
2009-09-24,5.497986793518066,5.614035588968112,5.466581770116537,5.599080834935791,550880400
2009-09-25,5.454620361328125,5.548237671313108,5.426804560895573,5.443853044881884,445239200
2009-09-28,5.5676798820495605,5.583532356210252,5.483335151404223,5.499486329514134,337444800
2009-09-29,5.54464864730835,5.605065901970829,5.5126454006104915,5.585027183720514,345385600
2009-09-30,5.543752193450928,5.576652752541226,5.461799898977581,5.567081448464464,539585200
2009-10-01,5.4094557762146,5.569770660067093,5.404669327494934,5.543749885949504,524711600
2009-10-02,5.53029203414917,5.561398372422853,5.424113576423067,5.425908195900593,553308000
2009-10-05,5.563788414001465,5.588912676579927,5.511446566354891,5.569172669462728,423133200
2009-10-06,5.6831278800964355,5.6831278800964355,5.60207372879104,5.615233467583179,605085600
2009-10-07,5.690307140350342,5.6992798353486736,5.653816956058093,5.675651485606528,465668000
2009-10-08,5.66099739074707,5.726200296867931,5.64963106878748,5.702571940615005,438211200
2009-10-09,5.6968865394592285,5.703765511877657,5.641554458982189,5.652022668838028,293272000
2009-10-12,5.707057476043701,5.727994300339942,5.672063200930616,5.713338643133586,288024800
2009-10-13,5.683427810668945,5.717823472117731,5.673856510645673,5.7016723026650755,348020400
2009-10-14,5.721413612365723,5.752219639679654,5.6897094769223555,5.750126316951997,375510800
2009-10-15,5.699579238891602,5.710346553324423,5.6687728113944535,5.671763443660426,373556400
2009-10-16,5.624505043029785,5.69359626464864,5.618223877669308,5.663387648969066,431426800
2009-10-19,5.678642749786377,5.682830194275456,5.549732874188492,5.618525007733751,942230800
2009-10-20,5.944836616516113,6.034266845679067,5.91761903320819,5.999871187339086,1141039200
2009-10-21,6.129082202911377,6.2424403189359765,5.958896475616388,5.967570069072647,1193726800
2009-10-22,6.137454509735107,6.216715232126609,6.056998173643351,6.122499754404172,791392000
2009-10-23,6.0997700691223145,6.155402461777356,6.078534542073552,6.152411829322194,420786800
2009-10-26,6.056101322174072,6.183815149575139,5.984916382615705,6.091693791953256,484338400
2009-10-27,5.903264999389648,6.065972739698394,5.875747106969971,6.031577071354757,756551600
2009-10-28,5.75461483001709,5.922706853855199,5.715731809003774,5.913434254281113,818386800
2009-10-29,5.872756004333496,5.8865151491102585,5.746836767933747,5.832378275508422,570270400
2009-10-30,5.637965202331543,5.886214818440832,5.62809479871318,5.8640819847577745,717525200
2009-11-02,5.662192344665527,5.768969381334753,5.550330554090303,5.676848000704964,678983200
2009-11-03,5.645440101623535,5.668470235425891,5.560795943883683,5.6185220279085755,522541600
2009-11-04,5.707057476043701,5.797982451229403,5.689710289421245,5.704665049822358,487530400
2009-11-05,5.803366661071777,5.832378872054771,5.737266053576064,5.7546140387314395,384801200
2009-11-06,5.812637805938721,5.8380607774965565,5.754613785859161,5.757903521493571,295097600
2009-11-09,6.025594711303711,6.038754452153246,5.870064656426935,5.890402474043187,528855600
2009-11-10,6.07105827331543,6.130876917514252,6.012136140056401,6.012435243260813,401195200
2009-11-11,6.079132556915283,6.131474410175304,6.03666030893573,6.118313871570284,443870000
2009-11-12,6.04144811630249,6.127587446882062,6.024698735467006,6.075843788288804,363731200
2009-11-13,6.115023136138916,6.126388654647763,6.043838195400707,6.067765644823185,343240800
2009-11-16,6.180227756500244,6.2212036949016944,6.131774238461651,6.145831289506086,485206400
2009-11-17,6.1912946701049805,6.2044544126452585,6.131475625571279,6.163777973513355,396513600
2009-11-18,6.160186767578125,6.191293094101149,6.10156415080452,6.177535148644172,374320800
2009-11-19,5.997178077697754,6.119807944309304,5.97594255772015,6.119807944309304,542326400
2009-11-20,5.9795355796813965,5.993593433320537,5.914930870942364,5.956505426648334,406666400
2009-11-23,6.157794952392578,6.161384190347641,6.070159323003131,6.071655238154407,474896800
2009-11-24,6.114725589752197,6.157795249279475,6.068664898451493,6.1413445745256325,318438400
2009-11-25,6.107247352600098,6.150915613115903,6.094386316696117,6.143437635150992,286454000
2009-11-27,5.999573230743408,6.070458282660172,5.93317352815444,5.958596497728468,295257200
2009-11-30,5.979234218597412,6.032173876322439,5.945137259766963,6.015125396907215,424858000
2009-12-01,5.891299724578857,6.0647755451229735,5.887112280794816,6.048923079369101,465763200
2009-12-02,5.869167327880859,6.024398289645137,5.854810774080489,5.950820502164449,715260000
2009-12-03,5.876645565032959,5.951420172976463,5.870364796669592,5.904760469398073,448719600
2009-12-04,5.782130718231201,5.978337220498484,5.691204945352546,5.972954161724332,826884800
2009-12-07,5.651423931121826,5.795588846317612,5.64334854584246,5.782129604627584,714758800
2009-12-08,5.678940773010254,5.753117148986456,5.643946905873448,5.663686913180381,690398800
2009-12-09,5.916126251220703,5.926893566958463,5.692102749072927,5.721115359797986,684782000
2009-12-10,5.875148773193359,5.972953509459956,5.865876974605106,5.966971446282592,489669600
2009-12-11,5.822507858276367,5.922107214232307,5.785419864975917,5.915526545351908,429774800
2009-12-14,5.891599655151367,5.905058899351727,5.759399239992062,5.843445239617762,495790400
2009-12-15,5.807552337646484,5.9074507836574845,5.7806338553542425,5.857202657198451,419459600
2009-12-16,5.833276748657227,5.877244126540722,5.818920192383536,5.835370471350418,352984800
2009-12-17,5.738461971282959,5.832378368890075,5.712739897634707,5.810245133903514,388838800
2009-12-18,5.845238208770752,5.8473319305077265,5.760593627322273,5.777642903659943,608770400
2009-12-21,5.928985595703125,5.974448472975173,5.852416791457543,5.863783109780491,611906400
2009-12-22,5.992692947387695,6.007348601436983,5.941846613242363,5.965176258071067,349515600
2009-12-23,6.044736385345459,6.053111273952323,6.006153275130979,6.017817499874346,345525600
2009-12-24,6.252310752868652,6.261583352624375,6.082125003062624,6.088107067849046,500889200
2009-12-28,6.3291754722595215,6.399163598016809,6.269356052799034,6.332466005556946,644565600
2009-12-29,6.2541022300720215,6.362375551622933,6.243035815113979,6.359683623821542,445205600
2009-12-30,6.330073356628418,6.340841468767246,6.230474808564447,6.246027372827705,412084400
2009-12-31,6.302855968475342,6.381219793880446,6.297771614384289,6.374639524738726,352410800
2010-01-04,6.400960922241211,6.415616579465497,6.352208299446395,6.383613336260824,493729600
2010-01-05,6.41202449798584,6.44821516762109,6.378226253365043,6.418604764950979,601904800
2010-01-06,6.31003475189209,6.4374498935262014,6.30345448284563,6.41202652609242,552160000
2010-01-07,6.298370361328125,6.340842614608591,6.252608771659164,6.333365034922471,477131200
2010-01-08,6.340242862701416,6.340841468304788,6.252907543112988,6.28999473430469,447610800
2010-01-11,6.284314155578613,6.370752586865232,6.234663821612071,6.364770522691739,462229600
2010-01-12,6.212828159332275,6.274143507304267,6.173945947274488,6.256795125014308,594459600
2010-01-13,6.3004631996154785,6.3088380876888435,6.104555830704177,6.217315320529277,605892000
2010-01-14,6.263974666595459,6.294781895436787,6.251711835298185,6.28431368325668,432894000
2010-01-15,6.159292221069336,6.328880168678785,6.157497601581077,6.308840251059893,594067600
2010-01-19,6.431767463684082,6.436254011409336,6.198472972021278,6.231074020814712,730007600
2010-01-20,6.332766532897949,6.447020743269509,6.266067727427677,6.427878540710491,612152800
2010-01-21,6.223294734954834,6.380021551963227,6.197572669112154,6.343233071653798,608154400
2010-01-22,5.914630889892578,6.206249745083103,5.8969845983188955,6.184715111590551,881767600
2010-01-25,6.0737481117248535,6.122500323123231,5.987608409521354,6.056998736277968,1065699600
2010-01-26,6.159590244293213,6.391988235895879,6.059093966592437,6.159889347488811,1867110000
2010-01-27,6.217614650726318,6.298370112120982,5.967868690468655,6.186807422975147,1722568400
2010-01-28,5.960689544677734,6.14642859005682,5.943043259154553,6.129380510777585,1173502400
2010-01-29,5.744443893432617,6.047727708117002,5.69030741963118,6.014228952962264,1245952400
2010-02-01,5.824303150177002,5.862288457349473,5.721713150093792,5.753716393353525,749876400
2010-02-02,5.858100891113281,5.871859637827224,5.783925296817275,5.859596806397151,698342400
2010-02-03,5.958895683288574,5.98790829047068,5.815030258027979,5.837462595690364,615328000
2010-02-04,5.744144439697266,5.933172819580394,5.729787489931005,5.88412070655222,757652000
2010-02-05,5.846135139465332,5.862286707207797,5.708251802134417,5.761491356390104,850306800
2010-02-08,5.806056976318359,5.918517357098311,5.802467738760923,5.85301536902158,478270800
2010-02-09,5.867971420288086,5.907152740921228,5.824901358773481,5.87485039445363,632886800
2010-02-10,5.835967540740967,5.88023441257806,5.81024546562418,5.858997687205293,370361600
2010-02-11,5.942146301269531,5.974449043187598,5.804262939310698,5.828788999074848,550345600
2010-02-12,5.993293285369873,6.030979492010887,5.847334110274324,5.925398053170649,655468800
2010-02-16,6.083618640899658,6.092292232255824,6.02738845097008,6.039950382981633,543737600
2010-02-17,6.058196544647217,6.110837105279487,6.0076485081972635,6.107247867235466,436396800
2010-02-18,6.0695624351501465,6.098275943802173,6.009443888308874,6.03067941741877,422825200
2010-02-19,6.0318756103515625,6.077637597837225,6.015126231747686,6.037558970060938,415469600
2010-02-22,5.9944891929626465,6.056701462943572,5.95770069595886,6.051916210896371,390563600
2010-02-23,5.893991470336914,6.021705715094802,5.853613744657275,5.981925796355411,575094800
2010-02-24,6.001667499542236,6.0249967491504295,5.917321599918911,5.928986624059701,460566400
2010-02-25,6.041745185852051,6.067467256913644,5.88890707715486,5.903562731504366,665126000
2010-02-26,6.120108127593994,6.136558400538242,6.04174510359369,6.053110623287485,507460800
2010-03-01,6.250812530517578,6.266065988496811,6.144932039848895,6.1539047326607745,550093600
2010-03-02,6.2466278076171875,6.3058486442384005,6.213427751547555,6.278929755407807,566546400
2010-03-03,6.260982036590576,6.277133605552493,6.21940829901657,6.249317813235767,372052800
2010-03-04,6.302258014678955,6.308539180929514,6.240045756492917,6.259487860890823,366041200
2010-03-05,6.548713684082031,6.571146020879175,6.4195039193079255,6.4287761169098925,899620400
2010-03-08,6.552602767944336,6.582810991352901,6.5277776031449175,6.580418565230691,429889600
2010-03-09,6.670444965362549,6.729665783376428,6.517008665049415,6.529570596243785,920259200
2010-03-10,6.724880695343018,6.744023295846218,6.67582937890007,6.694672476933782,596218000
2010-03-11,6.744623184204102,6.744623184204102,6.679420673940822,6.697067765270553,405700400
2010-03-12,6.777521133422852,6.81131858486545,6.7520977698970635,6.800550873535509,416323600
2010-03-15,6.694971084594727,6.744620204292412,6.587595064526749,6.7410317656368814,493502800
2010-03-16,6.7132182121276855,6.729070283885128,6.655193783205379,6.705142824303245,446908000
2010-03-17,6.703346252441406,6.773035287628042,6.677923284123544,6.726675498771764,450956800
2010-03-18,6.7191972732543945,6.729665482225153,6.6581814399870884,6.702746203720581,342109600
2010-03-19,6.647416591644287,6.736846453360753,6.616908464035164,6.723387208456661,559445600
2010-03-22,6.722190856933594,6.7595783586067295,6.584606575911112,6.594177878569636,456419600
2010-03-23,6.83016300201416,6.842725334329942,6.702747455973985,6.748808542458553,602431200
2010-03-24,6.860373020172119,6.885198185932781,6.804740624771913,6.808629365629895,597780400
2010-03-25,6.779016494750977,6.9082266393644645,6.76705237061829,6.906730724511292,542284400
2010-03-26,6.90613317489624,6.937537802088686,6.835845145072524,6.847809268959068,640875200
2010-03-29,6.950698375701904,6.994964840733215,6.927668632460086,6.968944066160007,540744400
2010-03-30,7.054186820983887,7.10294024034688,7.006331110504205,7.076619160312695,527310000
2010-03-31,7.028761386871338,7.07691658573623,7.012610618445859,7.043417837834446,430659600
2010-04-01,7.057775020599365,7.140325090720783,6.961466206121079,7.100845073825864,603145200
2010-04-05,7.133148670196533,7.133746876578261,7.02188467921546,7.028166245560301,684507600
2010-04-06,7.164553165435791,7.185489587374595,7.08858256227561,7.12447414179449,447017200
2010-04-07,7.196258068084717,7.235738889632191,7.138232849160777,7.1648526331548155,628502000
2010-04-08,7.176814079284668,7.22437026968304,7.119686590590344,7.191469730463798,572989200
2010-04-09,7.23184871673584,7.234840546651648,7.192069199219388,7.221081802935785,334182800
2010-04-12,7.2468061447143555,7.270135397046612,7.2324491902492865,7.244113816415415,333026400
2010-04-13,7.250990867614746,7.262058083082497,7.211510051982407,7.233943186719953,306210800
2010-04-14,7.348498344421387,7.352087582794219,7.300045223734995,7.33623551265092,404076400
2010-04-15,7.44510555267334,7.448395288013329,7.343113374380716,7.351188760159457,376784800
2010-04-16,7.3996429443359375,7.511505131436103,7.314400539443744,7.434636816446417,750545600
2010-04-19,7.389773368835449,7.414299030988431,7.231251877700041,7.388576956112212,566924400
2010-04-20,7.315597057342529,7.4549759388094285,7.266844439013222,7.433740013237561,738326400
2010-04-21,7.753173828125,7.783981050374639,7.648788835161441,7.740611496992742,982391200
2010-04-22,7.970020294189453,7.978395183601012,7.662848103425226,7.723864356178883,793424800
2010-04-23,8.100427627563477,8.140805368300224,7.985873878179193,8.015483901916717,796955600
2010-04-26,8.060647964477539,8.149180129035294,8.021465838693466,8.1318329394874,479068800
2010-04-27,7.83751916885376,8.010995000887993,7.792057087819471,7.993946520831813,709343600
2010-04-28,7.8243608474731445,7.896143219804422,7.669129879943303,7.873711677704705,758402400
2010-04-29,8.034926414489746,8.075602861174733,7.836625342537608,7.866833574286406,558840800
2010-04-30,7.809106349945068,8.09264897386774,7.806414820686979,8.054962772214257,542463600
2010-05-03,7.966427803039551,8.012190173587577,7.862641034036349,7.891354928865883,454342000
2010-05-04,7.737022876739502,7.874906631715395,7.679297966233669,7.862943304546392,723819600
2010-05-05,7.656565189361572,7.720871159877794,7.439421123959405,7.568033064991848,883103200
2010-05-06,7.3652496337890625,7.7241647592626475,5.959495863770493,7.591964313448408,1285860800
2010-05-07,7.054482936859131,7.374815538763181,6.735945752063048,7.289274456053375,1676018400
2010-05-10,7.596745491027832,7.616486296574275,7.433439183964184,7.484884120957468,984306400
2010-05-11,7.67241907119751,7.773214037086835,7.492362968807289,7.532441193439764,848906800
2010-05-12,7.839014530181885,7.8701204566245115,7.737621365785544,7.753771337249234,654379600
2010-05-13,7.727451801300049,7.926051483504659,7.668828387696441,7.872811926130555,599712400
2010-05-14,7.591662883758545,7.671222733128031,7.462453503333954,7.631741911626432,759362800
2010-05-17,7.6036272048950195,7.662250631612091,7.4089154204089525,7.617984158051871,762834800
2010-05-18,7.547997951507568,7.733138491353011,7.4851870606244955,7.686180473837749,782678400
2010-05-19,7.427760124206543,7.564746220431488,7.323375883470571,7.462455303145703,1025726800
2010-05-20,7.111313343048096,7.293462742551422,7.064952760788786,7.234539829795158,1282915200
2010-05-21,7.247702598571777,7.312905491462048,6.9195932139468415,6.963560181371839,1223891200
2010-05-24,7.380502700805664,7.504329054019664,7.365548336528194,7.396056070274764,754238800
2010-05-25,7.334438323974609,7.380498602942715,7.093366821768426,7.158868402441749,1048006400
2010-05-26,7.301240921020508,7.5411168962966935,7.290473205779355,7.4798019380725025,850654000
2010-05-27,7.577603816986084,7.593755385430298,7.450787289079932,7.495352455851365,666282400
2010-05-28,7.683186054229736,7.758558451126116,7.577604638342463,7.758259747311009,815614800
2010-06-01,7.801327705383301,7.954165796463709,7.745396623323567,7.767230750431221,876472800
2010-06-02,7.894650459289551,7.920073038419367,7.786376676345513,7.9122963536470685,688548000
2010-06-03,7.869823455810547,7.942503534500642,7.788767689103584,7.931436317102936,650106800
2010-06-04,7.655666828155518,7.83332924943598,7.61588732015264,7.7229630183360625,758304400
2010-06-07,7.505521297454834,7.751078946642742,7.493855877496796,7.72535687933009,886942000
2010-06-08,7.457366943359375,7.591063231332847,7.347299400530379,7.574313458029823,1000770400
2010-06-09,7.274020671844482,7.534235584050848,7.252785549162963,7.521373751056145,854630000
2010-06-10,7.492661952972412,7.506718603496009,7.244112418148836,7.323074055118492,776356000
2010-06-11,7.582391738891602,7.592859950765861,7.39874638130073,7.4244684558885385,545759200
2010-06-14,7.605417251586914,7.751076823888489,7.597341869627889,7.655665758752586,602960400
2010-06-15,7.767232418060303,7.772018068719398,7.641910986781925,7.6460984311086335,585074000
2010-06-16,7.993350028991699,8.008304389393826,7.795347716198872,7.80940516639316,783678000
2010-06-17,8.131532669067383,8.162339898051025,8.060646411621935,8.093546963581913,872855200
2010-06-18,8.197334289550781,8.225151289795212,8.118073928809522,8.142899098024763,784621600
2010-06-21,8.080682754516602,8.345083479180293,8.037612711082259,8.305602672588236,776490400
2010-06-22,8.190750122070312,8.25415837431745,8.120462898684966,8.140202902243766,717262000
2010-06-23,8.1046142578125,8.21498134926872,8.012791565989547,8.21258852350959,768457200
2010-06-24,8.04568862915039,8.17130871981357,8.018769353717088,8.105506845205221,714277200
2010-06-25,7.976897239685059,8.083675055844122,7.950277461590443,8.077394289719429,549942400
2010-06-28,8.024754524230957,8.068124085452242,7.91169591962408,7.983777788419767,584948000
2010-06-29,7.661949157714844,7.907806326554632,7.6060180734420895,7.899730143145149,1133344800
2010-06-30,7.523167610168457,7.7157852004460254,7.477705539638795,7.678099011274657,739452000
2010-07-01,7.431944370269775,7.6209735528616935,7.27462011908855,7.606018396535895,1022896000
2010-07-02,7.385883331298828,7.505222671225951,7.274020370760669,7.492061336331096,693842800
2010-07-06,7.4364333152771,7.5611557585277405,7.362556021180684,7.507318778630972,615235600
2010-07-07,7.736722469329834,7.739714299113754,7.469929682311801,7.492061715184788,654556000
2010-07-08,7.719376564025879,7.8632423888850775,7.623665948675652,7.850680056142738,738144400
2010-07-09,7.76513671875,7.773510806167226,7.631739143473429,7.683482777378995,433322400
2010-07-12,7.695448875427246,7.83183671778165,7.622768806315392,7.732536867530049,562878400
2010-07-13,7.531247138977051,7.668831435948196,7.370632291650874,7.666439408679735,1190924000
2010-07-14,7.559061050415039,7.650883731130224,7.447498358248449,7.458865077902778,812047600
2010-07-15,7.520778179168701,7.6858791594304,7.396653141090964,7.424469340572165,824866000
2010-07-16,7.474416255950928,7.6260579478843855,7.4298510878690855,7.572519685958577,1039858400
2010-07-19,7.345209121704102,7.4738211236793894,7.1663501695557335,7.4738211236793894,1024478000
2010-07-20,7.533933162689209,7.564142168792164,7.178607555398236,7.265046332695998,1074950800
2010-07-21,7.604223728179932,7.930537649684813,7.5970460518635985,7.928743030937421,1185671200
2010-07-22,7.747191429138184,7.776502735166926,7.636226172306699,7.707112411178119,645318800
2010-07-23,7.774710655212402,7.787871196314704,7.665241277518149,7.689468237937935,533388800
2010-07-26,7.754969120025635,7.7794947795014755,7.708011123774429,7.7765037480198735,420551600
2010-07-27,7.8985371589660645,7.920071791656586,7.785478540325525,7.802527024151949,584771600
2010-07-28,7.805216312408447,7.9556623901841075,7.783981188365875,7.886272061950817,519985200
2010-07-29,7.719971179962158,7.8557607569976575,7.659853469337956,7.79773636818696,643806800
2010-07-30,7.6942524909973145,7.767530766680348,7.623964448166132,7.653576059601817,448210000
2010-08-02,7.831835746765137,7.85396857855283,7.765137748951122,7.7896634056535055,428055600
2010-08-03,7.834231376647949,7.874010907087552,7.75915846475341,7.806714678950123,417653600
2010-08-04,7.865634441375732,7.904516251078113,7.785775902043083,7.8614469975397,420375200
2010-08-05,7.827350616455078,7.871617084455551,7.792954153173592,7.8282475265780285,289097200
2010-08-06,7.77919864654541,7.821072302452869,7.705620046455181,7.769926046551406,444897600
2010-08-09,7.828845024108887,7.8408091491537775,7.763642139960704,7.820768840366969,303128000
2010-08-10,7.758861064910889,7.789967808369516,7.703228649322048,7.772021610220308,451920000
2010-08-11,7.483089447021484,7.647592964001114,7.4717243274336775,7.638919373085894,620054400
2010-08-12,7.530944347381592,7.5701256529045615,7.361356494822768,7.3784049710691155,534920400
2010-08-13,7.450488567352295,7.5336368383081505,7.450189064897072,7.526757865916569,354869200
2010-08-16,7.406822204589844,7.477708463817441,7.376313678690063,7.405027585419268,318430000
2010-08-17,7.53632926940918,7.615889102709557,7.453478902422133,7.479799977222587,422640400
2010-08-18,7.569229602813721,7.617085307490518,7.524664432078885,7.54799447746205,339696000
2010-08-19,7.473817825317383,7.581492552192676,7.437926249692285,7.56234995256691,426706000
2010-08-20,7.466640472412109,7.594653431952084,7.447497869909931,7.459163292646363,384230000
2010-08-23,7.3517866134643555,7.537226565695445,7.335337138880935,7.530945799132811,414041600
2010-08-24,7.176218509674072,7.268040391080274,7.137934101097717,7.258171184096274,602565600
2010-08-25,7.264753341674805,7.297654703820839,7.094567961097364,7.119691838971566,596867600
2010-08-26,7.1866841316223145,7.350289918985059,7.1866841316223145,7.341316826769794,466505200
2010-08-27,7.22676420211792,7.256375011423803,7.045511706217838,7.230652941983338,548391200
2010-08-30,7.253084182739258,7.3502906953221725,7.198648216223554,7.201041041067021,383289200
2010-08-31,7.271030426025391,7.314698681087582,7.1887790680698025,7.233642936889915,420786800
2010-09-01,7.487276077270508,7.521073527260274,7.366142125371797,7.401734193839409,697037600
2010-09-02,7.542311191558838,7.542311191558838,7.4346364539959096,7.515093204350941,415427600
2010-09-03,7.739716053009033,7.740014756851198,7.612001790995904,7.629648479211503,520788800
2010-09-07,7.711000442504883,7.7624445752151825,7.664341160429053,7.676005781279731,342557600
2010-09-08,7.863840103149414,7.907807066986509,7.749584300322105,7.76992331396562,526551200
2010-09-09,7.86832857131958,7.97151639031998,7.863842422206001,7.927250709623704,438575200
2010-09-10,7.878493785858154,7.911095620819609,7.818375267410003,7.871913518385165,387542400
2010-09-13,7.987065315246582,8.02415329646458,7.948781720447101,7.95057554015586,388780000
2010-09-14,8.017571449279785,8.050770684792372,7.941600883431229,7.96223859141923,408150400
2010-09-15,8.082179069519043,8.086965518025243,8.010994125599625,8.020864927716781,429368800
2010-09-16,8.272104263305664,8.275095294129025,8.060643575469266,8.08277720356214,652103200
2010-09-17,8.236218452453613,8.313684200762982,8.185671199097683,8.305608013338071,634477200
2010-09-20,8.471305847167969,8.487756123038723,8.250572488242902,8.257451462174775,658677600
2010-09-21,8.487457275390625,8.594533828073468,8.4581459596146,8.490149603605365,668074400
2010-09-22,8.60649585723877,8.613374830023584,8.446777977460034,8.45575107153148,585289600
2010-09-23,8.641489028930664,8.75634222775931,8.55415331636774,8.564023319713414,786116800
2010-09-24,8.743181228637695,8.779372303889497,8.690241977368983,8.73660175920387,649488000
2010-09-27,8.708487510681152,8.815264538202243,8.704001362838065,8.792833000313518,482834800
2010-09-28,8.579877853393555,8.726733929396767,8.225150246418584,8.726733929396767,1035042400
2010-09-29,8.59512996673584,8.668109534747062,8.554154035016179,8.590942522821871,469644000
2010-09-30,8.486858367919922,8.673793447599923,8.41208417631326,8.64388393069192,673391600
2010-10-01,8.45007038116455,8.57150308644303,8.415075705878731,8.55864204809796,448142800
2010-10-04,8.334019660949707,8.461433602964155,8.307997288894478,8.422551792800117,435302000
2010-10-05,8.642087936401367,8.657340996910401,8.429130516720333,8.434515171341337,501967200
2010-10-06,8.649566650390625,8.733313945944845,8.532021892497168,8.661530777947915,670868800
2010-10-07,8.650460243225098,8.688146428425284,8.581369436140102,8.683958985772707,408399600
2010-10-08,8.795526504516602,8.808387543316753,8.67379509106552,8.72493974371691,658403200
2010-10-11,8.8341064453125,8.89033703037308,8.811376206681377,8.815563650150912,427753200
2010-10-12,8.929220199584961,8.957934099476212,8.748266403674831,8.835602918497598,558544000
2010-10-13,8.977073669433594,9.031508827100835,8.96690416574979,8.978868287730736,630092400
2010-10-14,9.041979789733887,9.046764640888613,8.984851494249591,9.023435396650664,435296400
2010-10-15,9.413756370544434,9.42153305200597,9.119744779394388,9.195415875394666,922194000
2010-10-18,9.511268615722656,9.541177351252433,9.400303277432217,9.525326072838112,1093010800
2010-10-19,9.256733894348145,9.384746883157499,8.973489921910092,9.074584418469346,1232784000
2010-10-20,9.287835121154785,9.399099071186543,9.178366588280838,9.242073547804731,721624400
2010-10-21,9.2576322555542,9.413760160542326,9.17627776793424,9.342575183543254,551460000
2010-10-22,9.19631290435791,9.27318040720884,9.16131903837755,9.244167804775827,372778000
2010-10-25,9.237289428710938,9.319839496662365,9.225325303497726,9.244767406305817,392462000
2010-10-26,9.213658332824707,9.264205546578042,9.141874404733949,9.17836497417218,392929600
2010-10-27,9.207083702087402,9.268996070136774,9.14038488398424,9.20169984428453,399002800
2010-10-28,9.129613876342773,9.21216392964486,8.999806335508065,9.21066801492205,551051200
2010-10-29,9.002202987670898,9.148760376147298,8.998912452793581,9.09940954104915,430511200
2010-11-01,9.09791374206543,9.140385602732145,9.038692898923973,9.039291105393554,423889200
2010-11-02,9.25284194946289,9.27766710982737,9.18225600705539,9.18225600705539,433930000
2010-11-03,9.355731964111328,9.35812478917745,9.228017721563369,9.312960615390995,508348400
2010-11-04,9.51933765411377,9.57646515377825,9.422429837604302,9.434992169030073,642488000
2010-11-05,9.485241889953613,9.558221471459117,9.47387676733035,9.510964764467136,361253200
2010-11-08,9.52980899810791,9.564204671265097,9.474176596458419,9.487337138470311,281758400
2010-11-09,9.453832626342773,9.60996122147712,9.406575942476982,9.602483245999498,383544000
2010-11-10,9.51215648651123,9.534289313132783,9.378160718584775,9.470581562659289,384227200
2010-11-11,9.470885276794434,9.523227130438876,9.399101318913132,9.421533655999795,361284000
2010-11-12,9.213065147399902,9.466399582238115,9.081463725240384,9.45144522005626,795846800
2010-11-15,9.183450698852539,9.28813437834318,9.160420161576903,9.225922536529186,403606000
2010-11-16,9.020444869995117,9.200201459007326,8.952549657274005,9.143971667730804,657650000
2010-11-17,8.987844467163086,9.092228671954429,8.905891800783257,9.00878088914982,479449600
2010-11-18,9.225027084350586,9.262115075786754,9.113165702423279,9.128418764861593,494491200
2010-11-19,9.17418384552002,9.224132887592297,9.129618661660235,9.211271847865884,384843200
2010-11-22,9.372482299804688,9.372482299804688,9.148459230974264,9.172685388206979,393075200
2010-11-23,9.234001159667969,9.324329528508372,9.169097761151226,9.285446112028902,519447600
2010-11-24,9.41555118560791,9.433497373970154,9.32432752345628,9.331803903930643,413725200
2010-11-26,9.421533584594727,9.502289837760003,9.359919933032264,9.383847386362484,237585600
2010-11-29,9.47746753692627,9.495711636576967,9.313263452008135,9.43649079233586,445785200
2010-11-30,9.30638599395752,9.40239615307593,9.29801110186259,9.377869683369351,501858000
2010-12-01,9.463404655456543,9.50378237173078,9.421531024501919,9.429606408022149,461750800
2010-12-02,9.515751838684082,9.54117441579759,9.418245780850441,9.497207438005544,462837200
2010-12-03,9.494514465332031,9.530704753468731,9.461613912962884,9.481653427443009,342092800
2010-12-06,9.575567245483398,9.640770123501914,9.523822808865317,9.5304030770214,448481600
2010-12-07,9.51754379272461,9.690420623111281,9.514852263684379,9.684738861214486,391454000
2010-12-08,9.601292610168457,9.601592112730799,9.484645546881712,9.560017163710308,321935600
2010-12-09,9.563905715942383,9.645857602114159,9.541772077686089,9.634791980996237,294151200
2010-12-10,9.5878324508667,9.602488108187615,9.52920902290962,9.560614459267821,262511200
2010-12-13,9.621026992797852,9.722421728912627,9.600988286422947,9.701784017763663,439815600
2010-12-14,9.579754829406738,9.647051835045836,9.541170925317957,9.622824881068832,351008000
2010-12-15,9.581847190856934,9.660808005950251,9.546852530723127,9.57107868157758,417312000
2010-12-16,9.60846996307373,9.649147198320113,9.57407429416637,9.603684312024344,322030800
2010-12-17,9.589327812194824,9.624621188739573,9.577961891361868,9.619835537862539,386929200
2010-12-20,9.63718318939209,9.668289921596228,9.518143312766073,9.618938293878294,385610400
2010-12-21,9.69670295715332,9.70238551817378,9.632397770847994,9.660811374623666,256354000
2010-12-22,9.725418090820312,9.742167872206744,9.67726366734462,9.701490630370373,265921600
2010-12-23,9.678754806518555,9.725114587681949,9.665893772923232,9.720628440646928,223157200
2010-12-27,9.711058616638184,9.733790456909643,9.616544413634731,9.656324734773122,249816000
2010-12-28,9.734687805175781,9.770279882062045,9.722424975346508,9.74784754511957,175924000
2010-12-29,9.729304313659668,9.763999481733705,9.723620954252313,9.757119709679891,163139200
2010-12-30,9.680551528930664,9.735883616189358,9.66230663572429,9.734986706056686,157494400
2010-12-31,9.647649765014648,9.675166453267638,9.610262274505871,9.6593143873098,193508000
2011-01-03,9.857316017150879,9.877953733338169,9.715843833748425,9.739771284957984,445138400
2011-01-04,9.908767700195312,9.944958004766361,9.814850852826693,9.943163384803633,309080800
2011-01-05,9.989816665649414,9.999986173436438,9.855223433749838,9.856719348937547,255519600
2011-01-06,9.981740951538086,10.027203030932,9.956915790549346,10.011350964036769,300428800
2011-01-07,10.05322265625,10.060101627718646,9.92700355314781,9.98951489854193,311931200
2011-01-10,10.242549896240234,10.265879136286085,10.084627473662136,10.134276984358827,448560000
2011-01-11,10.218326568603516,10.317625617422832,10.153422384558622,10.315233590951234,444108000
2011-01-12,10.301473617553711,10.301773120020954,10.229093055963265,10.266480547954217,302590400
2011-01-13,10.339160919189453,10.367874822800198,10.284427037114801,10.323608353406964,296780400
2011-01-14,10.4229097366333,10.4229097366333,10.302075235902459,10.345444002834297,308840000
2011-01-18,10.188715934753418,10.311644542998547,9.75053977151162,9.855821691958365,1880998000
2011-01-19,10.134581565856934,10.426499111145237,10.075958933965646,10.419021131548531,1135612800
2011-01-20,9.950335502624512,10.118427471623578,9.873766697185383,10.06249638322364,764789200
2011-01-21,9.772074699401855,10.016137284361733,9.76938237165704,9.982937233331096,754401200
2011-01-24,10.093002319335938,10.093002319335938,9.77207152541421,9.776558470640431,574683200
2011-01-25,10.211146354675293,10.212343565810821,10.006864118109522,10.059505467778516,546868000
2011-01-26,10.28442668914795,10.336768542824085,10.214139444995599,10.257806907912816,506875600
2011-01-27,10.265283584594727,10.309550050322061,10.25391846403,10.282332064115081,285026000
2011-01-28,10.052624702453613,10.30087549151458,9.975757998601672,10.293996519326713,592057200
2011-01-31,10.148938179016113,10.170473611136124,9.998792353991286,10.043656240227653,377246800
2011-02-01,10.319721221923828,10.33826482078846,10.19858722691134,10.20815852886645,426633200
2011-02-02,10.29848575592041,10.32630115546214,10.27545520889697,10.302374496850398,258955200
2011-02-03,10.272163391113281,10.29609164408264,10.125905538868063,10.282931104949492,393797600
2011-02-04,10.363685607910156,10.369667670140373,10.274255774251417,10.27814371536446,321840400
2011-02-07,10.524600982666016,10.565576116524914,10.397783646205207,10.405260825434643,485021600
2011-02-08,10.62390422821045,10.633475532556085,10.53268052902368,10.578442129915862,381040800
2011-02-09,10.712430953979492,10.737555613246773,10.614028833871927,10.623599333967286,482745200
2011-02-10,10.60416030883789,10.767467434436181,10.408550841635462,10.68940350878229,928550000
2011-02-11,10.673251152038574,10.701664751252695,10.574250013130749,10.610441092363622,367572800
2011-02-14,10.742938995361328,10.751911289555283,10.669062527438356,10.67145535220292,310416400
2011-02-15,10.764473915100098,10.766568036163157,10.694186682394283,10.743237994068169,284174800
2011-02-16,10.86108684539795,10.914026116732114,10.782423899404275,10.791396197005023,481157600
2011-02-17,10.716620445251465,10.775542566545923,10.66338088435023,10.685215813175295,530583200
2011-02-18,10.485123634338379,10.752515542911661,10.454016897215327,10.728886786164576,816057200
2011-02-22,10.127697944641113,10.330784554634837,10.101078967039726,10.233578044872623,872555600
2011-02-23,10.247637748718262,10.308054186844657,10.127699386527043,10.132485835429714,671854400
2011-02-24,10.255415916442871,10.323311146188797,10.12052396457911,10.289513681923905,499900800
2011-02-25,10.413334846496582,10.421410230333834,10.312838607464096,10.326596550494507,380018800
2011-02-28,10.564382553100586,10.619415944681943,10.50187118216509,10.505460420573453,403074000
2011-03-01,10.447732925415039,10.639453651777815,10.398980309996368,10.631976472367743,456136800
2011-03-02,10.531780242919922,10.598479055747886,10.420516253147476,10.46717555174196,602590800
2011-03-03,10.754305839538574,10.761184811992777,10.645434699390583,10.683420396464115,500788400
2011-03-04,10.767463684082031,10.776137273095127,10.700166696620485,10.769557006071288,453266800
2011-03-07,10.628687858581543,10.817417573360151,10.507553865459307,10.809341388124857,546123200
2011-03-08,10.640650749206543,10.689702870268711,10.535667533529143,10.6152273791681,356316800
2011-03-09,10.542247772216797,10.610741199733404,10.486317476439554,10.608647078219063,453306000
2011-03-10,10.368769645690918,10.461490010089099,10.315829594575575,10.442047909096404,507539200
2011-03-11,10.527889251708984,10.53776005412699,10.318822158306904,10.328691363378454,471080400
2011-03-14,10.574850082397461,10.66218661401003,10.507553863273209,10.563484161505492,435957200
2011-03-15,10.331683158874512,10.403765014757868,10.172264788514392,10.232083815704389,721081200
2011-03-16,9.870476722717285,10.259003332175974,9.758315835761962,10.229093815566108,1162011200
2011-03-17,10.008959770202637,10.157610447354076,9.889919108012956,10.074461365850764,659422400
2011-03-18,9.890215873718262,10.115435318688988,9.87017636517277,10.083431686034793,753214000
2011-03-21,10.148337364196777,10.161497103992025,10.027502088823717,10.04933701789225,409402000
2011-03-22,10.205167770385742,10.2476404272733,10.143554104923986,10.245845807968193,325922800
2011-03-23,10.145048141479492,10.175854569168264,10.048140314297997,10.147739670601943,372996400
2011-03-24,10.317927360534668,10.348734591628403,10.135179693112331,10.224609555639455,404712000
2011-03-25,10.514427185058594,10.529979743456021,10.37923501577339,10.410640433598255,448910000
2011-03-28,10.481529235839844,10.597579647937343,10.481529235839844,10.562584982570499,309355200
2011-03-29,10.497082710266113,10.497082710266113,10.350526174673252,10.398381076578719,352900800
2011-03-30,10.42739486694336,10.494692682495353,10.391802786856736,10.48751340756719,329406000
2011-03-31,10.423805236816406,10.462388344268653,10.3505269634358,10.359499259056049,274019200
2011-04-01,10.305663108825684,10.515928258722838,10.267976905553555,10.501572104274134,418661600
2011-04-04,10.204862594604492,10.306854730411263,10.121414846523031,10.298181141940749,460084800
2011-04-05,10.13607406616211,10.236570322894845,10.049635257352767,10.079246068202144,482731200
2011-04-06,10.110652923583984,10.2859234048288,10.083734434347726,10.20576614351802,402539200
2011-04-07,10.111846923828125,10.1821333579144,10.050531186842628,10.112444331362969,373447200
2011-04-08,10.021517753601074,10.17375761474868,9.988318512466103,10.16687864381201,377535200
2011-04-11,9.894104957580566,10.039763780968682,9.870775713430202,9.99160937776574,398946800
2011-04-12,9.9419584274292,9.981737934543778,9.876156555972113,9.884830144970936,425639200
2011-04-13,10.053529739379883,10.05382844334705,9.945555443312431,10.020329671970362,346220000
2011-04-14,9.942559242248535,10.049635773409966,9.931792327573989,10.013744194257121,301800800
2011-04-15,9.794208526611328,9.979050302665664,9.774468514958176,9.968880794315623,453605600
2011-04-18,9.925511360168457,9.93687728049824,9.575868144514384,9.753531432092203,609898800
2011-04-19,10.105270385742188,10.10885882564175,9.92132550290485,9.962900450372416,419378400
2011-04-20,10.241355895996094,10.341253945711069,10.214138709090218,10.274256441726495,700666400
2011-04-21,10.489309310913086,10.621809239315594,10.424106407628866,10.617920498198101,753810400
2011-04-25,10.55840015411377,10.580533790263132,10.477344387306621,10.47854159874486,266546000
2011-04-26,10.480928421020508,10.61761490708092,10.448924797228996,10.576638991365728,338800000
2011-04-27,10.472859382629395,10.538661293208598,10.381635694704478,10.535370758409215,356213200
2011-04-28,10.371164321899414,10.460892067034974,10.334375035906328,10.354414546464747,360959200
2011-04-29,10.472258567810059,10.586512767465207,10.368770483364806,10.372061017093646,1006345200
2011-05-02,10.357107162475586,10.482428592901028,10.333777914344614,10.460594461254177,442713600
2011-05-03,10.414533615112305,10.46508085302178,10.337366594309707,10.408252847855433,313348000
2011-05-04,10.455506324768066,10.523102018069915,10.375048800723228,10.41632422377326,389250400
2011-05-05,10.371164321899414,10.496784442966401,10.350227102606082,10.420514342121997,335969200
2011-05-06,10.368474006652832,10.468372076363492,10.35501476240304,10.459100276785053,280134400
2011-05-09,10.396588325500488,10.444444034675975,10.364584685213252,10.404364209352565,204747200
2011-05-10,10.451920509338379,10.459098985031263,10.368472726091863,10.435170732721646,282091600
2011-05-11,10.385519981384277,10.468370353594215,10.326000452891472,10.439059044391875,336000000
2011-05-12,10.365777969360352,10.382229038304892,10.237167636699931,10.352319528599867,322000000
2011-05-13,10.184231758117676,10.356211722482385,10.179745609009151,10.338565829941222,326116000
2011-05-16,9.968879699707031,10.205764605574663,9.94794247893238,10.145347365828714,449775200
2011-05-17,10.053823471069336,10.053823471069336,9.89201225765175,9.929997959139182,452334400
2011-05-18,10.165387153625488,10.200680530845718,10.049637016178707,10.063694466562351,334776400
2011-05-19,10.1851224899292,10.241352261243373,10.129490125991637,10.231482260761858,261170000
2011-05-20,10.0263032913208,10.197685746111011,10.020321230280002,10.15611082121398,337968400
2011-05-23,10.00178050994873,10.049038010833197,9.852831128759792,9.869281403319828,383600000
2011-05-24,9.935681343078613,10.046646626501671,9.910257972040498,10.034682499266468,321927200
2011-05-25,10.07296371459961,10.126203269467156,9.95541898781246,9.972766169506476,294224000
2011-05-26,10.019726753234863,10.07625605309946,10.002678272260143,10.04873936074389,222560800
2011-05-27,10.091809272766113,10.098389542786316,9.999089682137964,10.013745338755358,203599200
2011-05-31,10.403465270996094,10.403465270996094,10.199182235645093,10.202174065475747,417754400
2011-06-01,10.334074020385742,10.532075473244456,10.308352752080673,10.434571060933079,554682800
2011-06-02,10.351720809936523,10.407951392568831,10.29788385071376,10.363684933618535,338783200
2011-06-03,10.272163391113281,10.328692690743395,10.229392836940548,10.26438750757157,313250000
2011-06-06,10.110652923583984,10.380138915829132,10.103773949343779,10.339761181974746,461941200
2011-06-07,9.931196212768555,10.11603801899914,9.927008767470214,10.114542902157924,529785200
2011-06-08,9.937177658081055,10.013746484273879,9.889622243269336,9.923419708774727,333723600
2011-06-09,9.91474437713623,9.979947269657243,9.892610742960962,9.967384936746955,275088800
2011-06-10,9.74754810333252,9.919827511546679,9.735882682013898,9.886627463703752,433955200
2011-06-13,9.768486976623535,9.819632426301279,9.72272538459715,9.78643237012129,329473200
2011-06-14,9.943156242370605,9.9673831951277,9.849538964913767,9.870176680323649,334569200
2011-06-15,9.772976875305176,9.879155749025568,9.717044958817686,9.862705467237605,399196000
2011-06-16,9.725418090820312,9.830700034943,9.521135769931618,9.777461255740336,510591200
2011-06-17,9.57886028289795,9.847748891756924,9.55194179122517,9.839972207879109,615020000
2011-06-20,9.431107521057129,9.50229249331468,9.286942957140228,9.492122983371168,640645600
2011-06-21,9.729601860046387,9.744556217674841,9.42751489081138,9.471781354791144,493382400
2011-06-22,9.649145126342773,9.837277398793505,9.642265355099882,9.725414426881425,390583200
2011-06-23,9.906966209411621,9.920724154243834,9.514851204248862,9.539376062716455,559759200
2011-06-24,9.761007308959961,9.9643926430406,9.723321113675658,9.91115388384388,439807200
2011-06-27,9.931196212768555,9.98682861591585,9.787929356949027,9.798098866959284,339813600
2011-06-28,10.027502059936523,10.070572114308915,9.973066884683698,9.979347651416216,294299600
2011-06-29,9.991011619567871,10.060700645796633,9.926406148073982,10.050830642746584,352545200
2011-06-30,10.039763450622559,10.053522992046657,9.955120067750144,10.010751647614061,322954800
2011-07-01,10.2667818069458,10.27395948519383,9.995799893874262,10.048141756749844,435313200
2011-07-05,10.45132064819336,10.463284772453797,10.24404738675697,10.259001743409334,355054000
2011-07-06,10.521011352539062,10.59100069194682,10.369967853701699,10.436965362894219,444626000
2011-07-07,10.683720588684082,10.707648043051565,10.588009173867489,10.608049485125838,399663600
2011-07-08,10.758790969848633,10.767465358883989,10.534169738334917,10.568266692270779,489633200
2011-07-11,10.588008880615234,10.760588605535569,10.552715507030873,10.657998220147816,442674400
2011-07-12,10.58053207397461,10.698076813695112,10.427094957131366,10.573951006162162,451609200
2011-07-13,10.708248138427734,10.7674689733873,10.659195214699206,10.71751913941508,391638800
2011-07-14,10.700767517089844,10.815620719001977,10.657996968994864,10.797674531825136,430533600
2011-07-15,10.914621353149414,10.917014178171419,10.742641447395659,10.802460475599293,484467200
2011-07-18,11.180218696594238,11.20564126298042,10.925388437125807,10.929874584447324,572653200
2011-07-19,11.271446228027344,11.32528320528677,11.165864797844176,11.305841897126776,819145600
2011-07-20,11.572037696838379,11.85229140636023,11.545119207399184,11.847805257678175,941340400
2011-07-21,11.583703994750977,11.666552792389664,11.48230999856245,11.57353448514137,526534400
2011-07-22,11.763457298278809,11.815799149568544,11.597458650243947,11.614507129822053,516728800
2011-07-25,11.918986320495605,11.963850188650067,11.653388355443042,11.675221683977009,589806000
2011-07-26,12.06584358215332,12.09844542440937,11.954280908573306,11.96385141018414,476582400
2011-07-27,11.742218017578125,12.0428097974635,11.729057483231186,11.981494869538459,659324400
2011-07-28,11.71919059753418,11.873823323193513,11.608824336864974,11.713209333550218,594034000
2011-07-29,11.67911434173584,11.818792742497857,11.48530025779115,11.594171427910737,632584400
2011-08-01,11.866646766662598,11.94889734060578,11.735641978125033,11.897453194244907,612836000
2011-08-02,11.632150650024414,11.90103830862868,11.615401677479978,11.893561131528829,639539600
2011-08-03,11.741622924804688,11.770934233130918,11.432656976175423,11.694065926050317,732508000
2011-08-04,11.286996841430664,11.70423573898216,11.286398635149707,11.647109035833962,871407600
2011-08-05,11.174836158752441,11.470344497231826,10.844335545067457,11.378820525415565,1204590800
2011-08-08,10.564382553100586,10.999866430560596,10.558699192950629,10.818015677904066,1143833600
2011-08-09,11.186502456665039,11.204448648100815,10.617919670779294,10.806350687487923,1082583600
2011-08-10,10.877832412719727,11.205641440328673,10.842240340011854,11.100957746002168,878656800
2011-08-11,11.177230834960938,11.229572696138115,10.908641756245151,11.082117616184556,741969200
2011-08-12,11.275634765625,11.354894323898488,11.193083873907554,11.307936316172798,528976000
2011-08-15,11.467656135559082,11.51431544710626,11.308536390269822,11.354597495275705,460544000
2011-08-16,11.380014419555664,11.466454023802642,11.247814034326373,11.411121144243237,498750000
2011-08-17,11.37881851196289,11.500849387893732,11.305838949426523,11.43474959632226,442061200
2011-08-18,10.948421478271484,11.145826396029703,10.808444375044742,11.091689116042476,851435200
2011-08-19,10.648728370666504,10.97683782733869,10.647831460307554,10.832373761687075,775888400
2011-08-22,10.660987854003906,10.913426110368857,10.620610128394596,10.902358894929181,535315200
2011-08-23,11.174236297607422,11.175432710013526,10.677736330498178,10.77643795798234,656835200
2011-08-24,11.25140380859375,11.334552078553711,11.08450746509735,11.170348062429223,626267600
2011-08-25,11.177828788757324,11.229572442374497,10.917016399014582,10.919409224523356,871346000
2011-08-26,11.472736358642578,11.479315829094816,11.090490529811342,11.101556946731252,641477200
2011-08-29,11.663860321044922,11.70962271125684,11.604938987394638,11.610322046315163,405269200
2011-08-30,11.664461135864258,11.719794042165608,11.551402497129155,11.612417966158153,417922400
2011-08-31,11.510120391845703,11.726964928327227,11.421288775875444,11.681801562328106,522586400
2011-09-01,11.396466255187988,11.585195945126493,11.387194457120685,11.539733864879524,343725200
2011-09-02,11.187699317932129,11.305842287596985,11.121300004304677,11.20833624090048,438939200
2011-09-06,11.357882499694824,11.375528386059582,10.961279742686044,10.98789952147383,509698000
2011-09-07,11.483202934265137,11.533151953868828,11.425476435401759,11.531955541470902,350576800
2011-09-08,11.489482879638672,11.62317916020464,11.43474821435147,11.437439742718043,416158400
2011-09-09,11.29028606414795,11.545115520855507,11.216707498808363,11.483203174649665,564813200
2011-09-12,11.363863945007324,11.391978039883314,11.123389837612596,11.15629117957494,467832400
2011-09-13,11.503843307495117,11.551398714620527,11.3731372194965,11.429666520353516,440560400
2011-09-14,11.643819808959961,11.730856835925826,11.53793968136547,11.57562588262272,534724400
2011-09-15,11.753291130065918,11.774228355732967,11.661767939599017,11.707529534832467,417818800
2011-09-16,11.978805541992188,11.978805541992188,11.815200523553536,11.830454383756614,698513200
2011-09-19,12.311700820922852,12.35955652698219,11.820286717385757,11.874122889190058,823860800
2011-09-20,12.366134643554688,12.647584672965944,12.298538939734218,12.419971604659787,775754000
2011-09-21,12.32695484161377,12.609600519304033,12.32276739766691,12.551276605196959,605976000
2011-09-22,12.018282890319824,12.257560531859152,11.865146126195345,11.994654948013572,968480800
2011-09-23,12.092462539672852,12.165442102031285,11.959364449501795,11.972225484047604,546277200
2011-09-26,12.058669090270996,12.082896052781342,11.703641939151426,11.959667916937613,812876400
2011-09-27,11.941719055175781,12.24051551048953,11.905827476346367,12.224962945578314,632497600
2011-09-28,11.874423027038574,12.07571425592529,11.85946707084201,11.96953463419335,429637600
2011-09-29,11.681800842285156,12.029948810957308,11.551394306555553,12.02127522171421,651086800
2011-09-30,11.405139923095703,11.631556610445339,11.400952479078878,11.57861575328353,547640800
2011-10-03,11.204150199890137,11.444624412859763,11.161380433244938,11.37672997404925,669099200
2011-10-04,11.141336441040039,11.41949597313931,10.595187682321763,11.203249593296247,1233677200
2011-10-05,11.313323974609375,11.360281196120804,10.776445130784115,11.002562434002638,786469600
2011-10-06,11.286996841430664,11.508627077148905,11.120399986213908,11.166161568697198,812582400
2011-10-07,11.060585021972656,11.298067412111818,11.021403694174579,11.239444772371534,535458000
2011-10-10,11.629162788391113,11.629162788391113,11.312120649152318,11.33844172538085,442514800
2011-10-11,11.972526550292969,12.058966169154123,11.70962165033216,11.741624491786544,605687600
2011-10-12,12.0293550491333,12.240516292891735,11.968040098323591,12.183389585065004,622286000
2011-10-13,12.21599292755127,12.21599292755127,12.049096535738983,12.112803521001243,426185200
2011-10-14,12.621865272521973,12.621865272521973,12.420572436019034,12.467232529872144,573367200
2011-10-17,12.561747550964355,12.76244139551127,12.44061275765308,12.614089410359409,686044800
2011-10-18,12.62903881072998,12.705907101118164,12.442103786122082,12.614681863480586,881602400
2011-10-19,11.922576904296875,12.21569079061516,11.89805044705303,12.004230064047492,1104059600
2011-10-20,11.823575973510742,11.974320772797984,11.790676222964821,11.963852561441556,549270400
2011-10-21,11.750595092773438,11.938129160881715,11.687186826685746,11.907023234096684,621244400
2011-10-24,12.136429786682129,12.15826311647797,11.826267437988944,11.849596682724522,502138000
2011-10-25,11.897150993347168,12.159757918509115,11.885487170720117,12.11429504700818,430427200
2011-10-26,11.981797218322754,12.04012112956982,11.758969783351672,12.016491583406047,456304800
2011-10-27,12.104127883911133,12.233039345362814,12.020381397615996,12.189968491600794,494664800
2011-10-28,12.111902236938477,12.153775871371145,12.038922679443207,12.053578331693668,322842800
2011-10-31,12.106820106506348,12.242909243730317,11.995256628788427,12.036233360800193,385501200
2011-11-01,11.859464645385742,11.948894472401749,11.761062524364057,11.886383923422185,531790000
2011-11-02,11.886384010314941,11.977010250350625,11.817591097947608,11.966542041485384,327350800
2011-11-03,12.055676460266113,12.06554646629978,11.825073089808175,11.936037579069687,441386400
2011-11-04,11.971029281616211,12.066739883609989,11.938726943459894,12.024567541870146,302229200
2011-11-07,11.95577621459961,11.963852399218583,11.848102272195383,11.961160870127806,270275600
2011-11-08,12.150186538696289,12.203127386512874,12.010508989106649,12.029950290702027,400442000
2011-11-09,11.822678565979004,11.990471839142124,11.79127393323091,11.873225800332,558684000
2011-11-10,11.521790504455566,11.88040687374403,11.429967813987039,11.8750230158654,744752400
2011-11-11,11.503843307495117,11.625874205594062,11.373436722001783,11.563362841364873,653786000
2011-11-14,11.343524932861328,11.522684100960516,11.311820802009267,11.470939662487034,432905200
2011-11-15,11.629761695861816,11.64980040799431,11.34920934325453,11.38958706866586,430810800
2011-11-16,11.508326530456543,11.698850807728652,11.494866491953804,11.642321521240468,349210400
2011-11-17,11.28819465637207,11.50264644336107,11.23106714745341,11.484700252702833,479900400
2011-11-18,11.214311599731445,11.365355032696096,11.212516981588955,11.33335220716445,371938000
2011-11-21,11.03695297241211,11.11681151399815,10.944232596487277,11.07852631213126,447980400
2011-11-22,11.261276245117188,11.303748097955163,11.094679368078204,11.097072193515464,409021200
2011-11-23,10.976537704467773,11.241238059691485,10.97324716976604,11.201457731433258,428271200
2011-11-25,10.874242782592773,11.100957345070288,10.866764805644387,11.019304194232383,254760800
2011-11-28,11.24960708618164,11.2675532710018,11.076430795369225,11.13684802025087,346413200
2011-11-29,11.162274360656738,11.330665845781008,11.072545808637157,11.241235997584896,375855200
2011-11-30,11.431459426879883,11.433852251870297,11.314811604616928,11.404242240623775,405938400
2011-12-01,11.6028413772583,11.634844211990558,11.388090136505042,11.441628395138487,387181200
2011-12-02,11.655787467956543,11.773332255621806,11.622288700984951,11.659675411060702,379055600
2011-12-05,11.75478458404541,11.856478068410206,11.676421946511354,11.76914153675763,357210000
2011-12-06,11.693169593811035,11.80323795471798,11.646212396348057,11.739828886136523,283598000
2011-12-07,11.63753890991211,11.692871798475442,11.56784906915677,11.66266277757477,304746400
2011-12-08,11.684496879577637,11.829259619113811,11.671635842608792,11.708125630662732,376356400
2011-12-09,11.773028373718262,11.785590706162305,11.695562653663261,11.749998628914142,296993200
2011-12-12,11.7197904586792,11.781404115402077,11.648306796514861,11.715004807877676,301067200
2011-12-13,11.629162788391113,11.826268162936424,11.578017349638756,11.754484208259154,338928800
2011-12-14,11.371342658996582,11.586393445629353,11.296269759972885,11.56605443005931,406887600
2011-12-15,11.333953857421875,11.47752015775683,11.315110760536083,11.465257329393141,256200000
2011-12-16,11.396164894104004,11.48978216561834,11.352796143587865,11.376424888620553,421478400
2011-12-19,11.431757926940918,11.510719547354306,11.380013490397085,11.439534607477858,235530400
2011-12-20,11.842718124389648,11.847205070995138,11.582803475998073,11.597757834887565,337215200
2011-12-21,11.857672691345215,11.883096058599023,11.724873294821995,11.864850367944548,262948000
2011-12-22,11.920482635498047,11.937830617236349,11.847204364493527,11.87412204915473,202358800
2011-12-23,12.063451766967773,12.071228449099616,11.9485985499636,11.95458061314194,269399200
2011-12-27,12.159162521362305,12.235731333577265,12.054179308060752,12.056572932032882,265076000
2011-12-28,12.042811393737793,12.210603836200425,12.003928790322808,12.169927412900671,228662000
2011-12-29,12.116985321044922,12.132838182682534,11.9791032020336,12.06554119167811,215978000
2011-12-30,12.113399505615234,12.151683907203461,12.068236131441646,12.068833539022496,179662000
2012-01-03,12.299736976623535,12.337722676322402,12.233038972638083,12.245003098318556,302220800
2012-01-04,12.365836143493652,12.402924931211073,12.241412437457184,12.262947063910191,260022000
2012-01-05,12.503124237060547,12.518676804155074,12.342808123069357,12.411002851224561,271269600
2012-01-06,12.633828163146973,12.644296374248313,12.538715755758819,12.555166029967587,318292800
2012-01-09,12.613791465759277,12.79384761210463,12.602425543318935,12.72655138381264,394024400
2012-01-10,12.658951759338379,12.741502631112322,12.606908610087858,12.738810303434787,258196400
2012-01-11,12.638314247131348,12.647287341747042,12.541407221301773,12.642202188794828,215084800
2012-01-12,12.603622436523438,12.648785826773608,12.524660780223066,12.630242224969328,212587200
2012-01-13,12.556361198425293,12.575503799689894,12.521965534787888,12.553072261842866,226021600
2012-01-17,12.702618598937988,12.741202501503011,12.650575455511326,12.687663443162165,242897200
2012-01-18,12.83452320098877,12.845290116926659,12.750477203067547,12.770217214514835,276791200
2012-01-19,12.793844223022461,12.902116366052644,12.756756231978368,12.865627379967593,261738400
2012-01-20,12.571017265319824,12.786366744567069,12.554566991155381,12.786068040749157,413974400
2012-01-23,12.783675193786621,12.814781921808558,12.630837076093334,12.641903493456793,306062400
2012-01-24,12.574309349060059,12.714585950482853,12.54858727327066,12.714585950482853,547638000
2012-01-25,13.359436988830566,13.592432380235735,13.271801752180934,13.592133676386993,958314000
2012-01-26,13.298720359802246,13.423143285223812,13.254155185457803,13.410283046916776,323985200
2012-01-27,13.377976417541504,13.4138679877899,13.272994033801977,13.29004171103004,299709200
2012-01-30,13.54936408996582,13.575983876040885,13.321453037041946,13.331023540988467,379341200
2012-01-31,13.65315055847168,13.70579112727377,13.5511583582416,13.62653077151714,391683600
2012-02-01,13.6444730758667,13.728220355343549,13.625332072796432,13.710873172389103,270046000
2012-02-02,13.612470626831055,13.673784773855655,13.57837366754,13.635799873080742,186796400
2012-02-03,13.748856544494629,13.758427843639577,13.625629262696046,13.677672403123548,286599600
2012-02-06,13.877169609069824,13.907378625771223,13.704592294961364,13.70997535261173,249412800
2012-02-07,14.022533416748047,14.050050908711816,13.895416564685773,13.915456876648241,316223600
2012-02-08,14.257325172424316,14.260614109543486,14.048555136678319,14.072483392164058,407890000
2012-02-09,14.750529289245605,14.857605796826478,14.373368688051093,14.379350749704736,884214800
2012-02-10,14.758010864257812,14.883631001721511,14.612350414946658,14.684433880014424,631302000
2012-02-13,15.03258991241455,15.06937842393598,14.86778677320217,14.940766388259746,517216000
2012-02-14,15.237760543823242,15.240750776744953,15.014635177546891,15.094194221954853,460398400
2012-02-15,14.885130882263184,15.741142777890357,14.8618000312258,15.381330770408692,1506120000
2012-02-16,15.020916938781738,15.101074993487627,14.554924568184838,14.700585021147555,944552000
2012-02-17,15.018223762512207,15.187213446254551,14.96378778852261,15.047833776005712,535805200
2012-02-21,15.398971557617188,15.398971557617188,15.078040714419377,15.160591574118566,605595200
2012-02-22,15.34483814239502,15.418116424868694,15.226096176525905,15.346034555115953,483302400
2012-02-23,15.445032119750977,15.488102969916774,15.238955257208708,15.405850808235,568027600
2012-02-24,15.625085830688477,15.639741482303153,15.512327563317175,15.543133982613162,415072000
2012-02-27,15.725285530090332,15.807237385281379,15.441742174411404,15.592186644332727,547582000
2012-02-28,16.013916015625,16.013916015625,15.727979785519597,15.791089353945605,600387200
2012-02-29,16.22418212890625,16.37881648976722,16.022592158720855,16.197862644117894,952011200
2012-03-01,16.284894943237305,16.396758716584472,16.114410150369242,16.395560706702984,683270000
2012-03-02,16.30613136291504,16.35458367366405,16.22657072948654,16.278016467537288,431712400
2012-03-05,15.946622848510742,16.37492747183971,15.732468140825837,16.313314605443885,809124400
2012-03-06,15.859879493713379,15.96246907400827,15.439948274834977,15.662476215986581,810238800
2012-03-07,15.872747421264648,16.084806434726318,15.651714511604455,16.055495114818353,798520800
2012-03-08,16.210718154907227,16.24062686649637,15.915509395763197,15.992376893044375,516457200
2012-03-09,16.305835723876953,16.38270324558936,16.24422126655987,16.277121818172652,418919200
2012-03-12,16.510114669799805,16.510114669799805,16.360564712403928,16.41978632940867,407282400
2012-03-13,16.991657257080078,16.994050081753326,16.622272535542333,16.67581238694278,690855200
2012-03-14,17.634124755859375,17.787859821418433,17.210005164696152,17.28926712064256,1418844000
2012-03-15,17.513893127441406,17.946087442795136,17.304226890833448,17.934123309957055,1159718000
2012-03-16,17.514179229736328,17.62275086176501,17.287763370064336,17.48875586508474,825487600
2012-03-19,17.978681564331055,17.998720280196103,17.618270603841047,17.897028389553086,901236000
2012-03-20,18.12403678894043,18.152150082853602,17.690945106823058,17.931118893538766,816662000
2012-03-21,18.020553588867188,18.234407968771865,17.98795333909706,18.02773206515054,644042000
2012-03-22,17.926036834716797,18.080370851321423,17.812080541662734,17.879376747580338,623870800
2012-03-23,17.827632904052734,17.999612797238324,17.778281290917093,17.9604314883762,430488800
2012-03-26,18.15455436706543,18.159640320720083,17.80401491497146,17.939503506347496,595742000
2012-03-27,18.378870010375977,18.432706979300956,18.127030752196493,18.130619989947927,607129600
2012-03-28,18.4727840423584,18.587337739748616,18.254144058565874,18.495514281692746,655460400
2012-03-29,18.24068260192871,18.441077670746882,18.16202128780053,18.328019103325246,608238400
2012-03-30,17.93232536315918,18.261629657692534,17.884170138901467,18.20809137356988,731038000
2012-04-02,18.50299835205078,18.507184998174644,17.95714659316858,18.000516157803816,598351600
2012-04-03,18.822721481323242,18.909161861701556,18.619037499736617,18.76230346510908,834559600
2012-04-04,18.672880172729492,18.71923996074658,18.454240173266477,18.67407658527212,572980800
2012-04-05,18.953144073486328,18.982455396728334,18.645672286045993,18.752748866002644,641298000
2012-04-09,19.029407501220703,19.137381761348433,18.702496084813205,18.727320452773515,597536800
2012-04-10,18.796409606933594,19.261802950047038,18.723430032051606,19.14007075730099,889725200
2012-04-11,18.729408264160156,19.048543688400763,18.643865575178385,19.028504978463385,696614800
2012-04-12,18.626819610595703,18.88284710985543,18.55892439490823,18.693518413707007,614336800
2012-04-13,18.102195739746094,18.68453689428121,18.05075162171336,18.66688941815795,859644800
2012-04-16,17.351472854614258,18.25324680285397,17.29524306509184,18.246667332851047,1050786800
2012-04-17,18.235898971557617,18.244871266214407,17.105615070642592,17.315880164972658,1025528000
2012-04-18,18.195228576660156,18.5514529125366,18.026836264709598,18.356142110347083,954531200
2012-04-19,17.57011604309082,18.087253900827207,17.48277950507485,17.952361151497104,834719200
2012-04-20,17.137624740600586,17.78486975483016,17.06105591099275,17.687961905562442,1030985200
2012-04-23,17.099332809448242,17.24798505982,16.64829649679139,17.066732566837537,966529200
2012-04-24,16.757762908935547,16.97939308536881,16.59983968769971,16.82745192534237,1076149200
2012-04-25,18.244874954223633,18.484152699351522,18.12523688033304,18.413565948233668,905777600
2012-04-26,18.176076889038086,18.385145535753633,18.00948007826646,18.37258240853189,536068400
2012-04-27,18.035505294799805,18.130619292882763,17.960731907206196,18.09742004296831,406722400
2012-04-30,17.46662712097168,17.897925114968487,17.437315808423428,17.879978924424638,506144800
2012-05-01,17.411291122436523,17.848868188232522,17.384372641335574,17.49414068683618,610999200
2012-05-02,17.526437759399414,17.568909591325617,17.313481192376596,17.354756612173247,427389200
2012-05-03,17.402021408081055,17.688556642852205,17.356559325392592,17.661638157294217,390549600
2012-05-04,16.906417846679688,17.298532874195118,16.904025021585817,17.260249270039722,529992400
2012-05-07,17.032934188842773,17.131337115540905,16.786179313989287,16.794255497311568,460118400
2012-05-08,16.994050979614258,17.09335001410784,16.71140533887532,17.035923816262127,497252000
2012-05-09,17.023962020874023,17.167529931145634,16.77481589325117,16.860058291716268,480704000
2012-05-10,17.06403160095215,17.22434760105755,17.001821376767133,17.185465012932667,333200000
2012-05-11,16.950090408325195,17.182189709303604,16.879503647485876,16.898944956971626,399546000
2012-05-14,16.69614601135254,16.97400592477179,16.677602423015113,16.826253028086132,352626400
2012-05-15,16.545103073120117,16.84569482469782,16.50263124221865,16.79275558592478,476336000
2012-05-16,16.333057403564453,16.656381246039725,16.18231255188953,16.571437515670876,560896000
2012-05-17,15.855681419372559,16.375510314954752,15.855681419372559,16.310007973394004,717220000
2012-05-18,15.863465309143066,16.253187426546937,15.618207179910431,15.970541812715274,732292400
2012-05-21,16.787677764892578,16.795455245985785,15.973238601821475,15.986699442481251,631106000
2012-05-22,16.65876579284668,17.16453678587054,16.527462319421524,17.035027132479886,694870400
2012-05-23,17.065237045288086,17.132234543614523,16.546902943902055,16.674615577325838,584897600
2012-05-24,16.908519744873047,17.242910017481382,16.786188502367104,17.224066111863465,496230000
2012-05-25,16.817888259887695,16.92436740039238,16.703633234954914,16.88668119634307,328507200
2012-05-29,17.116392135620117,17.168136607590306,16.90822262657218,17.07541697988204,380508800
2012-05-30,17.32276153564453,17.347287196599808,16.94560082913308,17.0245624676639,529429600
2012-05-31,17.27968978881836,17.39244807220976,17.092156523317083,17.369716234851698,491674400
2012-06-01,16.77899932861328,17.127746336091917,16.76494268169138,17.023361356580622,520987600
2012-06-04,16.87771224975586,16.97372240720333,16.40544054392085,16.794265228905807,556995600
2012-06-05,16.834035873413086,16.942907819048013,16.6994434537529,16.787377380910428,388214400
2012-06-06,17.092161178588867,17.16364404913051,16.9138988633428,16.981794092776166,401455600
2012-06-07,17.099931716918945,17.267424667085738,17.063441936040125,17.26652855576228,379766800
2012-06-08,17.357154846191406,17.36493232613053,17.01857809473201,17.09634331004442,347516400
2012-06-11,17.083484649658203,17.601817236051648,17.067332280711867,17.578487988775024,591264800
2012-06-12,17.232730865478516,17.246488810363722,16.949786501227262,17.181885730956168,435380400
2012-06-13,17.113086700439453,17.302115013262586,17.0598471626168,17.183673414402342,293580000
2012-06-14,17.094247817993164,17.153170729676734,16.966535186301652,17.08557422738262,345573200
2012-06-15,17.17201042175293,17.18666607217244,17.035023618011586,17.078393161830675,335255200
2012-06-18,17.520462036132812,17.5835716007849,17.05955567726428,17.07720316189503,440412000
2012-06-19,17.569217681884766,17.64668260626296,17.440307013126652,17.449279309403302,361404400
2012-06-20,17.519269943237305,17.624252366537018,17.37151536485191,17.59314563508321,358943200
2012-06-21,17.27788734436035,17.593433423534446,17.271007575989746,17.510285185140322,326351200
2012-06-22,17.4103946685791,17.413086197413907,17.21059856967267,17.318871506770325,284471600
2012-06-25,17.071517944335938,17.341602060824826,17.059553820015328,17.266827082494196,304382400
2012-06-26,17.109209060668945,17.182786050393872,16.968632955468735,17.088271038409506,276536400
2012-06-27,17.18308448791504,17.250082005005034,17.105918261057145,17.198038848714134,202997200
2012-06-28,17.020071029663086,17.168124262509153,16.91718276233238,17.09843523985648,282836400
2012-06-29,17.467227935791016,17.467227935791016,17.175608299288758,17.28776920645212,421500800
2012-07-02,17.722049713134766,17.750463307312916,17.455256159029894,17.489054407243042,400092000
2012-07-03,17.92813491821289,17.945782407259628,17.766325270046217,17.79264475565656,241712800
2012-07-05,18.243074417114258,18.374676569409836,17.93530415572058,17.96252133629256,484383200
2012-07-06,18.12164306640625,18.198211861619033,17.99303272852042,18.157834141677682,418930400
2012-07-09,18.361221313476562,18.361520017266155,18.068705644101833,18.104297718111027,379405600
2012-07-10,18.19133758544922,18.540083084613283,18.1045984677199,18.483254282884875,511957600
2012-07-11,18.07828140258789,18.174888940822804,17.862633186783224,18.128827846700087,469322000
2012-07-12,17.912878036499023,18.049564582800564,17.726839869502005,17.95295706015484,428041600
2012-07-13,18.094425201416016,18.160823690193933,17.945774562362853,18.034008774331546,311427200
2012-07-16,18.15245246887207,18.293325645097156,18.095922378766325,18.098914208626965,301260400
2012-07-17,18.153352737426758,18.289740584113005,18.039993837448037,18.268503860351018,293624800
2012-07-18,18.133007049560547,18.19521888679139,18.052250024503934,18.142877050902097,252700000
2012-07-19,18.374080657958984,18.404887077775225,18.12523168270481,18.283154917255896,436861600
2012-07-20,18.074398040771484,18.377681574343907,18.056451844225027,18.33550841179655,397471200
2012-07-23,18.060335159301758,18.122248323510615,17.57819198373929,17.77828683257703,487975600
2012-07-24,17.973299026489258,18.235307041034087,17.90121555442451,18.16651410351525,565132400
2012-07-25,17.197141647338867,17.371514403034155,17.04849096563282,17.181888583653638,877312800
2012-07-26,17.19444465637207,17.359544762001725,17.05925326094481,17.340402165170623,406632800
2012-07-27,17.501922607421875,17.52196292194899,17.096049532431934,17.198340434846042,403936400
2012-07-30,17.797128677368164,17.9290295789137,17.58147888974291,17.674200072086403,379142400
2012-07-31,18.267608642578125,18.29572514221202,18.02713605779316,18.042389123070066,462327600
2012-08-01,18.149463653564453,18.436297602031463,18.035507343078876,18.42164194611544,384501600
2012-08-02,18.17877769470215,18.265515230547116,17.95325946256645,18.030725996808428,332158400
2012-08-03,18.415363311767578,18.483557244719364,18.29153698171927,18.353450146743423,344920800
2012-08-06,18.620241165161133,18.68963150105217,18.402200152527946,18.462915298754282,302103200
2012-08-07,18.571184158325195,18.69351371948959,18.48534277555128,18.626814933127335,290446800
2012-08-08,18.53978157043457,18.660018626512112,18.457230708132187,18.5257233247085,244706000
2012-08-09,18.645517349243164,18.675556085036156,18.55750585862576,18.559007394364194,221642400
2012-08-10,18.674654006958008,18.676455528953486,18.584541010473593,18.584840996772037,194938800
2012-08-13,18.92397117614746,18.92397117614746,18.72121411294518,18.725420338227963,278832400
2012-08-14,18.9747314453125,19.18259626200079,18.93027572623038,18.980139219165917,340169200
2012-08-15,18.94890022277832,19.044121004262156,18.85638413050691,18.963018828803545,257342400
2012-08-16,19.11440658569336,19.127022049058024,18.938983626658136,18.960311524093694,254534000
2012-08-17,19.46795654296875,19.470359641468796,19.188603561259303,19.224348448294013,442761200
2012-08-20,19.979820251464844,19.979820251464844,19.521739283241185,19.52504394720386,613384800
2012-08-21,19.706758499145508,20.27207539142465,19.53464017802923,20.15012054849226,812719600
2012-08-22,20.091552734375,20.095457369662956,19.467962907586084,19.65750295218033,565322800
2012-08-23,19.904115676879883,20.122491307316714,19.859658340375766,20.00864728673608,420128800
2012-08-24,19.921831130981445,20.10986957986534,19.691440075892054,19.810390244352774,437340400
2012-08-27,20.296112060546875,20.452008708297207,20.23182995957956,20.425574617315213,427008400
2012-08-28,20.269668579101562,20.308718120586235,20.14561064665418,20.27507474764989,267416800
2012-08-29,20.22972869873047,20.355888208829466,20.203596195907423,20.283196858281855,202806800
2012-08-30,19.941356658935547,20.172049313210742,19.910717953716663,20.144715269636492,302699600
2012-08-31,19.98250961303711,20.08343654786357,19.742504547083797,20.042885461324115,338321200
2012-09-04,20.274782180786133,20.279888364995735,19.960284226166245,19.998132232467555,367892000
2012-09-05,20.13240623474121,20.31623852489983,20.11348142605139,20.2928091080214,336375200
2012-09-06,20.3138370513916,20.374514513557894,20.149529529515064,20.220719349168025,391196400
2012-09-07,20.4390869140625,20.50036431994653,20.298808850286296,20.36729394727031,329666400
2012-09-10,19.90742301940918,20.524703586616752,19.888198222657152,20.43939675944031,487998000
2012-09-11,19.842832565307617,20.12849328927984,19.71997615555477,19.978604426785626,503983200
2012-09-12,20.119184494018555,20.122489156213494,19.70496112993259,20.030873011576162,712233200
2012-09-13,20.5153865814209,20.591082591559918,20.26877377375207,20.34687288275915,598360000
2012-09-14,20.764705657958984,20.935922468047455,20.66287553096577,20.725056124761696,600474000
2012-09-17,21.0200252532959,21.02062522588591,20.864728604769454,21.00710819635795,398031200
2012-09-18,21.084003448486328,21.096618913545722,20.919094422904465,21.023026027024898,373503200
2012-09-19,21.0897216796875,21.146492904846706,21.01372565692712,21.034451990789535,326874800
2012-09-20,20.987585067749023,21.028437750040254,20.834991492306305,21.001402084656835,336568400
2012-09-21,21.02933120727539,21.178920060668798,21.007403337111587,21.099019451315616,571589200
2012-09-24,20.74998664855957,20.880052396854275,20.51599086290553,20.631938001333907,639766400
2012-09-25,20.231826782226562,20.80975921065692,20.215605063205388,20.673985732504605,518789600
2012-09-26,19.980709075927734,20.20629395690374,19.861157318580997,20.08764376264579,576503200
2012-09-27,20.465518951416016,20.491051470684656,19.835621626654216,19.953971815712016,594090000
2012-09-28,20.03838539123535,20.45921811104702,20.027871431216727,20.388328289072195,535110800
2012-10-01,19.806787490844727,20.328248690693474,19.719977553668354,20.16033497272422,543594800
2012-10-02,19.864459991455078,20.01585200242854,19.544254305887886,19.879478556354982,627992400
2012-10-03,20.169042587280273,20.18135966957535,19.904108211006278,19.97109337489182,424281200
2012-10-04,20.02937126159668,20.253154641179517,19.991824845166793,20.163040033337925,370725600
2012-10-05,19.602529525756836,20.005338940520183,19.563179985601955,19.98130955644501,594006000
2012-10-08,19.169382095336914,19.45143981489332,19.10750310033936,19.431013474103032,637994000
2012-10-09,19.09969711303711,19.239073665734942,18.730229414262414,19.18380398536273,838597200
2012-10-10,19.251689910888672,19.373944786841907,19.13424123378801,19.216544982830523,510356000
2012-10-11,18.866893768310547,19.44062147334294,18.866893768310547,19.41959516468099,546081200
2012-10-12,18.915264129638672,19.085579390969553,18.782796882404124,18.910757917135108,460014800
2012-10-15,19.06694984436035,19.078063774536055,18.739234886804944,18.99455850297628,432502000
2012-10-16,19.518428802490234,19.53374896338261,18.95401322054592,19.085280530005633,549771600
2012-10-17,19.36282730102539,19.60853855757041,19.344504072312567,19.490789915693213,389037600
2012-10-18,19.003276824951172,19.286234582852064,18.92397614265781,19.2120416903433,476624400
2012-10-19,18.318403244018555,18.977136251884318,18.311793920292253,18.955509967138138,744086000
2012-10-22,19.045026779174805,19.08557787587206,18.34604092570445,18.395904433048415,546730800
2012-10-23,18.42413902282715,19.041121085330975,18.374277122460423,18.954009544448343,707145600
2012-10-24,18.528369903564453,18.820340017839996,18.34243452835027,18.666846479414186,558527200
2012-10-25,18.309389114379883,18.683664494351788,18.18953738164312,18.623587030645083,656325600
2012-10-26,18.14298439025879,18.443365388659924,17.75249037570144,18.306090345160026,1018432800
2012-10-31,17.882246017456055,18.081698353594447,17.653356530742666,17.86902897747854,510003200
2012-11-01,17.918903350830078,18.11294803187595,17.847713529312447,17.96936683902171,361298000
2012-11-02,17.32594871520996,17.931215279699103,17.264371304454816,17.899375017912778,599373600
2012-11-05,17.560848236083984,17.655467470019865,17.349980268853816,17.527806420591507,529135600
2012-11-06,17.507673263549805,17.744673642245285,17.42476957273028,17.729355092280393,374917200
2012-11-07,16.837785720825195,17.336883573950207,16.76989027339794,17.315761226286277,793648800
2012-11-08,16.226736068725586,16.965426791378338,16.152505691031127,16.917145298700515,1056146000
2012-11-09,16.507675170898438,16.74364542906247,16.105136913309206,16.307311723370045,929913600
2012-11-12,16.380029678344727,16.7321752272916,16.25389667220091,16.721613245890705,515802000
2012-11-13,16.382144927978516,16.610872937713125,16.184798287727617,16.261745734454276,532949200
2012-11-14,16.200483322143555,16.519436066543484,16.179360976027972,16.460594209236834,477170400
2012-11-15,15.860710144042969,16.27954241541219,15.770185570155531,16.22009784316243,789910800
2012-11-16,15.922868728637695,15.992875266758704,15.261125565528427,15.848034042264793,1266893600
2012-11-19,17.071041107177734,17.124450497065947,16.291011326609564,16.316056143707282,823317600
2012-11-20,16.92559051513672,17.25872628887561,16.73458214285452,17.257519251847118,642754000
2012-11-21,16.949438095092773,17.12053124490119,16.79554321684222,17.02638553421805,373002000
2012-11-23,17.24515724182129,17.260246020354842,16.976598578459175,17.114499023604388,272826400
2012-11-26,17.789215087890625,17.80339657079331,17.311842200403976,17.377926299198347,630579600
2012-11-27,17.645875930786133,17.816064945921404,17.504655807259102,17.789811485018543,533330000
2012-11-28,17.590360641479492,17.676661413833067,17.268088043733464,17.41926587937898,520864400
2012-11-29,17.784080505371094,17.93163719469884,17.66006185001254,17.8100326140278,514698800
2012-11-30,17.660966873168945,17.755114179534722,17.58251105311945,17.706531326707672,391319600
2012-12-03,17.68842887878418,17.941901944678772,17.66760788269831,17.913537366342286,364280000
2012-12-04,17.37641143798828,17.555953795962218,17.26416019758406,17.555953795962218,557068400
2012-12-05,16.25812339782715,17.177260805426005,16.257519073240754,17.167001791247387,1044638000
2012-12-06,16.513099670410156,16.69626153153506,15.649784399154681,15.96089220995405,1177212400
2012-12-07,16.090951919555664,16.75329807969353,15.99288213051422,16.698983000080467,787040800
2012-12-10,15.987449645996094,16.249671684867717,15.738804764118825,15.842004049531822,630484400
2012-12-11,16.336578369140625,16.583110556709293,16.215273509976964,16.287694153048925,592345600
2012-12-12,16.26445770263672,16.536034688231833,16.182079409429043,16.52909381987146,487144000
2012-12-13,15.983526229858398,16.223420503013408,15.866143846545523,16.0275822931625,625259600
2012-12-14,15.383042335510254,15.634704074102068,15.256005234191806,15.532711798250956,1009579200
2012-12-17,15.655817031860352,15.691122463105383,15.124733615863322,15.357082610362022,757607200
2012-12-18,16.110567092895508,16.140741423165107,15.698673947844377,15.842006851221795,625685200
2012-12-19,15.8815336227417,16.10452936579037,15.857091516618345,16.037238234829285,449369200
2012-12-20,15.743332862854004,15.998917022661427,15.6573334512124,15.99288183486797,481689600
2012-12-21,15.670907974243164,15.681166984945914,15.396614000840225,15.463905117853116,596268400
2012-12-24,15.696257591247559,15.819372192841502,15.652201528385953,15.70169006574849,175753200
2012-12-26,15.479900360107422,15.674832874426668,15.423171212952008,15.660951138343584,302436400
2012-12-27,15.542059898376465,15.577968048126568,15.22823665765588,15.496192482606451,455120400
2012-12-28,15.37700080871582,15.524559103157264,15.332643396910955,15.398124767078697,354278400
2012-12-31,16.058359146118164,16.1558262053908,15.3591992656381,15.40536643076504,659492400
2013-01-02,16.567108154296875,16.747254800275815,16.343812755825798,16.71164801460583,560518000
2013-01-03,16.357995986938477,16.586422525806523,16.324803271702912,16.53240882300755,352965200
2013-01-04,15.902356147766113,16.253294674615336,15.867050700906798,16.203203420063204,594333600
2013-01-07,15.808815002441406,15.971760262659869,15.546289934490733,15.751481515587301,484156400
2013-01-08,15.851353645324707,16.04990723164044,15.728843400979304,15.969037352505188,458707200
2013-01-09,15.60362434387207,15.842310027698732,15.570128641740984,15.766569613724284,407604400
2013-01-10,15.797043800354004,15.954255190681812,15.555942501514966,15.949125684404125,601146000
2013-01-11,15.700181007385254,15.851660177974333,15.661555809127021,15.72130335691674,350506800
2013-01-14,15.140430450439453,15.313937658048586,15.042662025205574,15.168492057688704,734207600
2013-01-15,14.66275691986084,15.057147171968465,14.586110841405027,15.036326177169174,876772400
2013-01-16,15.271390914916992,15.372479102260527,14.8613107803589,14.925884872739584,690804800
2013-01-17,15.168492317199707,15.412007703449392,15.148879972051478,15.398730290821927,453678400
2013-01-18,15.087625503540039,15.154613674690884,14.978993728397928,15.042965111240594,472922800
2013-01-22,15.231559753417969,15.325404100558357,14.985933258089826,15.225223209311432,461546400
2013-01-23,15.510379791259766,15.539951406334902,15.231560555171223,15.353468128227837,861509600
2013-01-24,13.593947410583496,14.053515986044248,13.586402218787907,13.880611518267147,1460852400
2013-01-25,13.27348518371582,13.766849987912577,13.126229858738128,13.62985528557248,1208026400
2013-01-28,13.57372760772705,13.675719831113682,13.152179948925026,13.211625320793349,785517600
2013-01-29,13.828409194946289,13.886648348851331,13.642831619277647,13.83535006314599,571158000
2013-01-30,13.784956932067871,13.95906845111388,13.714649017915471,13.790086438136154,417155200
2013-01-31,13.744522094726562,13.858886069137473,13.729133576398775,13.789483835363832,319334400
2013-02-01,13.688092231750488,13.86491915670093,13.529069508783648,13.853754465232576,539484400
2013-02-04,13.347114562988281,13.758101140169677,13.337458263514023,13.696845199028816,477117200
2013-02-05,13.815436363220215,13.872769842847928,13.344098660362903,13.399319421329912,573347600
2013-02-06,13.80064582824707,14.076747926971153,13.656708659689858,13.774091010424195,593706400
2013-02-07,14.210993766784668,14.265017535468122,13.783042333003308,14.060148978838713,704580800
2013-02-08,14.416168212890625,14.532412771135823,14.211904244454665,14.386424259132006,633158400
2013-02-11,14.566404342651367,14.718464827024226,14.363660812309798,14.462300510383862,517490400
2013-02-12,14.201284408569336,14.64076881460792,14.196428119822556,14.55366035090569,609053200
2013-02-13,14.174266815185547,14.37549475313194,14.059236351817976,14.180337174023744,475207600
2013-02-14,14.16152572631836,14.31479870326628,14.083523609156718,14.098698702063647,355275200
2013-02-15,13.966367721557617,14.269879297744884,13.959083288120397,14.230118026669007,391745200
2013-02-19,13.961206436157227,14.044369572538603,13.774852024129508,13.994897345401505,435783600
2013-02-20,13.623091697692871,13.891395084447506,13.62157289223515,13.891395084447506,476302400
2013-02-21,13.538414001464844,13.632806887260761,13.440076597216056,13.536592893397534,447182400
2013-02-22,13.68258285522461,13.706559563530714,13.554804603188083,13.635235664200996,330654800
2013-02-25,13.439471244812012,13.813396543844929,13.43248992486943,13.774850969608886,372579200
2013-02-26,13.62673568725586,13.704737785176942,13.283464537111694,13.470426757728283,501499600
2013-02-27,13.493191719055176,13.732055138017396,13.37421589446054,13.610346435489973,587350400
2013-02-28,13.396976470947266,13.59334732410781,13.396976470947266,13.477406704619659,322515200
2013-03-01,13.0652437210083,13.299250885279175,13.050371740790002,13.293786749549923,552448400
2013-03-04,12.748980522155762,12.996341580575608,12.717111541653205,12.984200862200952,582755600
2013-03-05,13.085576057434082,13.208498019049477,12.770228533703433,12.792384943956296,638433600
2013-03-06,12.919249534606934,13.210317176805118,12.881917231139813,13.187856847994915,460250000
2013-03-07,13.068580627441406,13.111983301670067,12.779637938790811,12.88404571253845,468473600
2013-03-08,13.103180885314941,13.21578324096538,13.008788801509883,13.044907042855263,391482000
2013-03-11,13.289840698242188,13.32444175638845,12.903470725460892,13.043389711698191,474236000
2013-03-12,13.003326416015625,13.32049590018432,12.977224673285093,13.220944407766158,465911600
2013-03-13,13.000893592834473,13.18755267525233,12.91014456205669,13.003929582807801,405549200
2013-03-14,13.126856803894043,13.191807240216878,13.064636004076513,13.136871684623282,303875600
2013-03-15,13.465571403503418,13.482871524003983,13.271020015601197,13.291659239280921,643960800
2013-03-18,13.831611633300781,13.884421354599045,13.390913050234685,13.398500597975545,606197200
2013-03-19,13.794280052185059,13.9909549294733,13.612475536492745,13.946337360987405,526775200
2013-03-20,13.721125602722168,13.88957523545549,13.64555165614148,13.883201763467774,308660800
2013-03-21,13.740859031677246,13.900202374978521,13.661036614065843,13.664678830988835,383255600
2013-03-22,14.019477844238281,14.025243469905414,13.752388517578861,13.797004442933892,395105200
2013-03-25,14.070162773132324,14.263500051964716,14.015531165384186,14.103852048453867,501135600
2013-03-26,13.996111869812012,14.138761307571764,13.977597673140325,14.126620585012585,294294000
2013-03-27,13.721125602722168,13.864382839312793,13.680151893437966,13.8540640390397,331237200
2013-03-28,13.435220718383789,13.713236724663608,13.403655656621455,13.652534745156196,442839600
2013-04-01,13.017894744873047,13.46678780684489,12.982384348969479,13.412155368696686,389732000
2013-04-02,13.044605255126953,13.29803678026277,12.9417146494008,12.978136819978364,529519200
2013-04-03,13.111374855041504,13.271932242810799,13.060384637423134,13.092556737535649,363216000
2013-04-04,12.981773376464844,13.202729599311017,12.90680646285648,13.165094991365871,358447600
2013-04-05,12.844588279724121,12.897702713646419,12.737751565421979,12.884043998514393,383695200
2013-04-08,12.935946464538574,12.975099076930373,12.823040992839683,12.894668820585546,300829200
2013-04-09,12.959318161010742,13.005451287571194,12.830932851667411,12.940500850788323,306614000
2013-04-10,13.22367000579834,13.265251557043795,12.929871132783722,12.993305164562278,375928000
2013-04-11,13.182395935058594,13.293480278915972,13.087396018714063,13.163880932210109,328364400
2013-04-12,13.044905662536621,13.176932348216148,13.023356289317386,13.176932348216148,238613200
2013-04-15,12.742911338806152,12.986934127420815,12.733805799184955,12.959921431775555,317520000
2013-04-16,12.93685531616211,12.948084266384795,12.764764258534225,12.795115247844173,305771200
2013-04-17,12.22542667388916,12.765677458177459,12.083080355055476,12.755660957263833,945056000
2013-04-18,11.899147987365723,12.316171878426351,11.829036564459397,12.291891255607068,666299200
2013-04-19,11.853017807006836,12.12830256505214,11.68821036333158,11.775318816964315,609274400
2013-04-22,12.100077629089355,12.207218294901363,11.875480735126898,11.917060685646344,429920400
2013-04-23,12.326498985290527,12.394788531776872,12.104327787940006,12.261546922217793,664238400
2013-04-24,12.306159019470215,12.6032962581509,11.912808599128772,11.94437447172445,969651200
2013-04-25,12.39478874206543,12.56354075656799,12.352904053930011,12.481289376057171,384837600
2013-04-26,12.662485122680664,12.710136249199712,12.390842498726434,12.43819051237333,764097600
2013-04-29,13.054616928100586,13.160845788269055,12.747463220216313,12.761121123899471,640326400
2013-04-30,13.438865661621094,13.513833412195503,13.113805495130455,13.205769447837792,691538400
2013-05-01,13.332937240600586,13.504117342313279,13.184217471153254,13.489852401375718,506909200
2013-05-02,13.522027015686035,13.615203407463188,13.373609529825098,13.408512888947932,421828400
2013-05-03,13.657390594482422,13.756031915859838,13.632198195881687,13.697756461317717,361300800
2013-05-06,13.983059883117676,14.02828204226768,13.788811590769631,13.831302492951007,496641600
2013-05-07,13.92083740234375,14.136026385920653,13.77029572348146,14.112352793528984,483753200
2013-05-08,14.078058242797852,14.124496097816577,13.834339334462285,13.932372825039009,472598000
2013-05-09,13.955238342285156,14.14557720045161,13.918881848400119,14.048116930446804,398487600
2013-05-10,13.839137077331543,14.045058159103014,13.76306290760227,13.991897286506294,334852000
2013-05-13,13.893216133117676,13.989761035711119,13.794228646120272,13.794533765214155,316948800
2013-05-14,13.560810089111328,13.907269515152404,13.508565385105552,13.86602459790329,447118000
2013-05-15,13.102225303649902,13.473432873617439,12.903943575339213,13.417217534950463,741613600
2013-05-16,13.277291297912598,13.37719661168965,12.798236266755126,12.930831753757882,603204000
2013-05-17,13.23696231842041,13.445632819728463,13.168220767387027,13.413858820344446,427904400
2013-05-20,13.532402038574219,13.620086275440755,13.140419341117267,13.195718521678348,451578400
2013-05-21,13.432493209838867,13.610305853898877,13.26567953834746,13.386359854193614,456022000
2013-05-22,13.48412799835205,13.69799286114958,13.388500068169613,13.566618672872055,443038400
2013-05-23,13.508261680603027,13.631081088040412,13.31425652120042,13.319144953236906,353021200
2013-05-24,13.600224494934082,13.615805965542002,13.453880718866259,13.468851135414525,276166800
2013-05-28,13.486875534057617,13.782313227027277,13.468850663668915,13.745346497279254,386145200
2013-05-29,13.594112396240234,13.67202055617686,13.424548585340217,13.442880205028748,330576400
2013-05-30,13.796675682067871,13.885887954724724,13.580672530938816,13.615501801041479,353519600
2013-05-31,13.740153312683105,13.965321428917997,13.733125783142354,13.824780628021069,384302800
2013-06-03,13.77039909362793,13.820503893826984,13.518650537059212,13.770704212738169,372352400
2013-06-04,13.727320671081543,13.883747249269511,13.668661112174318,13.846778886048433,292728800
2013-06-05,13.598999977111816,13.770396939254415,13.556227016341794,13.615497617972627,290589600
2013-06-06,13.395832061767578,13.656746447362655,13.2610983061674,13.610002033226273,416934000
2013-06-07,13.49818229675293,13.541871442752472,13.221991544291187,13.335951098520574,404535600
2013-06-10,13.408967018127441,13.720291273202264,13.345113916246978,13.58739070265449,450153200
2013-06-11,13.369558334350586,13.527207045083024,13.238796006787599,13.312732744676934,286112400
2013-06-12,13.204272270202637,13.481074086841106,13.183191310133262,13.427608072943796,265227200
2013-06-13,13.319454193115234,13.355505574711497,13.099174459192538,13.213745080927575,285832400
2013-06-14,13.138890266418457,13.329535068129,13.091533981173525,13.30234356835789,271866000
2013-06-17,13.198460578918457,13.311503094464456,13.14835579452755,13.181351886827443,259414400
2013-06-18,13.191434860229492,13.287062756040736,13.14377428766864,13.185019202190832,195025600
2013-06-19,12.92349910736084,13.188079010584623,12.92349910736084,13.180135307148424,310940000
2013-06-20,12.735298156738281,13.014542534811516,12.68427636371056,12.810456178527197,357310800
2013-06-21,12.633252143859863,12.831840619636013,12.46827163891437,12.785706449408977,481118400
2013-06-24,12.298405647277832,12.485384141547794,12.16122684342594,12.446888545203194,480746000
2013-06-25,12.301154136657715,12.458802009875132,12.185056309150815,12.394948898198896,314162800
2013-06-26,12.161839485168457,12.367148801483545,12.088208677781505,12.339957297486922,367724000
2013-06-27,12.030766487121582,12.263267231838343,12.023434654929456,12.197886901152135,337246000
2013-06-28,12.114789009094238,12.229052880111828,11.88076014765744,11.956835171101268,578516400
2013-07-01,12.50249195098877,12.595676480226922,12.258076014619396,12.302988084370927,391053600
2013-07-02,12.785707473754883,12.881641330159004,12.51012943330325,12.525099849959421,469865200
2013-07-03,12.856281280517578,12.922885348794297,12.753932593824931,12.85811444246537,240928800
2013-07-05,12.753019332885742,12.932360057983942,12.689777266766079,12.843759652086966,274024800
2013-07-08,12.680607795715332,12.86239269670491,12.546179173690412,12.835202016366338,298138400
2013-07-09,12.903636932373047,12.938771310934062,12.537929707647454,12.636306946609945,352584400
2013-07-10,12.854142189025879,12.978489634970305,12.778373942631422,12.819618862734337,281405600
2013-07-11,13.054563522338867,13.083894112855388,12.867585902754417,12.92196807435101,326292400
2013-07-12,13.030736923217773,13.13094735504611,12.936025978668546,13.065566193492174,279563200
2013-07-15,13.059148788452148,13.181968214805371,12.978492094907242,12.984908570856573,241917200
2013-07-16,13.143474578857422,13.159055235985807,12.959245423339839,13.031042246597957,216538000
2013-07-17,13.146834373474121,13.205189638026962,13.08298125311704,13.128198445274643,198990400
2013-07-18,13.191134452819824,13.286150512842559,13.156000064750009,13.24062820475944,218878800
2013-07-19,12.983076095581055,13.25896010120416,12.964744471650869,13.232074535266499,268721600
2013-07-22,13.024624824523926,13.12972367692324,12.998961369449793,13.120863800835085,207796400
2013-07-23,12.800984382629395,13.044483303539568,12.792429625905365,13.015153524883688,369395600
2013-07-24,13.458464622497559,13.583116400384139,13.298066586299822,13.410192162568054,591936800
2013-07-25,13.397053718566895,13.485654926961935,13.314868985812739,13.464268850363059,229493600
2013-07-26,13.47313117980957,13.474658407347645,13.269960151818248,13.299289936658717,200152400
2013-07-29,13.680885314941406,13.748099646140812,13.448995545972776,13.467326356378654,248057600
2013-07-30,13.849838256835938,13.966852283280458,13.724879709792402,13.747182780662794,309422400
2013-07-31,13.825697898864746,13.972652730764135,13.730986965955935,13.900856733281907,322957600
2013-08-01,13.952486038208008,13.956152361894302,13.847998260627698,13.924074069205135,206250800
2013-08-02,14.131524085998535,14.140995832326727,13.951879078120172,13.993124005542054,274783600
2013-08-05,14.342639923095703,14.379913409788708,14.119610872903953,14.197212301161674,318855600
2013-08-06,14.214317321777344,14.41718233703043,14.12021664568147,14.298946253790533,334857600
2013-08-07,14.206069946289062,14.267785588872268,14.107997811847808,14.170018573539595,298858000
2013-08-08,14.177779197692871,14.272808356095357,14.0836714405912,14.265427291129479,255777200
2013-08-09,13.976035118103027,14.160865614236144,13.951433207572277,14.104893352471178,266865200
2013-08-12,14.373063087463379,14.412734252354188,14.043075007061097,14.050148937142438,364434000
2013-08-13,15.056110382080078,15.212646816049322,14.394287846577887,14.483167784508025,881941200
2013-08-14,15.330733299255371,15.507566762030015,15.173889806159456,15.311666373119442,756372400
2013-08-15,15.312591552734375,15.450676929899734,15.041036017256511,15.266769491960101,490294000
2013-08-16,15.448524475097656,15.467284273088001,15.34180944142363,15.381480616406892,362306000
2013-08-19,15.614899635314941,15.799421318462993,15.499880511788206,15.510336198499203,510518400
2013-08-20,15.409771919250488,15.7019333010753,15.402083721164534,15.675485308386104,358688400
2013-08-21,15.449442863464355,15.59675207154867,15.413767723439832,15.487269581843103,335879600
2013-08-22,15.46789264678955,15.548775562199328,15.321504851485203,15.530015771357219,244207600
2013-08-23,15.408234596252441,15.479890376178892,15.356875922045509,15.477430021399169,222731600
2013-08-26,15.468204498291016,15.690554544636193,15.392242276355086,15.399930474428212,330965600
2013-08-27,15.025961875915527,15.454055312891802,14.955536286961479,15.315354070755083,424188800
2013-08-28,15.097001075744629,15.24769529035253,14.946308503562584,14.946308503562584,307608000
2013-08-29,15.121609687805176,15.269227688307469,15.104080070775858,15.120072376689327,239657600
2013-08-30,14.983830451965332,15.16004799225552,14.961687263084697,15.130832516524267,272297200
2013-09-03,15.025657653808594,15.395316926453225,14.987830930855727,15.164664414136663,331928800
2013-09-04,15.336581230163574,15.445758270569497,15.26246507585494,15.363338006076393,345032800
2013-09-05,15.231406211853027,15.39778572443546,15.181277692849974,15.384560901034765,236367600
2013-09-06,15.322125434875488,15.357798940511648,15.067792391838159,15.328892232445515,359525600
2013-09-09,15.566617965698242,15.620437003491338,15.483890575726306,15.530635681763577,340687200
2013-09-10,15.212026596069336,15.60598231318576,15.05395289519903,15.56753967735838,743195600
2013-09-11,14.383828163146973,14.56773392884537,14.294641126307813,14.36229923826598,898696400
2013-09-12,14.536981582641602,14.620323226575934,14.331545243344548,14.40812337527286,404051200
2013-09-13,14.297406196594238,14.510529048973916,14.291256953298415,14.433952574768647,298835600
2013-09-16,13.842867851257324,14.19622764984299,13.753682462691472,14.177469499480923,543706800
2013-09-17,14.002789497375488,14.137798596889727,13.762295556845908,13.776441776163388,399380800
2013-09-18,14.290639877319336,14.34199853708664,14.167009548036818,14.244509059382517,456862000
2013-09-19,14.524984359741211,14.633545442082559,14.431185403456386,14.475778915312265,404541200
2013-09-20,14.374601364135742,14.717196731844531,14.331238022005701,14.700283024653594,699302800
2013-09-23,15.089012145996094,15.28183795041071,14.84175139838826,15.25692726690555,762106800
2013-09-24,15.04165267944336,15.237553126490374,15.002288638241298,15.219409238512773,364344400
2013-09-25,14.808844566345215,15.05825687899078,14.80576994401042,15.044726569805933,316957200
2013-09-26,14.953084945678711,15.025047888842897,14.881736270248028,14.94631978847471,237221600
2013-09-27,14.846364974975586,14.90541185192676,14.783934699328425,14.878040813446848,228040400
2013-09-30,14.66183853149414,14.812838252458993,14.589873993018925,14.677214923889727,260156400
2013-10-01,15.006589889526367,15.042879299325627,14.711968169290532,14.714121390211412,353883600
2013-10-02,15.055794715881348,15.124683000656834,14.877116805087166,14.934933494419514,289184000
2013-10-03,14.866659164428711,15.14159803032624,14.78454770753149,15.085009877029107,322753200
2013-10-04,14.854972839355469,14.903255241708996,14.718733587893588,14.880497784587165,258868400
2013-10-07,15.000133514404297,15.15082614686718,14.926324509387953,14.963536966867098,312292400
2013-10-08,14.79069709777832,15.089007658743688,14.778395326566665,15.067478737910259,290917200
2013-10-09,14.964455604553223,15.001359279032888,14.70889244407833,14.904485696400835,301725200
2013-10-10,15.058257102966309,15.142521793795838,14.97829721195481,15.10992455534162,278602800
2013-10-11,15.155745506286621,15.187421341171909,14.920479426411404,14.976758808252082,267738800
2013-10-14,15.255080223083496,15.302441232150638,15.04933838916709,15.064100518085645,261898000
2013-10-15,15.33626937866211,15.438372455190263,15.239088653907512,15.30028710216726,320073600
2013-10-16,15.411001205444336,15.454671679079464,15.353184513846164,15.401159786886975,251101200
2013-10-17,15.515259742736816,15.523870986130028,15.367027444677664,15.376252955671308,253593200
2013-10-18,15.650264739990234,15.66164346944109,15.552468108000951,15.561079349125496,290542000
2013-10-21,16.033769607543945,16.12418520331382,15.73115246820517,15.738840668092523,398106800
2013-10-22,15.987937927246094,16.251805159331255,15.623813727951644,16.189067771410475,534063600
2013-10-23,16.14447593688965,16.166311992674434,15.961182819964039,15.961182819964039,313723200
2013-10-24,16.358213424682617,16.375435904035964,16.067283932237874,16.14570484790488,384764800
2013-10-25,16.175228118896484,16.39880663358165,16.149087267781503,16.34006691259169,337792000
2013-10-28,16.29578399658203,16.330228957038337,16.090656471964955,16.269950276239804,550440800
2013-10-29,15.889835357666016,16.58394769767066,15.824023336616106,16.492301953658583,635807200
2013-10-30,16.142635345458984,16.223209507202995,15.90029530784374,15.97994806829258,354163600
2013-10-31,16.074979782104492,16.222290700373723,16.031002157286206,16.145714184855056,275696400
2013-11-01,15.9928617477417,16.1395566959058,15.86400354928719,16.11556905967112,274890000
2013-11-04,16.199522018432617,16.201675238712973,15.955337641055447,16.025763218783453,244627600
2013-11-05,16.159543991088867,16.26533757937857,16.084197696663985,16.132788870954123,265213200
2013-11-06,16.1137638092041,16.235641237696445,16.029625018142855,16.21367769433073,223375600
2013-11-07,15.852993965148926,16.18398016742468,15.849592465842772,16.07231219967361,262620400
2013-11-08,16.10263442993164,16.120266396697147,15.856095822206493,15.91765324238979,279316800
2013-11-11,16.055919647216797,16.13696421945092,15.912389243921815,16.084996770538027,227452400
2013-11-12,16.085615158081055,16.206564154258878,15.992505923743188,16.01323045568493,204276800
2013-11-13,16.104795455932617,16.15490769443645,15.991268950032195,16.023440300089018,197220800
2013-11-14,16.33772850036621,16.3723729292323,16.14315735244814,16.172234487180482,282419200
2013-11-15,16.239667892456055,16.36649315088167,16.224201719870663,16.288851708970935,317920400
2013-11-18,16.042930603027344,16.307720656768296,16.029630223556854,16.239667516548778,244944000
2013-11-19,16.071392059326172,16.189866390847985,16.022517164282277,16.055306378979967,208938800
2013-11-20,15.930644989013672,16.09830479187952,15.90992044791569,16.06149291868013,193916800
2013-11-21,16.120561599731445,16.122727390863332,15.889491014530005,16.011057812411057,262026800
2013-11-22,16.079130172729492,16.152132785104847,16.039845218615756,16.070468649835533,223725600
2013-11-25,16.20099639892578,16.26688372997842,16.11623974772964,16.11685760149725,229311600
2013-11-26,16.49981689453125,16.58457522650032,16.209045561551175,16.212755989446595,401382800
2013-11-27,16.88832664489746,16.88956400391397,16.499804173786995,16.589820803227035,363448400
2013-11-29,17.201082229614258,17.270990614416412,16.945573088242586,16.9972316460979,318127600
2013-12-02,17.051353454589844,17.45657797620994,17.038670931984132,17.260771193044054,472544800
2013-12-03,17.518142700195312,17.51999956633689,17.25087952903503,17.270057784406518,450968000
2013-12-04,17.477312088012695,17.606922670896132,17.34801043215841,17.492778263664714,377809600
2013-12-05,17.567018508911133,17.79097574058917,17.520928908225226,17.71395213607361,447580000
2013-12-06,17.323257446289062,17.531439502098095,17.30933921446168,17.501742868824625,344352400
2013-12-09,17.521533966064453,17.61897311593826,17.35047276685142,17.35047276685142,320493600
2013-12-10,17.494319915771484,17.566395711407367,17.35975992800798,17.43338201039614,278269600
2013-12-11,17.364713668823242,17.661984066557352,17.313056775196625,17.53917814051169,359718800
2013-12-12,17.33934783935547,17.48782774208156,17.323572737649474,17.38884224160823,262290000
2013-12-13,17.150339126586914,17.411725970256164,17.12683094645246,17.41079753756217,332822000
2013-12-16,17.24530792236328,17.40430619124898,17.168285985740518,17.168594912711075,282592800
2013-12-17,17.167661666870117,17.305314199910622,17.11785835793665,17.19302671166278,229902400
2013-12-18,17.0371150970459,17.05815020001474,16.666844089921426,17.004016982855937,565863200
2013-12-19,16.84193229675293,17.013302449406677,16.81935089994355,16.997836282391578,320308800
2013-12-20,16.982995986938477,17.06311380960926,16.853076488241687,16.871945815634014,436413600
2013-12-23,17.63475799560547,17.654245173765112,17.408017177566347,17.570106357992913,501306400
2013-12-24,17.559898376464844,17.690126766970547,17.509166629109274,17.628569361325187,167554800
2013-12-26,17.443275451660156,17.616502466329283,17.427189779209478,17.57319488665438,204008000
2013-12-27,17.32542610168457,17.459057669465405,17.307176281814687,17.440807849595522,225884400
2013-12-30,17.153125762939453,17.325424398408476,17.0850726258152,17.244070882418676,253629600
2013-12-31,17.354185104370117,17.3622271136049,17.13703268286554,17.14229269876602,223084400
2014-01-02,17.110132217407227,17.230772344588154,17.075796714937855,17.18901268179847,234684800
2014-01-03,16.734291076660156,17.12776160220259,16.71727696548791,17.101778697015956,392467600
2014-01-06,16.825546264648438,16.91432395877744,16.50600504715458,16.62509888905264,412610800
2014-01-07,16.705211639404297,16.888335918357946,16.6396332275346,16.83760582283964,317209200
2014-01-08,16.81100082397461,16.875959719975132,16.66344942001279,16.66715984651306,258529600
2014-01-09,16.596332550048828,16.916182730589416,16.560140176873183,16.914325864264356,279148800
2014-01-10,16.4855899810791,16.728725461244977,16.428981994917297,16.698719891506553,304976000
2014-01-13,16.571884155273438,16.781301853246557,16.390924069932232,16.391852502435377,378492800
2014-01-14,16.901639938354492,16.91215667100066,16.63159152196462,16.648914559747794,332561600
2014-01-15,17.240978240966797,17.328829143003322,17.064658582943586,17.122194993040395,391638800
2014-01-16,17.144775390625,17.225202128436123,17.065275433684636,17.16488207507778,229278000
2014-01-17,16.724700927734375,17.07734022553599,16.700882163583227,17.059090406727716,426739600
2014-01-21,16.98454475402832,17.015477104170046,16.71697100441527,16.73460297264122,328526800
2014-01-22,17.060020446777344,17.238813180210105,16.945567127689177,17.041460047245646,379985200
2014-01-23,17.204471588134766,17.214370464379897,16.852760814630706,17.011448457400856,403239200
2014-01-24,16.891742706298828,17.187154550216896,16.850909827543646,17.137042297752615,429354800
2014-01-27,17.028772354125977,17.161786045294246,16.88184043120138,17.015471976218535,554878800
2014-01-28,15.667707443237305,15.93063891023189,15.530671113812032,15.737615778908838,1065523200
2014-01-29,15.48984432220459,15.694623253559016,15.423956973210919,15.588831461194932,502810000
2014-01-30,15.459839820861816,15.66771299223525,15.364566406999643,15.545216006958764,678501600
2014-01-31,15.48520565032959,15.513973858131445,15.267126313272785,15.317547495673175,464797200
2014-02-03,15.5139741897583,15.705761695198294,15.444994257379546,15.547382911408297,401464000
2014-02-04,15.738543510437012,15.759269696894599,15.55201609239622,15.64760005718576,376681200
2014-02-05,15.856101989746094,15.939312416004647,15.659984486066097,15.669574442674941,328344800
2014-02-06,15.948522567749023,15.979330965301152,15.802264943681019,15.872282669286195,257765200
2014-02-07,16.17163848876953,16.27277370655865,16.100066895814045,16.224540242983043,370280400
2014-02-10,16.46134376525879,16.554699561541096,16.119352170813634,16.139889980662616,345559200
2014-02-11,16.678247451782227,16.73394784998315,16.477220134465725,16.511762823826214,282256800
2014-02-12,16.677005767822266,16.790277901151246,16.593609703932753,16.709058933048887,308100800
2014-02-13,16.941814422607422,16.954883636503983,16.62347170522086,16.63778568529348,307398000
2014-02-14,16.928117752075195,16.990045275369283,16.8416106707874,16.88081830649988,272924400
2014-02-18,16.9903564453125,17.152171041570835,16.978530337216593,16.990667221340317,260251600
2014-02-19,16.722122192382812,17.01836998050353,16.628144811717426,16.95177580174137,313768000
2014-02-20,16.528562545776367,16.710605883796063,16.46165760140042,16.585820135537023,305858000
2014-02-21,16.3449649810791,16.634988914155308,16.32473794189308,16.579597638494295,278784800
2014-02-24,16.416536331176758,16.49028832629335,16.2569004385516,16.279617010304467,288909600
2014-02-25,16.24569320678711,16.47939180831356,16.212707736316148,16.473480415807252,231952000
2014-02-26,16.099124908447266,16.33718102225452,16.044667638373085,16.29392664700364,276217200
2014-02-27,16.420270919799805,16.45481193873651,16.058673782566927,16.09259324929605,301882000
2014-02-28,16.375778198242188,16.57835942601557,16.247568878916812,16.464153317804648,371968800
2014-03-03,16.423070907592773,16.513003195035648,16.26903398690279,16.288016257427472,238781200
2014-03-04,16.5313663482666,16.57493317939292,16.423385753736692,16.523899410549625,259140000
2014-03-05,16.566213607788086,16.6405854761623,16.46569998862559,16.521403688747753,200062800
2014-03-06,16.516115188598633,16.63094280826236,16.43365149438909,16.579596611239023,185488800
2014-03-07,16.5064697265625,16.554392401280015,16.369859524576974,16.526696764778162,220729600
2014-03-10,16.52140998840332,16.596405099394058,16.441123372883162,16.441746587141495,178584000
2014-03-11,16.68229103088379,16.76475474332135,16.573376442848556,16.662376426568205,279224400
2014-03-12,16.69847297668457,16.721500328521167,16.555017361028174,16.6331252210865,199326400
2014-03-13,16.51300048828125,16.793376987207996,16.46663336686403,16.72429496200832,257742800
2014-03-14,16.327543258666992,16.52047711080556,16.27495228124456,16.455127690227116,237199200
2014-03-17,16.391332626342773,16.491844611232658,16.36363698764916,16.42120702185171,199544800
2014-03-18,16.536338806152344,16.554076307689048,16.343405045410382,16.365187621316085,209647200
2014-03-19,16.531986236572266,16.686955492782786,16.46165776856955,16.56310539540186,224756000
2014-03-20,16.45232582092285,16.575866826390598,16.41031619534994,16.48935638018449,208398400
2014-03-21,16.582094192504883,16.609479065796517,16.378580609937394,16.552842999714127,374046400
2014-03-24,16.778757095336914,16.819521950207786,16.650237036560398,16.75479575661425,355700800
2014-03-25,16.959239959716797,16.982890517720904,16.79119984507488,16.850637847113866,282293200
2014-03-26,16.797109603881836,17.084022342491284,16.7684816485567,17.006848514473567,299768000
2014-03-27,16.72492027282715,16.85064001437756,16.652103932989593,16.804583658656504,222031600
2014-03-28,16.706254959106445,16.77098117243647,16.625036000736053,16.751688117501605,200564000
2014-03-31,16.702510833740234,16.829162863403695,16.677303076310857,16.779995438328,168669200
2014-04-01,16.855308532714844,16.862155579474763,16.7034503422453,16.734257066951283,200760000
2014-04-02,16.883319854736328,16.912260269039287,16.81205902868278,16.878030011005634,180420800
2014-04-03,16.766305923461914,16.881755079390505,16.730520141884636,16.847214064004717,162344000
2014-04-04,16.549415588378906,16.803964556844402,16.510829483344324,16.798053161564532,275251200
2014-04-07,16.28957176208496,16.520782530633184,16.240405986397583,16.431161019495637,289850400
2014-04-08,16.288637161254883,16.372034829295814,16.14113486905902,16.3430944325148,243888400
2014-04-09,16.50274085998535,16.50803070337001,16.24445756756195,16.26375062186686,206169600
2014-04-10,16.28988265991211,16.56247980452374,16.280235306583265,16.513933923716007,239652000
2014-04-11,16.169458389282227,16.269659597946106,16.092595305662165,16.150474454056454,271717600
2014-04-14,16.23387336730957,16.248808902741715,16.094773625445207,16.240718751803282,205674000
2014-04-15,16.11810874938965,16.23262391717716,15.911793319821644,16.189992751762173,266490000
2014-04-16,16.150785446166992,16.215511635350616,15.999238049308042,16.12091105335715,214765600
2014-04-17,16.335317611694336,16.423072814739598,16.156697782361302,16.181593111154914,284334400
2014-04-21,16.529190063476562,16.559373577712975,16.3048246114621,16.347768230439574,182548800
2014-04-22,16.545684814453125,16.549729891127946,16.383868452220682,16.440192073250383,202563200
2014-04-23,16.32940673828125,16.527942836980518,16.32007015873367,16.46352741810117,394940000
2014-04-24,17.66811752319336,17.737511989065055,17.449043668282144,17.681809950732323,759911600
2014-04-25,17.797887802124023,17.799441682897818,17.54956269733047,17.56729854291115,390275200
2014-04-28,18.487159729003906,18.53881670505942,17.81686713052501,17.82464816716536,669485600
2014-04-29,18.432392120361328,18.545974993105627,18.344638569559997,18.476269726714317,337377600
2014-04-30,18.362686157226562,18.653333325194748,18.35366201536396,18.44203877705265,456640800
2014-05-01,18.40593719482422,18.509249464814246,18.24661044626886,18.422117493394524,244048000
2014-05-02,18.44016456604004,18.490578424403356,18.350855506056977,18.43269763129053,191514400
2014-05-05,18.700946807861328,18.70219323651136,18.359889029211217,18.36424654377172,287067200
2014-05-06,18.497116088867188,18.808299358020943,18.497116088867188,18.727080433367078,374564400
2014-05-07,18.432392120361328,18.58673985206451,18.289247287848568,18.523258418556768,282864400
2014-05-08,18.3995361328125,18.600432859628366,18.34978155464425,18.407671470932986,230297200
2014-05-09,18.3228702545166,18.345087013746642,18.159835941033382,18.291577278995124,291597600
2014-05-12,18.55099105834961,18.576962975263335,18.381073121781622,18.383890743036147,213208800
2014-05-13,18.580087661743164,18.604495342680398,18.484335351782207,18.5250137058865,159737200
2014-05-14,18.58353042602539,18.693992521539883,18.51687848866867,18.538470220249767,166404000
2014-05-15,18.425500869750977,18.668954277636033,18.40109319371316,18.609500153519537,230846000
2014-05-16,18.697437286376953,18.69806231025676,18.318487313475128,18.419560693824412,276256400
2014-05-19,18.918989181518555,19.004729434603664,18.69180633882013,18.708078687407784,317755200
2014-05-20,18.92273712158203,18.975620145338002,18.79819362321299,18.91647852835848,234836000
2014-05-21,18.972810745239258,18.985013752847603,18.83981935350214,18.895205833665894,196859600
2014-05-22,19.00284194946289,19.083576958708317,18.90364701655518,18.981876917565067,200760000
2014-05-23,19.217512130737305,19.23628791313253,18.977813824645,19.00222150616545,232209600
2014-05-27,19.577369689941406,19.58456581830208,19.264446733363876,19.272269556600364,348866000
2014-05-28,19.52667808532715,19.708798978772784,19.51948028498331,19.589574861213066,315481600
2014-05-29,19.882474899291992,19.929101013875268,19.644340792789134,19.64684423076927,376474000
2014-05-30,19.807992935180664,20.157526562532972,19.679694292055945,19.963827714903395,564020800
2014-06-02,19.671876907348633,19.865263296603064,19.479429725052157,19.838039664316344,369350800
2014-06-03,19.950061798095703,19.987613359787737,19.65935722720603,19.665928332705498,292709200
2014-06-04,20.177867889404297,20.27393603990303,19.905312427405708,19.94693165363899,335482000
2014-06-05,20.25704002380371,20.32025098781757,20.10871552348418,20.22105436157575,303805600
2014-06-06,20.201337814331055,20.37939271149661,20.16691805665327,20.336834275439976,349938400
2014-06-09,20.524595260620117,20.564023580052847,20.097456526088216,20.305549412924332,301660000
2014-06-10,20.64506721496582,20.820304528236036,20.4961160000422,20.750209937165327,251108000
2014-06-11,20.559635162353516,20.75677668054344,20.47420744966897,20.618776782217232,182724000
2014-06-12,20.215736389160156,20.616590590496042,20.1303086637852,20.599066526012265,218996000
2014-06-13,19.994495391845703,20.248589258922205,19.906876759364618,20.196017076721706,218100000
2014-06-16,20.196022033691406,20.31649789182114,20.031737684161854,20.04488156853126,142244000
2014-06-17,20.169734954833984,20.305542263025693,20.108402406465263,20.220114546199746,118904000
2014-06-18,20.191638946533203,20.21573411469076,20.009830558139473,20.211352263469433,134056000
2014-06-19,20.121543884277344,20.21792455459216,20.007639151871373,20.21573362903413,142112000
2014-06-20,19.9134578704834,20.272692909949075,19.911266944178077,20.119359821131653,403592000
2014-06-23,19.895931243896484,20.068977633647556,19.845549972475528,20.003263222435336,174776000
2014-06-24,19.775449752807617,20.095256342578587,19.755736437766004,19.878401521188728,156144000
2014-06-25,19.79297637939453,19.86745114078778,19.63745407955571,19.76011917887948,147476000
2014-06-26,19.91126823425293,19.944125446213175,19.670318131856526,19.795174200355667,130516000
2014-06-27,20.147830963134766,20.15221114327858,19.882784106801765,19.893737063941238,256116000
2014-06-30,20.355928421020508,20.531165748091443,20.17192906047733,20.174119986642143,197929200
2014-07-01,20.48516082763672,20.605636676389704,20.399733106225217,20.48516082763672,152892000
2014-07-02,20.47640037536621,20.603445658443892,20.39097098315027,20.561828096395466,113860000
2014-07-03,20.596866607666016,20.61219973959826,20.415058278193655,20.518010023104175,91567200
2014-07-07,21.021827697753906,21.026207878849338,20.612211411071048,20.620973444448897,225872000
2014-07-08,20.886016845703125,21.203634260695395,20.572781282606936,21.087538582065008,260888000
2014-07-09,20.89478302001953,21.017448158434732,20.756784739302432,20.905735980743962,145744000
2014-07-10,20.8181095123291,20.9298233193713,20.485159016764342,20.53773120312923,158744000
2014-07-11,20.857540130615234,21.00430040699693,20.778683513505456,20.88820640713718,136072000
2014-07-14,21.1269588470459,21.22333949781127,20.951723275238013,20.997722675507063,171240000
2014-07-15,20.879438400268555,21.21457809148857,20.815914939597548,21.20362680797124,181911600
2014-07-16,20.76116371154785,21.269349975478335,20.75240167771613,21.240874618915537,213585200
2014-07-17,20.39097023010254,20.870681008309866,20.27706716333225,20.81591956499621,229192000
2014-07-18,20.684492111206055,20.752395765071384,20.375636773586464,20.50706557242937,199952000
2014-07-21,20.57716178894043,20.8093497886445,20.528971448355797,20.807158862839724,156316000
2014-07-22,20.748022079467773,20.785259470908763,20.61659491067261,20.739260045389813,220788000
2014-07-23,21.289064407348633,21.440204891191193,20.846590902057113,20.90135235866934,371672000
2014-07-24,21.254016876220703,21.317540368236376,21.120398784599296,21.256207802479747,182916000
2014-07-25,21.39420509338379,21.43144248214287,21.168588163483825,21.21458758568981,173876000
2014-07-28,21.68991470336914,21.738105047475983,21.367918776375586,21.42706040793326,221272000
2014-07-29,21.549724578857422,21.781914256546337,21.52124922730858,21.757819085548554,172572000
2014-07-30,21.499343872070312,21.61981804965181,21.394201161219282,21.56286734949475,132040000
2014-07-31,20.940776824951172,21.34601119515419,20.881635198003654,21.282489387805153,227372000
2014-08-01,21.056867599487305,21.164201221534302,20.76772727285228,20.787442259606685,194044000
2014-08-04,20.938583374023438,21.15543987944774,20.846584556005773,21.10944047043891,159832000
2014-08-05,20.83563804626465,20.95830316506975,20.66916276275279,20.888208572725848,223732000
2014-08-06,20.800588607788086,20.91449335768315,20.745827158734983,20.7545891911259,154232000
2014-08-07,20.798385620117188,21.121983127365723,20.71473312425091,20.897445841591345,186844000
2014-08-08,20.855615615844727,20.87322684103643,20.534218313841077,20.749951623692255,167460000
2014-08-11,21.130786895751953,21.150599946015525,20.87763096582242,20.97228921163958,146340000
2014-08-12,21.126392364501953,21.32671468390114,21.04714349455293,21.141801773686506,135180000
2014-08-13,21.405956268310547,21.405956268310547,21.141794578054594,21.166009595602947,127664000
2014-08-14,21.46320152282715,21.478610933663543,21.30910741446319,21.425778907867304,112464000
2014-08-15,21.568862915039062,21.615091138248793,21.322310711754355,21.551251683483123,195804000
2014-08-18,21.82862091064453,21.874849130060053,21.56886114476254,21.681128957843377,190288000
2014-08-19,22.130205154418945,22.163225790860647,21.863841598254716,21.883654651919475,277596000
2014-08-20,22.139005661010742,22.253475270829647,22.002521178977595,22.110388678430756,210796000
2014-08-21,22.14121437072754,22.220463232750582,22.037750485336375,22.139012546921492,133912000
2014-08-22,22.304105758666992,22.337126385465666,22.055353505181493,22.07736669654766,176736000
2014-08-25,22.352535247802734,22.491219861610833,22.295299608033236,22.407569064639112,161080000
2014-08-26,22.209447860717773,22.343730513434284,22.202844071157763,22.326119288275002,132608000
2014-08-27,22.482423782348633,22.57928387849078,22.16763014938617,22.238073397626046,209476000
2014-08-28,22.508838653564453,22.625510115762786,22.3569447305896,22.363548522110356,273840000
2014-08-29,22.563871383666992,22.651925851795795,22.49783011269557,22.643120237032985,178380000
2014-09-02,22.739978790283203,22.836837187160192,22.61229990405993,22.687145105260296,214256000
2014-09-03,21.780187606811523,22.71796279655665,21.70093876267826,22.69594960196388,501684000
2014-09-04,21.599679946899414,22.033345151532632,21.527034882354506,21.760377802954018,342872000
2014-09-05,21.786794662475586,21.87925110132135,21.641504533289947,21.74937205810935,233828000
2014-09-08,21.652509689331055,21.86163756650681,21.584268279210388,21.8594374225991,185426800
2014-09-09,21.57105827331543,22.69154785983792,21.163808291064278,21.81100663140338,759385200
2014-09-10,22.233671188354492,22.25788621212751,21.520433097720602,21.575466937295737,403478400
2014-09-11,22.32832908630371,22.330530910109765,21.929884631881034,22.103791763570904,249412400
2014-09-12,22.37896156311035,22.49563303549985,22.251282650891856,22.279899643147925,250504400
2014-09-15,22.37235450744629,22.684947973761865,22.330529933956413,22.63211428172297,245266000
2014-09-16,22.202848434448242,22.2909028980502,21.769181586795455,21.96950553347738,267632400
2014-09-17,22.361352920532227,22.40978297418858,22.143417679078635,22.293109808789314,243706000
2014-09-18,22.407575607299805,22.530850855568108,22.35694374204715,22.43839441936688,149197600
2014-09-19,22.2248592376709,22.530847164132123,22.12359720325558,22.517639583838523,283609600
2014-09-22,22.24688148498535,22.48462810401837,22.141217440637146,22.409782879230033,211153600
2014-09-23,22.59469223022461,22.660733507143007,22.132408330294144,22.145615913878046,253608800
2014-09-24,22.39877700805664,22.640925612784315,22.27770186594289,22.489033328450493,240687200
2014-09-25,21.544649124145508,22.16983276465428,21.511628482963804,22.12580636274506,400368000
2014-09-26,22.178638458251953,22.178638458251953,21.661320676267085,21.689937669657883,249482000
2014-09-29,22.037750244140625,22.110395313449917,21.711949183889512,21.716352831453413,199065200
2014-09-30,22.178638458251953,22.352545601548915,22.13020840828323,22.191846042970848,221056400
2014-10-01,21.833019256591797,22.165424031913158,21.727353572956858,22.143409158177377,205965200
2014-10-02,21.99151611328125,22.06195933988269,21.58206433381693,21.852829803769755,191031200
2014-10-03,21.929880142211914,22.059759168688142,21.802201259591836,21.89025571931255,173878400
2014-10-06,21.929880142211914,22.15661924233084,21.885852072601992,22.00252351794481,148204800
2014-10-07,21.738365173339844,22.039951198592288,21.733963205449022,21.888057274118513,168376800
2014-10-08,22.189640045166016,22.25788145421184,21.641501910929787,21.740563808688943,229618800
2014-10-09,22.23807144165039,22.537455640212052,22.1478168250469,22.352542759658927,309506000
2014-10-10,22.17423439025879,22.46040933556879,22.079576123237157,22.1654287747801,265326400
2014-10-13,21.971708297729492,22.40537519710047,21.971708297729492,22.306314963421556,214333600
2014-10-14,21.738365173339844,22.128003992403777,21.69874074432492,22.09938700236498,254754400
2014-10-15,21.472002029418945,21.826420073794125,20.95248247416711,21.56666029616821,403734400
2014-10-16,21.19022560119629,21.511622955143274,21.0031109219154,21.03392973123229,288618000
2014-10-17,21.500619888305664,21.793400315830535,21.311303347161722,21.463197280742197,272718800
2014-10-20,21.960702896118164,22.004729294137675,21.621694256969754,21.64370745597951,310069200
2014-10-21,22.557262420654297,22.678335817010424,22.293099076833933,22.678335817010424,378495600
2014-10-22,22.671737670898438,22.918289850604097,22.58588502464811,22.638717034763854,273052400
2014-10-23,23.076784133911133,23.125214169117513,22.81262076355789,22.91168265725251,284298800
2014-10-24,23.162641525268555,23.22207733009482,23.010747598102277,23.15383590983144,188215600
2014-10-27,23.138427734375,23.219878421879475,23.04817143096468,23.081192070736737,136750800
2014-10-28,23.497241973876953,23.497241973876953,23.19125403443746,23.20226147148168,192243600
2014-10-29,23.629322052001953,23.635927521712993,23.413590400747626,23.477429838628733,210751600
2014-10-30,23.550077438354492,23.63152643244834,23.312330888001124,23.54567379140394,162619200
2014-10-31,23.774614334106445,23.783419948362685,23.600707231418912,23.776816157545305,178557200
2014-11-03,24.082805633544922,24.280927768054294,23.776817656719064,23.823045874854703,209130400
2014-11-04,23.90669822692871,24.102618550404095,23.712979727171984,24.074001560059166,166297600
2014-11-05,23.963930130004883,24.06079020444703,23.803230613725788,24.01676213447372,149743600
2014-11-06,24.032470703125,24.052369670628885,23.833491148778272,24.010362051173367,139874000
2014-11-07,24.101011276245117,24.16954860776392,23.999310121262265,24.04352742802624,134766000
2014-11-10,24.06121063232422,24.171755565832886,24.02583544394617,24.103216560045873,108782000
2014-11-11,24.253564834594727,24.26462000589348,23.966148935432575,24.032474902878157,109769200
2014-11-12,24.596248626708984,24.63604487173359,24.180600268393494,24.182809952663497,187769600
2014-11-13,24.943359375,25.082645387584417,24.6736294603727,24.717848446989723,238091600
2014-11-14,25.244043350219727,25.246254721387373,24.587406116332485,25.016321036629357,176254400
2014-11-17,25.20203971862793,25.92942576390652,25.04948881956792,25.263944626858915,186986800
2014-11-18,25.529251098632812,25.577891146662264,25.17992865076864,25.190983820514273,176896000
2014-11-19,25.352371215820312,25.588937274049698,25.16002413708057,25.52261133498763,167476800
2014-11-20,25.71495819091797,25.836558274983865,25.392167233957633,25.40543377108037,173582000
2014-11-21,25.75033950805664,25.993538047337907,25.65305941763134,25.980273193836997,228717200
2014-11-24,26.227893829345703,26.258846279930598,25.783504351613146,25.83435408323888,189803200
2014-11-25,26.000160217285156,26.475503626006038,25.966996409833687,26.325162494103186,275361600
2014-11-26,26.3096923828125,26.3318010306518,26.051017660851112,26.075337679508856,163073200
2014-11-28,26.294214248657227,26.398126741405793,26.099655800324363,26.369383983201203,99257600
2014-12-01,25.440814971923828,26.36497083034559,24.600672669074193,26.267690733633167,335256000
2014-12-02,25.343536376953125,25.591157689265795,24.927887943539684,25.09370537997121,237395600
2014-12-03,25.630945205688477,25.723802533613856,25.44965160445157,25.59114896703737,172253600
2014-12-04,25.53367042541504,25.911733927521862,25.489453122990906,25.59557532352161,168178000
2014-12-05,25.425338745117188,25.66411624424686,25.345746245407295,25.64421727592834,153275600
2014-12-08,24.850500106811523,25.347952281911827,24.678050289328496,25.22635218661906,230659600
2014-12-09,25.230777740478516,25.270573986393384,24.176178067125463,24.36189444365549,240832000
2014-12-10,24.75101661682129,25.392177741542184,24.66037062401034,25.29489932081608,178261200
2014-12-11,24.678056716918945,25.160032795132903,24.6161501243302,24.819554126414587,165606800
2014-12-12,24.260189056396484,24.733321182389112,24.227025242806384,24.421583696136466,224112400
2014-12-15,23.928556442260742,24.6736281956619,23.512906423275293,24.47464698303927,268872400
2014-12-16,23.601341247558594,24.35525843804916,23.493007694458836,23.517327712654122,243162800
2014-12-17,24.189443588256836,24.28451061344675,23.616819945418015,23.683147581410168,213647200
2014-12-18,24.905784606933594,24.905784606933594,24.465816053964545,24.73333470611068,236024800
2014-12-19,24.71343231201172,25.036223410094973,24.68690259973072,24.819556221482667,353719200
2014-12-22,24.969892501831055,25.09149092821709,24.755435040488535,24.79744265899785,180670000
2014-12-23,24.881458282470703,25.056119511037437,24.86377068512118,25.0340108577416,104113600
2014-12-24,24.7642822265625,24.919044494693864,24.7642822265625,24.8903034125501,57918400
2014-12-26,25.20203971862793,25.319217107319762,24.76428261797609,24.784179901286517,134884000
2014-12-29,25.18434715270996,25.374482883418572,25.137916797022154,25.157815761857183,110395600
2014-12-30,24.877029418945312,25.186555549276957,24.786383456700463,25.12465066056697,119526000
2014-12-31,24.403898239135742,25.011895356616602,24.366313367610005,24.943358039507107,165613600
2015-01-02,24.171754837036133,24.638254577319934,23.733996171356562,24.62719940958966,212818400
2015-01-05,23.490795135498047,24.021411080620908,23.30508048243492,23.9418186045134,257142000
2015-01-06,23.49300765991211,23.75168237657432,23.132630129065518,23.554912547306653,263188400
2015-01-07,23.82242774963379,23.921917492437085,23.59028276738418,23.700827675735148,160423600
2015-01-08,24.73773956298828,24.79522338787858,24.032462504884148,24.14964152514014,237458000
2015-01-09,24.7642822265625,25.03843325301615,24.366319698821545,24.91020069554604,214798000
2015-01-12,24.154064178466797,24.9013472043899,24.054574428645687,24.89471477930603,198603200
2015-01-13,24.3685302734375,24.938942648952615,24.078903029641708,24.636048863477807,268367600
2015-01-14,24.27566909790039,24.428219965569937,23.988251583933135,24.10764031957575,195826400
2015-01-15,23.616823196411133,24.33315400453697,23.581449689319307,24.319889150225293,240056000
2015-01-16,23.433320999145508,23.784854861833168,23.258659753591324,23.663254726706114,314053200
2015-01-20,24.036893844604492,24.092166318792128,23.54607400393315,23.8423336559235,199599600
2015-01-21,24.220399856567383,24.554244399862444,23.937403360229293,24.08774456365367,194303600
2015-01-22,24.850500106811523,24.865976329232264,24.257979226331894,24.377367950769774,215185600
2015-01-23,24.97873306274414,25.14897151233598,24.658151754473877,24.828391890847477,185859200
2015-01-26,25.005266189575195,25.283839922916894,24.938940234729454,25.14676358405117,222460000
2015-01-27,24.12974739074707,24.868188406556055,24.10542737099762,24.85492186783158,382274800
2015-01-28,25.49387550354004,26.115139261615074,25.49387550354004,26.006803997515984,585908400
2015-01-29,26.287586212158203,26.3517024776813,25.549145159911046,25.71717393553082,337745600
2015-01-30,25.90289878845215,26.53079342314434,25.834359758430313,26.17704984819223,334982000
2015-02-02,26.227893829345703,26.347282575936884,25.66411560502197,26.09966297125774,250956400
2015-02-03,26.23231315612793,26.32959155096424,26.002379491164405,26.199149338596126,207662800
2015-02-04,26.433509826660156,26.643546259004726,26.157147431561143,26.1991550553865,280598800
2015-02-05,26.622169494628906,26.686538790690395,26.469014904226103,26.63992519874626,168984800
2015-02-06,26.397991180419922,26.69098151265496,26.291448471680404,26.63992940997086,174826400
2015-02-09,26.57334327697754,26.599977685665074,26.287011529513478,26.31364763164002,155559200
2015-02-10,27.083858489990234,27.11271469344844,26.67100987439836,26.673228279711168,248034000
2015-02-11,27.718666076660156,27.727544776569264,27.19039613285973,27.25032524044763,294247200
2015-02-12,28.069368362426758,28.29577098667342,27.87182193753955,27.980583052789616,297898000
2015-02-13,28.206985473632812,28.251377281411806,27.88957913704015,28.251377281411806,217088800
2015-02-17,28.373464584350586,28.60652586867948,28.1714779121403,28.297996459605866,252609600
2015-02-18,28.571002960205078,28.58432016349851,28.289109738609003,28.329063041928176,179566800
2015-02-19,28.511079788208008,28.639818432625184,28.484445374493646,28.5177383916366,149449600
2015-02-20,28.744131088256836,28.744131088256836,28.422286282404745,28.54880309049723,195793600
2015-02-23,29.5210018157959,29.5210018157959,28.779648146956642,28.859554753512104,283896400
2015-02-24,29.336774826049805,29.654182871424286,29.114812389547758,29.507686850482216,276912400
2015-02-25,28.5865421295166,29.21025945210493,28.44448629856083,29.20137905755122,298846800
2015-02-26,28.94833755493164,29.04821996360588,28.102661301610702,28.586537737217196,365150000
2015-02-27,28.51329231262207,28.981633127182146,28.46446031209903,28.855112929405834,248059200
2015-03-02,28.653125762939453,28.91726156415653,28.477776954963716,28.68864056023599,192386800
2015-03-03,28.713064193725586,28.748579000464154,28.431170918915576,28.62428056375755,151265200
2015-03-04,28.53105354309082,28.75745620398861,28.4822249170917,28.65535536751989,126665200
2015-03-05,28.05828094482422,28.577672391357932,27.91400497852946,28.539939172101622,226068400
2015-03-06,28.100439071655273,28.71527416514138,28.024972669659746,28.49997036948319,291368400
2015-03-09,28.22030258178711,28.759673035766372,27.758620331316582,28.402311702567367,354114000
2015-03-10,27.636550903320312,28.238069065403668,27.4789577340754,28.058279985204724,275426400
2015-03-11,27.132688522338867,27.69425323143729,27.103834014425015,27.68981472769633,275756000
2015-03-12,27.623226165771484,27.723110284120327,26.997292125853967,27.148226659267223,193450800
2015-03-13,27.432340621948242,27.834093840781904,27.208159748424535,27.612131372663132,207309200
2015-03-16,27.734209060668945,27.734209060668945,27.27252842487255,27.496709293114733,143497200
2015-03-17,28.19810676574707,28.260255973996387,27.889579129481607,27.94506973590977,204092400
2015-03-18,28.515512466430664,28.668667078657883,28.049391721515192,28.18922743695817,261083600
2015-03-19,28.300207138061523,28.688641353681977,28.278011235856685,28.57766014921899,183238000
2015-03-20,27.945070266723633,28.499974648106683,27.780818542739226,28.46668163836852,274780400
2015-03-23,28.235837936401367,28.3778937431427,28.082683331798854,28.2158621323778,150838800
2015-03-24,28.120424270629883,28.4200715560006,28.09156806736608,28.240284200841668,131369200
2015-03-25,27.385723114013672,28.149274390306743,27.385723114013672,28.08712518287617,206620800
2015-03-26,27.576608657836914,27.718664461225945,27.212590449972673,27.248105247539307,190291600
2015-03-27,27.356868743896484,27.678713581155,27.281402332626065,27.649859075687882,158184800
2015-03-30,28.04939079284668,28.056049394298906,27.523339263415995,27.534438061462257,188398800
2015-03-31,27.618783950805664,28.076025993483867,27.603246649164333,27.987240686916746,168362400
2015-04-01,27.578826904296875,27.771934792862258,27.32356981760157,27.705345398615258,162485600
2015-04-02,27.81633758544922,27.869608105834285,27.565520595756848,27.751968263824242,128880400
2015-04-06,28.26691246032715,28.30242725863393,27.596586729955135,27.627661331754176,148776000
2015-04-07,27.969478607177734,28.437817648060943,27.962820007054244,28.331276659208118,140049200
2015-04-08,27.87847900390625,28.05604961340022,27.738643292000965,27.93396960769326,149316800
2015-04-09,28.091562271118164,28.096002467676044,27.66983504381536,27.933969162089646,129936000
2015-04-10,28.21141815185547,28.2358341491241,27.80300818561393,27.956161076235222,160752000
2015-04-13,28.155929565429688,28.53770685055236,28.10265906460641,28.49331166189537,145460400
2015-04-14,28.033859252929688,28.25360161320693,27.94729402938292,28.189232296875378,102098400
2015-04-15,28.140399932861328,28.218086453862202,27.9694895866594,28.05827490784861,115881600
2015-04-16,28.005002975463867,28.211428129554427,27.991685769857757,28.02941898136785,113476000
2015-04-17,27.689815521240234,27.998343189969706,27.625446207797804,27.867386157870317,207828000
2015-04-20,28.322404861450195,28.43782457640034,27.78303610534011,27.871821413307316,188217200
2015-04-21,28.169252395629883,28.455582435951143,28.11598019392641,28.43338822539975,129740400
2015-04-22,28.548805236816406,28.60429584154471,28.03829268937934,28.187007103625863,150618000
2015-04-23,28.781869888305664,28.948341722354005,28.442267617797302,28.477782421911698,183083600
2015-04-24,28.917266845703125,28.994955055618846,28.68420560283406,28.963880449028178,178103600
2015-04-27,29.443323135375977,29.549867569822155,29.110379398209062,29.367856701135732,387816800
2015-04-28,28.979415893554688,29.86282546463072,28.75967524351649,29.84507144971857,475696000
2015-04-29,28.55324363708496,29.20803205430719,28.477777232253114,28.89062744093221,253544400
2015-04-30,27.77859878540039,28.553247201201735,27.652080266524873,28.553247201201735,332781600
2015-05-01,28.622055053710938,28.88397248578845,27.811893528132792,27.98946245844296,234050400
2015-05-04,28.566572189331055,28.981644354574506,28.468908150450243,28.74414286121627,203953200
2015-05-05,27.92287826538086,28.511077432157443,27.918438067835837,28.444488016495587,197085600
2015-05-06,27.747522354125977,28.133736487363592,27.381284025661873,28.091563086034366,288564000
2015-05-07,27.919151306152344,28.10192070708128,27.64276698239626,27.809934179606117,175763600
2015-05-08,28.445165634155273,28.445165634155273,28.108601929809527,28.235648908196517,222201600
2015-05-11,28.15541648864746,28.43179913893094,28.00162210800377,28.39390831197934,168143200
2015-05-12,28.055118560791016,28.28023586449108,27.821083767246392,27.99493740793077,192640000
2015-05-13,28.086315155029297,28.349324915305054,28.055110751311194,28.117519558747397,138776800
2015-05-14,28.741613388061523,28.741613388061523,28.342642498454563,28.398364898742013,180814000
2015-05-15,28.701492309570312,28.861973080038933,28.57667468832252,28.76835986410309,152832000
2015-05-18,29.01799201965332,29.136123212983502,28.610103721522318,28.614562464956876,203531600
2015-05-19,28.991252899169922,29.17179293720011,28.89540859934834,29.129443367583054,178532800
2015-05-20,28.989023208618164,29.19408124930763,28.828542411378464,28.9756503756858,145819600
2015-05-21,29.285459518432617,29.338954237870233,28.93775234465018,28.991247064087794,158921600
2015-05-22,29.541784286499023,29.637628577188966,29.28769029403118,29.33227093213358,182384000
2015-05-26,28.890947341918945,29.624255991868104,28.779502547789,29.555160763671573,282790400
2015-05-27,29.430341720581055,29.479377705384593,28.986793586711027,29.051430075210902,183332800
2015-05-28,29.372394561767578,29.410285389960727,29.220831248994983,29.390226139921843,122933200
2015-05-29,29.03805160522461,29.298831982306186,28.953352484095202,29.24979600702335,203538000
2015-06-01,29.096010208129883,29.285467750161875,28.98679646832212,29.038060129885473,128451200
2015-06-02,28.96673583984375,29.12275789002009,28.824086622393153,28.944445517950438,134670400
2015-06-03,29.002395629882812,29.185166746765926,28.953359642476396,29.122757926616966,123934000
2015-06-04,28.832996368408203,29.10492192963282,28.732696737044225,28.882032348368387,153800400
2015-06-05,28.674741744995117,28.90654880176201,28.610105266315358,28.86419923940893,142507200
2015-06-08,28.48529052734375,28.799565668194397,28.26908735110113,28.730467037838547,210699200
2015-06-09,28.40058708190918,28.54769500648522,27.999386897679972,28.240106328012548,224301600
2015-06-10,28.72600555419922,28.828532839990938,28.496427895167987,28.512030095246587,156349200
2015-06-11,28.661365509033203,29.01575906604491,28.63684752327,28.79286952311561,141563600
2015-06-12,28.344871520996094,28.603424286898427,28.33149868845383,28.572219877291285,147544800
2015-06-15,28.28915023803711,28.36047484860761,28.01945400117639,28.106380817168155,175955600
2015-06-16,28.440715789794922,28.496438196005535,28.166562503525917,28.313668771655237,125976400
2015-06-17,28.37384796142578,28.50312264250904,28.24902862379286,28.467461189265897,131672400
2015-06-18,28.50312042236328,28.59896301497603,28.35601417586037,28.358243547924655,141628800
2015-06-19,28.217823028564453,28.489748612730004,28.17324578875584,28.465230620681456,218867600
2015-06-22,28.44293785095215,28.54323747614416,28.324806652233242,28.416190490661805,136157200
2015-06-23,28.31366539001465,28.44294176510625,28.280231610178866,28.413966729522002,121075600
2015-06-24,28.554384231567383,28.93106816595417,28.333724023497552,28.353783269452745,221123600
2015-06-25,28.418424606323242,28.79733625420246,28.418424606323242,28.72155460483171,127752400
2015-06-26,28.251256942749023,28.527639572001984,28.197763914622286,28.4563149676621,176267200
2015-06-29,27.756441116333008,28.18884747671424,27.745297656841196,27.963728508622573,196645600
2015-06-30,27.95704460144043,28.110838980636498,27.829997588347577,27.988249011637773,177482800
2015-07-01,28.217823028564453,28.29360637685433,28.081860236481678,28.284690588790067,120955200
2015-07-02,28.18216323852539,28.23788564182807,28.032825905284497,28.1799338662497,108844000
2015-07-06,28.08408546447754,28.135350813154044,27.8277621221199,27.847823067432426,112241600
2015-07-07,28.01499366760254,28.117522676977106,27.587044353914475,28.059570906282733,187787200
2015-07-08,27.319578170776367,27.780959574195116,27.312891754866524,27.74529812250506,243046400
2015-07-09,26.762351989746094,27.65168094402224,26.572896185523614,27.604874335956396,314380000
2015-07-10,27.477827072143555,27.604874064361603,27.016445710876685,27.179155852039294,245418000
2015-07-13,28.008304595947266,28.03059321317383,27.70963168347132,27.867883076446173,165762000
2015-07-14,27.997156143188477,28.166552675103212,27.8701091693805,28.09299871644799,127072400
2015-07-15,28.26685333251953,28.340407293884716,27.99047076011647,28.021675161814606,134596800
2015-07-16,28.64353370666504,28.656909935993607,28.384982723216837,28.471909508217827,144889600
2015-07-17,28.890947341918945,28.890947341918945,28.59896252546252,28.770588460709696,184658800
2015-07-20,29.437028884887695,29.637628149351997,29.131667843215197,29.191848982964544,235600800
2015-07-21,29.142810821533203,29.626480772742738,29.04696994042469,29.610880271619788,307025600
2015-07-22,27.910228729248047,27.97263752894381,27.190294760158203,27.190294760158203,461802400
2015-07-23,27.89686393737793,28.327039244992637,27.874573616340435,28.12866763145066,203998000
2015-07-24,27.749753952026367,28.026136567453218,27.61602053814322,27.93252334778628,168649200
2015-07-27,27.364151000976562,27.55137911884512,27.219274144908685,27.435475593375916,177822000
2015-07-28,27.5001163482666,27.618249256588875,27.31511928535405,27.5001163482666,134472400
2015-07-29,27.413185119628906,27.52685926561416,27.252704372476153,27.44884826366832,148046800
2015-07-30,27.275001525878906,27.31957876659184,27.12789357060331,27.26385636544431,134513200
2015-07-31,27.03650665283203,27.335177872887087,26.94957985293466,27.326262085652413,171540000
2015-08-03,26.399044036865234,27.31957744718031,26.193984318156094,27.08108564980745,279904000
2015-08-04,25.552061080932617,26.23410264531658,25.242244703613594,26.171693835570665,496554400
2015-08-05,25.721452713012695,26.176147569073613,24.985916566338112,25.175372331235444,397250400
2015-08-06,25.77743148803711,26.084173021789667,25.55129525226573,25.965507100240163,211612000
2015-08-07,25.8647518157959,26.028198458805463,25.63637611641484,25.65428840489449,154681600
2015-08-10,26.805124282836914,26.86557611627786,26.09088763872919,26.09088763872919,219806400
2015-08-11,25.41023826599121,26.460322694112065,25.374415397109164,26.377479640744433,388331200
2015-08-12,25.802061080932617,25.84236287679192,24.545990436229246,25.195296388091382,404870000
2015-08-13,25.78191566467285,26.061788822760462,25.645337426869283,25.981185216574417,194143200
2015-08-14,25.96327018737793,26.041634321739092,25.526668790072872,25.596076779334183,171718000
2015-08-17,26.231948852539062,26.341658638289204,25.86027652582025,25.981181919757336,163538800
2015-08-18,26.08417320251465,26.29463832262132,25.97446342442515,26.068500377073292,138242800
2015-08-19,25.750568389892578,26.088653913711482,25.676681470828807,25.99461694847219,193146000
2015-08-20,25.22216796875,25.602794759643356,24.993790527645906,25.54234291241586,274006400
2015-08-21,23.679502487182617,25.054238945973523,23.654873519011304,24.725107924238447,513102000
2015-08-24,23.088411331176758,24.360154736085217,20.5986596770011,21.24124891448916,648825200
2015-08-25,23.22722625732422,24.87735855766184,23.173491104077257,24.87735855766184,414406400
2015-08-26,24.559423446655273,24.60420245687129,23.520534694114033,23.977286064588586,387098400
2015-08-27,25.28261947631836,25.354266931578447,24.633313452155644,25.12813066516353,338464400
2015-08-28,25.365459442138672,25.369936660203646,24.97363709537357,25.114692525253453,212657600
2015-08-31,25.24679183959961,25.643091378068043,25.076628524882036,25.08334520563764,224917200
2015-09-01,24.118343353271484,25.049760096014527,24.03773976777712,24.662416701253587,307383600
2015-09-02,25.152751922607422,25.152751922607422,24.43403807824614,24.68032774832823,247555200
2015-09-03,24.7116756439209,25.25127008789612,24.637788736174347,25.186339324259134,212935600
2015-09-04,24.465383529663086,24.729583776008354,24.295221933054687,24.398215017804926,199985200
2015-09-08,25.146039962768555,25.20201458771156,24.700482426521027,25.020657349523418,219374400
2015-09-09,24.662424087524414,25.528910328782462,24.57734155057093,25.470697939320914,340043200
2015-09-10,25.204248428344727,25.36321612273452,24.606439977285298,24.689281310465983,251571200
2015-09-11,25.571441650390625,25.571441650390625,25.022891133729885,25.029607813885058,199662000
2015-09-14,25.817737579345703,26.17149764796705,25.716983929469684,26.10208965397291,233453600
2015-09-15,26.034914016723633,26.09088863465027,25.618462722692676,25.9565498932683,173364800
2015-09-16,26.064016342163086,26.093122522310257,25.846834597699715,26.028191774404036,148694000
2015-09-17,25.506507873535156,26.081926750858194,25.461728872332426,25.8960923584784,256450400
2015-09-18,25.401281356811523,25.591596427514062,25.047523063835897,25.123647725549066,297141200
2015-09-21,25.795345306396484,25.831169885401756,25.448303665385104,25.450541420415476,200888000
2015-09-22,25.390092849731445,25.56473342435706,25.193061056237795,25.38561392267377,201384800
2015-09-23,25.5960750579834,25.685634794748932,25.367699352030687,25.4415845547681,143026800
2015-09-24,25.748327255249023,25.86027650418489,25.15947482080196,25.356504883973493,200878000
2015-09-25,25.68340301513672,26.126722905236278,25.528912465703318,26.070748266538427,224607600
2015-09-28,25.175140380859375,25.652043428718926,25.175140380859375,25.490836283467956,208436000
2015-09-29,24.41836929321289,25.414718619874495,24.149691782770407,25.262467575101102,293461600
2015-09-30,24.696002960205078,24.973636596352218,24.344482415888265,24.666895064629845,265892000
2015-10-01,24.53480339050293,24.54375953744128,24.02655272806639,24.420614652301932,255716400
2015-10-02,24.713916778564453,24.854973932318234,24.08028529710069,24.18327840613088,232079200
2015-10-05,24.80348014831543,24.935581176039214,24.420613847424285,24.60197111937001,208258800
2015-10-06,24.922134399414062,25.01841079535719,24.577330602506333,24.76988339439259,192787200
2015-10-07,24.80348014831543,25.02513922605024,24.496740239786025,25.018422543120444,187062400
2015-10-08,24.516883850097656,24.671374349752824,24.228054602494883,24.671374349752824,247918400
2015-10-09,25.103500366210938,25.139323237843644,24.51464621956909,24.628834932555186,211064400
2015-10-12,24.987070083618164,25.244553677850178,24.95124721500519,25.240076459852247,121868800
2015-10-13,25.02961540222168,25.177387535065,24.78108791187552,24.812433567575923,132197200
2015-10-14,24.675853729248047,24.96916022058333,24.530319361136108,24.917664521660804,177849600
2015-10-15,25.045284271240234,25.099019428488592,24.738542736703256,24.83705861516678,150694000
2015-10-16,24.86168670654297,25.076629036153395,24.747498006740315,25.02737109866167,156930400
2015-10-19,25.01617431640625,25.020651533748616,24.65345821612934,24.807948691689624,119036800
2015-10-20,25.472925186157227,25.56248490527218,24.81242546057738,24.928851899680126,195871200
2015-10-21,25.4706974029541,25.878192661655163,25.457262329491055,25.52443257217561,167180800
2015-10-22,25.860279083251953,25.860279083251953,25.546820813328083,25.59831822458685,166616400
2015-10-23,26.661836624145508,26.69542174435763,26.046115683693866,26.128957044245578,237467600
2015-10-26,25.811016082763672,26.44912639877976,25.730412494613237,26.437932499887086,265335200
2015-10-27,25.64756965637207,26.093127120076367,25.52218535533133,25.83788300855051,279537600
2015-10-28,26.70437240600586,26.711090795666422,25.985658451219486,26.180450754337446,342205600
2015-10-29,26.986488342285156,27.02231292542602,26.480477208786336,26.57675364071474,204909200
2015-10-30,26.7558650970459,27.140970708994747,26.7446694911273,27.08947331326267,197461200
2015-11-02,27.132015228271484,27.17231701906884,26.78049471728719,27.04693442912581,128813200
2015-11-03,27.443239212036133,27.64922542308177,27.024548400015334,27.04470015338393,182076000
2015-11-04,27.315610885620117,27.723105996077216,27.230530089620366,27.568615519031468,179544400
2015-11-05,27.189701080322266,27.587698829312192,27.02330742318824,27.398818105506212,158210800
2015-11-06,27.221176147460938,27.389818824830183,27.12224027662596,27.232419678827696,132169200
2015-11-09,27.110990524291992,27.389812539883664,26.994065716308913,27.19868455915971,135485600
2015-11-10,26.25653648376465,26.548851106859324,26.09688830871263,26.2857689753872,236511600
2015-11-11,26.108131408691406,26.402693360504724,25.90575988184487,26.16659467545191,180872000
2015-11-12,26.020437240600586,26.267779454208373,26.004697328339777,26.141860156121886,130102400
2015-11-13,25.260419845581055,25.986708287440823,25.244679933368456,25.903510628304637,183249600
2015-11-16,25.67416000366211,25.687650868218494,24.959115018300725,25.044560019694394,152426800
2015-11-17,25.56397819519043,25.869783676779644,25.48078053539041,25.84055118563602,110467600
2015-11-18,26.373470306396484,26.418441007519032,25.97097618391726,26.029439467794393,186698800
2015-11-19,26.708499908447266,26.926611356339105,26.254289766076003,26.45216320271426,173183200
2015-11-20,26.825428009033203,26.9648381846964,26.724241377915583,26.802940947325766,137148400
2015-11-23,26.47689437866211,26.922111701387607,26.38470224569791,26.818676039591114,129930000
2015-11-24,26.730985641479492,26.83666865100473,26.3352387624564,26.382458502037952,171212800
2015-11-25,26.53985595703125,26.80968522897599,26.515121564214937,26.80518713090661,85553200
2015-11-27,26.490394592285156,26.625310123812973,26.44317484245932,26.598326674402962,52185600
2015-11-30,26.600570678710938,26.850161962966027,26.47689870344151,26.53086387650366,156721200
2015-12-01,26.384708404541016,26.715248329315557,26.27677805085262,26.701757463985018,139409600
2015-12-02,26.146360397338867,26.557848941412235,26.10138970296319,26.38470816546962,133546400
2015-12-03,25.90350914001465,26.26103243333327,25.68315038169898,26.20706726820804,166278000
2015-12-04,26.764719009399414,26.814187806460918,25.88328029155386,25.923754605920347,231108000
2015-12-07,26.596080780029297,26.951355186226532,26.490397735038254,26.753481680311307,128336800
2015-12-08,26.584827423095703,26.668023363707515,26.276772906027855,26.425177542173227,137238000
2015-12-09,25.997957229614258,26.463410976828822,25.876534289185834,26.452167444826845,185445600
2015-12-10,26.121625900268555,26.294766675544988,25.9732212369822,26.092395120589035,116850800
2015-12-11,25.449298858642578,25.9462323011803,25.375095684939055,25.901261616493006,187544800
2015-12-14,25.29190444946289,25.336875142511982,24.687038849477336,25.224446694367277,257274800
2015-12-15,24.844438552856445,25.363859161593496,24.812958723905354,25.170482089167063,213292400
2015-12-16,25.03557014465332,25.18172749448732,24.46443504340053,24.974859527456996,224954000
2015-12-17,24.504901885986328,25.240183079210375,24.504901885986328,25.188465245465725,179091200
2015-12-18,23.841571807861328,24.626321743127676,23.792103025803446,24.48916064131487,385813200
2015-12-21,24.133882522583008,24.14287700110405,23.738134045264047,24.122638995551366,190362400
2015-12-22,24.111413955688477,24.221593392048497,23.936024075810867,24.149639229350974,131157600
2015-12-23,24.421709060668945,24.475674238564384,24.10465999504882,24.120399910081744,130629600
2015-12-24,24.291290283203125,24.50940174755016,24.27330131973653,24.50940174755016,54281600
2015-12-28,24.019210815429688,24.21483691016716,23.87530255568779,24.192349850721047,106816800
2015-12-29,24.45094108581543,24.60609291012418,24.028210692327598,24.050696041301666,123724800
2015-12-30,24.131643295288086,24.441945210706056,24.10016346541331,24.41496347968314,100855200
2015-12-31,23.668437957763672,24.066433919018245,23.569500372029918,24.06193753581308,163649200
2016-01-04,23.68868064880371,23.69317874874488,22.93541016777064,23.072573052094203,270597600
2016-01-05,23.095048904418945,23.80109933875041,23.027592872753676,23.77861399486199,223164000
2016-01-06,22.643095016479492,23.018607440668703,22.45646504487207,22.611615179556676,273829600
2016-01-07,21.68743896484375,22.514912106724037,21.682942583405428,22.188870413523286,324377600
2016-01-08,21.802120208740234,22.285562784635363,21.75714952445672,22.15964349622422,283192000
2016-01-11,22.155147552490234,22.27432142139755,21.887567323079747,22.254085126159012,198957600
2016-01-12,22.47669219970703,22.640838467302366,22.224851891300492,22.609358643191765,196616800
2016-01-13,21.89881134033203,22.753268167980142,21.878575044643163,22.557642065378527,249758400
2016-01-14,22.37775421142578,22.593618309183817,21.527795545269733,22.026978054731973,252680400
2016-01-15,21.84034538269043,21.97076276836972,21.44234951010831,21.63122844203972,319335600
2016-01-19,21.734664916992188,22.18212958816844,21.473830135870465,22.12816442209976,212350800
2016-01-20,21.763891220092773,22.07869110261147,21.006123139771795,21.38388265568996,289337600
2016-01-21,21.653722763061523,22.008995404035435,21.347917205004382,21.824612792458826,208646000
2016-01-22,22.804988861083984,22.81398334392271,22.11917627097245,22.177637836140885,263202000
2016-01-25,22.359766006469727,22.82971600568809,22.308048175461344,22.827466956812515,207178000
2016-01-26,22.48343849182129,22.683560973693744,22.051713702760832,22.469947628263718,300308000
2016-01-27,21.006128311157227,21.727918655502844,20.9881393498941,21.59525392611128,533478800
2016-01-28,21.156784057617188,21.253472589399497,20.774528029001694,21.08932801960842,222715200
2016-01-29,21.8875732421875,21.8875732421875,21.215251486492456,21.314189086917164,257666000
2016-02-01,21.68294906616211,21.745908718250337,21.451346753613898,21.691943547249263,163774000
2016-02-02,21.244482040405273,21.595258278117893,21.19950962818435,21.455846373516206,149428800
2016-02-03,21.664958953857422,21.775138339162716,21.154534616791793,21.361402524248767,183857200
2016-02-04,21.839033126831055,22.00407006002564,21.52026552275693,21.671736666003714,185886800
2016-02-05,21.25575828552246,21.91138191520352,21.18115418813304,21.820950772345686,185672400
2016-02-08,21.47957992553711,21.635571909323836,21.034207883414375,21.054553988974455,216085600
2016-02-09,21.47505760192871,21.689831825380146,21.235416490857723,21.316804363453706,177324800
2016-02-10,21.312278747558594,21.78251933732667,21.2738460702259,21.685306155065295,169374400
2016-02-11,21.18341827392578,21.41401782406949,20.93247261779755,21.203766104741266,200298800
2016-02-12,21.248979568481445,21.364279336743493,21.027425044968645,21.294196009383647,161405600
2016-02-16,21.84808349609375,21.8955594642295,21.389147412617355,21.481838095692634,196231600
2016-02-17,22.182676315307617,22.203022417805666,21.737304340212145,21.85486362369464,179452800
2016-02-18,21.762174606323242,22.356756552852104,21.72374020173718,22.34545201182724,156084000
2016-02-19,21.71243667602539,21.87521240241181,21.65817867550683,21.703393388467173,141496800
2016-02-22,21.902332305908203,21.90685481040241,21.68529866059866,21.77346852510472,137123200
2016-02-23,21.4072322845459,21.816431114118785,21.375581641641404,21.79382375844853,127770400
2016-02-24,21.726003646850586,21.789304943382405,21.097509738669007,21.24672141606341,145022800
2016-02-25,21.875211715698242,21.875211715698242,21.53383495162281,21.71469724744798,110330800
2016-02-26,21.90912437438965,22.16006827445675,21.83451854540256,21.974685190956883,115964400
2016-02-29,21.85938835144043,22.207547180937677,21.850345063356375,21.897821032174523,140865200
2016-03-01,22.727519989013672,22.781777984759973,22.024420397887784,22.076418865566318,201628400
2016-03-02,22.77726173400879,22.808912381558407,22.526316082129018,22.723003727471006,132678400
2016-03-03,22.946819305419922,22.994295276313494,22.709437726121145,22.738828844886864,147822800
2016-03-04,23.288188934326172,23.45548540753342,22.917422845147737,23.14349981293119,184220400
2016-03-07,23.030466079711914,23.24749980657361,22.82473516867268,23.148025368283808,143315600
2016-03-08,22.84056282043457,23.00559981671915,22.698134907762526,22.784043561065058,126247600
2016-03-09,22.86090850830078,22.96490372881502,22.668741664588698,22.90386196851119,108806800
2016-03-10,22.872215270996094,23.114117651176542,22.64161743351319,22.92647500614705,134054400
2016-03-11,23.118635177612305,23.123155958818757,22.946816169645622,23.114112671575178,109632800
2016-03-14,23.177413940429688,23.26558555978219,23.010117438622984,23.039508553350707,100304400
2016-03-15,23.643131256103516,23.778777100707952,23.47809429986728,23.50296290594165,160270800
2016-03-16,23.957382202148438,24.034247561404328,23.645394809136018,23.6499173154633,153214000
2016-03-17,23.9189510345459,24.07042223430001,23.729045427903444,23.855648015777817,137682800
2016-03-18,23.946075439453125,24.07720051348592,23.781040195265838,24.041027365546956,176820800
2016-03-21,23.943819046020508,24.337192594788167,23.76973876722751,23.948339827689416,142010800
2016-03-22,24.126943588256836,24.25580744062793,23.785566752216166,23.7946100413969,129777600
2016-03-23,23.993549346923828,24.206062260782247,23.941552607254522,24.072677670053565,102814000
2016-03-24,23.889554977416992,24.020680044797334,23.713215202237485,23.844340269617827,104532000
2016-03-28,23.78104019165039,24.007117191742648,23.751649077746794,23.96416200977932,77645600
2016-03-29,24.343969345092773,24.368837950950414,23.710953109348186,23.713214362107195,124760400
2016-03-30,24.76900291442871,24.96342933008116,24.551969137037148,24.563273680322276,182404400
2016-03-31,24.640138626098633,24.845869581453446,24.615270011169347,24.80517564109926,103553600
2016-04-01,24.866209030151367,24.86847028312969,24.461530988564398,24.59265606401662,103496000
2016-04-04,25.121671676635742,25.363573947721687,24.929504886428273,24.963416774396077,149424800
2016-04-05,24.825511932373047,25.03350405906762,24.737342050608234,24.75768987515496,106314800
2016-04-06,25.08550453186035,25.090027037913124,24.68760851591967,24.920469282378427,105616400
2016-04-07,24.538400650024414,24.96342483867555,24.443448712905145,24.85716836030506,127207600
2016-04-08,24.565528869628906,24.816472765264848,24.454749892241516,24.622048122439764,94326800
2016-04-11,24.646921157836914,25.006384592335355,24.603967687865875,24.635618339352387,117630000
2016-04-12,24.967947006225586,24.981511075678288,24.565530180707952,24.719260900720705,108929200
2016-04-13,25.329675674438477,25.397497761998142,25.049340584563215,25.049340584563215,133029200
2016-04-14,25.343233108520508,25.408795650036424,25.16915456540157,25.234717106917486,101895600
2016-04-15,24.834556579589844,25.388446230465966,24.80742844514777,25.345491051158653,187756000
2016-04-18,24.298755645751953,24.631087372216538,24.176673864164115,24.617523304761406,243286000
2016-04-19,24.169889450073242,24.416312517002183,24.016157043010015,24.38918265993324,129539600
2016-04-20,24.219633102416992,24.436666857674016,23.977730734333864,24.108855833811326,122444000
2016-04-21,23.957382202148438,24.17441593542663,23.85564650775408,24.17441593542663,126210000
2016-04-22,23.891817092895508,24.072679380283482,23.652176028212455,23.740345918985675,134732400
2016-04-25,23.75617218017578,23.885036004470937,23.627308355880622,23.73808560575489,112126400
2016-04-26,23.59113883972168,23.805913063172742,23.49166611475082,23.49166611475082,224064800
2016-04-27,22.11485481262207,22.31606322957976,21.631050110630447,21.7033946906059,458408400
2016-04-28,21.438884735107422,22.128418627758244,21.307759646400942,22.067378589818784,328970800
2016-04-29,21.192461013793945,21.414017269485193,20.91438722355462,21.248980273172936,274126000
2016-05-02,21.169851303100586,21.269325740502186,20.889516290677836,21.244457131151787,192640400
2016-05-03,21.51801109313965,21.644613673926738,21.17889555903354,21.296454851931436,227325200
2016-05-04,21.294200897216797,21.680792500306193,21.210551755970187,21.522537508069195,164102000
2016-05-05,21.207765579223633,21.396552416060036,21.080392164169012,21.38063073917821,143562000
2016-05-06,21.089481353759766,21.255521378366904,20.891596253887002,21.237326423641814,174799600
2016-05-09,21.105403900146484,21.32830728893898,21.05991217311499,21.15316891203059,131745600
2016-05-10,21.248703002929688,21.28282137090078,20.950739509002165,21.228233023346398,134747200
2016-05-11,21.041719436645508,21.28281954167646,21.030346069855238,21.262349563852535,114876400
2016-05-12,20.548152923583984,21.103140142228636,20.350269445219904,21.089493484502253,305258800
2016-05-13,20.589086532592773,20.85065835989076,20.470811496382066,20.470811496382066,177571200
2016-05-16,21.353328704833984,21.469330447204086,20.846108496337617,21.014423559058507,245039200
2016-05-17,21.26462745666504,21.539845986370324,21.155450747282906,21.505729349271224,187667600
2016-05-18,21.50800323486328,21.65584836263633,21.355609800460968,21.417023219617608,168249600
2016-05-19,21.426118850708008,21.526198945289668,21.282823771465388,21.526198945289668,121768400
2016-05-20,21.65812110900879,21.70588613259609,21.49890262838541,21.526197671292028,128104000
2016-05-23,21.933334350585938,22.106199443485952,21.760469257685926,21.805960984939592,152074400
2016-05-24,22.2676944732666,22.31090945140186,22.026592621394197,22.113026048329143,140560800
2016-05-25,22.65891456604004,22.686207870935945,22.31545935166485,22.44283273539829,152675200
2016-05-26,22.838600158691406,22.911385188214826,22.43600660841186,22.67255838819598,225324800
2016-05-27,22.824953079223633,22.85224811760691,22.57475463437257,22.617971344646403,145364800
2016-05-31,22.713502883911133,22.83632796179195,22.47695107488128,22.65436449782062,169228800
2016-06-01,22.39507293701172,22.6407231503316,22.365504604704412,22.522446350437164,116693200
2016-06-02,22.22675323486328,22.25404654048954,21.978828051653846,22.19945819390477,160766400
2016-06-03,22.27224349975586,22.35185186766778,22.165340090560306,22.242675173197796,114019600
2016-06-06,22.433727264404297,23.175225802801908,22.188078921690362,22.288157233413948,93170000
2016-06-07,22.524721145629883,22.715782999184874,22.50879946911135,22.57476119621173,89638000
2016-06-08,22.504247665405273,22.645267711132405,22.44510927524069,22.522442624790106,83392400
2016-06-09,22.665742874145508,22.743076235457888,22.395072638887008,22.40417098762951,106405600
2016-06-10,22.47922706604004,22.597502107995926,22.399618697864703,22.410990330271307,126851600
2016-06-13,22.14031219482422,22.54518068752905,22.085723867005676,22.447375660216185,152082000
2016-06-14,22.167617797851562,22.39962133855026,22.006126021848438,22.135774446827423,127727600
2016-06-15,22.09482765197754,22.383694500789666,22.069807634038472,22.24949606499538,117780800
2016-06-16,22.188087463378906,22.233577464826187,21.851455552539154,21.937887249421912,125307200
2016-06-17,21.683147430419922,21.98338604828659,21.676324101544093,21.97656271941076,244032800
2016-06-20,21.630826950073242,21.965183864180645,21.61490527489348,21.835535441907616,137647600
2016-06-21,21.815061569213867,21.915139908778798,21.535293057720768,21.594431441553773,142185600
2016-06-22,21.733182907104492,22.03796976818342,21.68769116530222,21.892399665081168,116876400
2016-06-23,21.8582763671875,21.901493078328414,21.664941280256883,21.821884717278408,128960800
2016-06-24,21.244155883789062,21.530747761291018,21.07356576973615,21.132704161834226,301245600
2016-06-27,20.9348201751709,21.16454869416482,20.8119950779464,21.153175325125847,181958400
2016-06-28,21.287372589111328,21.303296000297614,20.957565702712195,21.130430851504904,161779600
2016-06-29,21.47161293029785,21.505731305833503,21.296472745703422,21.37380784593974,146124000
2016-06-30,21.744552612304688,21.783219287907485,21.44886412581391,21.480707474584726,143345600
2016-07-01,21.81051254272461,21.942435968436794,21.683139158082344,21.719530809980615,104106000
2016-07-05,21.605804443359375,21.699061198215826,21.485254382950593,21.696786177642384,110820800
2016-07-06,21.728633880615234,21.75820394800162,21.464788707162878,21.517102043514402,123796400
2016-07-07,21.82188606262207,21.949259448154788,21.749101022984483,21.767295981394707,100558400
2016-07-08,21.990203857421875,22.03796888289611,21.846908780999176,21.946987138278903,115648400
2016-07-11,22.058443069458008,22.210836510938176,22.001579689622186,22.00612799646269,95179600
2016-07-12,22.15851593017578,22.222202622108583,22.090280932533013,22.101652564474037,96670000
2016-07-13,22.033414840698242,22.215376547230882,22.026589779979425,22.15623990365707,103568800
2016-07-14,22.470129013061523,22.51561901394798,22.13577212701593,22.15169380085942,155676000
2016-07-15,22.467853546142578,22.586130322629735,22.404166852033615,22.499696893197058,120548000
2016-07-18,22.70668601989746,22.774921036806884,22.42691741810402,22.44966242374049,145975600
2016-07-19,22.715774536132812,22.74534285712758,22.595222761311202,22.645262793249994,95119600
2016-07-20,22.73624610900879,22.849972831283942,22.68620607355459,22.74534445503065,105104000
2016-07-21,22.615703582763672,22.972805540062225,22.547466832571022,22.706685337909654,130808000
2016-07-22,22.44055938720703,22.586129464017173,22.360949287264944,22.577031117300013,113254800
2016-07-25,22.14031219482422,22.48149228052049,22.044782187308858,22.347295613105818,161531600
2016-07-26,21.987926483154297,22.28361668767847,21.93106311577136,22.02204485065051,224959200
2016-07-27,23.416332244873047,23.734767425495647,23.370842248497873,23.716570732812727,369379200
2016-07-28,23.732498168945312,23.757518193627863,23.386769600664,23.389044621634927,159479200
2016-07-29,23.702926635742188,23.780261720313952,23.582376570555798,23.69837832974729,110934800
2016-08-01,24.121444702148438,24.144189705395952,23.748421095825154,23.748421095825154,152671600
2016-08-02,23.764341354370117,24.125991569835236,23.655162915827727,24.12144326358999,135266400
2016-08-03,24.06230354309082,24.07367517574286,23.830300024735596,23.839398372056618,120810400
2016-08-04,24.21095085144043,24.240679358398708,24.076025408127766,24.14463180231835,109634800
2016-08-05,24.57912826538086,24.61800439739502,24.281836297046727,24.302417162913304,162213600
2016-08-08,24.782663345336914,24.782663345336914,24.505953931304926,24.588279156253062,112148800
2016-08-09,24.883285522460938,24.91301577419259,24.70033804559322,24.750649168770092,105260800
2016-08-10,24.698041915893555,24.903859280805825,24.64315786682777,24.86040846356533,96034000
2016-08-11,24.682043075561523,24.910728732985522,24.663747804231658,24.816966775969792,109938000
2016-08-12,24.739212036132812,24.798670789690842,24.647737433289596,24.647737433289596,74641600
2016-08-15,25.036500930786133,25.050221508841652,24.71634073320655,24.73006131126207,103472800
2016-08-16,25.01363182067871,25.20801598828304,24.974755685050955,25.070803224154627,135177600
2016-08-17,24.9770450592041,25.011348253023485,24.775800585987955,24.949602155202015,101424000
2016-08-18,24.945030212402344,25.063945978389675,24.93130788748355,24.979333407599857,87938800
2016-08-19,25.00906753540039,25.08453423285459,24.780381842314966,24.874142069218635,101472400
2016-08-22,24.81467628479004,24.949599958605717,24.6637429431663,24.89471590016652,103280800
2016-08-23,24.892433166503906,24.999915703376054,24.819253826785246,24.832974407753408,85030800
2016-08-24,24.704912185668945,24.86956614412529,24.624872551622992,24.828402654511205,94700400
2016-08-25,24.599720001220703,24.670612007952162,24.396189873408847,24.558556506565868,100344800
2016-08-26,24.455642700195312,24.686613938501324,24.311569631542795,24.56312522927482,111065200
2016-08-29,24.42820167541504,24.569987410072283,24.30699855703481,24.38246524216204,99881200
2016-08-30,24.240680694580078,24.355023528045077,24.126337861115076,24.194944259087347,99455600
2016-08-31,24.263547897338867,24.371030435457087,24.15835270431955,24.16292739451736,118649600
2016-09-01,24.407615661621094,24.423623584360367,24.153774497660653,24.272690245904872,106806000
2016-09-02,24.63630485534668,24.698049210690897,24.428200084710696,24.629442820545787,107210000
2016-09-06,24.62944793701172,24.76666074580622,24.585998842644578,24.675186121520998,107521600
2016-09-07,24.780376434326172,24.871851040543895,24.48537174525884,24.659173322599212,169457200
2016-09-08,24.130908966064453,24.531108852664694,24.066877263365704,24.526535907357516,212008000
2016-09-09,23.584354400634766,24.176651240451452,23.584354400634766,23.92967027841052,186228000
2016-09-12,24.112613677978516,24.176645375997897,23.447137649135108,23.47458055317181,181171200
2016-09-13,24.686614990234375,24.878711841710718,24.524248389610946,24.585994491587748,248704800
2016-09-14,25.560192108154297,25.848336490600545,24.835259079485677,24.864989328027217,443554800
2016-09-15,26.429197311401367,26.465787848457715,25.95353079806588,26.038145106459055,359934400
2016-09-16,26.280553817749023,26.55726323791593,26.079311078918458,26.326291993437565,319547600
2016-09-19,25.97410774230957,26.568689881840733,25.898641084651615,26.34229165359933,188092000
2016-09-20,25.971826553344727,26.097604345917137,25.729420347368304,25.852910795148613,138057200
2016-09-21,25.96725082397461,26.06787130250994,25.713409665990444,26.03585545778515,144012800
2016-09-22,26.211952209472656,26.28513155432334,26.070166465503682,26.15020610131955,124296000
2016-09-23,25.775156021118164,26.25082252945932,25.509881609176286,26.166208221954566,209924800
2016-09-26,25.814037322998047,25.930667501061446,25.50988671353312,25.53046758597969,119477600
2016-09-27,25.862060546875,25.88264316361179,25.690546301245323,25.84147967487134,98429600
2016-09-28,26.058727264404297,26.21652090998505,25.939811502552825,25.999270255845023,118564400
2016-09-29,25.653955459594727,26.024426828753022,25.567055543500654,25.878068157050905,143548000
2016-09-30,25.85291290283203,25.926092239549394,25.567055846165303,25.71798746482417,145516400
2016-10-03,25.73171043395996,25.852915302814093,25.676826362510184,25.7751612689215,86807200
2016-10-04,25.841472625732422,26.1410502013977,25.756858326199275,25.855193203325438,118947200
2016-10-05,25.85291290283203,25.992411286064037,25.770585930933372,25.932952529752114,85812400
2016-10-06,26.045005798339844,26.147913632118165,25.87120423410283,26.001554971097374,115117200
2016-10-07,26.08388328552246,26.198226104406544,25.958107231589743,26.141054694964502,97433600
2016-10-10,26.538969039916992,26.69904828893821,26.234816722043714,26.303421366738682,144944000
2016-10-11,26.596139907836914,27.142698433019806,26.57326994867143,26.916298399358585,256164000
2016-10-12,26.833969116210938,26.980329514362847,26.699045441387863,26.836256460876704,150347200
2016-10-13,26.751646041870117,26.856841223390578,26.4635016565636,26.708195213406025,140769600
2016-10-14,26.900287628173828,27.023778066721302,26.785944823377953,26.957459030571766,142608800
2016-10-17,26.881996154785156,26.948313451257732,26.70590724492482,26.831685037682202,94499600
2016-10-18,26.86370849609375,27.032935419507904,26.85913380520686,27.02607512791094,98214000
2016-10-19,26.78366470336914,26.93002338387391,26.02442839397574,26.81339321059467,80138400
2016-10-20,26.769947052001953,26.84312640503255,26.603007470744686,26.724210610632856,96503200
2016-10-21,26.66474151611328,26.735635240937782,26.59156219141872,26.712765284375394,92770800
2016-10-24,26.904861450195312,26.925442316923476,26.756215459805414,26.779083671080933,94154800
2016-10-25,27.04206657409668,27.067222124441866,26.82710159650411,26.973460210476663,192516000
2016-10-26,26.433774948120117,26.45893051062822,25.912371915648823,26.14105757864382,264536800
2016-10-27,26.179933547973633,26.495519111665708,26.093031885777496,26.388036578780813,138248000
2016-10-28,26.006134033203125,26.346875184613896,25.944387926768172,26.040437231807747,151446800
2016-10-31,25.9649715423584,26.122765215168037,25.88721750621552,25.990127105986986,105677600
2016-11-01,25.49616050720215,26.01756346663362,25.276622510848522,25.94667147935056,175303200
2016-11-02,25.519033432006836,25.692835032144323,25.436708194818788,25.47558434052238,113326800
2016-11-03,25.245498657226562,25.62016944650457,25.18113820298895,25.50983774029462,107730400
2016-11-04,25.017940521240234,25.3420436904821,24.850143844404315,24.946684542339323,123348000
2016-11-07,25.378816604614258,25.401802229569288,25.160448783314564,25.302962463940972,130240000
2016-11-08,25.528223037719727,25.67993131308819,25.215613640315656,25.35582822681413,97016800
2016-11-09,25.48685073852539,25.587989598793193,24.83634892038631,25.256990967873747,236705600
2016-11-10,24.77658462524414,25.535120808105646,24.32605969000553,25.535120808105646,228538000
2016-11-11,24.923694610595703,25.024833469275595,24.491558879883993,24.62257887695074,136575600
2016-11-14,24.298477172851562,24.781182360897954,23.92380636217132,24.758196733598787,204702000
2016-11-15,24.620281219482422,24.751301224165672,24.401915129573986,24.496156727620768,129058000
2016-11-16,25.282270431518555,25.33743802767343,24.503046111158728,24.526031732711335,235362000
2016-11-17,25.27307891845703,25.36502316958602,25.015637119724733,25.24089869361549,110528000
2016-11-18,25.298364639282227,25.408698095771,25.206422138180844,25.220213162607894,113715600
2016-11-21,25.682233810424805,25.741996090147072,25.286874711014445,25.312159426931917,117058400
2016-11-22,25.698326110839844,25.840838063198525,25.6063818409268,25.732803677577536,103862000
2016-11-23,25.567306518554688,25.631666982449776,25.360432346255397,25.597187661451375,109705600
2016-11-25,25.69602394104004,25.71441314355612,25.50294082200296,25.5443156508187,45903600
2016-11-28,25.645448684692383,25.85232278177229,25.6040738652764,25.61326846444556,108776000
2016-11-29,25.62016487121582,25.751184844999162,25.300659992100464,25.46386018725582,114115200
2016-11-30,25.404096603393555,25.790261020175535,25.34663167085868,25.65234553282995,144649200
2016-12-01,25.16734504699707,25.500642756715852,25.06160976609378,25.36962276149973,148347600
2016-12-02,25.261585235595703,25.30525739275054,25.020231812289612,25.09378685736632,106112000
2016-12-05,25.080005645751953,25.29147626386357,24.882326055958963,25.284580749704254,137298000
2016-12-06,25.27307891845703,25.367322258129196,25.09838677037175,25.169642731993623,104782000
2016-12-07,25.521329879760742,25.55810828458429,25.09149323395342,25.114478860122706,119994800
2016-12-08,25.771881103515625,25.843137079494465,25.422493229567383,25.48225726789636,108273200
2016-12-09,26.19252586364746,26.364920729148498,25.815555898047165,25.815555898047165,137610400
2016-12-12,26.043107986450195,26.433868824113034,25.8569204135273,26.040808898127786,105497600
2016-12-13,26.47755241394043,26.64534909532083,26.146553722123137,26.16724026351612,174935200
2016-12-14,26.47755241394043,26.709709562353925,26.42928206366561,26.443073091260928,136127200
2016-12-15,26.62236213684082,26.831535397956014,26.48674569574152,26.52122326301008,186098000
2016-12-16,26.65683937072754,26.778664775381205,26.583284310161684,26.771769262467373,177404400
2016-12-19,26.810842514038086,26.980938246977622,26.60626746604154,26.617761155624148,111117600
2016-12-20,26.882097244262695,27.008520809100734,26.820035882963577,26.83382690687655,85700000
2016-12-21,26.907384872436523,26.985538108355716,26.843024415615375,26.8476225932117,95132800
2016-12-22,26.730390548706055,26.780959974316932,26.58098136040775,26.74418157253058,104343600
2016-12-23,26.783262252807617,26.783262252807617,26.569492575616366,26.569492575616366,56998000
2016-12-27,26.953350067138672,27.07747452089635,26.776357108493485,26.783252619198286,73187600
2016-12-28,26.838424682617188,27.128046702602873,26.709702031155068,27.01311682853819,83623600
2016-12-29,26.831531524658203,26.91887760528146,26.755677380235163,26.76716931643538,60158000
2016-12-30,26.62236213684082,26.939568031549353,26.53271695456034,26.81314619295204,122345200
2017-01-03,26.69820785522461,26.739582676563,26.3787029724356,26.617757300869563,115127600
2017-01-04,26.668331146240234,26.78096370212091,26.606269776700465,26.629255404171083,84472400
2017-01-05,26.803945541381836,26.861410478782332,26.62005704022397,26.645341752975444,88774400
2017-01-06,27.102766036987305,27.160230978882005,26.771767410492767,26.843023377261122,127007600
2017-01-09,27.35101318359375,27.452152042252223,27.10966148046446,27.111958815476992,134247600
2017-01-10,27.378599166870117,27.440660537275928,27.19241330196169,27.300445927950253,97848400
2017-01-11,27.525707244873047,27.567082073301073,27.261368160676803,27.29354838793295,110354400
2017-01-12,27.41077995300293,27.422273643977455,27.171725560999228,27.330329377254333,108344800
2017-01-13,27.36250877380371,27.49582786880538,27.309640252099264,27.378598888463156,104447600
2017-01-17,27.583175659179688,27.638341519464547,27.174025500825763,27.201607554122653,137759200
2017-01-18,27.58087158203125,27.6981005484148,27.51651113105699,27.58317067062055,94852000
2017-01-19,27.532604217529297,27.603860188276872,27.438362619478404,27.445258132300303,102389200
2017-01-20,27.583175659179688,27.68661186642518,27.521114285570608,27.68661186642518,130391600
2017-01-23,27.601558685302734,27.769355317601576,27.530300971624104,27.58316948476046,88200800
2017-01-24,27.576271057128906,27.60615218958252,27.46823670747972,27.479730395025996,92844000
2017-01-25,28.01529884338379,28.065868256600073,27.64752368411578,27.679703900946087,129510400
2017-01-26,28.029098510742188,28.144028385883903,27.950945283726647,27.967035396098858,105350400
2017-01-27,28.03139305114746,28.12333729283309,27.950942497306496,28.075066960528506,82251600
2017-01-30,27.957843780517578,27.957843780517578,27.73488127203864,27.796942639617125,121510000
2017-01-31,27.893482208251953,27.902676809319985,27.725685561410188,27.847510956602637,196804000
2017-02-01,29.59444808959961,29.994405388574847,29.194492544315402,29.19908896851109,447940000
2017-02-02,29.54387664794922,29.741556195064256,29.371481816420356,29.417454823709267,134841600
2017-02-03,29.6702938079834,29.69557851810031,29.458823281269733,29.493300837165034,98029200
2017-02-06,29.94843292236328,29.996705025422536,29.628927928671317,29.6817982099701,107383600
2017-02-07,30.233455657958984,30.36217656964027,29.98520668226717,30.005893220062706,152735200
2017-02-08,30.350679397583008,30.39205597580901,30.162196229210775,30.19207911863059,92016400
2017-02-09,30.569992065429688,30.57691747290408,30.26987815871774,30.392231720882286,113399600
2017-02-10,30.5007381439209,30.690042031268984,30.48458003206259,30.57923197573663,80262000
2017-02-13,30.770845413208008,30.893202535679777,30.646184517651555,30.722367545942816,92141600
2017-02-14,31.170225143432617,31.186383256072688,30.76160842049049,30.812397098939268,132904800
2017-02-15,31.283340454101562,31.458793521847717,31.077878458389428,31.285651271890703,142492400
2017-02-16,31.246410369873047,31.373378552381876,31.12867136942429,31.3202825748279,90338400
2017-02-17,31.331832885742188,31.35722723226345,31.188703035852885,31.188703035852885,88792800
2017-02-21,31.558069229125977,31.56961275366342,31.391852339036305,31.449566439134408,98028800
2017-02-22,31.6527156829834,31.65502297845318,31.421859322819444,31.495731526325887,83347600
2017-02-23,31.51881980895996,31.738132655209306,31.465723830362226,31.715049131839642,83152800
2017-02-24,31.548826217651367,31.54882621765137,31.23024336194614,31.375683973913826,87106400
2017-02-27,31.611156463623047,31.728895449685226,31.461101253945078,31.659637844223028,81029600
2017-02-28,31.62500762939453,31.728892265869515,31.55805732588351,31.64578385217197,93931600
2017-03-01,32.27140808105469,32.35451650915443,31.76583562625202,31.832782418776734,145658400
2017-03-02,32.07979965209961,32.38452819956247,32.03362556445187,32.31988870396161,104844000
2017-03-03,32.26910400390625,32.28064752724133,31.99438435243972,32.038247627559755,84432400
2017-03-06,32.16752243041992,32.26679249102052,31.996690988707904,32.17444783899807,87000000
2017-03-07,32.20906448364258,32.315256384336635,32.04053688751025,32.10286906036175,69785200
2017-03-08,32.08903503417969,32.27372083241931,32.04748257893479,32.077491511304345,74828800
2017-03-09,32.01515579223633,32.040550130739646,31.63886235043582,32.02901013171941,88623600
2017-03-10,32.12134552001953,32.17213418795133,32.00591736973592,32.14673985398543,78451200
2017-03-13,32.13520812988281,32.18830411217798,32.04748509882751,32.05441050857954,69686800
2017-03-14,32.08672332763672,32.23908583184447,32.052092763771405,32.15828822800166,61236400
2017-03-15,32.42608642578125,32.49303322137834,32.09595999363327,32.18368653915024,102767200
2017-03-16,32.47918701171875,32.55537004533195,32.3799169294025,32.48611242181185,76928000
2017-03-17,32.317569732666016,32.550733291659334,32.29448269718321,32.550733291659334,175540000
2017-03-20,32.65694046020508,32.66617316416422,32.37298461657809,32.412229772933976,86168000
2017-03-21,32.28295135498047,32.96628770549994,32.25755701540671,32.806996259318026,158119600
2017-03-22,32.64769744873047,32.68925341438111,32.26447514618463,32.28525489030374,103440800
2017-03-23,32.53228759765625,32.684653686431716,32.460722668180075,32.61077793820498,81385200
2017-03-24,32.467628479003906,32.721571806994355,32.400681704854115,32.66616502927259,89582400
2017-03-27,32.523040771484375,32.60153107795881,32.00130321325164,32.17906357298683,94300400
2017-03-28,33.1971549987793,33.25255828695497,32.46302972714573,32.529980063810726,133499200
2017-03-29,33.27101135253906,33.35643058537808,33.05631666809547,33.16943400921991,116760000
2017-03-30,33.227142333984375,33.358732103018085,33.12787582548855,33.28716722059789,84829200
2017-03-31,33.16481018066406,33.30563263602179,33.014751502529535,33.178660992242385,78646800
2017-04-03,33.174049377441406,33.27100860006439,33.023994192507935,33.176360194881575,79942800
2017-04-04,33.42107391357422,33.44877554763126,33.05170235406852,33.07017128430263,79565600
2017-04-05,33.247928619384766,33.58036228806485,33.19944724162395,33.29409917945968,110871600
2017-04-06,33.16481018066406,33.36334669932272,33.11632881755306,33.31024722482332,84596000
2017-04-07,33.09095764160156,33.28487618455112,33.0747995243171,33.18099150244167,66688800
2017-04-10,33.05170440673828,33.21561397112792,32.98937220365056,33.15097447258824,75733600
2017-04-11,32.69618606567383,33.093259270548934,32.33373990435652,32.998607321373136,121517600
2017-04-12,32.73543167114258,32.81622928141407,32.55305317900341,32.68926110490339,81400000
2017-04-13,32.56229019165039,32.869329572304196,32.56229019165039,32.7608268015999,71291600
2017-04-17,32.74235153198242,32.753895052233354,32.52072791996312,32.661550412813725,66328400
2017-04-18,32.59691619873047,32.7908346889943,32.57613997247114,32.64539758259062,58790000
2017-04-19,32.47686767578125,32.78159973031379,32.423771704796266,32.75389809720652,69313600
2017-04-20,32.8831787109375,32.99398877144453,32.58768286785988,32.601533685099724,93278400
2017-04-21,32.84392547607422,32.93857387812894,32.746966256655696,32.8831706227969,69283600
2017-04-24,33.16020584106445,33.23177074566537,33.05401037054841,33.12788609309667,68537200
2017-04-25,33.36566925048828,33.45108497600299,33.21330320828219,33.222539435282336,75486000
2017-04-26,33.169437408447266,33.381828342201196,33.10018332416687,33.35181589062088,80164800
2017-04-27,33.19483947753906,33.28025873902497,33.084029394295946,33.2248519361089,56985200
2017-04-28,33.162513732910156,33.31257247606476,33.07479071404166,33.264091091946895,83441600
2017-05-01,33.83892059326172,33.98205038775373,33.4649344734146,33.497254218060796,134411600
2017-05-02,34.053611755371094,34.18750883290929,33.89893845612549,34.0605371626069,181408800
2017-05-03,33.949745178222656,34.049015272372216,33.305657304663285,33.610385952851644,182788000
2017-05-04,33.82737731933594,33.96819981973374,33.66116048206023,33.82507002419722,93487600
2017-05-05,34.38836669921875,34.392981290391695,33.8804798630999,33.8804798630999,109310800
2017-05-08,35.323341369628906,35.48263287122151,34.40453375718078,34.40453375718078,195009600
2017-05-09,35.54957580566406,35.75503784632037,35.42491138577573,35.52187064425062,156521600
2017-05-10,35.381046295166016,35.53803045983033,35.11556287647219,35.466465548143574,103222800
2017-05-11,35.6870231628418,35.714842670163364,35.306856242636485,35.33930938690545,109020400
2017-05-12,36.1854248046875,36.259601924283665,35.853935742783264,35.86088973721014,130108000
2017-05-15,36.09270095825195,36.312919047116495,35.942026354589,36.16456126267978,104038800
2017-05-16,36.03938293457031,36.17614953767241,35.865526004045456,36.14833356066949,80194000
2017-05-17,34.82933807373047,35.8307556815588,34.70416264131606,35.60590043731387,203070800
2017-05-18,35.36018371582031,35.54563183518866,35.03333534048926,35.065788496094065,134272800
2017-05-19,35.4807243347168,35.693988426847056,35.38104805196041,35.55490499482918,107843200
2017-05-22,35.6963005065918,35.8330670876935,35.44594614245283,35.698617325259924,91865600
2017-05-23,35.652259826660156,35.907247854130745,35.5386720320429,35.907247854130745,79675600
2017-05-24,35.545631408691406,35.73803352072875,35.39031962750843,35.66153603976484,76712000
2017-05-25,35.66849136352539,35.779762360234024,35.47377242497843,35.636038207100896,76942400
2017-05-26,35.60821533203125,35.75425627622943,35.53867185683554,35.69862078864725,87710400
2017-05-30,35.62211990356445,35.79829362498792,35.5433056232272,35.56416760264687,80507600
2017-05-31,35.41116714477539,35.73801891977638,35.32308206639466,35.69165779371381,97804800
2017-06-01,35.508544921875,35.54331843723868,35.28600998691513,35.50622810236903,65616400
2017-06-02,36.03473663330078,36.03473663330078,35.441305693340496,35.601254594855675,111082800
2017-06-05,35.6823844909668,35.802926251960564,35.57343743323714,35.77742710131049,101326800
2017-06-06,35.80292510986328,36.118185718240646,35.64761339254073,35.675429360679935,106499600
2017-06-07,36.016170501708984,36.1575741618687,35.80986059135713,35.935039457531495,84278400
2017-06-08,35.92810821533203,36.05560044220187,35.79133810279246,35.98837733234555,85003200
2017-06-09,34.534942626953125,35.97447969049698,33.84878919690239,35.97447969049698,259530800
2017-06-12,33.70970153808594,33.86501331494328,33.03513575511516,33.78388219772866,289229200
2017-06-13,33.98091125488281,34.180267317025965,33.64710542644517,34.113044202442644,136661600
2017-06-14,33.64942932128906,34.1918620809851,33.34343943399701,34.1918620809851,126124800
2017-06-15,33.447757720947266,33.491802047804654,32.965597556215656,33.222905985162065,128661600
2017-06-16,32.9795036315918,33.49643727878537,32.963275285953394,33.32953433255747,201444400
2017-06-19,33.92295837402344,34.015684178746284,33.30171139945538,33.30171139945538,130165600
2017-06-20,33.61463928222656,34.04580438773756,33.598414483101244,34.04580438773756,99600400
2017-06-21,33.81401443481445,33.86037911488633,33.52193605085544,33.73288331894563,85063200
2017-06-22,33.75837707519531,34.006411095665946,33.6401521119135,33.7908302237745,76425200
2017-06-23,33.9090461730957,34.11303938100419,33.637829860105015,33.64246703404675,141757600
2017-06-26,33.80241775512695,34.37266638125484,33.70042114567253,34.11535803908664,102769600
2017-06-27,33.31793975830078,33.881238028549696,33.29244060142321,33.61465529080629,99047600
2017-06-28,33.80474090576172,33.86964720809466,33.185810677504435,33.49411738215002,88329600
2017-06-29,33.30634689331055,33.642473090615525,32.98181540151095,33.545113643075645,125997600
2017-06-30,33.385154724121094,33.603055890739796,33.329519254837514,33.484830960653056,92096400
2017-07-03,33.26462173461914,33.681879021294286,33.171899465192595,33.584519577258064,57111200
2017-07-05,33.40139389038086,33.563659657502356,33.08381635064818,33.308671605490986,86278400
2017-07-06,33.08613204956055,33.264626155915046,33.01195493158579,33.153358710388744,96515200
2017-07-07,33.42224884033203,33.55438178247811,33.12553334657291,33.12553334657291,76806800
2017-07-10,33.62625503540039,33.83256516197805,33.23449676943033,33.40603691736588,84362400
2017-07-11,33.73519515991211,33.80937580737774,33.4686159744794,33.54974707837599,79127200
2017-07-12,33.78388214111328,33.885875242258294,33.570618050690655,33.81401493905517,99538000
2017-07-13,34.25444030761719,34.42134318454011,33.714324544398146,33.72823252795388,100797600
2017-07-14,34.54884719848633,34.616073858148916,34.152455383178136,34.300813153683656,80528400
2017-07-17,34.66938018798828,34.98000363842423,34.439891364919156,34.497843659573356,95174000
2017-07-18,34.7899284362793,34.801519604796255,34.46307658459224,34.58593518919041,71475200
2017-07-19,35.007843017578125,35.10056532680844,34.75980535783652,34.8826640092749,83692000
2017-07-20,34.85020446777344,35.17473956492999,34.81543449245928,35.11910406729863,68974800
2017-07-21,34.833961486816406,34.87336861732486,34.51174691418672,34.76905520866991,105010400
2017-07-24,35.2558708190918,35.337005477968546,34.74820795482175,34.90584009680633,85972800
2017-07-25,35.40652847290039,35.66151639854561,35.18862732055471,35.18862732055471,75415600
2017-07-26,35.57344055175781,35.68238761903824,35.48071475166183,35.54794139887237,63124000
2017-07-27,34.901206970214844,35.696314693216294,34.14550994012845,35.64067918892076,129905200
2017-07-28,34.65548324584961,34.82470300976447,34.58362294352118,34.7458887128319,68854800
2017-07-31,34.476993560791016,34.84788982726566,34.337910113709725,34.74820999658491,79383600
2017-08-01,34.7829704284668,34.82237756717428,34.40280349002849,34.56275240057083,141474400
2017-08-02,36.42649459838867,37.03151670290718,36.199322591170265,36.92256610475473,279747200
2017-08-03,36.06255340576172,36.44272029391617,35.935057657908395,36.40562997869936,108389200
2017-08-04,36.25263977050781,36.48676578348444,36.09037404185433,36.17846266760662,82239600
2017-08-07,36.813621520996094,36.83912067658337,36.31754993358477,36.40795538755274,87481200
2017-08-08,37.108009338378906,37.5136753528677,36.68843534076223,36.7649327850925,144823600
2017-08-09,37.33518600463867,37.38386748882659,36.883158810582536,36.917928772768626,104526000
2017-08-10,36.145992279052734,37.23511776931683,35.98541526550975,37.21184440030399,163217200
2017-08-11,36.648658752441406,36.90232565697976,36.32052701990321,36.44386804688207,105028400
2017-08-14,37.20021438598633,37.283993550032726,36.94422150945071,37.07687333211494,88490800
2017-08-15,37.60747528076172,37.747104860028465,37.267703224278414,37.388718367124,117862000
2017-08-16,37.456207275390625,37.81924917046181,37.270030943015655,37.68660088619419,110686400
2017-08-17,36.73710632324219,37.400358425370186,36.73245093820814,37.35614114509254,111762400
2017-08-18,36.6533317565918,37.11877089000883,36.47181077864065,36.73711094264762,109712400
2017-08-21,36.585838317871094,36.74408589137797,36.09712589188919,36.653325418097694,105474000
2017-08-22,37.183921813964844,37.23512038858057,36.77433676805687,36.82320587499691,86418400
2017-08-23,37.230472564697266,37.34450642241073,36.974483190652286,37.01870047325585,77596400
2017-08-24,37.06523513793945,37.40733308128609,36.89767681666691,37.3351870546406,79275600
2017-08-25,37.20254898071289,37.36545196240876,37.065245292642,37.15367631069479,101920400
2017-08-28,37.57722854614258,37.70056963184427,37.21883842650392,37.26771109773419,103864000
2017-08-29,37.91233825683594,37.961207367983214,37.23512359422168,37.25839696687532,118067600
2017-08-30,38.01472854614258,38.14039550311881,37.84251485226944,38.119451602125686,109078400
2017-08-31,38.16600036621094,38.287015507998596,38.044985224423286,38.0822211989761,107140400
2017-09-01,38.177635192871094,38.38475540858457,38.0798934276935,38.35217482019203,66364400
2017-09-05,37.719181060791016,38.224182004222335,37.36544638829334,38.10782224165241,117874000
2017-09-06,37.67961120605469,37.93094866622109,37.35613127650131,37.86578749703174,86606800
2017-09-07,37.528358459472656,37.75642620622918,37.3189122563899,37.72151613836938,87714000
2017-09-08,36.91630554199219,37.50275628603585,36.89303216520465,37.43526917498196,114446000
2017-09-11,37.58420944213867,37.71220591205249,37.209530803492086,37.35148987902946,126323200
2017-09-12,37.43525314331055,38.156684902545834,36.94887031550586,37.84251220555239,286856000
2017-09-13,37.153663635253906,37.225809657051606,36.748734011902265,37.204862205036804,179629600
2017-09-14,36.83484649658203,37.09549123082952,36.79062921823258,37.00007892341132,95042800
2017-09-15,37.20720291137695,37.46086636945778,36.769689019627606,36.87906749256494,196458400
2017-09-18,36.92561340332031,37.35149063859288,36.769691718988625,37.260730149175366,113077600
2017-09-19,36.9395637512207,37.18159401003139,36.87207666138976,37.12108466981991,83242400
2017-09-20,36.320533752441406,36.830186470137654,35.799240798625455,36.74640730882827,211805600
2017-09-21,35.69684982299805,36.25770476231295,35.54790946058853,36.25770476231295,150046800
2017-09-22,35.34775924682617,35.436193779476454,35.03824193356741,35.266306014014894,186581600
2017-09-25,35.03592300415039,35.33380369340839,34.712443026705316,34.905600646477254,177549200
2017-09-26,35.638671875,35.820192840580866,35.30122923647242,35.3221731438044,146640000
2017-09-27,35.8923225402832,36.00635635792153,35.73174553926787,35.79225487357351,102016800
2017-09-28,35.6712532043457,35.90397275998524,35.53627543595255,35.81321227532656,88022000
2017-09-29,35.86673355102539,35.869063019024054,35.373369273795674,35.65496147322591,105199200
2017-10-02,35.79459762573242,35.943538013202705,35.540934138653476,35.899320725341084,74795200
2017-10-03,35.95051956176758,36.09247864696727,35.81787124829647,35.84114107558,64921200
2017-10-04,35.71778869628906,35.80622324467119,35.48041735750207,35.75269875271151,80655200
2017-10-05,36.16227340698242,36.173910089110954,35.85043021163208,35.880681323946064,85135200
2017-10-06,36.14134979248047,36.18556707877376,35.9691360329747,36.064551908552986,69630400
2017-10-09,36.26700973510742,36.47412996923933,36.185560032391976,36.260028433475185,65051600
2017-10-10,36.280975341796875,36.7696878026188,36.09480254816797,36.318211320930025,62468000
2017-10-11,36.432247161865234,36.53231486634605,36.24607080706663,36.29726939341171,67622400
2017-10-12,36.304256439208984,36.623081144688726,36.24142115493268,36.38570971701232,64500400
2017-10-13,36.53463363647461,36.60212072543048,36.3996559075453,36.47412429704772,65576800
2017-10-16,37.20720291137695,37.23512812114188,36.68823575645519,36.74641564414448,96486000
2017-10-17,37.34450912475586,37.43759553095936,37.05593558389495,37.18393205568885,75989200
2017-10-18,37.179264068603516,37.40035042268511,37.142031649352866,37.33285978269676,65496800
2017-10-19,36.29958724975586,36.55558012463436,36.07617851442355,36.47878226217081,170336800
2017-10-20,36.36241912841797,36.71149835205078,36.294932040963324,36.446198284130546,95896400
2017-10-23,36.343807220458984,36.697541887170274,36.18788556728802,36.51136555990022,87937200
2017-10-24,36.56024169921875,36.63471010659891,36.35079197948656,36.371735886154255,71028800
2017-10-25,36.39966583251953,36.66496597867976,36.1343656863593,36.51602560804627,84828400
2017-10-26,36.63236618041992,36.730107914502696,36.48575180378742,36.59047483666063,68002000
2017-10-27,37.944915771484375,38.07291220866558,36.9325845104359,37.069888165313095,177816800
2017-10-30,38.79899978637695,39.11317256791725,38.10084120608133,38.140403099509236,178803200
2017-10-31,39.338897705078125,39.48085672403074,38.850188947958955,39.07359765092277,144187200
2017-11-01,38.838558197021484,39.548353400209294,38.54067751355543,39.532061330307975,134551200
2017-11-02,39.12248229980469,39.21324277903293,38.4638855706281,38.771077070181164,165573600
2017-11-03,40.14411544799805,40.5537005069561,39.82296138808833,40.49319471276325,237594400
2017-11-06,40.55138397216797,40.723597727661854,39.962603760125596,40.11387005611356,140105200
2017-11-07,40.681705474853516,40.78410264881094,40.40011679748923,40.47225929249961,97446000
2017-11-08,41.014503479003906,41.014503479003906,40.570008191879474,40.646806085808244,97638000
2017-11-09,40.93070602416992,40.981904597285485,40.293053327832816,40.751511018265454,117930400
2017-11-10,40.795249938964844,40.96107636396165,40.70182890986884,40.89801520924075,100582000
2017-11-13,40.63176345825195,40.75554793191091,40.498634742929674,40.521991783303974,67928400
2017-11-14,40.01750564575195,40.51731561124466,39.980135810403205,40.41455034592742,99130000
2017-11-15,39.48966598510742,39.77927683331214,39.32617742716253,39.697530772448054,116632400
2017-11-16,39.96144485473633,40.141280462047675,39.77459928667072,39.98012620413837,94550000
2017-11-17,39.73957443237305,40.02918531900126,39.620462088020936,39.94743924729169,87598000
2017-11-20,39.699867248535156,39.83533022227053,39.60177410833716,39.77226907364915,65049600
2017-11-21,40.43790054321289,40.568691381024394,39.88670803830507,39.88670803830507,100525200
2017-11-22,40.86299133300781,40.872332012259704,40.41689816830858,40.48930001481048,102355600
2017-11-24,40.86530685424805,40.98909128927828,40.790567199401096,40.89567028450248,56106800
2017-11-27,40.659786224365234,40.89100807834741,40.484619125107635,40.88400167947981,82867200
2017-11-28,40.42156219482422,40.84196038887473,40.13895770201275,40.70883524443442,105715200
2017-11-29,39.583099365234375,40.386533173869445,39.041250894810226,40.31880345148558,166665600
2017-11-30,40.13661575317383,40.204345451649964,39.340188625783696,39.804962967086695,166108800
2017-12-01,39.949771881103516,40.094575523647414,39.35420310942091,39.69285874389665,159037200
2017-12-04,39.657833099365234,40.31645955791869,39.61812898340491,40.2837618410229,130169600
2017-12-05,39.62046432495117,40.05955101829121,39.33085342197184,39.485001333095546,109400800
2017-12-06,39.473323822021484,39.75125621208925,38.877758487629464,39.120655316755084,114240000
2017-12-07,39.54573059082031,39.807312348742876,39.44997171022931,39.47799730892554,102693200
2017-12-08,39.557395935058594,39.93809352249656,39.428942929726325,39.81898119319847,93420800
2017-12-11,40.32814407348633,40.37952671678825,39.42194497938085,39.51770386587847,141095200
2017-12-12,40.101593017578125,40.262747342436676,40.04554181852073,40.20669257959501,77636800
2017-12-13,40.23472213745117,40.5313359054632,40.17166097410895,40.28843905833601,95273600
2017-12-14,40.2230339050293,40.43557082231696,40.08990521053588,40.26507229458504,81906000
2017-12-15,40.63176345825195,40.67847397521654,40.279094956817715,40.55235522303376,160677200
2017-12-18,41.20396423339844,41.38613769523844,40.83961730971844,40.84428942929417,117684400
2017-12-19,40.76488494873047,40.963409082730685,40.659785404053046,40.87932873423201,109745600
2017-12-20,40.72050857543945,40.970411756114494,40.46359543289187,40.84195518484071,93902400
2017-12-21,40.87465286254883,41.110546810628996,40.66211951438505,40.67846658865148,83799600
2017-12-22,40.87465286254883,40.97041172139755,40.75554053135045,40.79757891984987,65397600
2017-12-26,39.83768081665039,40.047879960963776,39.629812387476896,39.89139774219099,132742000
2017-12-27,39.84468078613281,39.88671918269649,39.63681595429407,39.727902710632755,85992800
2017-12-28,39.956790924072266,40.13663017703035,39.816655793286984,39.938106002381936,65920800
2017-12-29,39.52470397949219,39.8423404676631,39.52236970108952,39.82599339127674,103999600
2018-01-02,40.23237991333008,40.2417241547698,39.531711484275874,39.74191415126249,102223600
2018-01-03,40.22536849975586,40.767220394628254,40.162310914925996,40.29543604668363,118071600
2018-01-04,40.4122200012207,40.51498527654076,40.19034237338912,40.29777620574446,89738400
2018-01-05,40.872314453125,40.95872906327247,40.41688080483249,40.507967534490994,94640000
2018-01-08,40.72050857543945,41.01478798653484,40.6224118746243,40.72050857543945,82271200
2018-01-09,40.715850830078125,40.886345850079785,40.500979563989205,40.76723347672815,86336000
2018-01-10,40.70648956298828,40.70882740472124,40.40520377343591,40.44257360333201,95839600
2018-01-11,40.93771743774414,40.98676579221811,40.7532096664602,40.776563140765795,74670800
2018-01-12,41.36044692993164,41.42350807179687,41.024125591694585,41.14791003371474,101672400
2018-01-16,41.15024948120117,41.897628282123996,41.13857096354328,41.549628413105026,118263600
2018-01-17,41.82990646362305,41.86493845941443,40.88867549633279,41.14091299359858,137547200
2018-01-18,41.867279052734375,42.063468950109275,41.63138859666378,41.8929703747844,124773600
2018-01-19,41.680419921875,41.94200159305397,41.435185323253215,41.71545190862826,129700400
2018-01-22,41.33942794799805,41.52160141317471,41.24600693747062,41.40949548778517,108434400
2018-01-23,41.34878158569336,41.90931851592628,41.29740250844497,41.40950846897786,130756400
2018-01-24,40.69013977050781,41.40949291091029,40.45191157556955,41.397814394375324,204420400
2018-01-25,39.963783264160156,40.8606378070579,39.82832030240219,40.75787255580819,166116000
2018-01-26,40.057212829589844,40.171656622698116,39.71855713477156,40.171656622698116,156572000
2018-01-29,39.22808837890625,39.74191114188095,39.0202235699117,39.74191114188095,202561600
2018-01-30,38.996864318847656,39.09028533816567,38.466690946570125,38.66054294724928,184192800
2018-01-31,39.10429763793945,39.34019158896355,38.8870921670817,38.973506787042304,129915600
2018-02-01,39.186038970947266,39.38222522360861,38.947810770553936,39.04356961903732,188923200
2018-02-02,37.48576354980469,38.95716806545105,37.39234251164283,38.77032242534317,346375200
2018-02-05,36.549198150634766,38.275177718301975,36.43475436997214,37.158779760529875,290954000
2018-02-06,38.076656341552734,38.237810644644064,35.967644731061384,36.16149675044778,272975200
2018-02-07,37.261531829833984,38.1630583539566,37.15176376153509,38.090656546367235,206434400
2018-02-08,36.236228942871094,37.60253360818496,36.20820335015767,37.436707202469265,217562000
2018-02-09,36.679447174072266,37.02651848559396,35.232531269697944,36.834223524000194,282690400
2018-02-12,38.156856536865234,38.433574681948436,36.937410211584435,37.1695747743934,243278000
2018-02-13,38.539093017578125,38.63524227900985,37.90826512043179,37.978618325828485,130196800
2018-02-14,39.249656677246094,39.28952266255722,38.196716602413595,38.23423521438623,162579600
2018-02-15,40.56760025024414,40.591048937964494,39.63191065718639,39.8171706769248,204588800
2018-02-16,40.436279296875,40.99675777482494,40.28150648157054,40.41986557057159,160704400
2018-02-20,40.300254821777344,40.865417133804456,40.19941438696158,40.34715576848364,135722000
2018-02-21,40.11735916137695,40.83260701599618,40.10328564967908,40.530092713313806,149886400
2018-02-22,40.452693939208984,40.79273036100625,40.267433900844,40.28853879540828,123967600
2018-02-23,41.156219482421875,41.191394307064236,40.69658149665015,40.72706873021606,135249600
2018-02-26,41.9699592590332,42.068452335634156,41.32271750780691,41.35554853334056,152648800
2018-02-27,41.83395767211914,42.324079420161894,41.78002173645258,42.00046022784797,155712400
2018-02-28,41.77062225341797,42.35689307363016,41.75420853117485,42.037961604302204,151128400
2018-03-01,41.038963317871094,42.15991300108843,40.490214610015975,41.869121344243176,195208000
2018-03-02,41.32271194458008,41.34381683422894,40.44095838613417,40.523037728074755,153816000
2018-03-05,41.46577072143555,41.68151798734125,40.92640076751445,41.08821211152215,113605600
2018-03-06,41.43058776855469,41.8011113730967,41.30395484011507,41.72137939673423,95154000
2018-03-07,41.04600143432617,41.23830002337251,40.86777635385295,41.02489653893735,126814000
2018-03-08,41.493919372558594,41.536129169515,41.05538978315525,41.151535513438546,95096400
2018-03-09,42.20680618286133,42.211497351161306,41.59943049643695,41.733101955639185,128740800
2018-03-12,42.61485290527344,42.771973052888505,42.26074662437796,42.27950414137444,128828400
2018-03-13,42.20447540283203,43.03228973656736,42.033285279377445,42.81888624202116,126774000
2018-03-14,41.845664978027344,42.33344271051521,41.69792359212734,42.28654176241912,117473600
2018-03-15,41.89491271972656,42.26778369281401,41.758901034006826,41.85973790071512,90975200
2018-03-16,41.74718475341797,42.005141836440984,41.653379250061725,41.894922606443686,157618800
2018-03-19,41.10932540893555,41.61820823444028,40.72473175573631,41.58303340390642,133787200
2018-03-20,41.095237731933594,41.46107012477809,41.02488452292977,41.095237731933594,78597600
2018-03-21,40.164249420166016,41.06006953035237,40.16190204635174,41.04834339622222,148219600
2018-03-22,39.59672927856445,40.49489295022914,39.5381022015031,39.86641240172156,165963200
2018-03-23,38.679805755615234,39.847656274311774,38.679805755615234,39.488858804240465,164115200
2018-03-26,40.516014099121094,40.59340229446236,39.03157561389641,39.413825421041864,150164800
2018-03-27,39.47713088989258,41.074132023484395,39.144129495106135,40.72940449669083,163690400
2018-03-28,39.04095458984375,39.87111626930547,38.7384403503099,39.22152704663509,166674000
2018-03-29,39.34580993652344,40.27680835477367,39.13944144734554,39.35284490062601,153594000
2018-04-02,39.08785629272461,39.61784753834901,38.56959476044656,39.07847753168714,150347200
2018-04-03,39.48885726928711,39.573280410628975,38.66573432493875,39.31297602301765,121112000
2018-04-04,40.24398422241211,40.3377861453882,38.63994772264869,38.665743788214215,138422000
2018-04-05,40.523048400878906,40.85839366355364,40.35420208259207,40.471456271496045,107732800
2018-04-06,39.48651885986328,40.448000990287476,39.444305494278204,40.09389465436021,140021200
2018-04-09,39.878150939941406,40.59105484435307,39.83124997936275,39.838284944533854,116070800
2018-04-10,40.62857437133789,40.80445564567269,40.22521969593166,40.56994727989296,113634400
2018-04-11,40.43862533569336,40.785696733727676,40.26508784751927,40.389377001781156,89726400
2018-04-12,40.83727264404297,41.03894991245955,40.57931209898253,40.666082597764195,91557200
2018-04-13,40.975643157958984,41.235947570635815,40.76927824238423,40.98736929116872,100497200
2018-04-16,41.23126983642578,41.3180368019554,40.999105225302095,41.04600619103934,86313600
2018-04-17,41.798763275146484,41.96291837967504,41.3696126301064,41.38837372466865,106421600
2018-04-18,41.704959869384766,41.9347806054284,41.47983388010552,41.69792490586436,83018000
2018-04-19,40.523048400878906,41.1304242406062,40.49021737111835,40.74817443971879,139235200
2018-04-20,38.86273193359375,40.15252812029606,38.794722494438965,40.00713405885561,261964400
2018-04-23,38.75016784667969,39.14414022627035,38.480481049834914,39.12303532985958,146062000
2018-04-24,38.21078872680664,39.0057718403514,37.80743410382036,38.85099548025622,134768000
2018-04-25,38.377296447753906,38.79237729841982,38.08650833536919,38.135753093228,113528400
2018-04-26,38.51095962524414,38.86506592809909,38.311626106242954,38.48750736007461,111852000
2018-04-27,38.06541442871094,38.53677513872691,37.66909456415371,38.4593869185783,142623200
2018-04-30,38.75484848022461,39.223865178378034,37.95283035577987,38.02083978086763,169709600
2018-05-01,39.65534973144531,39.678798411365214,38.75718263150106,39.02452191511096,214277600
2018-05-02,41.407142639160156,41.6838607850088,40.75755348322687,41.0928987187872,266157600
2018-05-03,41.482181549072266,41.62523178453475,40.907636811934324,41.24532940570239,136272800
2018-05-04,43.109676361083984,43.20816945228311,41.782358058055685,41.80111915804322,224805200
2018-05-07,43.421573638916016,44.01018839996743,43.325424341797856,43.426261230253004,169805600
2018-05-08,43.630279541015625,43.67014553139931,43.07214851901718,43.38170126079182,113611200
2018-05-09,43.9374885559082,43.946867316294885,43.43564078484701,43.74753734783236,92844800
2018-05-10,44.56597137451172,44.64335957002789,44.00549648424058,44.026604958155126,111957200
2018-05-11,44.39647674560547,44.74253367480774,44.12810643235804,44.60835031424025,104848800
2018-05-14,44.292884826660156,44.61775540501517,44.22461674459871,44.49533983182012,83115200
2018-05-15,43.89034652709961,44.03865768488934,43.57489435565079,43.97038598693953,94780800
2018-05-16,44.29995346069336,44.36587231146577,43.78675557653705,43.80323618725819,76732400
2018-05-17,44.01981735229492,44.471809256839805,43.87150621770076,44.2575828606732,69176000
2018-05-18,43.85972213745117,44.21284104716232,43.81734959249926,44.066886380624,73190800
2018-05-21,44.170494079589844,44.55657083408463,44.00099661741034,44.2575956449467,73603200
2018-05-22,44.059818267822266,44.46472818298463,43.97036034011336,44.347021895835354,60962800
2018-05-23,44.342323303222656,44.37528092786658,43.73024902599362,43.86914520823956,80233600
2018-05-24,44.292884826660156,44.455320115837665,43.83618734256598,44.43884309966214,92936000
2018-05-25,44.39412307739258,44.64601277398445,44.175187419796956,44.311727203564814,69844000
2018-05-29,44.23403549194336,44.43413768126005,43.991560749846364,44.16341457064285,90056400
2018-05-30,44.139869689941406,44.25757600911459,43.97037230296309,44.19166075774655,74762000
2018-05-31,43.99155807495117,44.31171940312337,43.819707856715965,44.073953934274336,109931200
2018-06-01,44.78490447998047,44.789610146728236,44.19872567980173,44.25522600978311,93770000
2018-06-04,45.159210205078125,45.53351546579196,45.0462131360557,45.1144812257264,105064800
2018-06-05,45.50762176513672,45.6559328937866,45.283980451471415,45.451125024403204,86264000
2018-06-06,45.66535186767578,45.68889457314305,45.18040230879515,45.58295958276537,83734400
2018-06-07,45.542930603027344,45.717133656482744,45.27926600539702,45.703009472917365,85388800
2018-06-08,45.12860870361328,45.19923322394816,44.6742639688573,45.003840274270324,106627200
2018-06-11,45.0179557800293,45.19216241765169,44.77783748614501,45.0462077379834,73234000
2018-06-12,45.265140533447266,45.342827132957446,44.99912311016498,45.05562343493012,67644400
2018-06-13,44.893192291259766,45.40639374364206,44.8319862945275,45.29810234253357,86553600
2018-06-14,44.916725158691406,45.09799386793647,44.7801854185429,45.09328461010756,86440400
2018-06-15,44.4553337097168,44.76608020005466,44.318793911730104,44.73547539936942,246876800
2018-06-18,44.43177795410156,44.54477500276227,44.069240517819324,44.229322962857445,73939600
2018-06-19,43.71377944946289,43.86444341520715,43.18645377330186,43.5843017620001,134314000
2018-06-20,43.90445327758789,44.069241391842866,43.723184555851674,43.869142821715926,82514800
2018-06-21,43.659629821777344,44.33997220811124,43.53721424311076,44.08101686710727,102847600
2018-06-22,43.53250503540039,43.82206157732559,43.48071396713906,43.81499948548194,108801600
2018-06-25,42.8851203918457,43.532505154775784,42.546125613973516,43.174676934564935,126652400
2018-06-26,43.41716003417969,43.91152811252894,42.972230200510374,43.07816878309416,98276800
2018-06-27,43.353599548339844,44.08808595262717,43.32299475079041,43.60548924535381,101141200
2018-06-28,43.669063568115234,43.83620819518615,43.26886262580586,43.339487166710654,69460800
2018-06-29,43.57722854614258,44.066887207854,43.0593215205996,43.85501370278321,90950800
2018-07-02,44.064552307128906,44.09280427687215,43.179401750958235,43.273568996580515,70925200
2018-07-03,43.29710006713867,44.245812888772036,43.207642098451544,44.208145997523516,55819200
2018-07-05,43.64550018310547,43.88326923845472,43.38183918687277,43.61254255857638,66416800
2018-07-06,44.250511169433594,44.35879896476578,43.59841719591709,43.65020826050607,69940800
2018-07-09,44.86494445800781,44.88848356836496,44.56361654538464,44.610698358210996,79026400
2018-07-10,44.810791015625,45.02972301512193,44.77076771152323,44.89553969751991,63756400
2018-07-11,44.22932815551758,44.67661073672415,44.16576573663476,44.375282843511165,75326000
2018-07-12,44.97088623046875,45.06034420283532,44.56597611317417,44.61776719274296,72164400
2018-07-13,45.041500091552734,45.16155924279147,44.94027079014177,44.98264693253363,50055600
2018-07-16,44.94264221191406,45.35225803641609,44.82728868858523,45.08624411152222,60172400
2018-07-17,45.06975173950195,45.16862462279862,44.54007326976923,44.66955094745963,62138000
2018-07-18,44.82255172729492,45.152131479356505,44.71190753243055,45.14742222218271,65573600
2018-07-19,45.17097854614258,45.32870458400602,44.65542428942272,44.65542428942272,81147200
2018-07-20,45.06740188598633,45.30045812912671,44.76842679084426,45.147441331264595,82704800
2018-07-23,45.107418060302734,45.18981392473907,44.624821408844134,44.88848242766125,63957600
2018-07-24,45.43464660644531,45.59001983518572,45.211005281986324,45.305168915828304,74791600
2018-07-25,45.863094329833984,45.87015642198545,45.30045464627953,45.44876576568423,66839600
2018-07-26,45.719486236572266,46.131458319101874,45.57823722857466,45.813649847163006,76304000
2018-07-27,44.9591064453125,45.95019527251233,44.751945758003224,45.903113461401674,96096000
2018-07-30,44.70720672607422,45.24629998746247,44.50946100861303,45.175675490623156,84118000
2018-07-31,44.79668045043945,45.23219537594548,44.573039107117175,44.799036876357306,157492000
2018-08-01,47.43564224243164,47.49684822958433,46.449262804191136,46.87771549059434,271742800
2018-08-02,48.82221984863281,49.05527961998562,47.16491669534667,47.21906058852959,249616000
2018-08-03,48.96348190307617,49.14004140332828,48.372593809947276,48.737484162224085,133789600
2018-08-06,49.21772384643555,49.26009639869382,48.74689855230227,48.965830589860516,101701600
2018-08-07,48.75631332397461,49.31894940500595,48.67391746091623,49.27657685288124,102349600
2018-08-08,48.789268493652344,48.921098994216976,48.14659300734389,48.50677405071217,90102000
2018-08-09,49.173004150390625,49.384874135897284,48.7775089607689,49.32602096302181,93970400
2018-08-10,49.02653884887695,49.39743474598381,48.823373747053296,48.98637876656086,98444800
2018-08-13,49.34308624267578,49.83446227625625,49.06668789966988,49.44703165810567,103563600
2018-08-14,49.55097961425781,49.742332045788096,49.198983276632525,49.64783817493935,82992000
2018-08-15,49.666744232177734,49.784863388699996,49.215528189132144,49.42578014355335,115230400
2018-08-16,50.39434051513672,50.51009493981501,49.957298351557796,50.023444767005195,114001600
2018-08-17,51.400726318359375,51.488133330022386,50.35655353456642,50.422699965777916,141708000
2018-08-20,50.89990234375,51.778705445399396,50.81721750232455,51.523571270388054,121150800
2018-08-21,50.80068588256836,51.30860042475476,50.56208648112297,51.216467625710436,104639200
2018-08-22,50.80304718017578,51.11251877669157,50.51719725085432,50.57862151592245,76072400
2018-08-23,50.906982421875,51.27551351969438,50.696730520954475,50.708539549833304,75532800
2018-08-24,51.06525802612305,51.24007201397918,50.817207157054575,51.16920342685341,73905600
2018-08-27,51.48576736450195,51.6747586949245,51.10542361873389,51.29913711900238,82100400
2018-08-28,51.90153884887695,52.09997809862449,51.71727331629577,51.73853389204528,91107200
2018-08-29,52.67640686035156,52.796890681463665,51.83303813611593,52.00785214367495,109019200
2018-08-30,53.16069793701172,53.92374654449071,52.5393901295794,52.740194102199645,195175200
2018-08-31,53.77490997314453,54.06784307418902,53.38984050098003,53.51032070176032,173360400
2018-09-04,53.9473762512207,54.141089775298994,53.53868501730448,53.959188886707125,109560400
2018-09-05,53.59537887573242,54.25684679851635,53.177239704245125,54.0962064940442,133332000
2018-09-06,52.70476150512695,53.70877419122638,52.279531881836945,53.44418486745145,137160000
2018-09-07,52.279537200927734,53.241025220168055,52.14015746721869,52.40946898858465,150479200
2018-09-10,51.57789611816406,52.40945574431646,51.13849284121695,52.19683916241394,158066000
2018-09-11,52.881927490234375,52.98823396930039,51.15974883147001,51.502293532775695,142996000
2018-09-12,52.22520446777344,53.15361928773822,51.934628753608905,53.139445566015176,197114800
2018-09-13,53.48671340942383,53.94501627996278,52.57955921881434,52.80398487884961,166825600
2018-09-14,52.87956619262695,53.58828090480204,52.56773359371882,53.33078209117536,127997200
2018-09-17,51.47159194946289,52.66931802312977,51.32748647029409,52.48032669893483,148780400
2018-09-18,51.556636810302734,52.4094570342222,51.29204751995925,51.450326714380196,126286800
2018-09-19,51.58735275268555,51.88265060670735,50.86210309765727,51.61806488301106,108495200
2018-09-20,51.9794921875,52.51102815109916,51.77160141267435,52.0291037968412,106435200
2018-09-21,51.419620513916016,52.29370135458624,51.33220990655215,52.15668273128186,384986800
2018-09-24,52.159053802490234,52.27008609427585,51.17630519274992,51.221191047477355,110773600
2018-09-25,52.48978805541992,52.638619336797795,51.90155339518817,51.9133660310406,98217600
2018-09-26,52.07164001464844,52.85831390102555,51.91572188840217,52.20865864637607,95938800
2018-09-27,53.14179611206055,53.49379241878552,52.808699298788234,52.87484932822745,120724800
2018-09-28,53.32842254638672,53.35204420798232,52.922092477963226,53.10399333061653,91717600
2018-10-01,53.6875114440918,54.197787005703184,53.47253734395038,53.85051643777683,94403200
2018-10-02,54.16470718383789,54.33479901696342,53.53867724574372,53.685143811325815,99152800
2018-10-03,54.82381820678711,55.15455034988667,54.28283053842638,54.346615881992015,114619200
2018-10-04,53.859962463378906,54.88996142629786,53.56229994728196,54.51906562598968,128168000
2018-10-05,52.98588562011719,53.95918984709933,52.10944356396356,53.852883335249984,134322000
2018-10-08,52.86305236816406,53.10637756085977,52.019679795738675,52.49452114834186,118655600
2018-10-09,53.59537887573242,53.68987635310737,52.50395914620055,52.832330220069366,107564000
2018-10-10,51.11251449584961,53.47253621494058,51.03928120567304,53.262284289555225,167962400
2018-10-11,50.66129684448242,51.854300842204054,50.15811177498409,50.67783525382728,212497600
2018-10-12,52.47088623046875,52.652790721334746,51.22590944484672,52.071642947462294,161351600
2018-10-15,51.3487434387207,52.40472864854832,51.32748286247947,52.24644946201455,123164000
2018-10-16,52.48033905029297,52.678781969991945,51.20701470538468,51.71965140479342,116736000
2018-10-17,52.2535514831543,52.59609630592702,51.8165091751512,52.51577614701406,91541600
2018-10-18,51.03218460083008,51.91099112455737,50.31874412087741,51.466862088668904,130325200
2018-10-19,51.809425354003906,52.270089356808874,51.36529615914031,51.51412745416602,132314800
2018-10-22,52.125980377197266,52.766187767619336,51.722014895673645,51.92281529140717,115168400
2018-10-23,52.617347717285156,52.74019262431789,50.72035473904034,50.98730513181056,155071200
2018-10-24,50.81249237060547,52.97171017320504,50.68256059159632,52.586644215954536,163702000
2018-10-25,51.925167083740234,52.29842394420903,51.20463971399698,51.43143001575748,119423200
2018-10-26,51.09834289550781,52.017309700274836,50.24079674850228,51.003845416593705,189033600
2018-10-29,50.139217376708984,51.89919196573982,48.68634968954274,51.78107281741949,183742000
2018-10-30,50.389625549316406,50.83375106190796,49.43758557487864,49.88171108747019,146640000
2018-10-31,51.703102111816406,52.07872005381638,51.17392714872992,51.235351399048334,153435600
2018-11-01,52.496883392333984,52.52995661523471,51.218833127543526,51.748008298666086,233292800
2018-11-02,49.01470947265625,50.472298994177216,48.5304203553,49.503724364174225,365314800
2018-11-05,47.62327575683594,48.28474368617873,46.8153412419974,48.263483105324866,264654800
2018-11-06,48.138267517089844,48.362693125746915,47.64689154182379,47.70122532809226,127531600
2018-11-07,49.59821701049805,49.62420336069003,48.22331234911946,48.65798983895871,133697600
2018-11-08,49.42517852783203,49.81158807286182,49.01268833706429,49.77839945640611,101450400
2018-11-09,48.47218704223633,48.83726183151383,47.94590781417605,48.728215068099814,137463200
2018-11-12,46.03044509887695,47.376962562228506,45.940360152383896,47.175457903164016,204542000
2018-11-13,45.57053756713867,46.74399658446505,45.38562904888302,45.42830219317391,187531600
2018-11-14,44.283294677734375,46.1039337207125,44.07704775470096,45.9664369777863,243204000
2018-11-15,45.37613296508789,45.50888738331428,44.306978799247624,44.66020321846803,185915200
2018-11-16,45.87871170043945,46.22008232656418,44.913869072574464,45.160412515171664,147713200
2018-11-19,44.060455322265625,45.207837447011414,43.85421201619897,45.041894349182606,167701200
2018-11-20,41.95531463623047,43.01972642135737,41.60683251836902,42.28483132254935,271300800
2018-11-21,41.90790939331055,42.73525883894707,41.85338602993736,42.60724306041743,124496800
2018-11-23,40.84351348876953,41.86525632644665,40.79847463359336,41.471731544933824,94496000
2018-11-26,41.39585876464844,41.474089835387204,40.362265965846845,41.30577746097213,179994000
2018-11-27,41.3057746887207,41.43141753463873,40.50924447872487,40.65859140621429,165549600
2018-11-28,42.89409255981445,42.97706227069224,41.46934451243013,41.896057768030154,184250000
2018-11-29,42.564579010009766,43.335032251064035,42.12601187203321,43.30184364075627,167080000
2018-11-30,42.334632873535156,42.74949235818661,41.96718517795777,42.74000782999921,158126000
2018-12-03,43.813899993896484,43.84234634091446,42.95810408732895,43.7285573355553,163210000
2018-12-04,41.88658142089844,43.237837196394814,41.787015586628954,42.896466554735234,165377200
2018-12-06,41.4195671081543,41.43379028172995,40.40019746688139,40.71786040102842,172393600
2018-12-07,39.94267654418945,41.36505206470577,39.89763407394036,41.12798947795305,169126400
2018-12-10,40.20580291748047,40.32196123166559,38.71941997527431,39.11531393068012,248104000
2018-12-11,39.975852966308594,40.7249677627777,39.58943991025158,40.694152095656555,189126800
2018-12-12,40.08726501464844,40.75577929723743,40.068299583025784,40.395443330979454,142510800
2018-12-13,40.525840759277344,40.909884536388844,40.19395464798327,40.41679401583242,127594400
2018-12-14,39.22911834716797,40.08254516087098,39.18170655024852,40.063579718645556,162814800
2018-12-17,38.86403274536133,39.909479397667184,38.57718548508604,39.221995872633826,177151600
2018-12-18,39.368988037109375,39.71509741023078,38.97072098489433,39.20541426301864,135366000
2018-12-19,38.1409912109375,39.69612086582762,37.714277923367106,39.35238091263852,196189200
2018-12-20,37.17852020263672,38.43021017900651,36.81581479001181,38.024831626332364,259092000
2018-12-21,35.73243713378906,37.493813760545514,35.47167049927005,37.18563172221628,382978400
2018-12-24,34.80788803100586,35.92682334359603,34.7509917276026,35.1208086565069,148676800
2018-12-26,37.25912094116211,37.273344115545655,34.781817991073616,35.15637725808617,234330000
2018-12-27,37.017311096191406,37.16429231852565,35.575974156047664,36.94382229366778,212468400
2018-12-28,37.03628158569336,37.57915685691389,36.6380182335606,37.337352040383294,169165600
2018-12-31,37.394248962402344,37.77828914637844,37.09554782616534,37.58152679042015,140014000
2019-01-02,37.436920166015625,37.657390234429776,36.562158714565115,36.718620877015454,148158800
2019-01-03,33.707916259765625,34.544746565740525,33.66287380759525,34.13225652812852,365248800
2019-01-04,35.14688491821289,35.2156350688356,34.08958819478278,34.26264280679694,234428400
2019-01-07,35.068668365478516,35.282026873927535,34.58743158120101,35.25120757867321,219111200
2019-01-08,35.737178802490234,35.990837462958424,35.2085303378544,35.45507379403959,164101200
2019-01-09,36.34404754638672,36.63326405592934,35.471659372694184,35.86518033295423,180396400
2019-01-10,36.4602165222168,36.50051671678858,35.763252130392665,36.15203452087651,143122800
2019-01-11,36.10225296020508,36.43651201285764,35.917344466671175,36.24212260924212,108092800
2019-01-14,35.559391021728516,35.86046154521988,35.374482477798594,35.760895684433635,129756800
2019-01-15,36.287166595458984,36.363024731160756,35.5712366750947,35.623390725952945,114843600
2019-01-16,36.73047637939453,36.95331578127012,36.27057439974284,36.289539840039474,122278800
2019-01-17,36.94856262207031,37.375275859702455,36.3321986546809,36.55503799084918,119284800
2019-01-18,37.1761360168457,37.42742164097103,36.97700080503993,37.337336750327616,135004000
2019-01-22,36.3416862487793,37.154808983139375,36.18048184882576,37.07895085520432,121576000
2019-01-23,36.48867416381836,36.77789081890716,35.96239491388877,36.54319754779106,92522400
2019-01-24,36.1994514465332,36.621422505300714,35.971873419279106,36.53371051743065,101766000
2019-01-25,37.39898681640625,37.48670242020263,36.58349467789878,36.85848448845611,134142000
2019-01-28,37.05288314819336,37.05999473643503,36.42703806191046,36.93197891350897,104768400
2019-01-29,36.668827056884766,37.4866956045575,36.53370330810849,37.04101693130822,166348800
2019-01-30,39.17458724975586,39.38794210253695,37.98453220972156,38.70046213932008,244439200
2019-01-31,39.45669174194336,40.06357129642498,39.011012986557645,39.37846066569241,162958400
2019-02-01,39.47566223144531,40.058834158429015,39.33579255869984,39.5799703464604,130672400
2019-02-04,40.59695816040039,40.69415466560486,39.655819629284345,39.68663891563872,125982000
2019-02-05,41.291561126708984,41.504919632922416,40.8577397603801,40.978640381799345,144406400
2019-02-06,41.3057746887207,41.62106827364478,40.97625793139639,41.40296757255128,112958400
2019-02-07,40.523475646972656,41.23466334560738,40.381236660330636,40.86958496796045,126966800
2019-02-08,40.57108688354492,40.630606697540095,40.09730785633489,40.23301477598845,95280000
2019-02-11,40.337772369384766,40.76155684785086,40.29491984092061,40.723463289570496,83973600
2019-02-12,40.68535614013672,40.71154499860574,40.40204129837203,40.49727516225957,89134000
2019-02-13,40.516319274902344,41.0639021987999,40.45441998648978,40.80439672497733,89960800
2019-02-14,40.66393280029297,40.773447210619636,40.325860733039946,40.40442731408336,87342800
2019-02-15,40.57345962524414,40.87820073162931,40.4139469861832,40.77106581080337,98507200
2019-02-19,40.694889068603516,40.81631182485076,40.35205796132108,40.40443569287842,75891200
2019-02-20,40.9567756652832,41.26389995148661,40.70917482812812,40.75678995456549,104457600
2019-02-21,40.72583770751953,41.03772095743167,40.54489877740289,40.90201766804449,68998800
2019-02-22,41.18057632446289,41.18771841275426,40.80203111381347,40.84964624668983,75652800
2019-02-25,41.48054504394531,41.87099485294799,41.41388314724736,41.46388138617128,87493600
2019-02-26,41.504356384277344,41.73529354904754,41.22818358043654,41.356748410721536,68280800
2019-02-27,41.632930755615234,41.66388223062613,41.12344114107852,41.23772183367156,111341600
2019-02-28,41.223426818847656,41.642448686195074,41.16866960038352,41.501982779664566,112861600
2019-03-01,41.6567268371582,41.69957935859273,41.1615215591532,41.49245157272372,103544800
2019-03-04,41.866241455078125,42.318590618981844,41.41865126099976,41.8281478996669,109744800
2019-03-05,41.7900390625,41.90193657010098,41.554339361485155,41.88765240024554,78949600
2019-03-06,41.54958724975586,41.78052438799391,41.41150086370007,41.58529768028724,83241600
2019-03-07,41.06866455078125,41.53053880871638,40.954387544867565,41.39483191254346,99185600
2019-03-08,41.16628646850586,41.2043800226722,40.35443530524196,40.549662045743496,95997600
2019-03-11,42.592384338378906,42.64476207379975,41.74720574903715,41.780536704959346,128044000
2019-03-12,43.0709228515625,43.48994107105625,42.70427873080419,42.85426983773272,129870400
2019-03-13,43.26137924194336,43.63992435242317,43.073294612569825,43.389940429970174,124130000
2019-03-14,43.742305755615234,43.8303975608462,43.463753429758704,43.78277879788824,94318000
2019-03-15,44.31131362915039,44.599391151169385,43.74468742331031,44.00895556463961,156171600
2019-03-18,44.76366424560547,44.85175241081099,44.23274487113642,44.235127988769825,104879200
2019-03-19,44.40892028808594,44.99459681614695,44.26369180656518,44.842226248059674,126585600
2019-03-20,44.79698944091797,45.113635257364436,43.98037578107166,44.33749463127132,124140800
2019-03-21,46.44687271118164,46.74209224259424,45.18981475936104,45.239812992435944,204136800
2019-03-22,45.48503494262695,47.06588079152945,45.42075253712384,46.50639318081825,169630800
2019-03-25,44.935089111328125,45.70646373072087,44.42559954645936,45.594566167299995,175381200
2019-03-26,44.47083282470703,45.920738587065536,43.94467958269551,45.630281537534415,199202000
2019-03-27,44.870792388916016,45.17791299458407,44.41368070712132,44.937454282127696,119393600
2019-03-28,44.93032455444336,45.13031028908646,44.64700961396477,44.98508177475717,83121600
2019-03-29,45.2231559753418,45.2541074425039,44.887463337480106,45.19458762583912,94256000
2019-04-01,45.530277252197266,45.6350290710456,44.84937044927723,45.625507499441596,111448000
2019-04-02,46.192134857177734,46.29689030333463,45.48503922841955,45.49456079952432,91062800
2019-04-03,46.5087890625,46.782578782918094,45.98501173731516,46.00882111856958,93087200
2019-04-04,46.5897331237793,46.75162528431652,45.98263025616197,46.37545960019598,76457200
2019-04-05,46.90162658691406,46.92543597231255,46.646879967798476,46.770682232826715,74106400
2019-04-08,47.639652252197266,47.67060007976338,46.74447208110534,46.763518854192455,103526800
2019-04-09,47.49681091308594,48.294377862741904,47.432528497673395,47.692037644042145,143072800
2019-04-10,47.763465881347656,47.792037866383424,47.182551833909685,47.301591478620686,86781200
2019-04-11,47.36586380004883,47.85392696581256,47.24444469615284,47.81821653313754,83603200
2019-04-12,47.34682083129883,47.64918250585792,46.713532766545136,47.42538742230085,111042800
2019-04-15,47.43254089355469,47.58015253910808,47.14208383873285,47.277790791980024,70146400
2019-04-16,47.43730163574219,47.94202860106376,47.273026333647394,47.48729988834569,102785600
2019-04-17,48.361053466796875,48.42057329683712,47.28493392248464,47.50634594648933,115627200
2019-04-18,48.53483963012695,48.60388101928682,48.21581428346865,48.35865966432395,96783200
2019-04-22,48.6943473815918,48.791960743297345,48.17295325708763,48.28961339420896,77758000
2019-04-23,49.39668273925781,49.46096515519979,48.544358571646036,48.67054028599068,93292000
2019-04-24,49.32050323486328,49.63476598723901,49.29431436943186,49.36811836306549,70162400
2019-04-25,48.8729133605957,49.463348946368356,48.834819804661606,49.241936964004154,74172800
2019-04-26,48.63958740234375,48.80624213673832,48.12057279202839,48.78243276062449,74596400
2019-04-29,48.71339416503906,49.0371820815589,48.5348347323877,48.66339592546426,88818800
2019-04-30,47.77536392211914,48.42531927458395,47.403960863567825,48.34437319932044,186139600
2019-05-01,50.120445251464844,51.260843272461415,49.813320981383605,49.968074675183026,259309200
2019-05-02,49.794288635253906,50.62756626044784,49.55145034295779,49.9585639483262,127985200
2019-05-03,50.41328811645508,50.434714380027714,50.05140658953269,50.2085397880018,83569600
2019-05-06,49.634765625,49.720474308259035,48.44913186725117,48.63721289375776,129772400
2019-05-07,48.296756744384766,49.382397541879435,47.81345615806851,49.01575709573647,155054800
2019-05-08,48.3062858581543,48.88719989942972,48.03249613134411,48.06820657125792,105358000
2019-05-09,47.78726577758789,48.01581981569588,46.82066463565413,47.71107867635127,139634400
2019-05-10,47.125247955322266,47.524374640553994,46.07127795478432,47.18260833059418,164834800
2019-05-13,44.386348724365234,45.284972600550695,43.70043119652004,44.86195219842517,229722400
2019-05-14,45.08899688720703,45.33755118133894,44.31225970370801,44.55125576016925,146118800
2019-05-15,45.62912368774414,45.82749083929175,44.45804454613411,44.517793556354825,106178800
2019-05-16,45.42838668823242,45.99958731645048,45.13203016205216,45.38775778208372,132125600
2019-05-17,45.170265197753906,45.624356352136516,44.63491259367641,44.67554149512822,131516400
2019-05-20,43.7578010559082,44.05893851702306,43.086222506583134,43.860571289289304,154449200
2019-05-21,44.59667205810547,44.93126512693006,44.14257729693959,44.26685628541341,113459200
2019-05-22,43.6837158203125,44.383976433179555,43.62874772714694,44.133029747383624,118994400
2019-05-23,42.93804168701172,43.14835578247127,42.4958974279958,42.97150099629786,146118800
2019-05-24,42.77312088012695,43.53073787708317,42.689470808761115,43.067084983480726,94858800
2019-05-28,42.59627151489258,43.16030242542194,42.51979466347363,42.76117939821549,111792800
2019-05-29,42.39312744140625,42.863950028564076,42.063311671553926,42.16368959133705,113924800
2019-05-30,42.61300277709961,42.835267386171125,42.223437990733274,42.5293526884522,84873600
2019-05-31,41.84104919433594,42.53891737233829,41.8219290686219,42.118281900211706,108174400
2019-06-03,41.41801834106445,42.52217898232048,40.6938605637744,41.96771001391318,161584400
2019-06-04,42.933258056640625,42.978667897856404,41.70959922585788,41.92947519408972,123872000
2019-06-05,43.6263542175293,44.21189768368727,43.29176107697479,44.042208818039946,119093600
2019-06-06,44.2668571472168,44.326606171155184,43.5331373827937,43.75540564817583,90105200
2019-06-07,45.445098876953125,45.868122919848474,44.398298624873526,44.575153373485605,122737600
2019-06-10,46.02586364746094,46.692661078886516,45.796425815427575,45.84183565226266,104883600
2019-06-11,46.558837890625,46.843243883403765,46.26965460069102,46.57078842709645,107731600
2019-06-12,46.41065979003906,46.836072616312435,46.21946215370694,46.35329940510195,73012800
2019-06-13,46.40109634399414,47.03204596994404,46.269651392297824,46.53254494248193,86698400
2019-06-14,46.06410598754883,46.26725046842475,45.48095496613412,45.779700067531756,75046000
2019-06-17,46.33896255493164,46.59469018135157,45.92788889248645,46.102355057787285,58676400
2019-06-18,47.42877960205078,47.86853159056381,46.65443450201509,46.85519036892868,106204000
2019-06-19,47.2901496887207,47.77053410797488,47.15631247729543,47.722731978073995,84496800
2019-06-20,47.67015838623047,47.94500241181626,47.32839210507154,47.88764204137815,86056000
2019-06-21,47.507633209228516,48.0023567694625,47.35706453493292,47.51241415119716,191202400
2019-06-24,47.459842681884766,47.83745693129313,47.3618534124554,47.45028079634536,72881600
2019-06-25,46.740478515625,47.622371240341856,46.673556238992205,47.42400399945902,84281200
2019-06-26,47.75142288208008,48.03582883274254,47.16588314960564,47.266261076876305,104270000
2019-06-27,47.73708724975586,48.174450595474106,47.69645834618091,47.86853220087833,83598800
2019-06-28,47.302101135253906,47.67971535866674,47.09417572397105,47.48373683329946,124442400
2019-07-01,48.16966247558594,48.87231156085323,47.95456380737443,48.55683497285938,109012000
2019-07-02,48.45167922973633,48.54727985958251,48.12425573364212,48.13620626822179,67740800
2019-07-03,48.853187561035156,48.86035715139442,48.44211402874797,48.58312083486759,45448000
2019-07-05,48.8101692199707,49.013317350110974,48.492303990598344,48.599855145843684,69062000
2019-07-08,47.804012298583984,48.133824515110454,47.419228340309814,47.9928176578452,101354400
2019-07-09,48.09557342529297,48.16009974250935,47.514811042809626,47.60801937002413,82312000
2019-07-10,48.571170806884766,48.690668843168744,48.17204780331115,48.24135870655863,71588400
2019-07-11,48.217472076416016,48.84842175102384,48.207913835239545,48.59030547775813,80767200
2019-07-12,48.58790588378906,48.755202417628624,48.32500872576195,48.384757748332575,70380800
2019-07-15,49.04439163208008,49.202126287633234,48.75520474444894,48.77671351837103,67789600
2019-07-16,48.87469482421875,49.25947863105366,48.635698761508635,48.89620359463294,67467200
2019-07-17,48.599857330322266,49.01570820127691,48.58073720512569,48.7671538673035,56430000
2019-07-18,49.15193176269531,49.20451118890925,48.683497869186766,48.75519741827764,74162400
2019-07-19,48.41822052001953,49.35269617512712,48.36325243642237,49.18300733429522,83717200
2019-07-22,49.5247802734375,49.5271689219853,48.662004064763416,48.6715623057463,89111600
2019-07-23,49.91194534301758,49.92867682071002,49.54150065350668,49.821129303572306,73420800
2019-07-24,49.87131881713867,49.98603593109381,49.51282464508648,49.63232270243721,59966400
2019-07-25,49.47698211669922,50.00755384131004,49.40767119362579,49.9239037332674,55638400
2019-07-26,49.6490478515625,50.124647725241516,49.50564874230592,49.58690653571559,70475600
2019-07-29,50.11270523071289,50.3421431129715,49.81635237266849,49.821133316221555,86693600
2019-07-30,49.89760971069336,50.2274255237216,49.54628512206538,49.89282876718518,135742800
2019-07-31,50.91572570800781,52.90656358701365,50.49987484291198,51.723533663924655,277125600
2019-08-01,49.8139533996582,52.10831732750633,49.41005306995918,51.1212623066255,216071600
2019-08-02,48.759986877441406,49.335964725004594,48.18878632633897,49.12086968695259,163448400
2019-08-05,46.20750045776367,47.4765690378139,46.02586475285165,47.318834399217735,209572000
2019-08-06,47.082237243652344,47.33796485122246,46.374807099768596,46.917329331748846,143299200
2019-08-07,47.56978225708008,47.69406125048899,46.32222596704192,46.702228891752036,133457600
2019-08-08,48.61897659301758,48.64287766257979,47.653433919438044,47.847020183801895,108038000
2019-08-09,48.21834182739258,48.64296958479051,47.810501798191915,48.29271153651943,98478800
2019-08-12,48.09599304199219,48.472644393502215,47.776920016376316,47.88967528334762,89927600
2019-08-13,50.13277053833008,50.893266254855526,48.09598298618555,48.225533277199396,188874000
2019-08-14,48.64056396484375,49.52581081950047,48.60217842422012,48.73892553994931,146189600
2019-08-15,48.39826583862305,49.213938506270125,47.90166247767573,48.81090128055658,108909600
2019-08-16,49.54020309448242,49.69854069963497,48.902057226913584,49.00761563034861,110481600
2019-08-19,50.46385955810547,51.034829173753415,50.387088442353786,50.52863106879163,97654400
2019-08-20,50.466251373291016,51.183566301926334,50.45665681526969,50.591002591455386,107537200
2019-08-21,51.01321792602539,51.25551979787076,50.76371922258588,51.0971858421528,86141600
2019-08-22,50.97005081176758,51.44506012952433,50.55981299599053,51.1451798626442,89014800
2019-08-23,48.61417770385742,50.87167667544053,48.220735037045706,50.243125301638166,187272000
2019-08-26,49.53782272338867,49.70575494192931,49.19475779205412,49.38668189637819,104174400
2019-08-27,48.97882843017578,50.03200742242358,48.8276876557246,49.86647298576687,103493200
2019-08-28,49.3075065612793,49.353088941865785,48.77732036549846,48.96444533585021,63755200
2019-08-29,50.14236068725586,50.21673404219307,49.57858818046229,50.02001089929177,83962000
2019-08-30,50.07758712768555,50.48782112129382,49.70813273439135,50.418250537454604,84573600
2019-09-03,49.34828186035156,49.65535887288814,48.99322475097742,49.52341086109975,80092000
2019-09-04,50.18555450439453,50.255125103836555,49.736934872570345,49.993630433984336,76752400
2019-09-05,51.16675567626953,51.332290121775586,50.74212431527314,50.859678663980254,95654800
2019-09-06,51.16196823120117,51.44025798097894,50.98204008170396,51.35149459863421,77449200
2019-09-09,51.3802604675293,51.92484379749432,50.63655995666987,51.54099577465678,109237600
2019-09-10,51.98722839355469,52.00642116476611,50.790109031997794,51.30590148845998,127111600
2019-09-11,53.64017105102539,53.66896203989214,52.23433250615887,52.3159027038598,177158400
2019-09-12,53.52021408081055,54.31909531176275,53.465037153213494,53.93045177370637,128906800
2019-09-13,52.479034423828125,52.96843729417026,52.064001256565966,52.778914620535716,159053200
2019-09-16,52.754920959472656,52.81010154946968,52.19354612874398,52.23432939484169,84632400
2019-09-17,52.94684600830078,52.9756369959949,52.56779700604228,52.76931927731361,73274800
2019-09-18,53.443450927734375,53.462643699876494,52.64456963297275,53.03321320207144,101360000
2019-09-19,53.00922393798828,53.68095264649306,52.86767770380978,53.26112037335412,88242400
2019-09-20,52.234317779541016,53.39305500210904,52.17194403243454,53.10996992603427,221652400
2019-09-23,52.471839904785156,52.74053140147138,52.21514068797828,52.52701683843027,76662000
2019-09-24,52.22234344482422,53.37628569847682,52.10479273201134,53.02602396286162,124763200
2019-09-25,53.02601623535156,53.13877148349561,52.092789198613566,52.43105494304572,87613600
2019-09-26,52.75251770019531,53.004417762621344,52.498219914361066,52.77890730027131,75334000
2019-09-27,52.49583053588867,53.00922529663117,52.1263760760949,52.90846232712596,101408000
2019-09-30,53.73134231567383,53.87768401960261,52.968445079581116,52.99483468719606,103909600
2019-10-01,53.880069732666016,54.75092292917973,53.78650726482421,53.99522635512258,139223200
2019-10-02,52.52942657470703,53.6377828354051,52.28232187464526,53.51303162326038,138449200
2019-10-03,52.97563171386719,53.009218145622405,51.61057662923273,52.40225732926954,114426000
2019-10-04,54.46063232421875,54.57578893613265,53.712132650009956,54.13196485508281,138478800
2019-10-07,54.47264099121094,55.161164797015786,54.17995760700077,54.283118305032474,122306000
2019-10-08,53.83448791503906,54.712537951919714,53.81769652866201,54.175155017507095,111820000
2019-10-09,54.46544647216797,54.64777233374476,54.13197980362061,54.46544647216797,74770400
2019-10-10,55.199554443359375,55.28352237449075,54.530223360975704,54.681360512105755,113013600
2019-10-11,56.66776657104492,57.010827782874266,55.73213809572937,55.88567662071718,166795600
2019-10-14,56.58618927001953,57.128374978236515,56.298305029368485,56.35348195750364,96427600
2019-10-15,56.45425033569336,57.01322382343534,56.34869191650956,56.710945890847526,87360000
2019-10-16,56.226341247558594,56.43506037247949,55.94565379747248,55.98643706861519,73903200
2019-10-17,56.444644927978516,56.65336035527154,56.02241496568268,56.39906255635208,67585200
2019-10-18,56.71574783325195,56.99643528339095,56.20714848455597,56.279120470382004,97433600
2019-10-21,57.69934844970703,57.8145050826637,56.93405725098848,56.9820373510636,87247200
2019-10-22,57.567405700683594,58.104788693598735,57.48583550156147,57.85528996983772,82293600
2019-10-23,58.33988952636719,58.35428685033186,57.869679441632414,58.08079626535233,75828800
2019-10-24,58.43585968017578,58.72854306800209,58.011228263305284,58.65896880693914,69275200
2019-10-25,59.15555953979492,59.19154369426081,58.26791501005417,58.33508787215478,73477200
2019-10-28,59.748138427734375,59.79611853294327,59.18916123346468,59.357093432019504,96572800
2019-10-29,58.36627960205078,59.91606203658459,58.19355198019087,59.728937090643406,142839600
2019-10-30,58.359073638916016,58.84848008299027,57.867273132173096,58.71892981105744,124522000
2019-10-31,59.678550720214844,59.77691229315657,56.91965319473829,59.313899074252156,139162000
2019-11-01,61.37228012084961,61.398666062574364,59.77451763685892,59.86567872270404,151125200
2019-11-04,61.77531433105469,61.859282241976885,61.26671873981368,61.73452740702055,103272000
2019-11-05,61.68655776977539,61.940855593414504,61.49223598607557,61.667361337070204,79897600
2019-11-06,61.712947845458984,61.772923889414315,61.26432820808025,61.60019258997119,75864400
2019-11-07,62.4251708984375,62.646548522754635,62.10754500656722,62.259139516017676,94940400
2019-11-08,62.596046447753906,62.668230843713935,61.804389970107614,62.24713806630478,69986400
2019-11-11,63.09172058105469,63.156686525438744,62.14846970255619,62.153279546974815,81821200
2019-11-12,63.03398132324219,63.23370373676255,62.78373717264483,62.93532441370302,87388800
2019-11-13,63.637943267822266,63.71253625362745,62.819821674837314,62.83425855316897,102734400
2019-11-14,63.197593688964844,63.736589975912096,63.067654461478035,63.464683238676635,89182800
2019-11-15,63.9483528137207,63.95316265888821,63.28663561107302,63.44784987184769,100206400
2019-11-18,64.27078247070312,64.35018529631039,63.580191577203664,63.95796632642828,86703200
2019-11-19,64.07587432861328,64.48734000161132,63.859313834576106,64.46327609265741,76167200
2019-11-20,63.32992172241211,64.02532225848331,62.658577746137404,63.89539039980219,106234400
2019-11-21,63.046016693115234,63.527265609899075,62.84629428041554,63.45026402082749,121395200
2019-11-22,62.99066925048828,63.32754201730535,62.764481676352055,63.18557447069228,65325200
2019-11-25,64.09513092041016,64.11197639359949,63.16872535757396,63.214444588644916,84020400
2019-11-26,63.59461975097656,64.28521054996122,63.16390005259661,64.23227289237668,105207600
2019-11-27,64.44883728027344,64.48252822045184,63.84005785272113,63.90502379599888,65235600
2019-11-29,64.30687713623047,64.48734545373158,63.98203269607354,64.15047272971776,46617600
2019-12-02,63.5633544921875,64.54750759444755,63.39251319176383,64.31169299395302,94487200
2019-12-03,62.429996490478516,62.449243209271664,61.66962259086981,62.15568118058269,114430400
2019-12-04,62.98104476928711,63.358826939624116,62.72598342526647,62.81983049086743,67181600
2019-12-05,63.9050407409668,63.97964107924649,63.21926690581925,63.474328245499024,74424400
2019-12-06,65.13941955566406,65.20920267737617,64.31888959281135,64.36220755924087,106075600
2019-12-09,64.22747802734375,65.16109467560312,63.74382055858157,64.96859806309656,128042400
2019-12-10,64.60284423828125,64.98543616897592,63.972402115751365,64.63171799255643,90420400
2019-12-11,65.15386962890625,65.23327979738657,64.60765485527283,64.68224783580021,78756800
2019-12-12,65.31990051269531,65.58458883328302,64.323719270287,64.4344044431603,137310400
2019-12-13,66.20779418945312,66.24388637643624,65.19235905044793,65.31988967330359,133587600
2019-12-16,67.34112548828125,67.56491170942448,66.64813354486837,66.6529433881776,128186000
2019-12-17,67.47350311279297,67.80074884102518,67.08609392860065,67.27137945536563,114158400
2019-12-18,67.31227111816406,67.83202073279126,67.16308515663923,67.32670799551974,116028400
2019-12-19,67.37965393066406,67.6587791659251,67.12219135736983,67.25453186379887,98369200
2019-12-20,67.2400894165039,68.01249175897426,67.02833874913236,67.91143361344899,275978000
2019-12-23,68.33733367919922,68.39748978279006,67.46386588013625,67.50236666762733,98572000
2019-12-24,68.40230560302734,68.55149892131642,68.07746848987897,68.50337109692963,48478800
2019-12-26,69.75940704345703,69.77625251054857,68.50575622073025,68.53462996816003,93121200
2019-12-27,69.73297882080078,70.73638624070169,69.32873141357506,70.05060493073977,146266000
2019-12-30,70.14683532714844,70.4283691578937,68.63090426605163,69.65114955957583,144114400
2019-12-31,70.65935516357422,70.66657360200388,69.66557519453796,69.76423208192604,100805600
2020-01-02,72.27154541015625,72.33170151465225,71.02992253216576,71.28257523373918,135480400
2020-01-03,71.56891632080078,72.32688174170664,71.34513738245916,71.50154177990413,146322800
2020-01-06,72.13919067382812,72.17769145821572,70.44279162661955,70.693043053502,118387200
2020-01-07,71.79991912841797,72.40388138645835,71.58095004051803,72.148820106767,108872000
2020-01-08,72.95491790771484,73.25569843032547,71.50395296037216,71.50395296037216,132079200
2020-01-09,74.50452423095703,74.69702078802769,73.67918441118903,73.92942846672628,170108400
2020-01-10,74.67296600341797,75.2360335553344,74.17247048793807,74.73793929040194,140644800
2020-01-13,76.26830291748047,76.29477541829935,74.87027582985212,74.98818677177965,121532000
2020-01-14,75.23844909667969,76.41510614806313,75.11573562414125,76.20576405751645,161954400
2020-01-15,74.91600799560547,75.91700649010697,74.48528821645434,75.0387288028542,121923600
2020-01-16,75.85444641113281,75.96513894112196,75.09648089083629,75.4574175522418,108829200
2020-01-17,76.69420623779297,76.69660748800922,75.7966747158336,76.10226501476049,137816400
2020-01-21,76.17446899414062,76.76399437532534,76.0373113220916,76.32365494902595,110843200
2020-01-22,76.4463882446289,76.99741293025565,76.35254118737379,76.65813158547017,101832400
2020-01-23,76.81452941894531,76.89393223945343,75.95308995960856,76.499312044199,104472000
2020-01-24,76.59314727783203,77.80107904499712,76.40305195787334,77.05995917143782,146537600
2020-01-27,74.3409194946289,75.01947479638015,73.36157631651781,74.60800908323662,161940000
2020-01-28,76.4439697265625,76.61481100227473,75.12053546591517,75.21919235562906,162234000
2020-01-29,78.04412078857422,78.88871482326161,77.33187458625076,78.07059329235672,216229200
2020-01-30,77.9310302734375,77.9839679399373,76.69903440937786,77.12975418029563,126743200
2020-01-31,74.47566986083984,77.64468949943712,74.18210776179268,77.22359674590982,199588400
2020-02-03,74.27113342285156,75.4333461257712,72.7215115901091,73.22200714636392,173788400
2020-02-04,76.72311401367188,76.91320940179659,75.46705398186654,75.87130133058464,136616400
2020-02-05,77.34872436523438,78.14519062464261,76.74716330264357,77.84681134417079,118826800
2020-02-06,78.25346374511719,78.2558723391088,77.06237729988993,77.61821910965085,105425600
2020-02-07,77.18981170654297,78.00263953374633,76.70018503361815,77.7542084112417,117684000
2020-02-10,77.5564193725586,77.5564193725586,75.6992182164735,75.77880950230002,109348800
2020-02-11,77.0884780883789,78.12320868151228,76.87140364468625,78.05085298718184,94323200
2020-02-12,78.91917419433594,78.92399545470602,77.53712126556233,77.53712126556233,113730400
2020-02-13,78.357177734375,78.68279311833038,77.99056323907321,78.1931665675849,94747600
2020-02-14,78.37648010253906,78.62491117131455,77.86996808406116,78.32582374819955,80113600
2020-02-18,76.94133758544922,77.1222341471705,75.88248617770472,76.06338273942599,152531200
2020-02-19,78.0556869506836,78.28482562119284,77.18256041371585,77.18256041371585,93984000
2020-02-20,77.25491333007812,78.30411519495496,76.75081563386378,77.81690294978998,100566000
2020-02-21,75.50623321533203,77.29108544658935,74.89118775773731,76.84969364795695,129554000
2020-02-24,71.91966247558594,73.36683527541466,69.76096746559567,71.6977667682717,222195200
2020-02-25,69.48359680175781,72.96887474112613,69.0132699904686,72.58778908763885,230673600
2020-02-26,70.58586120605469,71.84731631381621,69.10251036153399,69.10974593206521,198054800
2020-02-27,65.97178649902344,68.98190880585912,65.8367176160919,67.8000523998572,320605600
2020-02-28,65.93317413330078,67.15121537740396,61.835266448657556,62.049933897959434,426510000
2020-03-02,72.07160186767578,72.70594699124193,66.98479141329285,68.08464192447295,341397200
2020-03-03,69.78266906738281,73.32341649193845,68.93365637610123,73.24382523248129,319475600
2020-03-04,73.01951599121094,73.17870588852956,70.70163100181635,71.4999874378904,219178400
2020-03-05,70.65099334716797,72.2501134253378,70.28678576484225,71.27809579631553,187572800
2020-03-06,69.71272277832031,70.14446470818916,67.83140115432955,68.01711900672953,226176800
2020-03-09,64.19901275634766,67.07405914136177,63.43441974354321,63.61531637779285,286744800
2020-03-10,68.82270812988281,69.08802459436366,64.97081653756358,66.84490987612755,285290000
2020-03-11,66.43248748779297,67.82901176054172,65.57141762175021,66.90523605779914,255598800
2020-03-12,59.871952056884766,65.12277860691059,59.81647812782899,61.73157079868094,418474000
2020-03-13,67.04508972167969,67.51542372464635,61.01037941510933,63.89025693596612,370732000
2020-03-16,58.419960021972656,62.4889229945198,57.88691638094368,58.35724684046864,322423600
2020-03-17,60.988685607910156,62.1343603897057,57.50099755431687,59.69828839419459,324056000
2020-03-18,59.49569320678711,60.298874658885616,57.19227545874743,57.83144573834236,300233600
2020-03-19,59.03982925415039,60.98386423258545,58.51643550459872,59.66934960367585,271857200
2020-03-20,55.29165267944336,60.74025764199119,54.99256896191713,59.618696461531016,401693200
2020-03-23,54.117027282714844,55.113165767293296,51.28056983554764,55.01186410993206,336752800
2020-03-24,59.546348571777344,59.741716345644676,56.51210862018161,57.00897078096802,287531200
2020-03-25,59.21831512451172,62.288732546346424,58.92405634525676,60.47976645109919,303602000
2020-03-26,62.334564208984375,62.392448772259634,59.42092219277503,59.45951435519265,252087200
2020-03-27,59.753753662109375,61.714669890807876,59.58732823627648,60.9621413708852,204216800
2020-03-30,61.459022521972656,61.630272940074015,60.154154031335516,60.47735878660068,167976400
2020-03-31,61.333614349365234,63.31141710908116,60.78127816318954,61.649583609090186,197002000
2020-04-01,58.10641098022461,59.99014731742834,57.67708326845724,59.45469299280137,176218400
2020-04-02,59.076011657714844,59.12907496179199,57.13921209995254,57.96892520332119,165934000
2020-04-03,58.22700500488281,59.26173205327884,57.638487411525155,58.56226659383969,129880000
2020-04-06,63.306556701660156,63.46091792953375,60.149309810453026,60.51592416726482,201820400
2020-04-07,62.573333740234375,65.53280661848255,62.46962146344631,65.31572482522255,202887200
2020-04-08,64.17486572265625,64.48841681732436,63.00748079939509,63.371680870128074,168895200
2020-04-09,64.63798522949219,65.13967603448393,63.844457266187234,64.80923934887565,161834800
2020-04-13,65.90666961669922,66.0152105347314,64.11699578858152,64.7151632715521,131022800
2020-04-14,69.2351303100586,69.52456770793576,67.06437190807621,67.5347058394519,194994800
2020-04-15,68.60321807861328,69.06148794812431,67.68667833959124,68.11359162380347,131154400
2020-04-16,69.1483383178711,69.51254587742164,68.10155073366812,69.3147638013278,157125200
2020-04-17,68.21006774902344,69.21103471741856,66.7773662410789,68.66593066550611,215250000
2020-04-20,66.79425048828125,67.93992881208341,66.7749580920623,67.04027454445135,130015200
2020-04-21,64.7296142578125,66.87143078398917,64.02049912791077,66.6374709301005,180991600
2020-04-22,66.59407043457031,67.02821933430408,65.65340957801277,65.99348871174,116862400
2020-04-23,66.33600616455078,67.95684041674475,66.29741399655765,66.5386095259871,124814400
2020-04-24,68.25108337402344,68.2607332539519,66.81114610399659,66.8593881429372,126161200
2020-04-27,68.29933166503906,68.62976831599522,67.5226818754922,67.96888765338052,117087600
2020-04-28,67.19224548339844,68.94091302319053,67.10059736775176,68.76001638114307,112004800
2020-04-29,69.39918518066406,69.86710504839203,68.47299532638776,68.67559866694484,137280800
2020-04-30,70.86320495605469,71.0392802463668,69.54869445396915,69.93701551143772,183064000
2020-05-01,69.72238159179688,72.11745102481503,68.94573182479387,69.04220854800435,240616800
2020-05-04,70.7088623046875,70.8366956047244,69.05908623299008,69.746494769706,133568000
2020-05-05,71.7701416015625,72.5998548168976,71.02243398346705,71.16715277417963,147751200
2020-05-06,72.51060485839844,73.14012158473827,72.0860984199546,72.4695983843977,142333600
2020-05-07,73.26071166992188,73.6056267954184,72.83379832640894,73.1352926720061,115215200
2020-05-08,75.00444793701172,75.05765488198482,73.59205412028582,73.91855094713767,133838400
2020-05-11,76.18466186523438,76.67802725492889,74.3054951964832,74.5134886448119,145946400
2020-05-12,75.31401824951172,77.31652289559408,75.1930940380801,76.86668099114186,162301200
2020-05-13,74.4046630859375,76.41200935037834,73.33085553739997,75.49298094886383,200622400
2020-05-14,74.86174774169922,74.92220983518885,72.92453990449086,73.64525071591287,158929200
2020-05-15,74.41915893554688,74.46511071572239,72.6052961832284,72.6391584973057,166348400
2020-05-18,76.1725845336914,76.54503320734271,75.05041158146969,75.73968112913077,135178400
2020-05-19,75.73240661621094,77.03354472425552,75.70096514534589,76.18949622469526,101729600
2020-05-20,77.20525360107422,77.27538431049794,76.54983924007178,76.58853586283631,111504800
2020-05-21,76.62966918945312,77.6067388197399,76.39265509370519,77.06741421541801,102688800
2020-05-22,77.12303924560547,77.20526681531915,76.26689384939174,76.3684660434856,81803200
2020-05-26,76.60065460205078,78.416931261963,76.54502680706055,78.23796578857532,125522000
2020-05-27,76.93438720703125,77.07949771603786,75.7203109556176,76.45795296780663,112945200
2020-05-28,76.96824645996094,78.22344013486418,76.334604889172,76.61030820274443,133560800
2020-05-29,76.8932876586914,77.66961902448975,76.53777018415474,77.21010850014466,153532400
2020-06-01,77.83890533447266,77.95982952875313,76.71672526884876,76.84732546524727,80791200
2020-06-02,78.19925689697266,78.22344321190015,77.13270462012565,77.57287045767401,87642800
2020-06-03,78.62976837158203,78.89096883567885,77.94775395832036,78.51852014905218,104491200
2020-06-04,77.95255279541016,78.75064930450104,77.58010431354272,78.45318059251036,87560400
2020-06-05,80.17273712158203,80.23319921594221,78.17265369717333,78.20167432156592,137250400
2020-06-08,80.64677429199219,80.68063661442805,79.16182879014318,79.87044290894595,95654400
2020-06-09,83.19342803955078,83.58522126328481,80.29608895604107,80.32753042867137,147712400
2020-06-10,85.33378601074219,85.800551637391,83.70130935970825,84.13905436012791,166651600
2020-06-11,81.23689270019531,84.90331607980656,81.13532048457094,84.48008129323746,201662400
2020-06-12,81.93824005126953,84.11487578630992,80.83057755802524,83.36998591557237,200146000
2020-06-15,82.95158386230469,83.60215667626827,80.43394102615576,80.59598270848474,138808800
2020-06-16,85.14997863769531,85.420855036557,83.36997801465319,85.00003381550317,165428800
2020-06-17,85.0314712524414,85.95291299210936,84.9105470621372,85.89245089695726,114406400
2020-06-18,85.06533813476562,85.48131766696713,84.45829630505166,84.98794487746599,96820400
2020-06-19,84.57923126220703,86.23347359915019,83.47398219153365,85.76912875753186,264476000
2020-06-22,86.79212188720703,86.93481153740888,84.92505220728616,84.97100398725598,135445200
2020-06-23,88.64469909667969,90.05951379803278,87.61442248881565,88.03282290304573,212155600
2020-06-24,87.0799331665039,89.19127232771852,86.70748456883423,88.27466483721669,192623200
2020-06-25,88.2359619140625,88.27465854046778,86.47772685166568,87.23471346059793,137522400
2020-06-26,85.52487182617188,88.35208090527765,85.37734042810096,88.13199792168285,205256800
2020-06-29,87.49590301513672,87.59022742215014,84.95649512979536,85.43293671398446,130646000
2020-06-30,88.22628784179688,88.51167454519887,87.06541854675757,87.08476317006986,140223200
2020-07-01,88.05943298339844,88.84544042266081,88.0110677232057,88.3037022724781,110737200
2020-07-02,88.05943298339844,89.59759291785116,87.94577130066256,88.96395117848485,114041600
2020-07-06,90.41503143310547,90.88179710275243,89.45247208428117,89.48391355913485,118655600
2020-07-07,90.13447570800781,91.56863486785247,90.02322751685155,90.79230361416894,112424400
2020-07-08,92.23370361328125,92.2651450795296,91.02204102383105,91.10911026733615,117092000
2020-07-09,92.63035583496094,93.17692818708905,91.58556900054663,93.12372124513385,125642800
2020-07-10,92.7923812866211,92.85042991453263,91.61700174534108,92.22645698371295,90257200
2020-07-13,92.36431884765625,96.69582436714335,92.15149108508342,94.09353334761987,191649200
2020-07-14,93.892822265625,94.08387721865836,90.8165098218761,91.74762040886819,170989200
2020-07-15,94.53852081298828,96.01137641424255,93.34378934479908,95.76227290297543,153198000
2020-07-16,93.37525177001953,94.22897636244912,92.77788590184623,93.41394840131093,110577600
2020-07-17,93.18661499023438,93.97987752001936,92.71500761457771,93.82509836770011,92186800
2020-07-20,95.15042877197266,95.28828415237645,92.93026189226053,93.27368992018475,90318000
2020-07-21,93.83718872070312,96.01382454154418,93.58808513865422,95.93885212038768,103433200
2020-07-22,94.10079956054688,94.78039302096889,93.4526475751938,93.53970946249737,89001600
2020-07-23,89.81765747070312,93.9121489972856,89.00988472288186,93.83475574009108,197004400
2020-07-24,89.59513854980469,89.93856645763552,86.23828223810673,88.02071079474753,185438800
2020-07-27,91.71858215332031,91.81048572351438,90.43195431248509,90.65445070078177,121214000
2020-07-28,90.21186828613281,91.46706199244389,90.20702659484037,91.29051001469016,103625600
2020-07-29,91.94110107421875,92.12490824489846,90.65688648684609,90.69316227563066,90329200
2020-07-30,93.05358123779297,93.15757426558149,90.71006994116662,91.11637343156816,158130000
2020-07-31,102.79523468017578,102.94517949075968,97.5374460244692,99.53028163979462,374336800
2020-08-03,105.38544464111328,107.99740451645603,104.37452005882113,104.67198887947312,308151200
2020-08-04,106.0892333984375,107.17755133558114,104.85338408077652,105.5740950606223,173071600
2020-08-05,106.47376251220703,106.7930041847868,105.34674803582895,105.8111002305475,121776800
2020-08-06,110.18852996826172,110.68190269913852,106.21738395051588,106.80507370575988,202428800
2020-08-07,107.6833267211914,110.1667423327947,106.88863402123575,109.71124638392962,198045600
2020-08-10,109.24848175048828,110.26365418298434,106.60515752548201,109.12491431547922,212403600
2020-08-11,105.99945831298828,109.01105257691337,105.74021214896973,108.5143723583924,187902400
2020-08-12,109.52228546142578,109.77910643524714,106.89349720537619,107.08732184428196,165598000
2020-08-13,111.4605484008789,112.46118443380263,110.41145251692377,110.8984466622293,210082000
2020-08-14,111.36119842529297,111.45084248513194,109.55617638834046,111.28609084035034,165565200
2020-08-17,111.07044982910156,112.50477691266525,110.44535925101356,112.48054699080019,119561600
2020-08-18,111.99600219726562,112.42000004225257,110.48899241818317,110.82334618754544,105633600
2020-08-19,112.1364974975586,113.54659462972901,112.0420104163777,112.40301184462525,145538000
2020-08-20,114.62477111816406,114.73864510178977,112.16073508691606,112.17769677241944,126907200
2020-08-21,120.53167724609375,121.01382096112869,115.56968878487616,115.58180005044522,338054800
2020-08-24,121.9732666015625,124.81042301409434,120.11252368244841,124.72561457851019,345937600
2020-08-25,120.97261047363281,121.31665761054535,119.25481478724724,120.84905044472852,211495600
2020-08-26,122.61773681640625,123.07323276693351,121.22217601375844,122.28580830184438,163022400
2020-08-27,121.15193939208984,123.55055438295649,120.0107741116813,123.21862581210485,155552400
2020-08-28,120.95565032958984,122.5401850691495,120.73274541599358,122.12345558246099,187630000
2020-08-31,125.05754089355469,126.9570575746163,122.1113683542111,123.64260792240353,225702700
2020-09-01,130.03890991210938,130.6397854362347,126.50156266667052,128.66273593650766,151948100
2020-09-02,127.34469604492188,133.7216242950921,123.0804958061553,133.34366115932812,200119000
2020-09-03,117.14937591552734,124.86371200273943,116.7811062092152,122.99328312594758,257599600
2020-09-04,117.22691345214844,119.88234909092412,107.46769559812107,116.36438135713807,332607200
2020-09-08,109.3381118774414,115.3176895401304,109.20243319485355,110.43323478516716,231366600
2020-09-09,113.6992416381836,115.4630720645518,111.70282021985868,113.641095738678,176940500
2020-09-10,109.98745727539062,116.78111596753853,109.02801283276419,116.6454372541948,182274400
2020-09-11,108.5434341430664,111.6737525060593,106.6051585333688,111.03411800577045,180860300
2020-09-14,111.79975128173828,112.35215960156188,109.3187605672934,111.17950360312706,140150100
2020-09-15,111.97416687011719,115.16263068004423,110.10373087809108,114.67806184681399,184642000
2020-09-16,108.66943359375,112.42000005035005,108.58221472900694,111.67376709645097,154679000
2020-09-17,106.93467712402344,108.7372742902346,105.35498493812258,106.33381633124354,178011000
2020-09-18,103.5427017211914,107.45802017952268,102.81584821171265,106.99283807406057,287104900
2020-09-21,106.68272399902344,106.78932978171474,99.91813679650096,101.31369802886935,195713800
2020-09-22,108.35930633544922,109.37690408898602,105.791096813168,109.20245897106359,183055400
2020-09-23,103.81402587890625,108.65002059588349,103.47482179230717,108.17514522615146,150718700
2020-09-24,104.88008880615234,106.84743726159023,101.75946405865736,101.92421570211286,167743300
2020-09-25,108.8148193359375,108.96988497340462,104.34709232304353,105.08363931313927,149981400
2020-09-28,111.41210174560547,111.76099201133604,109.29938064487523,111.46056160237652,137672400
2020-09-29,110.56893157958984,111.7512809163313,110.06498316084728,111.01474148847176,99382200
2020-09-30,112.23583984375,113.64109400987672,110.11343321080598,110.27818485285505,142675200
2020-10-01,113.18560791015625,114.0869063866764,112.25523648180236,114.00937358582986,116120400
2020-10-02,109.53195190429688,111.80943167027127,108.75664609356778,109.40596665096126,144712000
2020-10-05,112.90457153320312,113.04994370495149,110.04561752920706,110.39450778382883,106243800
2020-10-06,109.66763305664062,112.53627995429564,108.78571414124006,112.12923647353072,161498200
2020-10-07,111.52838134765625,111.98387730301256,110.6076959885073,111.08257884073628,96849000
2020-10-08,111.42176818847656,112.80763546534021,111.053491111729,112.66226332419956,83477200
2020-10-09,113.36003875732422,113.38911170550134,111.37330350063716,111.72219366663035,100506900
2020-10-12,120.56072998046875,121.31665619479716,115.59874235138079,116.3546685657092,240226800
2020-10-13,117.36260223388672,121.5202048546633,115.9573551882952,121.40390564086033,262330500
2020-10-14,117.4498062133789,119.23301612314903,115.92826024261022,117.26566767493782,150712000
2020-10-15,116.984619140625,117.45949457685697,114.50362881948811,115.0560370517392,112559200
2020-10-16,115.34676361083984,117.79868815619513,115.14324558497565,117.53701684155992,115393800
2020-10-19,112.40061950683594,116.70358685493457,112.09049566738797,116.25778429784908,120639300
2020-10-20,113.88337707519531,115.30801072573557,112.06139340503645,112.61380161708941,124423700
2020-10-21,113.26313018798828,115.04634007817563,112.85608671832885,113.06929820388042,89946000
2020-10-22,112.17769622802734,114.39702259575029,111.0534928722476,113.8252274699149,101988000
2020-10-23,111.4896240234375,112.9530243111908,110.75307715494814,112.79795869932553,82572600
2020-10-26,111.49931335449219,112.95302013932815,109.39627858637218,110.49140909640037,111850700
2020-10-27,113.00146484375,113.66047883675716,111.00504336225823,111.92572130525396,92276800
2020-10-28,107.76814270019531,111.86759969572476,107.67123037893059,111.49932991734437,143937800
2020-10-29,111.7609634399414,113.32127578669785,108.73725104125917,108.90201007579887,146129200
2020-10-30,105.5003433227539,108.53374202736012,104.39552680317541,107.63244356202665,190272600
2020-11-02,105.41310119628906,107.26415769654733,104.00785453124645,105.74261184919625,122866900
2020-11-03,107.03160858154297,108.04919909742894,105.37438340372593,106.2756820857601,107624400
2020-11-04,111.40238952636719,112.02263714006965,108.88263267145909,110.61739025769825,138235500
2020-11-05,115.35647583007812,115.92827100011738,113.26314194201399,114.30980518907859,126387100
2020-11-06,115.22541809082031,115.72052575840337,112.74013995422038,114.86621579666993,114457900
2020-11-09,112.92459106445312,118.4290806298261,112.66247568801708,116.98257616030648,154515300
2020-11-10,112.58480072021484,114.1575076747416,110.79850704253381,112.17706242879606,138023400
2020-11-11,116.00208282470703,116.13799562982668,113.04111681980898,113.76922430724672,112295000
2020-11-12,115.73023986816406,117.011708557713,115.10892216454586,116.12827545684921,103162300
2020-11-13,115.7787857055664,116.17681389575209,114.42936059587085,115.95353177622367,81581900
2020-11-16,116.78842163085938,117.45827535475047,114.70117908437909,115.44869936969526,91183000
2020-11-17,115.90498352050781,117.14761890185565,115.48753500270898,116.06031664652185,74271000
2020-11-18,114.58467102050781,116.32242132257835,114.55554791373581,115.14774244040137,76322100
2020-11-19,115.1768798828125,115.58461824175113,113.40029608169101,114.15752657877456,74113000
2020-11-20,113.91482543945312,115.30308383579212,113.8662893904585,115.17688122037637,73604300
2020-11-23,110.52669525146484,114.1866523784184,110.42961575192224,113.75949369240169,127959300
2020-11-24,111.80815887451172,112.46830981108012,109.3034679028236,110.5849439032423,113874200
2020-11-25,112.64307403564453,113.34205836437563,111.80817691040372,112.17708942095175,76499200
2020-11-27,113.18672943115234,114.06045987456068,112.82753448702884,113.1673164909398,46691300
2020-11-30,115.57489776611328,117.43885061280498,113.40027870494941,113.5556118121855,169410200
2020-12-01,119.1377944946289,119.86590193418374,116.50690050184049,117.47771042124693,127728200
2020-12-02,119.48726654052734,119.76880225855713,117.36119080484525,118.45820316266558,89004200
2020-12-03,119.35137176513672,120.16684852789926,118.64267727747634,119.91443587941438,78967600
2020-12-04,118.68148803710938,119.27368255768253,117.9727936839563,119.02126995710454,78260400
2020-12-07,120.1377182006836,120.93378197653361,118.68150343461471,118.73974965511624,86712000
2020-12-08,120.74931335449219,121.3318051265446,119.49696789528441,120.7396105898644,82225500
2020-12-09,118.2251968383789,122.2734712617734,117.46796650383776,120.89492334982977,115089200
2020-12-10,119.64260864257812,120.2542236129108,116.64280964087811,116.98259162067868,81312200
2020-12-11,118.83684539794922,119.17662738728284,117.03113836127132,118.85625833732891,86939800
2020-12-14,118.2251968383789,119.74936767773963,117.99220459852543,119.02126044734395,79184500
2020-12-15,124.14717102050781,124.16659136683006,120.5066337877432,120.71050298397499,157243700
2020-12-16,124.07920837402344,124.62285953660047,122.86569602420569,123.69089034743503,98208600
2020-12-17,124.94325256347656,125.79757016205858,124.30251436454006,125.13741161404901,94359800
2020-12-18,122.96277618408203,125.33155453096758,122.43853798895042,125.19564174778804,192541500
2020-12-21,124.48694610595703,124.56461267355205,119.84647608918172,121.37064729644923,121251600
2020-12-22,128.03042602539062,130.48657411125797,125.86550908536934,127.76830318074434,168904800
2020-12-23,127.13725280761719,128.56432952785477,126.96249934769376,128.30222155804168,88223700
2020-12-24,128.11778259277344,129.56429466422506,127.27318272727676,127.48676208852152,54930100
2020-12-28,132.7000274658203,133.33104806992824,129.6128438187215,130.0788433061159,124486200
2020-12-29,130.93312072753906,134.73869359094937,130.41859268818658,134.02030377703682,121047300
2020-12-30,129.81671142578125,132.02045422329275,129.50604512243837,131.62241857715392,96452100
2020-12-31,128.8167266845703,130.8068893039239,127.87504019853539,130.16615142022158,99116600
2021-01-04,125.63248443603516,129.70988213559124,123.05983729876496,129.62251281946894,143301900
2021-01-05,127.18580627441406,127.89450820387242,124.68111482467101,125.12769391976279,97664900
2021-01-06,122.9045181274414,127.22462614380248,122.69093878823239,123.99182776037331,155088000
2021-01-07,127.09841918945312,127.7877006759222,124.12774352599207,124.61314843344341,109578200
2021-01-08,128.19544982910156,128.75852134682515,126.42856870658443,128.56434751676753,105158200
2021-01-11,125.21502685546875,126.37029273075628,124.74904236248368,125.41890340367594,100384500
2021-01-12,125.04032135009766,125.90434159113998,123.15694772474198,124.74907540981043,91951100
2021-01-13,127.06932830810547,127.61297957219367,124.73939008676004,125.00149813762589,88636800
2021-01-14,125.14707946777344,127.17606814479598,125.00144912767117,126.98190917137308,90221800
2021-01-15,123.42877960205078,126.41887610200494,123.29286679811581,125.02090736816824,111598500
2021-01-19,124.09861755371094,124.95293491139884,123.23459743091543,124.05007410140924,90757300
2021-01-20,128.17601013183594,128.6225891348087,124.79759634893936,124.90438601399495,104319500
2021-01-21,132.87472534179688,135.59299559628155,129.6904705564632,129.89434712123654,120150900
2021-01-22,135.01052856445312,135.76775903778582,131.07874583699044,132.30196087543968,114459400
2021-01-25,138.74815368652344,140.85480946109453,132.55438158085332,138.89378406433565,157611700
2021-01-26,138.98110961914062,140.0878320002914,137.2433520930361,139.40826822473906,98390600
2021-01-27,137.9132080078125,140.08782682258447,136.31137810940206,139.2432124060488,140843800
2021-01-28,133.08831787109375,137.8452949915903,132.7097026247184,135.44739349341899,142621100
2021-01-29,128.1080780029297,132.7485480341253,126.40916071663973,131.86510749004256,177523800
2021-02-01,130.22442626953125,131.42823575703017,127.1081202867018,129.84581103922318,106239800
2021-02-02,131.04966735839844,132.33112905223507,130.68075476146055,131.76805738815673,83305400
2021-02-03,130.03028869628906,131.806872704572,129.70991963118382,131.79715512438477,89880900
2021-02-04,133.37953186035156,133.3892346236449,130.66126198692473,132.3213529395916,84183100
2021-02-05,132.96633911132812,133.60803459447885,132.09131060559002,133.53998407473009,75693800
2021-02-08,133.1121826171875,133.16079860710033,131.1773789685877,132.2565886683768,71297200
2021-02-09,132.2371368408203,134.05527394815869,132.08158644572234,132.83021630146237,76774200
2021-02-10,131.63436889648438,133.18999187171354,130.6718255115653,132.69412944515517,73046600
2021-02-11,131.38153076171875,132.6065733213118,130.05925624408061,132.1301604637131,64280000
2021-02-12,131.61495971679688,131.77052502892408,129.9815684460352,130.62326423191647,60145100
2021-02-16,129.49537658691406,132.23714344471992,129.10646349095452,131.731578673249,80576300
2021-02-17,127.21057891845703,128.55230335262408,125.8785865854489,127.60920934245159,97918500
2021-02-18,126.11193084716797,126.39387989777283,123.87572846648807,125.6160684389903,96856700
2021-02-19,126.2674560546875,127.08416608284661,125.2271451192894,126.62720249840024,87668800
2021-02-22,122.50481414794922,126.12162413344431,122.11590849249929,124.45905227095189,103916400
2021-02-23,122.36872100830078,123.19514104352085,115.10593306236852,120.32697521018065,158273000
2021-02-24,121.87284088134766,122.07701467726875,118.83939315022482,121.4742179705755,111039900
2021-02-25,117.63378143310547,122.95204690459941,117.19626722871075,121.2214246130711,148199500
2021-02-26,117.89630889892578,121.38672049171518,117.83796822554648,119.18940971098537,164560400
2021-03-01,124.24517822265625,124.38129410804099,119.38387540817448,120.31724465842385,116307900
2021-03-02,121.64924621582031,125.1493828138184,121.54229695879663,124.84798440825688,102260900
2021-03-03,118.67411804199219,122.22287046374831,118.46021953832745,121.34783450228308,112966300
2021-03-04,116.79765319824219,120.1713983779594,115.3295451588436,118.37271790565526,178155000
2021-03-05,118.05186462402344,118.55744422295456,114.30866329373481,117.62407506080334,153766600
2021-03-08,113.13223266601562,117.6435208042625,112.98639210708664,117.57546286579684,154376600
2021-03-09,117.73101806640625,118.6741119196786,115.49482341109125,115.72816384952438,129525800
2021-03-10,116.65184020996094,118.78108606530098,116.13653581616963,118.31440509060741,111943300
2021-03-11,118.576904296875,119.79223007158603,117.89632483014077,119.1408172366033,103026500
2021-03-12,117.67269897460938,117.80881486489184,115.85457640393945,117.06017746833828,88105100
2021-03-15,120.55059814453125,120.56032282818381,117.07962785659153,118.04217125866843,92403800
2021-03-16,122.0867691040039,123.6910006545399,121.26034903789751,122.21316031767569,115227900
2021-03-17,121.29924011230469,122.36872533794525,118.9463637145834,120.60893594468433,111932600
2021-03-18,117.18656158447266,119.7630534964986,116.98238776140393,119.47137236768086,121229700
2021-03-19,116.66153717041016,118.0615946863235,116.36013878430732,116.5740372845451,185549500
2021-03-22,119.96722412109375,120.4339124312078,116.92405138540522,116.99210932461362,111912300
2021-03-23,119.14080047607422,120.79364033005854,118.75189479932533,119.90888714776963,95467100
2021-03-24,116.75875854492188,119.49081556265351,116.73931659895885,119.41303294328375,88530500
2021-03-25,117.24488830566406,118.28521414548541,115.6989976953015,116.22401924724316,98844700
2021-03-26,117.84768676757812,118.11020123971099,115.6212094750368,117.01154219770642,94071200
2021-03-29,118.022705078125,119.17969748186921,117.381016985914,118.275494892758,80819200
2021-03-30,116.57402801513672,117.06015823420087,115.56287626935224,116.77820181701264,85671900
2021-03-31,118.76163482666016,120.09362711310527,117.78937421803873,118.27550452234945,118323800
2021-04-01,119.58802795410156,120.73529551085936,119.0921730782952,120.22972337194014,75089100
2021-04-05,122.40760803222656,122.66039785902176,119.65610882120376,120.43392024929994,88651200
2021-04-06,122.7090072631836,123.60348521908364,122.16454371050696,122.99096372232243,80171300
2021-04-07,124.35211944580078,124.37156139198876,121.66867838856395,122.33954050731289,83466700
2021-04-08,126.7438735961914,126.77304022302052,124.95491791825974,125.37298279315496,88844600
2021-04-09,129.31063842773438,129.34952231767917,125.87856026382458,126.19940798905769,106686700
2021-04-12,127.59944915771484,129.16478885922183,127.00636977178947,128.84394117481807,91420000
2021-04-13,130.70095825195312,130.9245888251844,128.2703072556539,128.7661695536294,91266500
2021-04-14,128.3675537109375,131.25516860713591,128.00782207026887,131.19683535032675,87222800
2021-04-15,130.7689971923828,131.25512729346974,129.93285282509277,130.107867375951,89347100
2021-04-16,130.4384765625,130.9343240931431,129.58288254678484,130.57459244358938,84922400
2021-04-19,131.09962463378906,131.71215360069297,129.6412336348906,129.80651616783663,94264200
2021-04-20,129.4176025390625,131.7704712922572,128.15366085563892,131.27462375202614,94812300
2021-04-21,129.7967987060547,130.0398638721709,127.65782821133615,128.6884221419856,68847100
2021-04-22,128.28005981445312,130.42874732999832,127.7647629078915,129.3495375220918,84566500
2021-04-23,130.59405517578125,131.37185181275385,128.4939686507075,128.4939686507075,78657500
2021-04-26,130.98292541503906,131.31349039844014,129.85509976347652,131.08987465502372,66905100
2021-04-27,130.662109375,131.65381940116677,130.38987757731036,131.26490623623846,66015800
2021-04-28,129.8745574951172,131.27461496858584,129.38842725213598,130.5843034959248,107760100
2021-04-29,129.77731323242188,133.26773932174638,128.77588621347985,132.68437715116124,151101000
2021-04-30,127.81336212158203,129.8551001147441,127.43418114888645,128.12447774341382,109839500
2021-05-03,128.8634033203125,130.35097557067442,128.1731066561789,128.37727305832388,75135100
2021-05-04,124.30349731445312,127.84253218435018,123.18539631101322,127.55085108162373,137564700
2021-05-05,124.54656219482422,126.83136521554766,124.42016359645294,125.61603972510449,84000900
2021-05-06,126.14108276367188,126.15080002789722,123.60347484441658,124.34239490228468,78128300
2021-05-07,126.81309509277344,127.83569086092047,126.1021285936208,127.43639821291805,78973300
2021-05-10,123.54073333740234,126.16055151436144,123.50177596650869,126.03395306208488,88071200
2021-05-11,122.625244140625,122.97584556938226,119.56715410715378,120.2781130243474,126142800
2021-05-12,119.5671615600586,121.38837950118456,119.06073063774643,120.18073081693389,112172300
2021-05-13,121.70977020263672,122.85898653118865,121.0182936516952,121.32994515958939,105861300
2021-05-14,124.12509155273438,124.55361524540388,122.56683371169913,122.95640002954782,81918000
2021-05-17,122.97587585449219,123.61866139795352,121.90457404574953,123.5115304740433,74244600
2021-05-18,121.5929183959961,123.6770895961018,121.52474484946401,123.25830711587349,63342900
2021-05-19,121.43708801269531,121.66108360866002,119.65482729355216,119.94700386173781,92612000
2021-05-20,123.98871612548828,124.3880235533931,121.83637181336027,121.96298511018756,76857100
2021-05-21,122.15779113769531,124.66074485833978,121.94352929361253,124.48544038866837,79295400
2021-05-24,123.7842025756836,124.60229244585756,122.65446862112498,122.72264215777629,63092900
2021-05-25,123.58941650390625,124.97237699199731,123.02454584189425,124.48541363170318,72009500
2021-05-26,123.54073333740234,124.06664669892854,123.12195088824402,123.64786424977021,56575900
2021-05-27,122.0116958618164,124.3101288080937,121.81691643126096,123.1414373640431,94625600
2021-05-28,121.35918426513672,122.5181420121491,121.30075191834936,122.29413896553177,71311100
2021-06-01,121.03778839111328,122.07987398745031,120.7066618606694,121.81692100329542,67637100
2021-06-02,121.79741668701172,121.97272112169325,120.81377104330335,121.03776661351102,59278900
2021-06-03,120.31707763671875,121.59289985456873,119.91777018909227,121.4273366140028,76229200
2021-06-04,122.60577392578125,122.86873431142617,120.61899267015994,120.83325448650514,75169300
2021-06-07,122.61551666259766,123.0245579005518,121.57343116760482,122.87846962118002,71057600
2021-06-08,123.43360900878906,125.10874632513031,122.91743682004416,123.29726191856811,74403800
2021-06-09,123.81343078613281,124.41725890545642,123.21934386738059,123.89134552998598,56877900
2021-06-10,122.8200454711914,124.84578425664763,122.65448221103098,123.7063015458541,71186400
2021-06-11,124.02770233154297,124.11535828283353,122.8103122273261,123.22909472039107,53522400
2021-06-14,127.0760269165039,127.13445925571631,123.75499103493249,124.48542499652146,96906500
2021-06-15,126.25791931152344,127.19288113494692,126.01444137279705,126.5500958101379,62746300
2021-06-16,126.7546157836914,127.47531587099556,125.10871731225251,126.96887757016792,91815000
2021-06-17,128.35186767578125,129.0920503743114,126.26769639966578,126.41379212945316,96721700
2021-06-18,127.05655670166016,128.0791523377771,126.842294888582,127.30003468372927,108953300
2021-06-21,128.8485870361328,128.95571797256497,125.83920190461266,126.90076263607253,79663300
2021-06-22,130.48472595214844,130.58212309669915,128.18629303149916,128.68299766370282,74783600
2021-06-23,130.2120361328125,130.815871699919,129.75429628741554,130.2802171084206,60214200
2021-06-24,129.92962646484375,131.12753427569476,129.4621379224508,130.9424885852543,68711000
2021-06-25,129.63742065429688,130.39707078875628,129.3452440962624,129.97829578212327,70783700
2021-06-28,131.2638702392578,131.72161011019884,129.87118308436172,129.929615432019,62111300
2021-06-29,132.77345275878906,132.92928227824171,130.84511075290547,131.28336827323525,64556100
2021-06-30,133.386962890625,133.8252202160753,132.32538776453424,132.61756426840589,63261400
2021-07-01,133.68893432617188,133.74736668153665,132.21831736612697,133.0364149233969,52485800
2021-07-02,136.30873107910156,136.34768102067733,134.1563790042736,134.30245986108,78852600
2021-07-06,138.31497192382812,139.41548226335163,136.4158466947496,136.4158466947496,108181800
2021-07-07,140.79849243164062,141.11013660484417,138.9383165822972,139.79534920414747,104911600
2021-07-08,139.50314331054688,140.3017433261173,137.00018264096806,137.88644602005195,105575500
2021-07-09,141.32435607910156,141.8502619651795,138.92852627188464,139.02592340594762,99890800
2021-07-12,140.7303009033203,142.50282808936566,140.2433448448313,142.3956971620693,76299700
2021-07-13,141.84054565429688,143.61307265954179,139.882987848704,140.2725467114718,100827100
2021-07-14,145.25897216796875,145.66802829472786,143.82732030646622,144.23637643322533,127050800
2021-07-15,144.60641479492188,146.0867648396301,143.25267803516988,145.3465972476331,106820300
2021-07-16,142.57098388671875,145.85306272785598,142.07429409288326,144.58698895603396,93251400
2021-07-19,138.73374938964844,140.31149679803218,137.97409928442224,139.99983785193092,121434600
2021-07-20,142.3372344970703,143.26246279631377,139.23046766424767,139.71742366986297,96350000
2021-07-21,141.60679626464844,142.31776271135624,140.85689473808662,141.7334095777614,74993500
2021-07-22,142.97027587890625,144.33374665171397,142.00609770767423,142.13271101540525,77338200
2021-07-23,144.68435668945312,144.84018616778306,143.0871416883638,143.7007109713398,71447400
2021-07-26,145.10313415527344,145.92121655552194,143.8467795270844,144.4019164234274,72434100
2021-07-27,142.94105529785156,145.3174027377309,141.7528815779119,145.22973937162135,104818600
2021-07-28,141.19775390625,143.13584408542147,138.82140631068384,141.0321906538661,118931200
2021-07-29,141.84054565429688,142.72680915691933,140.80820129331602,140.91533220968486,56699500
2021-07-30,142.0547637939453,142.51250349030116,140.3504182873009,140.61337861218294,70440600
2021-08-02,141.7237091064453,143.11639643503634,141.4607486484721,142.54179179711645,62880000
2021-08-03,143.51565551757812,144.17790846415585,141.39251988736964,142.00608912842299,64786600
2021-08-04,143.11636352539062,143.9344460279435,142.4638442773508,143.42802249439222,56368300
2021-08-05,143.22349548339844,143.98314564998552,142.35671440302508,143.14558074057953,46397700
2021-08-06,142.54071044921875,143.4868214640887,142.04327662115523,142.74554489782116,54126800
2021-08-09,142.49195861816406,143.08693557693016,141.93600483737242,142.59925003312128,48908700
2021-08-10,142.01405334472656,144.0720871817776,141.7214390067462,142.83336158468475,69023100
2021-08-11,142.26763916015625,143.10645895995768,141.94576488875748,142.45296206335397,48493500
2021-08-12,145.22300720214844,145.37907015513477,142.24812227389452,142.58950812317931,72282600
2021-08-13,145.42784118652344,145.75946379823836,144.6182813640554,145.30103817728678,59375000
2021-08-16,147.3980712890625,147.46635440777192,142.8626017681946,144.88161214330344,103296000
2021-08-17,146.490966796875,147.94426000150526,145.41805278817236,146.52997508674613,92229700
2021-08-18,142.75535583496094,147.0079756489524,142.55052129655687,146.1106357649157,86326000
2021-08-19,143.0869598388672,144.35494544436725,140.94114605885855,141.45809163231115,86960300
2021-08-20,144.540283203125,144.84264594132074,143.16500602328074,143.80875468826986,60549600
2021-08-23,146.02281188964844,146.49098584387335,144.24762936861552,144.65728343893502,60131800
2021-08-24,145.9350128173828,147.1444782861979,145.47658722985506,145.76920152361467,48606400
2021-08-25,144.70608520507812,146.61781948232644,144.15987966385998,146.120370599229,58991300
2021-08-26,143.90625,145.44733817166107,143.87699005673284,144.6963131171606,48597200
2021-08-27,144.94017028808594,145.08647001894514,143.2137590490284,143.84774439339665,55802400
2021-08-30,149.34881591796875,149.70971334019745,144.9498976782118,145.33029180641267,90956700
2021-08-31,148.09060668945312,149.03671791602926,147.5638979226051,148.90016654739884,86453100
2021-09-01,148.7538604736328,151.16302859498964,148.58804915099893,149.06598641010868,80313700
2021-09-02,149.86575317382812,150.9094073223183,148.6465393833382,150.08033599159282,71115500
2021-09-03,150.49978637695312,150.8216606743961,149.3195806196622,149.9730775691431,57808700
2021-09-07,152.83091735839844,153.3868712092461,150.58756059759483,151.1532776856572,82278300
2021-09-08,151.28981018066406,153.17226923823645,150.18763608775444,153.11374935418493,74420200
2021-09-09,150.27542114257812,152.26517148741016,150.15836649901337,151.66044621375175,57305700
2021-09-10,145.30105590820312,151.65071737057013,145.03770150418336,151.18254333907822,140893200
2021-09-13,145.86676025390625,147.6906995642944,145.08646034770857,146.92016289482572,102404300
2021-09-14,144.47198486328125,147.34934195867896,143.29179398463287,146.6470734676716,109296300
2021-09-15,145.35958862304688,145.75949444164934,142.7650973043384,144.90116290571922,83281300
2021-09-16,145.12545776367188,145.301032298818,143.59413289330473,144.78408681235823,68034100
2021-09-17,142.46267700195312,145.15471031932145,142.17006274358968,145.15471031932145,129868800
2021-09-20,139.41954040527344,141.272739448902,137.79067253613061,140.25836010441694,123478900
2021-09-21,139.89749145507812,141.03868891632874,139.26350609481372,140.3851770808151,75834000
2021-09-22,142.25791931152344,142.82362160529345,140.160861950327,140.8923904729101,76404300
2021-09-23,143.21376037597656,143.45760318499043,142.05306622379317,143.03818581433492,64838200
2021-09-24,143.30149841308594,143.8379554130243,141.97499332368358,142.0725363720286,53477900
2021-09-27,141.7896728515625,142.3651530337308,140.2778597575895,141.88721590155166,74150700
2021-09-28,138.41490173339844,141.18495179250712,138.20031892345534,139.72189529724798,108972300
2021-09-29,139.31227111816406,140.89236770909372,138.53197117688373,138.9611368887371,74602000
2021-09-30,138.0150146484375,140.82408826037346,137.80043180958225,140.12181985738948,89056700
2021-10-01,139.13671875,139.40007318481307,135.68391067917057,138.4051902289527,94639600
2021-10-04,135.713134765625,138.7075311976416,134.86456666800945,138.26860229461653,98322000
2021-10-05,137.63462829589844,138.73680249578317,135.92772872481194,136.0545317412187,80861100
2021-10-06,138.502685546875,138.6489852474294,134.96208396365105,136.03499804431914,83221100
2021-10-07,139.7609100341797,140.66801284222436,139.2049562794912,139.53657886179528,61732700
2021-10-08,139.38050842285156,140.6289820985626,139.04888585839274,140.48268240335435,58773200
2021-10-11,139.292724609375,141.24346653207863,138.3173536480232,138.7660308387561,64452200
2021-10-12,138.02474975585938,139.72190071402855,137.56632417893402,139.70238912610083,73035900
2021-10-13,137.43954467773438,137.91746698955632,135.77165355544514,137.76141892529833,78762700
2021-10-14,140.21932983398438,140.33638447460456,138.02474508035556,138.6099736345154,69907100
2021-10-15,141.2727508544922,141.3312707409973,139.97550546602724,140.22911148485912,67940300
2021-10-18,142.9406280517578,143.22347910319027,139.63412084083484,139.91697189226727,85589200
2021-10-19,145.09620666503906,145.49611240776287,142.94064476173952,143.38930715549284,76378900
2021-10-20,145.58389282226562,146.0618300447265,144.47197030405582,145.03768735830047,58418800
2021-10-21,145.79844665527344,145.95450958049068,144.22809881735165,145.14494989927837,61421000
2021-10-22,145.0279083251953,146.48120150945985,144.97913680130506,146.0032792710822,58883400
2021-10-25,144.9791717529297,145.69118854784608,143.98428898104416,145.0181800516583,50720600
2021-10-26,145.64242553710938,147.12497895180522,145.34004798248478,145.6521738906202,60893400
2021-10-27,145.1840057373047,146.04232225315448,144.83287151805337,145.68143968000115,56094900
2021-10-28,148.81239318847656,149.39760698679012,146.0325792767904,146.13012235133445,100077900
2021-10-29,146.110595703125,146.2471470636249,142.804088225394,143.59413644564216,124953200
2021-11-01,145.29132080078125,146.01308606451772,144.15988647877995,145.32058075023082,74588300
2021-11-02,146.3251495361328,147.8369774382172,144.98888125575905,144.99864449006242,69122000
2021-11-03,147.75900268554688,148.2271767394299,146.1301344105293,146.68608830895576,54511500
2021-11-04,147.24209594726562,148.6758784354682,146.9299699069843,147.8468215465748,60394600
2021-11-05,147.7694854736328,148.66813471450217,146.57779487265975,148.36533077411934,65463900
2021-11-08,146.94898986816406,148.0527725947036,146.67548855791236,147.8964818732159,55020900
2021-11-09,147.31036376953125,147.91597153908737,146.5777679561521,146.71451857846154,56787900
2021-11-10,144.4874725341797,146.64619541359409,144.41910465453822,146.53874739869644,65187100
2021-11-11,144.43858337402344,145.96238025554524,144.25299005299453,145.50330059918394,41000000
2021-11-12,146.50941467285156,146.90988909643477,144.05765090115398,144.98560270947831,63804000
2021-11-15,146.51919555664062,148.3555742437889,145.9624154592678,146.88060480284193,59222800
2021-11-16,147.49598693847656,147.97462166575806,145.87450429964008,146.46058703081326,59256200
2021-11-17,149.92822265625,151.40317727562876,147.48623592599793,147.49599850722544,88807000
2021-11-18,154.20660400390625,154.98804289425877,149.49846040015208,150.14314860254595,137827700
2021-11-19,156.8243865966797,157.28348128204507,152.89766786630707,153.9916731226482,117305600
2021-11-22,157.2835235595703,161.85491667066682,157.26398348768225,157.92819688479906,117467900
2021-11-23,157.66439819335938,158.04534743857107,155.36892523842945,157.38111945184002,96041900
2021-11-24,158.18214416503906,158.37750013405517,155.9355132595911,157.01975602804134,69463600
2021-11-26,153.17115783691406,156.72668956141257,152.73160325073675,155.86712045424656,76959800
2021-11-29,156.5216064453125,157.44955853817083,155.10524204048522,155.67178482147494,88748200
2021-11-30,161.4641571044922,161.67905311784355,156.20899716750552,156.27737994661885,174048100
2021-12-01,160.94644165039062,166.3481143018466,160.7120055934647,163.59354652559932,152052500
2021-12-02,159.95989990234375,160.38969196905754,154.13821164787007,155.05640108044867,136739200
2021-12-03,158.08444213867188,161.13205157338396,156.01364225594332,160.21386222018816,118023100
2021-12-06,161.48367309570312,163.98426461858526,160.46779847409405,160.47756105335333,107497000
2021-12-07,167.2076873779297,167.59841414884357,164.43359437560147,165.15642772326544,120405400
2021-12-08,171.01719665527344,171.87678065417452,166.73883163036436,168.1356556285786,116998900
2021-12-09,170.50930786132812,172.64849098301357,169.88415974900647,170.85119202317716,108923700
2021-12-10,175.28578186035156,175.46161263264923,170.63624509261138,171.14418244016858,115402700
2021-12-13,171.66188049316406,177.90359710458122,171.4567470785072,176.9170250648393,153237000
2021-12-14,170.28457641601562,173.61544903163167,168.2137769739084,171.18322551173574,139380400
2021-12-15,175.1392822265625,175.33463817394934,168.31148231582245,171.0465102933484,131063300
2021-12-16,168.26263427734375,176.9365751900634,166.78767978084602,175.11973661793166,150185800
2021-12-17,167.1686248779297,169.444558052229,165.75227570894924,165.98669687061619,195432700
2021-12-20,165.81089782714844,166.62163920449956,163.5740445559153,164.375008447403,107499100
2021-12-21,168.9757080078125,169.1808265329912,165.1955026634982,167.57888393978646,91185900
2021-12-22,171.564208984375,171.77910499631244,168.15519034473417,169.02453697313442,92135300
2021-12-23,172.18934631347656,172.74612637491737,171.20278915942293,171.76933180091095,68356600
2021-12-27,176.14537048339844,176.23327841950962,172.96102548062714,172.9805506410723,74919600
2021-12-28,175.1295166015625,177.12218615208815,174.38715798933583,175.9793381325386,79144300
2021-12-29,175.21742248535156,176.43841575185178,174.0061917992903,175.16857977375096,62348900
2021-12-30,174.0647735595703,176.37978661508689,173.95732557045602,175.30530672394408,59773000
2021-12-31,173.4494171142578,175.07088475573076,173.14659828081136,173.95733955389892,64062300
2022-01-03,177.7864227294922,178.63624437198777,173.5862168585795,173.70342746939005,104487900
2022-01-04,175.5299835205078,178.69480333397306,174.96344087400894,178.39199939810527,99310400
2022-01-05,170.86093139648438,175.9891036993743,170.58743006603996,175.44210103848545,94537600
2022-01-06,168.00868225097656,171.23210762394186,167.65703557565845,168.69243553501073,96904000
2022-01-07,168.1747589111328,170.09904585932276,167.06121343542898,168.8780523594411,86709100
2022-01-10,168.19427490234375,168.4970788622131,164.2675561955421,165.1564429133354,106765600
2022-01-11,171.01719665527344,171.1148671703379,166.85605711502512,168.3212489833143,76138300
2022-01-12,171.4567413330078,173.06844633316717,170.76322556870227,172.03304652412405,74805200
2022-01-13,168.19427490234375,172.52146809219963,167.80354809549323,171.70096415486904,84505800
2022-01-14,169.0538330078125,169.74734876331195,167.11976914653764,167.36396777404897,80440800
2022-01-18,165.8597412109375,168.53614912039677,165.47879187832885,167.53005178287384,90956700
2022-01-19,162.37254333496094,167.1100025568735,162.08927949191408,166.05506272277646,94815000
2022-01-20,160.69247436523438,165.74250066133902,160.3701303584997,163.10515822088573,91420500
2022-01-21,158.64122009277344,162.470253269675,158.5337720868401,160.60457194151562,122848900
2022-01-24,157.8695526123047,158.53378075020058,151.11013516388041,156.30669005524535,162294600
2022-01-25,156.07225036621094,158.98309429431202,153.37630245676536,155.29081165334586,115798400
2022-01-26,155.98434448242188,160.57527648713483,154.15774320444362,159.70592982008216,108275300
2022-01-27,155.5252685546875,160.03805574105326,154.60707906202995,158.68031157129744,121954600
2022-01-28,166.37744140625,166.39698147337538,159.0221785798324,161.86465470605705,179935700
2022-01-31,170.7241668701172,170.93906288440527,165.576454917367,166.21138037947398,115541600
2022-02-01,170.55810546875,170.78276405312576,168.31147491088436,169.97202274767105,86213900
2022-02-02,171.7595977783203,171.79867791780276,169.30784814286474,170.6948950003688,84914300
2022-02-03,168.8877716064453,172.15027672857178,168.12587305039293,170.43110878285196,89418100
2022-02-04,168.6042022705078,170.27665611869838,166.9317484223172,167.9097877683782,82465400
2022-02-07,167.8901824951172,170.129885294368,167.19576822143142,169.06382633955357,77251200
2022-02-08,170.9905548095703,171.49913925228722,167.6652133594248,167.95862803498034,74829200
2022-02-09,172.40872192382812,172.77059159545334,171.05902326407136,172.18377712176584,71285000
2022-02-10,168.340087890625,171.62629991772872,167.78261335475796,170.31573108381698,90865900
2022-02-11,164.93655395507812,169.2790510191681,164.3497243806945,168.54552151303656,98670700
2022-02-14,165.1712646484375,165.8558891027738,162.9022065441299,163.69441590726865,86185500
2022-02-15,168.99539184570312,169.15188170406051,166.51117876998032,167.21536820889426,62527400
2022-02-16,168.7606658935547,169.5333102903167,166.31556790878483,168.07604144255788,61177400
2022-02-17,165.1712646484375,168.1347222265384,164.7702649952927,167.27404295611913,69589300
2022-02-18,163.62594604492188,166.7947832093295,162.54032203615824,166.09060878011084,82772700
2022-02-22,160.71141052246094,163.02935867994262,158.58905229899906,161.35690506054718,91162800
2022-02-23,156.55474853515625,162.50121399005073,156.24176881453315,161.90460945584556,90009200
2022-02-24,159.16612243652344,159.27370735740539,148.66197489078866,149.22923948055748,141147500
2022-02-25,161.22976684570312,161.4938266826065,157.3371601146723,160.24193771015948,91974200
2022-02-28,161.4938507080078,161.78726549413435,158.86292250111,159.4790920596061,95056600
2022-03-01,159.61598205566406,162.94132403155473,158.41299811175085,161.08304074169718,83474400
2022-03-02,162.90223693847656,163.68467142814512,159.3715141755355,160.7798932721996,79724800
2022-03-03,162.57943725585938,165.20058983386846,161.91437782369874,164.77025023720336,76678400
2022-03-04,159.58663940429688,161.91437725608384,158.54014531943216,160.87765818976635,83737200
2022-03-07,155.80165100097656,161.39603654297554,155.5473512521712,159.7724878532729,96418800
2022-03-08,153.98245239257812,159.302986589477,152.37846913530916,155.33215089914594,131148300
2022-03-09,159.3714599609375,159.82136448965088,155.9092082958325,157.93374136581392,91454900
2022-03-10,155.0387420654297,156.8676701680238,152.55451471855633,156.681840375499,105342000
2022-03-11,151.3319854736328,155.78206635482195,151.1070406596988,155.43974670100266,96970100
2022-03-14,147.31224060058594,150.73537736075448,146.80367102699051,148.1240148231261,108732100
2022-03-15,151.68405151367188,152.1535209372103,147.07749658833347,147.5860660782992,92964300
2022-03-16,156.0852508544922,156.48625045296393,151.06792059745445,153.60103819497576,102300200
2022-03-17,157.09263610839844,157.4642957434988,154.16830873861088,155.12678288189394,75615400
2022-03-18,160.37884521484375,160.86786475806085,156.25151907619613,156.98504839102176,123511700
2022-03-21,161.74810791015625,162.6968070121453,159.4301451412394,159.9191646814939,95811400
2022-03-22,165.11257934570312,165.6993938917205,161.28844262082922,161.87525716684658,81532000
2022-03-23,166.47206115722656,168.8486892835288,163.9682682338466,164.3008129085659,98062700
2022-03-24,170.24729919433594,170.31575418142768,166.47206709718986,167.30339150441574,90131400
2022-03-25,170.8830108642578,171.43071043053845,168.95627243907444,170.06146151483682,80546200
2022-03-28,171.74368286132812,171.87081780430975,168.22273590773543,168.38900077447545,90371900
2022-03-29,175.02987670898438,175.0787667230212,172.467404224187,172.80972386459516,100589400
2022-03-30,173.86599731445312,175.6655854938626,172.8194884204446,174.62886654102215,92633200
2022-03-31,170.77545166015625,174.12034444944086,170.57005683003788,173.9345145849757,103049300
2022-04-01,170.4819793701172,171.03946877548313,168.16403166582776,170.2081296381206,78751300
2022-04-04,174.5213165283203,174.57022147286082,170.60915974417932,170.73630961524591,76468400
2022-04-05,171.21554565429688,174.38439814013864,170.58960114244232,173.60196376939686,73401800
2022-04-06,168.0564727783203,169.81694627331598,166.3938091700385,168.57483234577828,89058800
2022-04-07,168.35964965820312,169.55285855113002,166.11994669119974,167.4011755212215,77594700
2022-04-08,166.35467529296875,168.00756384278074,165.48422104719532,168.00756384278074,76575500
2022-04-11,162.11001586914062,165.31798361672782,161.8655060412837,165.00501879739264,72246700
2022-04-12,163.97804260253906,166.13950070260202,162.9804385205217,164.33013728303388,79265200
2022-04-13,166.65789794921875,167.28384253130827,163.10762528497952,163.71400490158922,70618900
2022-04-14,161.66006469726562,167.50874884154206,161.41555493977322,166.87301451784703,75329400
2022-04-18,161.44493103027344,162.94132974863555,159.977872292766,160.32017704396847,69023900
2022-04-19,163.72373962402344,164.13452917950872,160.31039271090148,161.3960167105301,67723800
2022-04-20,163.55746459960938,165.1712379709988,162.45229063171516,165.0538631380032,67929800
2022-04-21,162.76527404785156,167.7630547165198,162.266479452362,165.20059691129774,87227800
2022-04-22,158.23695373535156,164.18343379206294,157.95332893712188,162.80440987833427,84882400
2022-04-25,159.30300903320312,159.58663379803306,154.9800781201004,157.58165071304833,96046400
2022-04-26,153.3565216064453,158.7748512209157,153.2782766938566,158.6868312906376,95623200
2022-04-27,153.131591796875,156.28086402556207,151.96772285920957,152.48608239761126,88063200
2022-04-28,160.04629516601562,160.90697422827097,155.43972508795935,155.75270471921226,130216800
2022-04-29,154.18785095214844,162.55008785176082,153.7966412998766,158.28583697775457,131747600
2022-05-02,154.49107360839844,154.7551334388098,149.9040675207667,153.2685246478865,123055300
2022-05-03,155.97769165039062,157.18069064394373,152.88709903691972,154.67689768841237,88966500
2022-05-04,162.3740692138672,162.82395888042848,155.76251479077115,156.1635144371754,108256500
2022-05-05,153.3271942138672,160.47665766238154,151.5471558846843,160.25171284753384,130525300
2022-05-06,154.05201721191406,156.16768941381943,151.01563498071906,152.80807823964273,116124600
2022-05-09,148.93914794921875,152.63177739233632,148.38085428930862,151.75023984870148,131577900
2022-05-10,151.3388671875,153.5231099451531,149.7912929478581,152.32814774676658,115366700
2022-05-11,143.49325561523438,152.25956414663153,142.81741468212965,150.3495886480442,142689800
2022-05-12,139.6341094970703,143.19940187956024,135.95128476595931,139.83980605277625,182602000
2022-05-13,144.09071350097656,145.0604001115948,140.17280954058904,141.62242982115953,113990900
2022-05-16,142.552978515625,144.49235241019304,141.2208901087805,142.56278284412517,86643800
2022-05-17,146.177001953125,146.6961230315545,143.66953086740642,145.80479629477273,78336300
2022-05-18,137.92982482910156,144.33559163369299,137.02869370903522,143.8360642275501,109742900
2022-05-19,134.53106689453125,138.75260707730666,133.7964597180681,137.00914057415054,136095600
2022-05-20,134.76614379882812,137.81231576353846,129.88835589129073,136.23535828446418,137426100
2022-05-23,140.1728515625,140.31976702681078,134.82490447725766,134.96203055915507,117726300
2022-05-24,137.47927856445312,139.05623582746938,134.51146690573626,137.92003986063096,104132700
2022-05-25,137.635986328125,138.87991021944293,135.50072064953915,135.58886991195646,92482700
2022-05-26,140.82908630371094,141.37759058232152,134.3253649583187,134.57023400738558,90601500
2022-05-27,146.5688018798828,146.60797434750936,142.27869181225157,142.4060284868712,90978500
2022-05-31,145.7852325439453,147.56788638378129,143.82628016379354,146.01052282850958,103718400
2022-06-01,145.65789794921875,148.62570934761555,144.649023812494,146.82346195823692,74286600
2022-06-02,148.10662841796875,148.16539460884292,143.8459002321125,144.79599350624025,72348100
2022-06-03,142.39622497558594,144.93306421639832,141.49510885340763,143.8850177275583,88570300
2022-06-06,143.14064025878906,145.52077501341512,141.92608448379778,144.01237341190438,71598400
2022-06-07,145.65789794921875,145.94193944320352,141.1425125135875,141.3873815394989,67808200
2022-06-08,144.9232635498047,146.79405119640674,144.43352559030978,145.5305338369811,53950200
2022-06-09,139.71250915527344,144.91352630119295,139.60476615648915,144.06138663984123,69473000
2022-06-10,134.3155517578125,137.8710395567264,134.24698126233585,137.40089525066517,91437900
2022-06-13,129.1732940673828,132.42514647480579,128.74232225475177,130.1429657001856,122207100
2022-06-14,130.0352325439453,131.14204524198857,128.7815044194442,130.39764883857168,84784300
2022-06-15,132.65045166015625,134.52125474775525,129.4475753177957,131.5338494146611,91533000
2022-06-16,127.39066314697266,129.6728443246095,126.39159330904647,129.36920911544067,108123900
2022-06-17,128.85984802246094,130.3486555868999,127.1457651840292,127.40043848521918,134520300
2022-06-21,133.08145141601562,134.24703070343926,130.58379859510612,130.68173726606173,81000500
2022-06-22,132.57211303710938,134.93263938077834,131.16166488175563,132.0235937967665,73409200
2022-06-23,135.4321746826172,135.74559928638683,132.84635818263115,134.0119372202921,72433800
2022-06-24,138.75257873535156,138.99744774415504,136.901369626622,137.02869134817942,89116800
2022-06-27,138.75257873535156,140.5450216732672,138.07673787975503,139.77122723590202,70207900
2022-06-28,134.6192169189453,140.47648065381134,134.50168455265504,139.21296287932694,67083400
2022-06-29,136.37246704101562,137.7829151592785,133.8650103621575,134.63880492913648,66242400
2022-06-30,133.91397094726562,135.5301005021527,131.02451949836083,134.43309207438057,98964500
2022-07-01,136.07861328125,136.1863562547321,132.87573705664798,133.2479278277153,71051600
2022-07-05,138.65464782714844,138.70362462604172,134.11966825992553,134.94243962271915,73353800
2022-07-06,139.98670959472656,141.16207781793045,138.18447732277275,138.44894003031942,74064300
2022-07-07,143.34637451171875,143.54226679903198,140.33937484449694,140.34916422789436,66253700
2022-07-08,144.02215576171875,144.52169812610057,142.02403114104803,142.2786895406023,64547800
2022-07-11,141.896728515625,143.63040577238007,140.82910292265402,142.68031255423233,63141600
2022-07-12,142.8664093017578,145.40324925342907,142.0730359145698,142.7684556965353,77588800
2022-07-13,142.50399780273438,143.44428658574307,139.20315284375937,140.05530730128564,71185600
2022-07-14,145.4228057861328,145.89295009063997,140.30993976956114,141.12290665908233,78140700
2022-07-15,147.08792114257812,147.7637620290884,145.15835206929646,146.70592606919652,76259900
2022-07-18,144.0515594482422,148.45920196700573,143.6891431225671,147.64623499784832,81420900
2022-07-19,147.90087890625,148.1261542059037,143.89482557447934,144.88409097349603,82982400
2022-07-20,149.89901733398438,150.56506886066487,147.2838179131366,148.01842499581136,64823400
2022-07-21,152.16160583496094,152.3770917552224,148.82158901652633,151.3290452388946,65086600
2022-07-22,150.92747497558594,153.07253011561605,150.2614383736218,152.20079694797485,66675400
2022-07-25,149.81088256835938,151.85798424989775,149.1546353044719,150.849124954379,53623900
2022-07-26,148.48858642578125,149.94799628582763,147.70500253719806,149.13502930916428,55138700
2022-07-27,153.5720977783203,154.10102340248645,149.03713222120385,149.44851051465318,78620700
2022-07-28,154.1205596923828,154.4046011657363,151.24089776552904,153.75814339733685,81378700
2022-07-29,159.17466735839844,160.27169083424704,156.22644946059978,157.93074338059327,101786900
2022-08-01,158.19517517089844,160.23248719622674,157.58790478823227,157.70543713439505,67829400
2022-08-02,156.7259521484375,159.07670355733856,156.35376142488207,156.81411634866453,59907000
2022-08-03,162.7203826904297,163.17093336402678,157.45079605540153,157.53894532472003,82507500
2022-08-04,162.4069366455078,163.75861850349844,161.05525478751719,162.60282888470158,55474100
2022-08-05,162.18136596679688,162.67178435198056,159.876393569881,160.08237587686597,56697000
2022-08-08,161.71055603027344,164.59421857415984,161.05339717997808,163.18181120847004,60276900
2022-08-09,161.75958251953125,162.6423445061743,160.1215870695177,160.8768354992681,63135500
2022-08-10,165.99681091308594,166.09488560468589,163.70164162721542,164.46669306704544,70170500
2022-08-11,165.2611846923828,167.71327649760102,164.9669306824805,166.8010905635419,57149200
2022-08-12,168.80203247070312,168.8706832695546,166.1537609304427,166.5657255890837,68039400
2022-08-15,169.87110900878906,170.06727335382837,168.0663730882192,168.2331135298216,54091700
2022-08-16,169.71417236328125,170.38114909928223,168.3704308785935,169.46896318920653,56377100
2022-08-17,171.20501708984375,172.77434653771422,169.26296497615442,169.45912928634104,79542000
2022-08-18,170.81271362304688,171.54834118381174,169.8024529702403,170.4203849105247,62290100
2022-08-19,168.23312377929688,170.4105825645676,168.02714147630917,169.71418188591318,70346300
2022-08-22,164.35879516601562,166.6049043800519,163.9370276482697,166.43816395511286,69026800
2022-08-23,164.02532958984375,165.47697879172844,163.45644246473458,163.87821006023856,54147100
2022-08-24,164.319580078125,164.88846719098774,163.06411023124903,164.11361274111158,53841500
2022-08-25,166.7716827392578,166.8795753877456,165.12388407113372,165.54563671843377,51218200
2022-08-26,160.4844970703125,167.77212157949262,160.42564926256463,167.30132415112922,78961000
2022-08-29,158.2874298095703,159.7782908024648,156.7573269679059,158.06182659509352,73314000
2022-08-30,155.86474609375,159.44479366035216,154.69754815714236,159.02304111055471,77906200
2022-08-31,154.20718383789062,157.50279653215944,154.1287150872671,157.23796636960301,87991100
2022-09-01,154.93295288085938,155.38412932683354,151.70599214901193,153.6382414104045,74229900
2022-09-02,152.82412719726562,157.2869361057138,152.00022815870258,156.68862526348613,76957800
2022-09-06,151.5686798095703,154.07961913097643,150.74478065092995,153.47150522336744,73714800
2022-09-07,152.97129821777344,153.6676838931478,150.66632598771957,151.85314497915547,87449600
2022-09-08,151.5000457763672,153.36362955067995,149.75414265238146,151.67658920142858,84923800
2022-09-09,154.35427856445312,154.79566708651402,151.7844910019974,152.49069467763707,68028800
2022-09-12,160.2981414794922,161.11223777090294,156.24729591423596,156.53173198406338,104956000
2022-09-13,150.8919219970703,157.46352522744408,150.43092752735453,156.83579030622826,122656600
2022-09-14,152.33372497558594,154.0894308134101,150.66630580332588,151.82368576965968,87965400
2022-09-15,149.4500732421875,152.26508456095567,148.47905455230304,151.6863795720259,90481100
2022-09-16,147.81207275390625,148.44962552428208,145.5267216779744,148.31230899881908,162278800
2022-09-19,151.5196533203125,151.5981220543988,146.24276190884032,146.44872924023372,81474200
2022-09-20,153.89324951171875,155.05064442927653,150.1464616536784,150.46032156880005,107689800
2022-09-21,150.77420043945312,155.69800426701255,150.65650483896582,154.3248240736869,101696800
2022-09-22,149.81300354003906,151.50984684718208,148.0180705759549,149.4599017279835,86652500
2022-09-23,147.54725646972656,148.5673350111051,145.7130966439831,148.29270193451399,96029900
2022-09-26,147.8807830810547,150.82329377065741,146.77243259872833,146.79205352724634,93339400
2022-09-27,148.8517608642578,151.75504386028683,147.0764489671257,149.81299153282302,84442700
2022-09-28,146.9685821533203,147.7532545846386,142.0643981655583,144.81074419198137,146691400
2022-09-29,139.74961853027344,143.9083718149734,137.98410935439225,143.30025780798485,128138200
2022-09-30,135.55162048339844,140.35772899315157,135.35545614892226,138.5725991267457,124925300
2022-10-03,139.7201690673828,140.32829792951577,135.05139229305564,135.5614315097669,114311700
2022-10-04,143.30026245117188,143.41795807791704,141.4955113649154,142.25075989142124,87830100
2022-10-05,143.59446716308594,144.55569777280346,140.2694318056122,141.30913113651346,79471000
2022-10-06,142.64308166503906,144.7126478104947,142.43711432828448,143.0158044200555,68402200
2022-10-07,137.40541076660156,140.3577388347644,136.7776758724346,139.80845770678545,85925600
2022-10-10,137.7290802001953,139.17091126885134,135.91454138275128,137.7290802001953,74899000
2022-10-11,136.3166961669922,138.64128959242282,135.57126557653487,137.2190642395612,77033700
2022-10-12,135.68894958496094,137.67024396939837,135.51240615749046,136.46381898254117,70433700
2022-10-13,140.24981689453125,140.83830981626429,131.79499606499104,132.40312487373902,113224000
2022-10-14,135.7281951904297,141.75053227831364,135.5418338120233,141.5445499741852,88598000
2022-10-17,139.6809539794922,140.16155437004147,137.5819641011487,138.36663643162046,85250900
2022-10-18,140.99525451660156,143.8887193551449,137.91542833833753,142.70191550699425,99136600
2022-10-19,141.10317993164062,142.1722884311379,138.78840452952474,138.97476591255997,61758300
2022-10-20,140.64215087890625,143.09424222902763,139.9163264513743,140.2792461483292,64522000
2022-10-21,144.4478302001953,145.0167173026428,139.9163543059083,140.1321395849877,86548600
2022-10-24,146.58604431152344,147.3510957532076,143.2021606323234,144.3693587197694,75981900
2022-10-25,149.42066955566406,149.5678040506047,146.49778017936205,147.2137868289863,74732300
2022-10-26,146.4879608154297,149.07736899312695,145.20305222207165,148.06710843299678,88194300
2022-10-27,142.02516174316406,146.1937178528811,141.36800292889203,145.23250204640354,109180200
2022-10-28,152.7554931640625,154.48176014348397,144.98726930709842,145.35997702745019,164762400
2022-10-31,150.40145874023438,151.284220531453,149.0086727671134,150.2249153618166,97943200
2022-11-01,147.76307678222656,152.47109701606183,146.27221543184598,152.1081921430116,80379300
2022-11-02,142.25074768066406,149.25392123210702,142.2213237765035,146.0956258102425,93604600
2022-11-03,136.21859741210938,140.06347524662803,136.0910838596121,139.3376507448135,97918500
2022-11-04,135.95333862304688,140.16810151754257,132.0234836201314,139.59827074317496,140814800
2022-11-07,136.48387145996094,136.70983394000362,133.29086405936027,134.70561435237354,83374600
2022-11-08,137.0537109375,138.94985902565782,135.07896394018204,137.9477566640864,89908500
2022-11-09,132.5048828125,136.12035725287217,132.2297941583769,136.07123106652006,74917800
2022-11-10,144.29443359375,144.29443359375,137.05368118428237,138.7631733571785,118854000
2022-11-11,147.0747833251953,147.3793446123761,141.8382510579549,143.2628351295347,93979700
2022-11-14,145.67970275878906,147.644629976999,144.84460269456784,146.3576050476643,73374100
2022-11-15,147.4088592529297,150.89660867721872,145.95481705312972,149.5506380930854,89868300
2022-11-16,146.1807861328125,147.2418488642614,144.70709039322372,146.51483522710427,64218300
2022-11-17,148.07693481445312,148.82360185357618,143.58706836561342,143.86215701114332,80389400
2022-11-18,148.63693237304688,150.02220984195606,147.34008803390304,149.63904958366277,74829600
2022-11-21,145.41445922851562,147.73307435769456,145.12955132737417,147.52676535819396,58724100
2022-11-22,147.54641723632812,147.78221396265934,144.35340964940343,145.53237828985053,51804100
2022-11-23,148.42080688476562,149.16747394284351,146.72113379241404,146.82920540527334,58301400
2022-11-25,145.51272583007812,146.26922721502757,144.54008119228595,145.70921560778717,35195900
2022-11-28,141.69091796875,144.06847835661756,140.86565204725017,142.59478278627932,69246000
2022-11-29,138.6944122314453,142.27057984792378,137.8887997144492,141.7596944766532,83763800
2022-11-30,145.43411254882812,146.11201495746124,138.0852876520207,138.92037287256267,111380900
2022-12-01,145.70921325683594,146.51484082101652,144.0390276864429,145.61097586517099,71250400
2022-12-02,145.21798706054688,145.40465760065473,143.09586143280922,143.40043783526434,65447400
2022-12-05,144.05865478515625,148.2734173934748,143.21373541725012,145.17866278529172,68826400
2022-12-06,140.40390014648438,144.71691547188212,139.43125562304482,144.49095300364328,64727200
2022-12-07,138.46844482421875,140.85582456681212,137.54492649061714,139.69652452502783,69721100
2022-12-08,140.14845275878906,141.0032064446931,138.62564588690643,139.86354485762612,62128300
2022-12-09,139.66702270507812,143.0172270285968,138.42910903026953,139.8438589493627,76097000
2022-12-12,141.9561767578125,141.96599599737974,138.58631867677312,140.19755844692216,70462700
2022-12-13,142.91900634765625,147.34009332894186,141.71058010364294,146.87833415604433,93886200
2022-12-14,140.69863891601562,144.0881358235322,138.68458524913544,142.8011107216781,82291200
2022-12-15,134.10630798339844,139.3133690938159,133.64454880056923,138.63546667684503,98931900
2022-12-16,132.1511993408203,135.23613504981998,131.38487878191776,134.2929782040358,160156900
2022-12-19,130.04872131347656,132.82909551472687,129.01714637272462,132.74067737544078,79592600
2022-12-20,129.97991943359375,130.91325672721703,127.6121788847663,129.08587408244605,77432800
2022-12-21,133.07470703125,134.41085828161889,130.42205800232537,130.64802045895354,85928000
2022-12-22,129.91116333007812,132.20030541745464,128.01501569466643,131.9939964474779,77852100
2022-12-23,129.54766845703125,130.0978457490201,127.3665977700706,128.62415014924704,63814900
2022-12-27,127.749755859375,129.10556058535423,126.46273078933113,129.07608787315525,69007800
2022-12-28,123.82971954345703,128.73221106602657,123.66270252163467,127.39605990024205,85438400
2022-12-29,127.33711242675781,128.19185099265815,125.49008349000029,125.74551863845643,75703700
2022-12-30,127.65150451660156,127.67115798862761,125.19535270118398,126.15817044916967,77034200
2023-01-03,122.87673950195312,128.6044974020352,121.99252063798394,127.9953746812147,112117500
2023-01-04,124.14411163330078,126.40378110334795,122.88655931785308,124.66481618620305,89113600
2023-01-05,122.82762145996094,125.52939692056383,122.57218626779334,124.90062068574457,80962700
2023-01-06,127.34693145751953,128.00518029343567,122.69988266566685,123.80024463429882,87754700
2023-01-09,127.86763000488281,131.07047089671403,127.61219486879021,128.182025548878,70790800
2023-01-10,128.4374542236328,128.95815869987555,125.87322378783952,127.97569516112263,63896200
2023-01-11,131.14910888671875,131.16874737067045,128.1722445262406,128.94838439618852,69458900
2023-01-12,131.07052612304688,131.90561153013712,129.13507083953922,131.53228540334834,71379600
2023-01-13,132.3968048095703,132.55400260182785,129.35117628841525,129.71468306570503,57809700
2023-01-17,133.5561065673828,134.88242345634274,131.77784981822288,132.46557135226192,63646600
2023-01-18,132.8389129638672,136.17928328311848,132.66206171643108,134.42067999537736,69672800
2023-01-19,132.8978729248047,133.86068318245066,131.4241773301355,131.72873868777404,58280400
2023-01-20,135.45225524902344,135.59963378756996,131.8662690124696,132.9076780568954,80223600
2023-01-23,138.63546752929688,140.80671912517695,135.4817521326256,135.6978953680963,81760300
2023-01-24,140.03054809570312,140.64950501564115,137.83965827143598,137.84947751147084,66435100
2023-01-25,139.37234497070312,139.9323416606216,136.37582674384313,138.41935368230486,65799300
2023-01-26,141.4355010986328,141.72040901629467,139.41161299424252,140.65934626942868,54105100
2023-01-27,143.37091064453125,144.64811636457318,140.57089828761406,140.64949717713105,70555800
2023-01-30,140.49232482910156,142.99761054282715,140.34496125408572,142.41796049282078,64015300
2023-01-31,141.75970458984375,141.80883078137197,139.78495761656453,140.19759064122545,65874500
2023-02-01,142.8797149658203,144.03903014040526,138.84180280794712,141.44532609516176,77663600
2023-02-02,148.1752166748047,148.52888929698446,145.5716782733727,146.28887274258696,118339000
2023-02-03,151.7906494140625,154.62014981197694,145.23761799882098,145.43410775063012,154357300
2023-02-06,149.06922912597656,150.41521473457135,148.13589150827315,149.8945101165513,69858300
2023-02-07,151.93800354003906,152.50783427872634,147.99832954313612,147.99832954313612,83322600
2023-02-08,149.2559051513672,151.86926257026718,148.51905726950346,151.18154087876943,64120100
2023-02-09,148.22427368164062,151.62360422246954,147.78216807435706,151.083246261921,56007100
2023-02-10,148.58836364746094,148.9130734935689,146.8270751036462,147.0632318137508,57450700
2023-02-13,151.38287353515625,151.7862873807752,148.49985109109068,148.52936881115792,62199000
2023-02-14,150.7432403564453,151.3041068890254,148.4407688328002,149.68055772689488,61707600
2023-02-15,152.83909606933594,153.00636811059493,150.42838780610393,150.6546952720313,65573800
2023-02-16,151.2450714111328,153.82305157694913,150.8908438680814,151.04826665403036,68167900
2023-02-17,150.10369873046875,150.5464794908576,148.4309630722788,149.90690894964015,59144100
2023-02-21,146.0989227294922,148.87370750867322,146.03005307934987,147.79134145705774,58867200
2023-02-22,146.52203369140625,147.5453493019233,144.80009726904348,146.4826667367167,51011300
2023-02-23,147.0041961669922,147.92912460701393,144.87884561858363,147.68313363952294,48394200
2023-02-24,144.35731506347656,144.82961341599875,143.3831856356865,144.75089452156274,55469600
2023-02-27,145.5479278564453,146.7778826433076,145.08546365545737,145.3413038601465,44998500
2023-02-28,145.04611206054688,146.68932985809187,144.47541123636594,144.69188448050687,50547000
2023-03-01,142.9797821044922,144.86899086128216,142.68458995191014,144.4754113339038,55479000
2023-03-02,143.57015991210938,144.3573339453376,141.59238308918532,142.0646965175798,52238100
2023-03-03,148.60806274414062,148.68678165578146,144.96739941181147,145.66600535471582,70732300
2023-03-06,151.36314392089844,153.79353555974586,150.99908214162087,151.32377696340643,87558000
2023-03-07,149.1688995361328,151.55992406603715,148.70643540651363,151.23521425072406,56182000
2023-03-08,150.41854858398438,151.00893289820618,149.39523278864294,150.35951315538156,47204800
2023-03-09,148.17510986328125,152.06176399701366,147.82088228318355,151.09748364556307,53833600
2023-03-10,146.11862182617188,148.5194958597798,145.242894659562,147.80120650188752,68572400
2023-03-13,148.05703735351562,150.6842189540097,145.33145336527863,145.43968998615728,84457100
2023-03-14,150.14305114746094,150.94005952145656,147.69299059245188,148.85406081281639,73695900
2023-03-15,150.53660583496094,150.7924309816341,147.51583019026035,148.7654682431246,77167900
2023-03-16,153.3507537841797,153.95097226183628,149.20825986230471,149.71992520737962,76161100
2023-03-17,152.51437377929688,154.22647602550626,151.80591871287191,153.5770563789343,98944600
2023-03-20,154.8759002685547,155.28917828804447,151.67801783277878,152.58327776546486,73641400
2023-03-21,156.72573852539062,156.8438093660786,154.0296725549558,154.79717806171172,73938300
2023-03-22,155.29901123046875,159.53989288471735,155.27932775015748,156.7454392443716,75701800
2023-03-23,156.38136291503906,158.9593583364734,155.15140813839363,156.28297554136526,67622100
2023-03-24,157.68019104003906,157.76874417421377,155.3186840441415,156.31248202721346,59196500
2023-03-27,155.7418212890625,158.19189706310823,155.3383924442017,157.3752051384263,52390300
2023-03-28,155.1219024658203,155.94844355059743,153.47868455836303,155.4367781198492,45992200
2023-03-29,158.19187927246094,158.4673879613573,156.79465234617297,156.81432081388166,51305700
2023-03-30,159.75636291503906,159.86459953343115,158.68384597812414,158.93967116064357,49501700
2023-03-31,162.2556610107422,162.35406341845376,159.3136181978193,159.83511792767183,68749800
2023-04-03,163.50526428222656,163.62333513475417,161.58653785817188,161.63573905142377,56976200
2023-04-04,162.9739227294922,164.16451047380076,162.46225736922722,163.92836877990578,46278300
2023-04-05,161.13394165039062,162.4032636373138,159.20538058937618,162.09823719499718,51511700
2023-04-06,162.0194854736328,162.31467762112032,159.40213812085784,159.8252353547828,45390100
2023-04-10,159.43165588378906,159.43165588378906,157.51292944566782,158.8314373555464,47716900
2023-04-11,158.22137451171875,159.7563555644006,157.93601661540757,159.74652133194326,47644200
2023-04-12,157.5326385498047,159.46119953470492,157.21776287074414,158.6346733983191,50133100
2023-04-13,162.90505981445312,163.14121655398105,158.83144989570576,159.0380889195549,68445600
2023-04-14,162.56065368652344,163.6528540223282,161.19294470872245,161.95058596716467,49386500
2023-04-17,162.58035278320312,162.73779061232008,161.39959909302152,162.44259843625022,41516200
2023-04-18,163.80047607421875,164.72540456754612,162.99361844758067,163.43641422586148,49923000
2023-04-19,164.94186401367188,165.46336364998885,162.8853681685066,163.1412083770297,47720200
2023-04-20,163.9775390625,165.17797593709363,162.9050222690973,163.42652181136077,52456400
2023-04-21,162.37371826171875,163.78077935638615,161.85221862385353,162.4032359760057,58337300
2023-04-24,162.6787567138672,162.94443117624493,161.26184626664974,162.35404681853836,41949600
2023-04-25,161.1437530517578,163.64301445601814,161.1043860925183,162.54097982284455,48714100
2023-04-26,161.13394165039062,162.62957115675852,160.18934460412623,160.44516984288546,45498800
2023-04-27,165.7093505859375,165.85693915334915,162.5409858833323,162.5409858833323,64902300
2023-04-28,166.95896911621094,167.12625617335198,165.1878463008649,165.78806481489534,55275900
2023-05-01,166.8704376220703,167.71664719399982,165.93567490070697,166.5654112090663,52472900
2023-05-02,165.83726501464844,167.6182522416185,164.8533011388869,167.36241202489828,48425700
2023-05-03,164.76470947265625,168.17906452442512,164.47936662159927,166.78183794919684,65136000
2023-05-04,163.13134765625,164.36130237503923,161.67508547315035,162.24578626436005,81235400
2023-05-05,170.78660583496094,171.504895212846,168.02165491497223,168.23812815446027,113453200
2023-05-08,170.71771240234375,171.06210572406735,169.35000337616833,169.7140651629481,55962800
2023-05-09,169.01547241210938,170.7570775926942,168.84820036158354,170.27494492179522,45326900
2023-05-10,170.77676391601562,171.23922812803062,169.14338031673282,170.24543004162442,53724500
2023-05-11,170.96371459960938,171.79024060925457,169.40904995436452,171.06211698775132,49514700
2023-05-12,170.0375213623047,171.50564580777203,168.49055408757272,171.07210045600348,45533100
2023-05-15,169.54483032226562,170.66809989196608,168.95362948142878,170.61883064941935,37266700
2023-05-16,169.54483032226562,170.5991199454283,169.27878844040285,169.46600254116325,42110300
2023-05-17,170.15576171875,170.3922300756776,167.91906995533154,169.19014751327734,57951600
2023-05-18,172.4811248779297,172.66833901247392,170.04737119858373,170.46120584790356,65496700
2023-05-19,172.58949279785156,173.80143807257875,172.3727201425523,173.80143807257875,55809500
2023-05-22,171.64358520507812,172.14611049896482,170.90459157041087,171.42681253611994,43570900
2023-05-23,169.04232788085938,170.83562631420236,168.7664381272472,170.58929510312979,50747300
2023-05-24,169.31822204589844,169.8897122746601,168.0176010356781,168.57922839342694,45143500
2023-05-25,170.45132446289062,171.34795850917342,169.17039935195018,169.87983433539839,56058300
2023-05-26,172.85549926757812,173.19052108114823,170.5695538562492,170.7764786518407,54835000
2023-05-30,174.69808959960938,176.36329091292328,173.978806707213,174.36308277683443,55964400
2023-05-31,174.64883422851562,176.71802248155805,174.16601962684186,174.72766202276017,99625300
2023-06-01,177.4471435546875,177.47670209655325,174.33351350934285,175.09221783191245,68901800
2023-06-02,178.2945098876953,179.11233123154489,176.62930866038764,178.37333767160567,61996900
2023-06-05,176.94464111328125,182.2358308287415,175.4272324012079,179.949884959394,121946500
2023-06-06,176.580078125,177.476712338109,174.8261860088602,177.32891962025158,64848400
2023-06-07,175.21047973632812,178.55073052308683,174.71781728969785,175.82137635899298,61944600
2023-06-08,177.9201202392578,178.18614713091944,174.85575927069235,175.2892895872439,50214900
2023-06-09,178.30438232421875,179.55573399442156,177.9792233362159,178.83645110058313,48900000
2023-06-12,181.0928497314453,181.19138823156914,178.31424143935143,178.60984190485868,54274900
2023-06-13,180.61990356445312,181.44757286544584,179.7626757194867,180.1173932820357,54929100
2023-06-14,181.25048828125,181.68403358526143,179.34881869349235,180.67899811094975,57462900
2023-06-15,183.28028869628906,183.7828140435399,181.08301826564116,181.26038457492544,65433200
2023-06-16,182.20626831054688,184.245897953939,181.56581317602513,183.98970387223915,101256200
2023-06-20,182.29493713378906,183.36895259993452,181.7037512704965,181.7037512704965,49799100
2023-06-21,181.26034545898438,182.68906332243637,179.91044034391143,182.18653808363035,49515700
2023-06-22,184.2557373046875,184.3050065515812,180.97460392176268,181.0435838743865,51245300
2023-06-23,183.9404296875,184.8075203379306,182.29493904669715,182.8270228675936,53117000
2023-06-26,182.5511016845703,185.29030300231886,182.51168027914116,184.08820572936608,48088700
2023-06-27,185.3001708984375,185.6253298715582,182.94524533692336,183.1620179856705,50730800
2023-06-28,186.47274780273438,187.11320300977505,184.84696764032918,185.1721116449177,51216800
2023-06-29,186.80775451660156,187.28072131986815,186.1672993101183,186.30524420235466,46347300
2023-06-30,191.1234588623047,191.62596911406445,188.45322195229386,188.81780236383452,85213200
2023-07-03,189.63558959960938,191.0347488046626,188.9458503136462,190.93621032527898,31458200
2023-07-05,188.52220153808594,190.1479814937267,187.82261429340878,188.75868490984942,46920300
2023-07-06,188.9951629638672,189.20208780415717,186.42346442381324,187.05407174607458,45094300
2023-07-07,187.88172912597656,189.84253092683244,187.4481988352347,188.60102706839623,46815000
2023-07-10,185.84213256835938,187.20188576037833,184.29516523716504,186.4825877482977,59922200
2023-07-11,185.3199005126953,186.52199803845542,183.86162393721375,186.3840531601648,46638100
2023-07-12,186.98512268066406,188.88679264498364,185.70419722013042,186.8964320073811,60750200
2023-07-13,187.7438201904297,188.384290465804,186.99497859777333,187.7044138054968,41342300
2023-07-14,187.8916015625,188.37440112570727,186.8471596075647,187.43834550769154,41616200
2023-07-17,191.14317321777344,191.46833222271863,188.99515722491665,189.08383285312058,50520200
2023-07-18,190.88699340820312,191.47819437683242,189.5962201627232,190.5125801606121,48288200
2023-07-19,192.23687744140625,195.32093388898534,189.82281961650222,190.26622781119138,80507300
2023-07-20,190.29579162597656,193.58677299126168,189.67503216410122,192.22701989757815,59581200
2023-07-21,189.12326049804688,192.10879369152832,188.42367321559357,191.25156585425083,71951700
2023-07-24,189.92135620117188,192.04966138875844,189.4286937985748,190.57167418096722,45377800
2023-07-25,190.7786102294922,191.5865838976961,190.08888577789457,190.49287261199655,37283200
2023-07-26,191.64566040039062,192.76892999363082,190.4829844332044,190.82783906853456,47471900
2023-07-27,190.38446044921875,194.30604897209747,189.72429463258098,193.1433729163405,47460200
2023-07-28,192.95614624023438,193.7444090416655,191.29094501886246,191.8131659299023,48291400
2023-07-31,193.5670623779297,193.60648379116893,192.39452340931743,193.1827862905988,38824100
2023-08-01,192.73939514160156,193.842954166062,192.41423613585215,193.3601546102926,35175100
2023-08-02,189.7538604736328,192.31569604997566,189.03457754647138,192.17775117305615,50389300
2023-08-03,188.36456298828125,189.54694988427917,187.89161123685508,188.75870197685728,61235200
2023-08-04,179.3192596435547,184.6301595328746,179.25027969317492,182.79745486603875,115956800
2023-08-07,176.22535705566406,180.44254624962392,174.74736976708382,179.4572213905704,97576100
2023-08-08,177.16143798828125,177.6245419410217,174.97401528572274,177.05305163689803,67823000
2023-08-09,175.57505798339844,178.27483876617566,174.41236670614128,178.2157216738325,60378500
2023-08-10,175.3582763671875,178.097478428752,174.9937109597073,176.84611157664116,54686900
2023-08-11,175.41744995117188,176.2363757071569,174.1940069392339,174.95373578240464,52036700
2023-08-14,177.06520080566406,177.2921273528478,174.94388246971033,175.595078706152,43675600
2023-08-15,175.08200073242188,177.08491002448199,174.68734458769583,176.4929258073929,43622600
2023-08-16,174.21372985839844,176.1574269074876,174.14465676238186,174.766254405872,46964900
2023-08-17,171.6780548095703,175.1412101505236,171.1649897406694,174.77615243783515,66062900
2023-08-18,172.16151428222656,172.76337470680727,169.6652772069575,170.0007364455324,61172200
2023-08-21,173.49349975585938,173.77963828216437,171.42153223598535,172.73378585948967,46311900
2023-08-22,174.86492919921875,175.30892111024494,173.89801113995804,174.69719959083847,42038900
2023-08-23,178.70301818847656,179.12728783194132,175.9502562936072,176.1377232252428,52722800
2023-08-24,174.0262908935547,178.68330576322634,173.66121814414575,178.25903609639087,54945800
2023-08-25,176.22653198242188,176.7593193055493,173.47376987845638,175.01294998434398,51449600
2023-08-28,177.7854461669922,178.1801023209798,176.1673318473753,177.68677460091166,43820700
2023-08-29,181.66297912597656,182.4325690983829,177.1046362040057,177.30196426395187,53003900
2023-08-30,185.14588928222656,185.34323241647965,182.27473336292013,182.4720614420058,60813900
2023-08-31,185.3629608154297,186.5962801694583,184.97816577917948,185.33336235534645,60794500
2023-09-01,186.93173217773438,187.38558521498553,185.76747101772168,186.961330634287,45766500
2023-09-05,187.1685028076172,187.44476508042712,185.10639689444145,185.76745412260553,45280000
2023-09-06,180.46914672851562,186.32988234003622,179.04836051297525,185.88587535630464,81755800
2023-09-07,175.19049072265625,175.83182562045042,171.22413269785847,172.84224658503936,112488800
2023-09-08,175.80224609375,177.8347687964352,175.417451102765,175.96999075471308,65551300
2023-09-11,176.96652221679688,177.8939807491613,174.9734739911946,177.66705421097663,58953100
2023-09-12,173.94735717773438,177.72624932161176,172.4871113411862,177.09479044187466,90370200
2023-09-13,171.88523864746094,174.93400012779577,171.65829707262085,174.15453395453247,84267900
2023-09-14,173.3948211669922,173.75001770449512,171.26364194197464,171.67803539320033,60895800
2023-09-15,172.67453002929688,174.14465177290464,171.50042292713772,174.12491445244186,109259500
2023-09-18,175.59506225585938,176.98624997924455,173.8190795297471,174.12494029407293,67257600
2023-09-19,176.68038940429688,177.23291401853146,174.7662755227223,175.15107052586188,51826900
2023-09-20,173.14817810058594,177.3019893003594,173.05936766417838,176.86785847407558,58436200
2023-09-21,171.6089630126953,173.94734650075085,171.53990496478352,172.22069958579337,63149100
2023-09-22,172.45750427246094,174.71695374662696,171.7273888544839,172.33911043282527,56725400
2023-09-25,173.73025512695312,174.60837768157924,171.82600269974301,171.87533847239564,46172700
2023-09-26,169.66526794433594,172.8620217812148,169.3692683155077,172.4871029695211,64588900
2023-09-27,168.15567016601562,170.73084132501634,166.7940959712009,170.3164478696235,66921800
2023-09-28,168.41221618652344,169.7343308371659,165.38317681816312,167.08022534636603,56294400
2023-09-29,168.92527770996094,170.76045735672912,168.06687727418498,169.7244661753788,51861100
2023-10-02,171.4313507080078,171.97401410977108,168.64897565996583,168.9351141150612,52164500
2023-10-03,170.09938049316406,171.31297744317223,168.54047825044546,169.96124934298015,49594600
2023-10-04,171.3425750732422,171.88523853747708,168.68846972057472,168.80686354725646,53020300
2023-10-05,172.57589721679688,173.10868450108188,170.3756448658088,171.47083294671847,48527900
2023-10-06,175.12144470214844,175.6147723242181,170.86894795356997,171.48068444244805,57266700
2023-10-09,176.60145568847656,176.66065260372454,173.45402254968238,174.45053908507856,42390800
2023-10-10,176.00946044921875,177.32171396949087,175.57532965392068,175.72333700059065,43698000
2023-10-11,177.400634765625,177.4499705441094,175.22999600880442,175.82198018511957,47551100
2023-10-12,178.2985076904297,179.90674578858014,176.6507798893927,177.6670488234186,56743100
2023-10-13,176.46331787109375,179.50220314362676,175.7627859383901,178.9990143278533,51427100
2023-10-16,176.3350372314453,176.6902337432856,174.15452238414363,174.39132507709223,52517000
2023-10-17,174.78599548339844,176.03905203817294,172.467364361049,174.29266779074965,57549400
2023-10-18,173.49349975585938,175.21028574818484,172.77324545527233,173.2369747453516,54764400
2023-10-19,173.11856079101562,175.46679037407037,172.85215962113486,173.69080766680926,59302900
2023-10-20,170.572998046875,173.0790962513972,170.3361953203569,172.97056355030566,64244000
2023-10-23,170.69137573242188,171.68789221712717,167.66233657820504,168.62926966195786,55980100
2023-10-24,171.12548828125,171.3524147723922,169.16203892177992,170.74069333750268,43816600
2023-10-25,168.81675720214844,170.7505934954682,168.37275019582236,169.58634726553433,57157000
2023-10-26,164.6629180908203,169.0930062294273,163.459197305812,168.0964746462511,70625300
2023-10-27,165.97520446777344,166.70533502385422,164.6037538005945,164.68268805437373,58499100
2023-10-30,168.0175323486328,168.8857938712959,166.61648356307745,166.76449089816728,51131000
2023-10-31,168.49111938476562,168.619374328328,165.65940861123508,167.09007075196132,44846000
2023-11-01,171.64840698242188,171.9049319155105,167.84977842632566,168.71803982318505,56934900
2023-11-02,175.2003936767578,175.40758286457637,173.11855033416663,173.17774724497193,77334800
2023-11-03,174.29263305664062,174.46037768725847,171.03668297815753,171.91480549386804,79829200
2023-11-06,176.8382110595703,177.03553909275448,173.85852313161243,174.02625271257716,63841300
2023-11-07,179.39369201660156,180.00541354681909,176.58171810512866,176.7889073081916,70530000
2023-11-08,180.4494171142578,181.00194176498167,179.16676200069597,179.91662978825056,49340300
2023-11-09,179.97581481933594,181.6629871195562,179.3838155582821,180.51847829944086,53763500
2023-11-10,184.1548614501953,184.3228271167955,181.31943456996746,181.75413731292954,66133400
2023-11-13,182.5741424560547,183.7893232540613,181.9912524470517,183.58186108306094,43627500
2023-11-14,185.1823272705078,185.84425545326624,184.0560589323069,185.4391901985185,60108400
2023-11-15,185.74546813964844,187.21752694473682,185.51824264456812,185.5874067506803,53790500
2023-11-16,187.4250030517578,188.65994715340477,186.37775779056014,187.28668991537342,54412900
2023-11-17,187.4052276611328,188.08691917335904,186.29872264128753,187.95848017105547,50922700
2023-11-20,189.14402770996094,189.598493753426,187.59294582194016,187.60281994734135,46505100
2023-11-21,188.34381103515625,189.21321658430173,187.454657232623,189.10454089065857,38134500
2023-11-22,189.00570678710938,190.60618938615343,188.53149251239262,189.18354656200316,39617700
2023-11-24,187.68185424804688,188.60064536615056,186.970525284031,188.57100791556658,24048300
2023-11-27,187.50401306152344,188.37341847212542,186.62473352580105,187.6324520630897,40552600
2023-11-28,188.106689453125,188.77850691885152,187.11873411970524,187.4941619704054,38415400
2023-11-29,187.08908081054688,189.77632029571453,186.69390474066958,188.6006511365786,43014200
2023-11-30,187.662109375,188.02766309314677,185.92331344476767,187.55343368717286,48794400
2023-12-01,188.93655395507812,189.2526917735191,186.95075439627809,188.0375111237308,45704800
2023-12-04,187.14833068847656,187.76087311237956,185.19218377665425,187.69170901814908,43389500
2023-12-05,191.09031677246094,192.05850876803487,187.88933609882633,187.91898862751913,66628400
2023-12-06,190.0035858154297,192.41418427833113,189.79610855274007,192.10792052269625,41089700
2023-12-07,191.93006896972656,192.6512720749557,191.2582515665674,191.29777821822415,47477700
2023-12-08,193.35269165039062,193.6293178615124,191.33725488364865,191.8608698600576,53406400
2023-12-11,190.85316467285156,191.1594434259829,189.11436907200368,190.7840156527889,60943700
2023-12-12,192.3647918701172,192.37466599656702,189.41079996137955,190.75441983366463,52696900
2023-12-13,195.5756378173828,195.6151493963814,192.50309623143957,192.74019585543422,70404200
2023-12-14,195.72381591796875,197.21562292408947,193.79730618821,195.63490356313392,66831600
2023-12-15,195.19033813476562,196.01032777733312,194.62719637119332,195.1508114803035,128538400
2023-12-18,193.53054809570312,194.26164038796966,192.0486152607036,193.72813612536964,55751900
2023-12-19,194.5679168701172,194.5777909959987,193.53056080250687,193.79731295132126,40714100
2023-12-20,192.4833221435547,195.2989855460905,192.4833221435547,194.5283816611859,52242800
2023-12-21,192.33509826660156,194.7061996333918,191.16931844438724,193.73800782299358,46482500
2023-12-22,191.26815795898438,193.05635469466722,190.64574127695036,192.8291141147171,37149600
2023-12-26,190.72476196289062,191.55464074590694,190.5074106042434,191.27801448490152,28919300
2023-12-27,190.82354736328125,191.16933772508392,188.78836199381533,190.17150836602553,48087700
2023-12-28,191.2483673095703,192.3153607227681,190.8433020640508,191.80161980345068,34049900
2023-12-29,190.21102905273438,192.0585006042798,189.4206618129017,191.56452296375952,42672100
2024-01-02,183.40402221679688,186.17030008579113,181.6751004330507,184.89582930034302,82488700
2024-01-03,182.03076171875,183.6411336613478,181.22063114701328,182.00112426612563,58414500
2024-01-04,179.71896362304688,180.88474371487789,178.70137080560033,179.956063262062,71983600
2024-01-05,178.9977264404297,180.55869755734878,177.99989705667167,179.79798286255345,62379700
2024-01-08,183.32496643066406,183.36449308108033,179.3138706884217,179.89676064456035,59144500
2024-01-09,182.9100341796875,182.9199083051763,180.52905841182087,181.7047275700206,42841800
2024-01-10,183.9473876953125,184.1548498527509,181.70472508990332,182.12955368013527,46792900
2024-01-11,183.35459899902344,184.7970202008086,181.40832608034748,184.293153408918,49128400
2024-01-12,183.68064880371094,184.49077939116623,182.95944565085554,183.81896194364214,40477800
2024-01-16,181.41819763183594,182.04059908627158,178.75070683426088,179.9659024464889,65603000
2024-01-17,180.4796600341797,180.72664884969066,178.12833676151584,179.08665457169852,47317400
2024-01-18,186.35800170898438,186.86185345428623,183.59172402252184,183.8485869578717,78005800
2024-01-19,189.25270080566406,189.63800274105876,186.5457131326349,187.0495648712278,68903000
2024-01-22,191.5546417236328,192.97729968749402,189.94426985134535,189.98379650311966,60133900
2024-01-23,192.8291015625,193.39224330006388,191.49537099853464,192.67104017695664,42355600
2024-01-24,192.15728759765625,194.0146482092326,191.999211146671,193.06620457832125,53631300
2024-01-25,191.83128356933594,193.90599578100486,190.78405333725613,192.86863967517039,54822100
2024-01-26,190.10235595703125,192.41416772814074,189.6281416366758,191.93007928184088,44594000
2024-01-29,189.420654296875,189.88499446653958,187.29655655692048,189.69728055859,47145600
2024-01-30,185.7751007080078,189.4898221386195,185.21197404804863,188.6401800108733,55859400
2024-01-31,182.17892456054688,184.84641553917146,182.129538862794,184.78712556686926,55467800
2024-02-01,184.60931396484375,184.6982263171025,181.6059367135455,181.77388729281213,64885400
2024-02-02,183.61151123046875,185.07368095456727,177.0909997696198,177.69365314728918,102551700
2024-02-05,185.41943359375,186.97053056814926,183.60159955655655,185.88377376602236,69668800
2024-02-06,187.01992797851562,187.02980210381148,184.5204024536245,184.60931480628852,43490800
2024-02-07,187.12863159179688,188.74887780721724,186.33826427512778,188.34381248461148,53439000
2024-02-08,186.05174255371094,187.25703410679802,185.09342474162452,187.1088468471974,40962000
2024-02-09,186.8134307861328,187.94113632063826,185.97259122428568,186.61557552858977,45155200
2024-02-12,185.1317596435547,186.63537211912902,184.7756412965565,186.38806813077576,41781900
2024-02-13,183.0445098876953,184.2019058140478,181.53101071537256,183.76664838776776,56529500
2024-02-14,182.16409301757812,183.52921572281525,180.4725423642709,183.32148884677065,54630500
2024-02-15,181.8772430419922,182.50045391335385,179.39431647047905,181.57058851615943,65434500
2024-02-16,180.34393310546875,182.85654973235168,179.7108355866275,181.44196326564102,49752500
2024-02-20,179.60203552246094,180.46264852115328,178.0588611409836,179.82955095197704,53665600
2024-02-21,180.35386657714844,180.91771184255438,178.71176441081158,179.97795967071906,41371400
2024-02-22,182.3817596435547,182.96540858894926,180.4923684458442,181.50135795637885,52292200
2024-02-23,180.55169677734375,183.04451006700117,180.2648157032703,183.0148347964746,45119700
2024-02-26,179.2063751220703,180.78911167382452,178.70186529911302,180.27473021897956,40867400
2024-02-27,180.66050720214844,181.93658908973126,177.62360710096542,179.1470080612827,54318900
2024-02-28,179.4635467529297,181.14521076395337,178.1874648834917,180.54178846123017,48953900
2024-02-29,178.80078125,180.6011615069905,177.59393659501978,179.31517776545977,136682600
2024-03-01,177.72254943847656,178.58316252471684,175.46713817545924,177.61373507516265,73563100
2024-03-04,173.2117156982422,174.99229230011673,171.9158301484072,174.25038035125658,81510100
2024-03-05,168.28541564941406,170.18470849670402,167.79080766540406,168.91851326517738,95132400
2024-03-06,167.2961883544922,169.39333632878757,166.86093094295472,169.21526961759642,68587700
2024-03-07,167.17750549316406,168.88884496206234,166.67301076258389,167.32588185679398,71765100
2024-03-08,168.88882446289062,171.82679686006907,167.11813466346086,167.1774852017091,76267000
2024-03-11,170.8870391845703,172.49946586057737,170.1945911039721,171.07499261235472,60139500
2024-03-12,171.36184692382812,172.15322257397557,169.16578666443067,171.28270784938988,59825400
2024-03-13,169.2845001220703,171.32228220007605,168.91848002185432,170.90681338658084,52488700
2024-03-14,171.13436889648438,172.43023944819464,170.19461671040915,171.0453430786352,72913500
2024-03-15,170.75845336914062,170.75845336914062,168.45357838204507,169.3240932528417,121752700
2024-03-18,171.84658813476562,175.79356502758816,171.64874797271588,173.67664359575858,75604200
2024-03-19,174.18112182617188,174.70540499850514,171.1640105835326,172.45988088096897,55215200
2024-03-20,176.74319458007812,176.74319458007812,173.20180001631465,173.82501083363408,53423100
2024-03-21,169.52191162109375,175.57592275278003,168.9976284397713,175.1406653733646,106181300
2024-03-22,170.42213439941406,171.18383495977668,168.22607363158104,169.90773784358905,71160100
2024-03-25,169.00755310058594,170.085794876263,167.6226416976105,168.73057383883838,54288300
2024-03-26,167.8798370361328,169.57138777241732,167.7512341389727,168.16670300567833,57388400
2024-03-27,171.44102478027344,171.7279058767874,168.27553655784754,168.57230438056465,60273300
2024-03-28,169.63075256347656,170.37266455083602,168.67121185228598,169.8978451053126,65672700
2024-04-01,168.19638061523438,169.40322523760474,167.65230884379906,169.3438746978549,46240500
2024-04-02,167.0192108154297,167.51381877100314,166.41578850586058,167.25662806803024,49329500
2024-04-03,167.82046508789062,168.83935621904524,166.76201196368757,166.96973884210524,47691700
2024-04-04,166.9994354248047,170.06599565718972,166.9994354248047,168.4535689105981,53704400
2024-04-05,167.75123596191406,168.5524984345705,167.12802510796487,167.7611226870966,42104800
2024-04-08,166.63340759277344,167.37531948329715,166.425680716199,167.20715459942008,37425500
2024-04-09,167.84024047851562,168.24582257310013,166.5344834909376,166.8806999592474,42373800
2024-04-10,165.97064208984375,167.2665125006067,165.30786924976792,166.97964653177021,49709300
2024-04-11,173.15235900878906,173.56784300454478,166.3465633103838,166.5246149420751,91070300
2024-04-12,174.64608764648438,176.43656618963917,172.33132583138607,172.38077455594663,101670900
2024-04-15,170.82769775390625,174.72521085075485,170.63974431610336,173.46890241983837,73531800
2024-04-16,167.55337524414062,171.88613013777277,166.45534511410173,169.89781183493915,73711200
2024-04-17,166.18829345703125,168.8097099054139,166.18829345703125,167.78093187309736,50901200
2024-04-18,165.23861694335938,166.8213684176903,164.75391081370103,166.21794611620325,43122900
2024-04-19,163.2206268310547,164.60552308162337,162.31054999578998,164.41758473594675,68149400
2024-04-22,164.05157470703125,165.4562595890904,162.993121456103,163.73503344203667,48116400
2024-04-23,165.10012817382812,165.24851961582092,163.14148491226467,163.56685559955991,49537800
2024-04-24,167.197265625,167.4742448528629,164.41757152765254,164.7439994721628,48251800
2024-04-25,168.0579071044922,168.7701438382538,166.33666581552853,167.7017887376114,50558300
2024-04-26,167.47425842285156,169.49225225997063,167.35554224826544,168.04800546826704,44838400
2024-04-29,171.6289520263672,174.1316669492416,171.2332717193323,171.50034913417457,68169400
2024-04-30,168.49314880371094,173.10289859543835,168.1667057400835,171.46079655206535,65934800
2024-05-01,167.47425842285156,170.84748833564953,167.28630498280754,167.75123767315736,50383100
2024-05-02,171.16403198242188,171.54982559320527,169.04711048582428,170.64963546996492,94214900
2024-05-03,181.40237426757812,184.983330160313,180.6901377781388,184.6370986383624,163224100
2024-05-06,179.75042724609375,182.21356516877455,178.47433028646978,180.38352481626606,78569700
2024-05-07,180.4329833984375,182.90602327557747,179.36464345444207,181.4716631656838,77305800
2024-05-08,180.7693328857422,181.09577596912635,179.49323582394607,180.87814724687024,45057100
2024-05-09,182.57958984375,182.66861565405213,180.14611203583203,180.5912561815798,48983000
2024-05-10,181.3215789794922,183.34230991411323,180.4102677646858,183.15410154420678,50759500
2024-05-13,184.52105712890625,185.33332156582821,182.87672798687535,183.68899242379732,72044800
2024-05-14,185.6602325439453,186.52202806777518,184.5309973091758,185.73947897801656,52393600
2024-05-15,187.92860412597656,188.84981551266446,185.60078753373725,186.13569714479723,70400000
2024-05-16,188.04745483398438,189.29556710780693,187.86916171755817,188.67151097089564,52845200
2024-05-17,188.07716369628906,189.0082902438942,187.3936765447615,187.72056236134898,41282900
2024-05-20,189.2361297607422,190.10782534306233,187.22529890901677,187.54228461702792,44361300
2024-05-21,190.53378295898438,190.91018461353585,189.11727756366656,189.28567056183377,42309400
2024-05-22,189.09744262695312,190.99932654838926,188.47340160760692,190.45451683728567,34648500
2024-05-23,185.11541748046875,189.19651013997458,184.86777806929078,189.1766947549615,51005900
2024-05-24,188.18614196777344,188.78048261582597,186.26445766907554,187.03710655742805,36327000
2024-05-28,188.196044921875,191.1776178733189,187.31444925751387,189.70168159973719,52280100
2024-05-29,188.4932098388672,190.43470949642946,187.72057607583483,187.81963788738682,53068000
2024-05-30,189.4837646484375,190.36536034504638,188.83000809203267,188.9587703074631,49889100
2024-05-31,190.4346923828125,190.7516780595243,188.1167913020161,189.6323431713606,75158300
2024-06-03,192.19789123535156,193.14883318833753,190.7021546904014,191.07855630297723,50080500
2024-06-04,192.51487731933594,193.47571940906454,191.2073340206378,192.80213237542046,47471400
2024-06-05,194.02052307128906,195.04079624688396,193.02996541617088,193.5549597642067,54156800
2024-06-06,192.64364624023438,194.64457691185422,192.33657578915964,193.8422276391208,41181800
2024-06-07,195.03089904785156,195.08042995429523,192.3068654552658,192.8120444256859,53103900
2024-06-10,191.29649353027344,195.43703247512377,190.33565137548777,195.04080033594326,97010200
2024-06-11,205.19400024414062,205.20391549352811,191.8016724106265,191.82147267998263,172373300
2024-06-12,211.05812072753906,218.1207863262847,204.94636687125956,205.41193016487838,198134300
2024-06-13,212.21707153320312,214.70336573665497,209.60200000148347,212.71235034689784,97862700
2024-06-14,210.48361206054688,213.13829945342002,209.30484597389386,211.8307711431916,70122700
2024-06-17,214.62413024902344,216.88260054537645,210.71143044440285,211.35528688913016,93728300
2024-06-18,212.26658630371094,216.5656178731208,210.98877362098574,215.5354294813442,79943300
2024-06-20,207.70010375976562,212.21705896960654,206.87795427864972,211.90997342693947,86172500
2024-06-21,205.53082275390625,209.8892705909824,205.15440599094305,208.40343403997312,241805100
2024-06-24,206.1746826171875,210.69162338847192,204.63931513285507,205.75865018980198,80727000
2024-06-25,207.0959014892578,209.3840873125504,206.64023830581658,207.1751328027417,55549700
2024-06-26,211.2364044189453,212.8312027309874,208.65104852463386,209.5029286499739,66213200
2024-06-27,212.0784149169922,213.70292898101007,210.34493889866226,212.66284034706985,49772700
2024-06-28,208.63125610351562,214.02980761283354,208.3142855019514,213.73263728250333,82542700
2024-07-01,214.70335388183594,215.45617219578955,209.91895899194967,210.08735196554287,60402900
2024-07-02,218.19012451171875,218.29908645117231,213.0689435868198,214.1090169642201,58046200
2024-07-03,219.45803833007812,219.45803833007812,216.96182895702523,217.92267103394255,37369800
2024-07-05,224.20278930664062,224.31175124030364,219.55707203955853,219.55707203955853,60412400
2024-07-08,225.6688690185547,225.69858454124022,221.14201294311235,224.945750993976,59085900
2024-07-09,226.52069091796875,227.23389355571192,224.23250541967136,225.777772763212,48076100
2024-07-10,230.7801055908203,230.8791673967792,227.0853299721382,227.13486087511765,62627700
2024-07-11,225.42120361328125,230.19568345608255,223.63819688403007,229.2051258414663,64710600
2024-07-12,228.36314392089844,230.44332094014862,226.5207061684713,226.7584454352943,53046500
2024-07-15,232.18670654296875,234.9899864993383,230.88907844301437,234.24706826366577,62631300
2024-07-16,232.6027374267578,234.03904289009895,230.13624361936286,232.7810305355119,43234300
2024-07-17,226.71881103515625,229.27445126202855,224.4999567390704,227.28342096445022,57345900
2024-07-18,222.06321716308594,228.26411801705945,220.17126344980832,228.10562515807683,66034600
2024-07-19,222.1919708251953,224.65846466815103,221.17169771561296,222.6971648700337,49151500
2024-07-22,221.84527587890625,225.6291978658938,220.98348053112068,224.86646431913928,48201800
2024-07-23,222.88536071777344,224.7971447504236,220.57735968997056,222.25140445670337,39960300
2024-07-24,216.4764862060547,222.67738745667293,215.07981125172523,221.88493822578135,61777600
2024-07-25,215.43638610839844,218.76466037633443,212.59347540961954,216.86277641061952,51391200
2024-07-26,215.90194702148438,217.41749898154802,213.9703475571551,216.6349499920164,41601300
2024-07-29,216.17930603027344,217.22929471632008,213.71281205128278,214.91139345300462,36311800
2024-07-30,216.7340087890625,218.24956072806748,214.07930652606245,217.1203256536185,41643800
2024-07-31,219.98304748535156,221.70662325926872,218.54674189777583,219.34909118598728,50036300
2024-08-01,216.2981719970703,222.36038006072013,214.97082835556836,222.25141811315143,62501000
2024-08-02,217.7840118408203,223.46981835778237,215.6543188775265,217.0807092384795,105568600
2024-08-05,207.2940216064453,211.48407659683002,194.14931622004067,197.210135996183,119548600
2024-08-06,205.2732696533203,208.00721860156926,199.17144565753833,203.36150053141452,69660500
2024-08-07,207.83883666992188,211.62275945732517,204.4412156900116,204.94639470682978,63516400
2024-08-08,211.2958526611328,212.17744837655164,206.8581585633277,211.097744151489,47161100
2024-08-09,214.1981964111328,214.7330909034816,209.96851092003678,210.09728825409005,42201600
2024-08-12,215.7254180908203,217.68898821235913,213.81143620679725,214.27753840147545,38028100
2024-08-13,219.4343719482422,220.04922365215182,217.19311098226797,217.19311098226797,44155300
2024-08-14,219.8806610107422,221.17979111862692,217.8774142480331,218.7402072098891,41960600
2024-08-15,222.8557586669922,223.48053712623224,220.9120118672479,222.7367590108339,46414000
2024-08-16,224.1747283935547,224.94825642777528,221.79462933024135,222.06239369045758,44340200
2024-08-19,224.0160675048828,224.115243980586,221.18970440160442,223.84747960195193,40687800
2024-08-20,224.6309051513672,225.28543353253482,223.57970115675508,223.8970537532744,30299000
2024-08-21,224.52183532714844,226.08872985229075,223.1830436738614,224.64085012661386,34765500
2024-08-22,222.6673583984375,226.44574924370923,222.04257986640772,225.90030886909642,43695300
2024-08-23,224.9581756591797,226.32673228874265,222.46900358067504,223.78797197411373,38677300
2024-08-26,225.2953643798828,225.39454085782168,222.0326640536948,224.87885041051024,30602200
2024-08-27,226.1383056640625,226.95151036486342,223.02435510684418,224.12514736512034,35934600
2024-08-28,224.611083984375,227.95312221094204,223.80779089178384,226.02921369079436,38052200
2024-08-29,227.8837127685547,230.98775191089825,226.9812734022471,228.1911537968638,51906300
2024-08-30,227.1002655029297,228.4886453526855,225.59287085733376,228.28039594132485,52990800
2024-09-03,220.9219512939453,227.10026429068756,219.335218503661,226.65400042223428,50190600
2024-09-04,219.0178680419922,219.94014563997789,215.67581475954933,219.82114598403248,43840200
2024-09-05,220.53518676757812,223.60946073514918,219.6823205428289,219.79140861107143,36615400
2024-09-06,218.98812866210938,223.37145940933704,217.94683622588397,222.09215251756703,48423000
2024-09-09,219.07737731933594,219.4343914347755,214.91222272734436,218.98812757352732,67180000
2024-09-10,218.2840118408203,219.6426417511051,214.9320468059923,217.10388142289187,51591000
2024-09-11,220.8128662109375,221.2392917639212,216.08243282408242,219.6228241682371,44587100
2024-09-12,220.9219512939453,221.69547936785247,217.9964268983011,220.6541869199912,37455600
2024-09-13,220.65419006347656,222.18140791181287,220.06908820245332,221.72523244234597,36766600
2024-09-16,214.52545166015625,215.41797935337752,212.14535259122513,214.7436126542421,59357400
2024-09-17,214.99156188964844,215.10064996456288,212.72056577105593,213.96019610771708,45519300
2024-09-18,218.8592071533203,220.86245391858552,215.7353297749969,215.7452565018275,59894900
2024-09-19,226.97132873535156,227.91345980340301,222.7665127356472,223.12352684243388,66781300
2024-09-20,226.30690002441406,231.15633305592988,225.7317097608303,228.06222073119503,318679900
2024-09-23,224.59124755859375,227.54652178723228,223.9367191660146,225.4540253555904,54146000
2024-09-24,225.48377990722656,227.44736512534206,223.85738561877668,226.75316007712865,43556100
2024-09-25,224.49205017089844,225.40441611848388,222.16155463706056,223.0639938591287,42308700
2024-09-26,225.63253784179688,226.60440369502516,223.54004142995942,225.41436171300208,36636700
2024-09-27,225.90029907226562,227.6159582791164,225.41437368594384,226.56475422029098,34026000
2024-09-30,231.0670928955078,231.0670928955078,227.7448775670891,228.13164162372897,54541900
