Price,Close,High,Low,Open,Volume
Ticker,GOOG,GOOG,GOOG,GOOG,GOOG
Date,,,,,
2004-08-19,2.4772915840148926,2.5691336841907755,2.369153957091815,2.468896496182753,897427216
2004-08-20,2.674062967300415,2.6930732755523494,2.4812420332072223,2.4938330123766455,458857488
2004-08-23,2.7009732723236084,2.801704161502194,2.692332396416163,2.7343033442111193,366857939
2004-08-24,2.589132308959961,2.75528849399456,2.557036377465376,2.7464008843736614,306396159
2004-08-25,2.617030382156372,2.6664090095223547,2.5646897697865474,2.5913537795279127,184645512
2004-08-26,2.664186477661133,2.6651738847597013,2.5839470069867296,2.5911067719582803,142572401
2004-08-27,2.6207337379455566,2.681715934792136,2.609376901853795,2.668877279033014,124826132
2004-08-30,2.518521785736084,2.6044394404726328,2.518521785736084,2.599254016883131,104429967
2004-08-31,2.527409791946411,2.56049289580767,2.522225313367399,2.525681947533266,98825037
2004-09-01,2.4750688076019287,2.5422226488651023,2.460749042142582,2.535556587823919,183633734
2004-09-02,2.506176710128784,2.527409507322632,2.4427259974887066,2.448898591566186,303810504
2004-09-03,2.4691429138183594,2.511855476023422,2.452108133726737,2.492351469355443,103538639
2004-09-07,2.5079057216644287,2.5182753885543847,2.4592687059853198,2.4938329230540104,117506800
2004-09-08,2.525681734085083,2.543704867945711,2.481241560627896,2.487166239595547,100186120
2004-09-09,2.525928497314453,2.535803513824379,2.493585833031476,2.531359709127937,81620792
2004-09-10,2.6004891395568848,2.63085651764639,2.5009923902530047,2.508399125478465,174804764
2004-09-13,2.6540639400482178,2.6765308797309117,2.62838733626733,2.632584407522747,157628624
2004-09-14,2.7525737285614014,2.76516470694563,2.6365347083499397,2.652830000030857,217608605
2004-09-15,2.765164375305176,2.8202209481071265,2.720724201485181,2.729612756185908,215279909
2004-09-16,2.8138017654418945,2.858982382556574,2.756523873369328,2.773558657234167,186207345
2004-09-17,2.900707244873047,2.900707244873047,2.803432043028512,2.824911575279179,190350817
2004-09-20,2.9468750953674316,3.002178400347641,2.8829309148607933,2.8873747194262833,213585582
2004-09-21,2.9093480110168457,2.9730454591675115,2.901200838874691,2.9579852555998882,145262446
2004-09-22,2.9226796627044678,2.954528862040154,2.8839183767205854,2.8984851142542882,152344894
2004-09-23,2.9829211235046387,3.0276080261983114,2.8891023322335143,2.93403715018623,171524515
2004-09-24,2.9584786891937256,3.063900104547435,2.9567508450810545,2.9858828971112166,183336625
2004-09-27,2.919717788696289,2.984402410108954,2.908360952181124,2.951812774946528,141994242
2004-09-28,3.132042646408081,3.1453740606388716,2.9678612781281664,2.994772021878586,340190355
2004-09-29,3.2362301349639893,3.3335043887601405,3.1164887060633513,3.1280925122007854,613229953
2004-09-30,3.1996898651123047,3.2663502380393337,3.1848763963874416,3.2070965994747365,276468402
2004-10-01,3.273263931274414,3.3142474758153004,3.182407813819498,3.229317219719211,303934969
2004-10-04,3.334491491317749,3.3791786343308217,3.3090618590474006,3.339183211204654,261693228
2004-10-05,3.4162120819091797,3.4201621829773687,3.264869373913469,3.3246167204999635,300887589
2004-10-06,3.384363889694214,3.41818766464473,3.3577001161823765,3.395967695828281,268900140
2004-10-07,3.428063154220581,3.453493026848014,3.3712787291123942,3.3804142550500105,283643194
2004-10-08,3.4004108905792236,3.4485544234365344,3.3828814632142445,3.4248533481962244,222442656
2004-10-11,3.339430332183838,3.4283109249716457,3.304618437775878,3.382388690588447,210437827
2004-10-12,3.3922641277313232,3.3974483692903537,3.293507823787766,3.319184424999513,234419380
2004-10-13,3.478675365447998,3.5441016022587872,3.458430920358605,3.5384224752975673,397203256
2004-10-14,3.5058329105377197,3.5152151687836577,3.4209038458005216,3.481391393987261,209835578
2004-10-15,3.557927131652832,3.5922455586474293,3.504599107070514,3.5781725244265554,265150137
2004-10-18,3.6826064586639404,3.6835936294477643,3.486328924790308,3.5354598734943368,282061287
2004-10-19,3.652486562728882,3.7625997243319973,3.6379200605065947,3.7156903169077236,363918964
2004-10-20,3.468553066253662,3.678409711681502,3.4465798290707466,3.6547076847164615,456613107
2004-10-21,3.688037633895874,3.706554235038902,3.4964515855787104,3.5650865420472213,585767401
2004-10-22,4.257119178771973,4.448211530879604,4.0509656771538305,4.210456746534116,1481207196
2004-10-25,4.626712322235107,4.800276184483651,4.260080825538311,4.355133768412495,1315480331
2004-10-26,4.488454818725586,4.7560832887492515,4.444014405251294,4.600542786928806,895628499
2004-10-27,4.591408729553223,4.679054012163345,4.48771488697599,4.511169238406733,536262538
2004-10-28,4.772377014160156,4.799287519707167,4.582272086122386,4.608935858072089,596097978
2004-10-29,4.706704616546631,4.936558225814875,4.705716736847007,4.910387921829676,849672890
2004-11-01,4.839777946472168,4.880267781599616,4.7222590147630426,4.7785497265741474,490828877
2004-11-02,4.811139106750488,4.919276483807343,4.7733652339256105,4.907672915010382,455553149
2004-11-03,4.732134819030762,4.97729636373464,4.709421143640824,4.892860518290831,557630330
2004-11-04,4.560051918029785,4.700779404177205,4.526722084663875,4.652388895193148,578544429
2004-11-05,4.181076526641846,4.5007988653113955,4.161326020414473,4.492898662820446,796297573
2004-11-08,4.260080337524414,4.331432665249135,4.182310100568882,4.220085390583403,449349985
2004-11-09,4.165030002593994,4.3255080296537445,4.080346474586239,4.298350311495597,444226854
2004-11-10,4.144290447235107,4.259341115461685,4.106516566550181,4.213666558871451,427355853
2004-11-11,4.518575191497803,4.5365980903700995,4.137130202962727,4.175645700329868,601666773
2004-11-12,4.493391990661621,4.685966155948575,4.379823156521595,4.573137995310956,672354740
2004-11-15,4.564249515533447,4.649426497038943,4.413153536570969,4.455124247946857,477844390
2004-11-16,4.2598347663879395,4.430929428913363,4.217617314981673,4.3822921758456,839832142
2004-11-17,4.258846282958984,4.382291068503469,4.172435169412702,4.172929109262582,728034662
2004-11-18,4.13638973236084,4.306249752951391,4.091702588535037,4.204284015739003,667677273
2004-11-19,4.182310104370117,4.196630105712978,4.1112059281749795,4.174903370113363,352086780
2004-11-22,4.076148986816406,4.184780327331957,3.98257832465546,4.060595313843471,496582362
2004-11-23,4.1358962059021,4.217617033075675,4.110713304263193,4.147006309566323,498393124
2004-11-24,4.3146443367004395,4.375131891233673,4.259094290916554,4.316125211189402,613531078
2004-11-26,4.428953647613525,4.444754523986534,4.328469735250456,4.340320510697644,260175560
2004-11-29,4.469937801361084,4.516846494596321,4.382538325016847,4.452902310209241,428263241
2004-11-30,4.4928975105285645,4.518080403933072,4.450185663298722,4.461542496885382,309154460
2004-12-01,4.443027496337891,4.5057365974824455,4.43290480009826,4.492158212402325,315743063
2004-12-02,4.429202079772949,4.4812954977013835,4.408216010663653,4.4415458531639995,251374696
2004-12-03,4.453890323638916,4.470184669081462,4.384760949809871,4.4427806930502936,235647968
2004-12-06,4.352417945861816,4.461296955258845,4.345751884061999,4.42253472523561,251097661
2004-12-07,4.232429027557373,4.350196098450751,4.210702765326478,4.3452571728758445,275866153
2004-12-08,4.196630954742432,4.2879805381669645,4.165769870875518,4.205766243953745,302802741
2004-12-09,4.281807899475098,4.283536452913509,4.1593504998005715,4.203296973942287,307307563
2004-12-10,4.237860679626465,4.31760620463019,4.228973071044761,4.281807146035226,173335277
2004-12-13,4.2082343101501465,4.275636074740996,4.183545822456706,4.250699908085399,193466452
2004-12-14,4.4116716384887695,4.414881066104952,4.187248985571489,4.221813433857347,445198482
2004-12-15,4.438582420349121,4.461049360393218,4.3615537894418095,4.394390159147765,460559845
2004-12-16,4.3568620681762695,4.456111850818254,4.3440243569195305,4.368713317599695,344197318
2004-12-17,4.44598913192749,4.4563585615336185,4.358837332782757,4.364021574916043,296555412
2004-12-20,4.567953109741211,4.652883370633685,4.490182851475596,4.493392752309963,394854485
2004-12-21,4.536597728729248,4.638562991792394,4.527955907753253,4.599801709227364,221479058
2004-12-22,4.599555492401123,4.613133877735578,4.51832860534121,4.540301606317394,156865776
2004-12-23,4.63905668258667,4.656339380032104,4.592148462009536,4.627946579658792,145125936
2004-12-27,4.738060474395752,4.772378195725523,4.668684358091181,4.669919444392689,245079187
2004-12-28,4.759045600891113,4.778549845460073,4.715839804372124,4.742997044865282,166453579
2004-12-29,4.762502670288086,4.777809608875746,4.734850542037862,4.734850542037862,107525527
2004-12-30,4.878540515899658,4.894094187401129,4.736578876722863,4.764230058356486,237057231
2004-12-31,4.759787082672119,4.93483184629884,4.754107954660024,4.918784232887385,307889737
2005-01-03,5.004701137542725,5.027661543722732,4.825706299435417,4.873601926045679,636143518
2005-01-04,4.802003860473633,5.010131681194267,4.776820490591058,4.972357808044699,552298420
2005-01-05,4.777562618255615,4.86125778139127,4.745960390242317,4.776080798533189,330698912
2005-01-06,4.655104160308838,4.836568187398412,4.634612039879362,4.816322800531334,417041336
2005-01-07,4.785957336425781,4.795833299744783,4.660783968087283,4.706705732244182,387964757
2005-01-10,4.815829753875732,4.89088403036356,4.736083757935438,4.802003692450779,302714411
2005-01-11,4.7783026695251465,4.8812558036080045,4.76941364302724,4.829655869773214,279391317
2005-01-12,4.82373046875,4.837309798036547,4.703248839809776,4.7978068962371845,328338096
2005-01-13,4.82249641418457,4.873355207668735,4.790894186714447,4.823730554927394,275002929
2005-01-14,4.93705415725708,4.938041091826428,4.792870012188579,4.839038036164181,387057368
2005-01-18,5.03408145904541,5.061732643133067,4.904711258430444,4.961742180113594,528878966
2005-01-19,4.871134281158447,5.068645982859905,4.85656754264296,5.05259836979808,451995865
2005-01-20,4.787684917449951,4.845210725478613,4.740282751670992,4.7526269967449135,361413608
2005-01-21,4.648438930511475,4.823236928615936,4.644488829459154,4.802991065462402,371724110
2005-01-24,4.461790561676025,4.674362431838965,4.451914600190178,4.65856155519924,563010421
2005-01-25,4.372910499572754,4.49931799352885,4.352417901798857,4.491911258270703,427966132
2005-01-26,4.672140121459961,4.676336956219331,4.423028507532043,4.425991201559719,494161321
2005-01-27,4.643501281738281,4.6627583192037525,4.572396156261656,4.6602890925348035,266089645
2005-01-28,4.69929838180542,4.806942775620771,4.600542542883203,4.691397234047184,490158373
2005-01-31,4.829656600952148,4.847926233208488,4.733369513160916,4.782006760639574,385306832
2005-02-01,4.737812519073486,4.8553323920020315,4.706457973078574,4.799040736824944,756384528
2005-02-02,5.084939479827881,5.352567450588001,5.028154827810965,5.321706843191513,1316889593
2005-02-03,5.205915927886963,5.267885771834553,5.081236511788816,5.0856810257137255,521471303
2005-02-04,5.045437812805176,5.129132975979255,5.001984808350662,5.097531693290985,594993855
2005-02-07,4.839777946472168,5.09580234627363,4.826939763708555,5.067657699372686,520359150
2005-02-08,4.904216289520264,4.938286795196234,4.802744027925507,4.862739049421318,460921194
2005-02-09,4.729912757873535,4.977295823885964,4.677572144026038,4.956557437910934,689434520
2005-02-10,4.6410322189331055,4.745466236091089,4.573631403749871,4.73954084814797,762154073
2005-02-11,4.626712322235107,4.748182777850533,4.593875954188337,4.608442690771976,526606480
2005-02-14,4.764724254608154,4.766946747993387,4.468703922866395,4.51437847801493,1548269624
2005-02-15,4.8200273513793945,4.933843870062238,4.766946535548155,4.779784246661035,1035177611
2005-02-16,4.898538112640381,4.921251785303108,4.797066786502781,4.806942748475042,663770685
2005-02-17,4.885946750640869,4.931620825982925,4.85903577262654,4.884217724793811,418137429
2005-02-18,4.887180805206299,4.909153802236494,4.855332319825557,4.901006867032836,340708289
2005-02-22,4.724728584289551,4.9106362604491,4.700533559125802,4.851383783902797,541369609
2005-02-23,4.788426399230957,4.801510844871466,4.65782064107919,4.77237784122098,625776806
2005-02-24,4.663498878479004,4.687199956164556,4.499070318228753,4.5272154366059185,1036442333
2005-02-25,4.588938236236572,4.68892868282808,4.580049681854725,4.6699183787236676,400435325
2005-02-28,4.641279697418213,4.687694455972158,4.588445610005737,4.592148978064539,313908211
2005-03-01,4.593628883361816,4.6847317183856285,4.493391705946738,4.673374882958204,373844027
2005-03-02,4.571903228759766,4.633379133756062,4.551658309168986,4.59091353487033,292512314
2005-03-03,4.61708402633667,4.635353659618936,4.550424821822077,4.59535823144414,305484756
2005-03-04,4.589678764343262,4.6230085970382815,4.569187586605586,4.609429741298109,271979640
2005-03-07,4.661523342132568,4.68102853166204,4.617577818308511,4.636094655409686,347995502
2005-03-08,4.572397232055664,4.687201173741482,4.566719521924367,4.668684332716375,323050350
2005-03-09,4.477344512939453,4.558818127955837,4.447964778250656,4.547955231377528,456119263
2005-03-10,4.443520545959473,4.473640952877015,4.379823098269199,4.468950178314061,440063306
2005-03-11,4.3896989822387695,4.467469241659023,4.373651368508009,4.454878262466657,322335682
2005-03-14,4.3203229904174805,4.404511617585428,4.260575643348275,4.402784009649462,447535208
2005-03-15,4.409696578979492,4.444013819076181,4.301064313925681,4.327976237429463,418446584
2005-03-16,4.33538293838501,4.409696544756213,4.32081620289072,4.362540177265678,285317446
2005-03-17,4.426484107971191,4.435124982677321,4.34032020381224,4.373156567568863,331662510
2005-03-18,4.44500207901001,4.4538906349077125,4.402290689059029,4.414634933984549,284663002
2005-03-21,4.4657416343688965,4.497589655511156,4.376120596705838,4.4259919915131185,300470030
2005-03-22,4.409450531005859,4.491911558837919,4.390933691621474,4.4731479858183425,226112360
2005-03-23,4.418831825256348,4.449939644278165,4.393895656105649,4.393895656105649,194526410
2005-03-24,4.425498008728027,4.46524717428407,4.424263867919812,4.46129707289217,148763520
2005-03-28,4.479072570800781,4.562521953823367,4.467468999532627,4.485492372216891,350830087
2005-03-29,4.433398723602295,4.5249950484373915,4.396365041682488,4.469938465539892,259890496
2005-03-30,4.455124378204346,4.4798138111916295,4.434138785567951,4.4598151530438335,250378977
2005-03-31,4.456604957580566,4.478331694984652,4.385747981755573,4.393401450233295,271758815
2005-04-01,4.44500207901001,4.516846945765606,4.443767938119348,4.487467680656454,248206866
2005-04-04,4.574618816375732,4.57535901719977,4.44006391945446,4.442780352491334,324266893
2005-04-05,4.655599117279053,4.697323095271576,4.630909684876603,4.634859786086299,350777892
2005-04-06,4.671646595001221,4.682263231319792,4.631156754819509,4.672140534939465,210891521
2005-04-07,4.78373384475708,4.804966641525785,4.6573263618816965,4.660782995589084,389141150
2005-04-08,4.74151611328125,4.816817130263592,4.726702643491365,4.782006421596851,205431131
2005-04-11,4.770648956298828,4.809410237416357,4.748182491415013,4.7671927952411925,217231195
2005-04-12,4.78867244720459,4.800029283068689,4.67633681124781,4.764970423048213,293881426
2005-04-13,4.763242721557617,4.797559962080392,4.684237866600939,4.776573898667438,263214910
2005-04-14,4.72670316696167,4.798548030729504,4.693373328912978,4.771637048520804,247030473
2005-04-15,4.567458629608154,4.6992980334793995,4.559064487909313,4.693372645769692,464831797
2005-04-18,4.616096496582031,4.638563437131586,4.53017883583489,4.5570898177680785,262994085
2005-04-19,4.72546911239624,4.740282584097132,4.642266937232832,4.674363107697968,338463908
2005-04-20,4.8908843994140625,4.950137804937088,4.836815708232903,4.902734702382878,620376641
2005-04-21,5.041981220245361,5.061238732097093,4.921005173454438,4.9481633605455215,712737539
2005-04-22,5.328126430511475,5.530328883568146,5.289857668398401,5.503171169600423,1333182435
2005-04-25,5.5187249183654785,5.548598593217434,5.3703444239266025,5.377751159234506,796574608
2005-04-26,5.400712013244629,5.480951494834851,5.389355175721989,5.437005019258732,693469588
2005-04-27,5.426141262054443,5.452558303176424,5.351086973631372,5.381948055989175,412131000
2005-04-28,5.417994022369385,5.482925611229034,5.375034486825847,5.419228163085925,348613811
2005-04-29,5.431573390960693,5.487123431030195,5.3777509588389645,5.478728343544453,368182886
2005-05-02,5.4881110191345215,5.522922202262724,5.436757812109707,5.482185158243822,392160425
2005-05-03,5.5843987464904785,5.63278879229324,5.464162887586798,5.477248278967625,713873782
2005-05-04,5.641429424285889,5.675500408989794,5.6043962179297075,5.610074872936959,485151677
2005-05-05,5.603902339935303,5.644392653674585,5.576745096132371,5.644392653674585,301509913
2005-05-06,5.629578590393066,5.659945731669553,5.591310774110565,5.638959667081334,271570110
2005-05-09,5.580201148986816,5.641429376676721,5.565634883806059,5.629085604888569,222302131
2005-05-10,5.624146461486816,5.624146461486816,5.548104771631897,5.566621608719029,254783425
2005-05-11,5.7103118896484375,5.727346908800694,5.627356451210657,5.653033292093233,460873014
2005-05-12,5.646861553192139,5.733519412704538,5.634022423949622,5.6984605497595044,359269602
2005-05-13,5.659698963165283,5.705373041605298,5.612295858760934,5.6582180888224025,297731805
2005-05-16,5.704386234283447,5.718459031217112,5.643158010846235,5.6705624585209735,228107811
2005-05-17,5.755739212036133,5.763639414185512,5.683399943294383,5.692288497884491,313526787
2005-05-18,5.904613971710205,5.924611684488559,5.765367347108434,5.767589840383555,494325936
2005-05-19,5.9051079750061035,5.9542386937357294,5.882641033291351,5.933747511853672,390116793
2005-05-20,5.96510124206543,5.966583061735739,5.916710730937124,5.955226225621379,327763952
2005-05-23,6.306796073913574,6.372222070416212,5.992259430596294,6.003369532228991,858738744
2005-05-24,6.320376396179199,6.5534404155213135,6.258653757179947,6.344077477386857,1166078427
2005-05-25,6.439129829406738,6.443326664070159,6.18779572803445,6.239642399663679,725023418
2005-05-26,6.399379730224609,6.511961147194148,6.377159527137315,6.4428327293741114,543895039
2005-05-27,6.567264080047607,6.568499165931637,6.400613511586052,6.430487180947878,489190760
2005-05-31,6.8455095291137695,6.8734083861838,6.650467099231398,6.6519479734385065,892805959
2005-06-01,7.110422134399414,7.2311519152392805,6.962782791882966,6.991916264744813,1412944285
2005-06-02,7.107954502105713,7.154369258025746,7.026480882105305,7.128446155755022,721658854
2005-06-03,6.91933012008667,7.1425181552531,6.848966138827059,7.080548315955599,754108027
2005-06-06,7.183008670806885,7.252385251542008,6.958092061097236,6.9719181250524,904413304
2005-06-07,7.236830234527588,7.3965680454970455,7.167208337470211,7.335093084979817,976566743
2005-06-08,6.902048587799072,7.238559723228084,6.863534032651409,7.230165579850111,1031889331
2005-06-09,7.068697929382324,7.122767093290851,6.926736773180149,7.029443180377252,660109011
2005-06-10,6.974634170532227,7.092647528501258,6.9134049981796775,7.085487526472553,509767599
2005-06-13,6.98080587387085,7.016357255162976,6.826992998070938,6.90846660726527,514047581
2005-06-14,6.87217378616333,6.9435247022158615,6.85736031634765,6.878099646759347,405189077
2005-06-15,6.7845282554626465,6.846249941004201,6.602570262931529,6.789465763424502,838454999
2005-06-16,6.849708080291748,6.8709408817378606,6.741817410171162,6.771197148812021,500364485
2005-06-17,6.920317649841309,6.920317649841309,6.811686789530461,6.8882228988754965,418940428
2005-06-20,7.078327178955078,7.1022749912639,6.708732530210633,6.816376445812368,844140229
2005-06-21,7.106472492218018,7.16720819598109,7.035615510392152,7.112151619660434,607560783
2005-06-22,7.142518997192383,7.217079821887189,7.126965324802896,7.15165428638802,420530365
2005-06-23,7.152641296386719,7.27855532434728,7.073389228342922,7.11042243232913,564363474
2005-06-24,7.338796138763428,7.35731297708456,7.1494313933156,7.182021501430565,713512433
2005-06-27,7.507915019989014,7.517050308674106,7.255100029672844,7.379532710523157,714785186
2005-06-28,7.45606803894043,7.635064304262115,7.45606803894043,7.561737622874209,764314139
2005-06-29,7.226955413818359,7.5148283412747245,7.212882615709285,7.468413584417276,734691521
2005-06-30,7.262260437011719,7.38027379627894,7.185478064266441,7.266951684761693,606039101
2005-07-01,7.190661907196045,7.313859974639569,7.14054378590688,7.284233033316149,370487492
2005-07-05,7.300775527954102,7.3074411175117735,7.165479468968941,7.211648437287241,300883574
2005-07-06,7.197329044342041,7.347437632497528,7.193872410008272,7.34003089654646,321211484
2005-07-07,7.296577453613281,7.30299583577412,7.123013604207738,7.144740340668827,428484066
2005-07-08,7.313612937927246,7.344968431308277,7.259791451203127,7.314106405149005,299422117
2005-07-11,7.242508888244629,7.322748361596897,7.184983087605693,7.317809907930004,336869956
2005-07-12,7.203746795654297,7.268431645236526,7.182760733275039,7.243495482104922,235475323
2005-07-13,7.37854528427124,7.387926360612584,7.211647489550475,7.221769239375312,459230882
2005-07-14,7.42866325378418,7.573340368439847,7.408418336529767,7.538529188080925,428307406
2005-07-15,7.436070442199707,7.490633075942995,7.401259259716703,7.437304582943015,338801168
2005-07-18,7.395334243774414,7.453600724413232,7.351141034176961,7.406691081394851,249242734
2005-07-19,7.651111602783203,7.662221706255259,7.451131158295564,7.4585378939436024,506748324
2005-07-20,7.702958583831787,7.718018788430119,7.451130995316139,7.54420818347427,574561556
2005-07-21,7.750855445861816,7.846154185532912,7.683454623107203,7.753570461191156,794543021
2005-07-22,7.465943336486816,7.635063624309059,7.3160819772424786,7.563958497231872,938978379
2005-07-25,7.304232120513916,7.4879177495016105,7.282259119521281,7.465697542203575,387800142
2005-07-26,7.31015682220459,7.3573131960893665,7.211401451115038,7.283493046898232,394147846
2005-07-27,7.330895900726318,7.362990650764873,7.219054670477535,7.350893140676852,289798178
2005-07-28,7.246212482452393,7.34274630350782,7.240780088714958,7.34274630350782,237912424
2005-07-29,7.104497909545898,7.229917996184676,7.085487131519595,7.212635298826302,335785908
2005-08-01,7.199549674987793,7.221522673729307,7.11289134807335,7.113385287963747,227344963
2005-08-02,7.386692523956299,7.394839932610069,7.187452294035436,7.199302597589342,292701018
2005-08-03,7.340030670166016,7.399778023215371,7.298059482850974,7.357313368632019,238113174
2005-08-04,7.350646495819092,7.382001045376773,7.289418271110365,7.296825006492424,210245108
2005-08-05,7.2178192138671875,7.369903540509222,7.1921428479506275,7.34496832075365,238478538
2005-08-08,7.190661907196045,7.299293237598964,7.171898335247803,7.24868164906759,179943955
2005-08-09,7.198563098907471,7.225968494267636,7.123014865782234,7.2081918555284075,232038489
2005-08-10,7.053145408630371,7.217326795939099,7.033394427772264,7.191896687262821,276191367
2005-08-11,7.012901306152344,7.075364617457192,6.928218261202928,7.058329125949526,301722708
2005-08-12,7.15288782119751,7.16473859738147,6.953400858330279,6.99586645476931,264423423
2005-08-15,7.011666774749756,7.228188753095956,7.00598812034029,7.154862549013283,328213631
2005-08-16,7.052403926849365,7.105238007291607,6.995371593598091,7.033393621768701,285433881
2005-08-17,7.038824558258057,7.075117560244926,7.011666844673571,7.048947253783769,155914222
2005-08-18,6.912662982940674,6.925254903789873,6.789465406590189,6.811932342844098,476692087
2005-08-19,6.912911415100098,6.948710954421853,6.903530337228474,6.9373541167123,222547046
2005-08-22,6.765023708343506,6.949203738731868,6.748729363319836,6.943525084100291,273541472
2005-08-23,6.902541160583496,6.906492207117844,6.767739526031079,6.818105797781345,233740846
2005-08-24,6.976362228393555,7.030184668555242,6.825266229181426,6.8529178865411895,345012362
2005-08-25,6.97685432434082,7.011665974989996,6.912169476055851,6.975866917339964,175720183
2005-08-26,7.001297473907471,7.036850275350581,6.978583801193227,6.9988282470739245,150775031
2005-08-29,7.121532440185547,7.138074463984072,6.9682144388873635,6.9682144388873635,237005036
2005-08-30,7.092401027679443,7.14770339530929,7.0580823635415575,7.095362776701398,192398464
2005-08-31,7.061045169830322,7.1227678083197725,7.020554858067522,7.116101746346799,202114747
2005-09-01,7.067217826843262,7.098078437355335,7.0363557983218215,7.0588236840636025,110095123
2005-09-02,7.121532440185547,7.15955446882735,7.071908259469034,7.073636812803069,137894934
2005-09-06,7.088449478149414,7.144741139697789,7.080796009147951,7.135111911035621,169123549
2005-09-07,7.280035495758057,7.2955891657818785,7.0432681396533,7.058328342482542,301104399
2005-09-08,7.292874813079834,7.388914220201619,7.242755746737577,7.279048749651336,265523531
2005-09-09,7.384223461151123,7.384470194771343,7.3217601509746775,7.339536315705027,176278267
2005-09-12,7.64716100692749,7.688638251205145,7.431379697897876,7.44989653582083,417017246
2005-09-13,7.695057392120361,7.790108909742392,7.559020682956989,7.628890721172203,413540262
2005-09-14,7.480756759643555,7.734559138591964,7.414096619220772,7.622224448755983,452722579
2005-09-15,7.471375942230225,7.573340734226068,7.355090202028642,7.394839837658379,620966845
2005-09-16,7.411628246307373,7.517791299609265,7.403480837101954,7.505940522583201,304328438
2005-09-19,7.500260829925537,7.554823459820269,7.424219142312814,7.431379143331962,231339881
2005-09-20,7.601981163024902,7.685676333552099,7.535814479719245,7.558528154752785,375441994
2005-09-21,7.700489044189453,7.746411275007812,7.5538371055306435,7.6143246550939745,406305245
2005-09-22,7.687404632568359,7.881212955538944,7.6577781625492305,7.690614533139522,522206047
2005-09-23,7.785912990570068,7.831587543786613,7.717525236561702,7.727647932504882,340623975
2005-09-26,7.759248733520508,7.923923564886706,7.716784083398551,7.888125448884518,397259466
2005-09-27,7.750855445861816,7.861214390690192,7.737029381551491,7.775790668473929,275954483
2005-09-28,7.554823398590088,7.779492771235894,7.544947910071429,7.757767452766402,321095049
2005-09-29,7.644197463989258,7.6713551748139475,7.556798944037845,7.5716124127312066,225393676
2005-09-30,7.813070774078369,7.8387471419280095,7.710118569054067,7.757768409688105,367424053
2005-10-03,7.867880344390869,7.90318593980006,7.72246207325231,7.743201404520806,367785402
2005-10-04,7.678268909454346,7.932071777024091,7.671849581344659,7.899235880959604,367143003
2005-10-05,7.671108722686768,7.774555807451938,7.604201846070555,7.719992701510834,334384676
2005-10-06,7.721474647521973,7.76418603008805,7.655801441914379,7.755791888269687,320950509
2005-10-07,7.7273993492126465,7.818255455993073,7.666911801235125,7.771839759159091,271827070
2005-10-10,7.669628143310547,7.772581764810096,7.632594939181922,7.735301354389632,223723439
2005-10-11,7.55729341506958,7.7190060335568305,7.5266785939235135,7.6686407059789525,342984790
2005-10-12,7.430639266967773,7.584204478259442,7.382001074209249,7.5350737635929255,373643277
2005-10-13,7.343486309051514,7.456067258766801,7.176588516949418,7.456067258766801,424292413
2005-10-14,7.311390399932861,7.412369201919614,7.222510998200079,7.404220848103762,342041267
2005-10-17,7.530135154724121,7.53507360845614,7.27238265840762,7.344968663940856,303802474
2005-10-18,7.487670421600342,7.603214545040264,7.474337825609873,7.529147665928329,284173173
2005-10-19,7.621485233306885,7.6503715027149335,7.504458808525561,7.505447161074646,281479113
2005-10-20,7.485694408416748,7.681478471434538,7.436563696958865,7.653333351380666,558553779
2005-10-21,8.391780853271484,8.55300096468959,8.221426870334799,8.537445401054912,919128253
2005-10-24,8.607808113098145,8.623857142515032,8.448317988165464,8.477450516853704,378682093
2005-10-25,8.564849853515625,8.576947363446052,8.464859401037616,8.536950993386943,276163262
2005-10-26,8.775446891784668,8.789273429153333,8.54707458097448,8.54929707443501,357635500
2005-10-27,8.71668815612793,8.816184204066214,8.682616226135325,8.80408669315907,206145800
2005-10-28,8.842846870422363,8.862104380040808,8.76507663117144,8.771248752338726,237025111
2005-10-31,9.187751770019531,9.252190837075872,8.875931535756576,8.893953487995441,575866428
2005-11-01,9.366501808166504,9.4780953610304,9.110476442388958,9.180839955991837,656696267
2005-11-02,9.373907089233398,9.505251600998776,9.3119372551353,9.423778469610273,424200069
2005-11-03,9.528708457946777,9.544263077412051,9.415880273771542,9.441310857109048,299052737
2005-11-04,9.639314651489258,9.672891222209715,9.516363787479385,9.628204075565007,354319116
2005-11-07,9.752882957458496,9.813124720941067,9.681779242427636,9.754611983514355,385098052
2005-11-08,9.626229286193848,9.766710541284091,9.593640592035374,9.733626489142875,317084071
2005-11-09,9.360822677612305,9.586480912249021,9.33317149430261,9.546484539098598,420245300
2005-11-10,9.655854225158691,9.66202729186725,9.318356691964855,9.34131804223808,366516664
2005-11-11,9.63857364654541,9.799051657676038,9.600305354995848,9.75510565660728,283615089
2005-11-14,9.800780296325684,9.831642799360093,9.666472113150794,9.681038851572616,313486637
2005-11-15,9.697827339172363,9.801520690338583,9.652152312916796,9.736835830839922,346289130
2005-11-16,9.829913139343262,9.847195837419472,9.730169415641317,9.781769830901782,349111670
2005-11-17,9.96076488494873,9.969653913559968,9.863983848882295,9.92002830929038,369869183
2005-11-18,9.880770683288574,9.986685565232255,9.871883547513063,9.961750347664905,282077347
2005-11-21,10.106677055358887,10.121984940021841,9.714863083372817,9.855096655081093,414953540
2005-11-22,10.282214164733887,10.302953021425262,10.0293992015857,10.089145599696362,385278727
2005-11-23,10.439976692199707,10.485898448501056,10.265178694198582,10.2962869807253,404912042
2005-11-25,10.582185745239258,10.585396118348887,10.500219134272376,10.512068965523614,194329675
2005-11-28,10.455284118652344,10.646869446925177,10.429606808602918,10.611811533546819,441986487
2005-11-29,9.962985038757324,10.527374412605798,9.928420593709108,10.479477845781059,863054861
2005-11-30,9.996810913085938,10.084210400581254,9.76596936708966,9.980763772374084,626202395
2005-12-01,10.223455429077148,10.25678526725984,10.080260113573182,10.102727054443076,391257051
2005-12-02,10.312582015991211,10.357762627091418,10.217776752764244,10.29381797209926,302870996
2005-12-05,10.020018577575684,10.307645719374573,9.981256817177666,10.295300529290001,413118688
2005-12-06,9.987676620483398,10.280734738450773,9.917559835588548,10.090382098070542,607279734
2005-12-07,9.979776382446289,10.04100413868816,9.851145911591564,10.027672014085283,468385066
2005-12-08,10.138525009155273,10.138525009155273,9.940766585994757,10.006439326750714,357735875
2005-12-09,10.102725982666016,10.265178793872698,10.086923687633655,10.245921282978692,306881974
2005-12-12,10.186915397644043,10.251107738794824,10.121243599997312,10.236787734321567,279046027
2005-12-13,10.307398796081543,10.319989774235387,10.162967921068365,10.184200248520526,327775997
2005-12-14,10.343690872192383,10.362702597818787,10.258020412087607,10.2962887063088,266210095
2005-12-15,10.432323455810547,10.44689019362292,10.282956018513753,10.34739414663645,242738446
2005-12-16,10.619958877563477,10.677978142993718,10.437260678398042,10.501205331707789,655668429
2005-12-19,10.482935905456543,11.01646472261161,10.372081614157322,10.670571616403858,880760980
2005-12-20,10.60983657836914,10.670571806400883,10.484663227412502,10.563422298700011,404899997
2005-12-21,10.525649070739746,10.785624095013667,10.386896841931735,10.703903262640733,450558497
2005-12-22,10.666621208190918,10.68686659926843,10.515772436261999,10.65995561926266,302995460
2005-12-23,10.639216423034668,10.677978177983531,10.586135610889732,10.669336829741024,184492943
2005-12-27,10.483922958374023,10.662177122123284,10.43750867900681,10.662177122123284,269116950
2005-12-28,10.534536361694336,10.561447343811992,10.400475863711799,10.476517089678003,285783185
2005-12-29,10.373068809509277,10.584899525680127,10.348873791905321,10.566383162086758,278873383
2005-12-30,10.24246597290039,10.325173732368382,10.21481479031451,10.301965645787753,304621533
2006-01-03,10.745381355285645,10.756243307413676,10.325421795906935,10.431583434199194,526815259
2006-01-04,10.99251651763916,11.08436004013599,10.856974672608867,10.959433413358337,613747887
2006-01-05,11.14064884185791,11.148302309534506,10.900177189967906,11.011278201416992,433952486
2006-01-06,11.496665954589844,11.616160658357348,11.19002804699469,11.27964907482032,712938289
2006-01-09,11.527278900146484,11.687756897588475,11.380132080328549,11.51518139056947,513593887
2006-01-10,11.59788990020752,11.60998741057395,11.407291483190306,11.466051899643894,365247927
2006-01-11,11.644058227539062,11.729976357684658,11.583570676570092,11.635170145110209,361646478
2006-01-12,11.44654655456543,11.727013673210012,11.393959206154458,11.695657705721633,406530084
2006-01-13,11.511232376098633,11.527032781338498,11.396675184081634,11.46333485711525,307411953
2006-01-17,11.532463073730469,11.601346181304377,11.419388180827909,11.432472624765143,332051965
2006-01-18,10.984368324279785,11.291746402038742,10.943385021737015,11.043375469377406,822499417
2006-01-19,10.77549934387207,11.196199009602097,10.690322373406126,11.138919950119488,583671575
2006-01-20,9.86225700378418,10.863887864814677,9.745724983240258,10.831052436879473,1650832619
2006-01-23,10.554533004760742,10.576506475969216,10.017055508506509,10.057792078000379,913065614
2006-01-24,10.93795394897461,10.985356110271534,10.726863407743377,10.765130752922154,620902605
2006-01-25,10.690323829650879,11.214470166458112,10.596998966198166,11.141143960700745,752401655
2006-01-26,10.721677780151367,10.862899214428765,10.45725875480872,10.85178863909716,518982008
2006-01-27,10.702420234680176,10.819198970058686,10.591073420143276,10.73970064371424,339355237
2006-01-30,10.53774642944336,10.697236557781743,10.492812549338922,10.59724610153318,344843732
2006-01-31,10.681927680969238,10.853270460814953,10.467381941776054,10.630329161744196,885948351
2006-02-01,9.919533729553223,9.924965650501017,9.567469435905723,9.604749845668552,1088966472
2006-02-02,9.77781867980957,10.036065583821479,9.776337332785873,9.96989938032267,474078326
2006-02-03,9.420075416564941,9.724984268783816,9.198367783118021,9.718071001128504,734012987
2006-02-06,9.507723808288574,9.62622970273034,9.370946388074456,9.512908051217774,358956433
2006-02-07,9.083565711975098,9.473157168594877,8.970736597202288,9.455628682120993,667701363
2006-02-08,9.112204551696777,9.151954189342705,8.756436408573899,9.097391080856031,835283155
2006-02-09,8.857661247253418,9.243548843933914,8.791988510013354,9.164544928623325,478282024
2006-02-10,8.95246410369873,8.99912699574659,8.718659957713992,8.936170235921804,611222457
2006-02-13,8.534974098205566,8.655950113354242,8.440909056818427,8.5581821779416,791668286
2006-02-14,8.476217269897461,8.68286377750741,8.453503595575796,8.525841926319048,588357072
2006-02-15,8.453008651733398,8.542381986271213,8.340673022572897,8.425603261815255,519821141
2006-02-16,9.047518730163574,9.060849907162597,8.50510185748596,8.53423532882023,855815829
2006-02-17,9.104057312011719,9.187752001463476,8.977402613213883,9.131461759484068,574955025
2006-02-21,9.050727844238281,9.22231640283356,9.014188584876125,9.047024949719974,348742290
2006-02-22,9.023571014404297,9.1089947289894,8.983327911254912,9.06455431839385,260018976
2006-02-23,9.334159851074219,9.41242357524461,9.021104009053001,9.02653498533438,503945859
2006-02-24,9.31761646270752,9.383535935450634,9.221083113706886,9.315148181120675,260344190
2006-02-27,9.638079643249512,9.67066833278825,9.388719873309288,9.41316257213775,410019113
2006-02-28,8.952713012695312,9.814852244004484,8.35746203089705,9.70770179228635,1583416872
2006-03-01,9.006535530090332,9.121339445515844,8.920122994846094,9.099365974968993,484256334
2006-03-02,9.294161796569824,9.408965713435412,8.942343311164333,8.993696987618025,735960259
2006-03-03,9.336874008178711,9.560555505928193,9.277125717908607,9.4879695057097,480273461
2006-03-06,9.088010787963867,9.465751510625289,9.06430923134078,9.404277016143682,358928328
2006-03-07,8.997895240783691,9.096652040770469,8.842354722447523,9.01196851254801,416708092
2006-03-08,8.736933708190918,8.888771338494875,8.654472669485278,8.738168321869278,471585016
2006-03-09,8.468317031860352,8.851736369117628,8.431283353587386,8.774212851046082,558501584
2006-03-10,8.332527160644531,8.50535132009227,8.185628941196104,8.480661884359835,775921484
2006-03-13,8.321664810180664,8.544852899696194,8.28191611115164,8.417211240593359,547741403
2006-03-14,8.669778823852539,8.699652501732169,8.21204537145178,8.323639879621032,740794310
2006-03-15,8.505350112915039,8.697924281072938,8.407333530185344,8.660148513877626,512666424
2006-03-16,8.363882064819336,8.610277251379438,8.342402059950517,8.606821090046791,402169802
2006-03-17,8.389062881469727,8.438195006354405,8.269074732178504,8.364621131159117,343350155
2006-03-20,8.596452713012695,8.643362357061477,8.432270849521252,8.452021830801959,417864410
2006-03-21,8.39227294921875,8.682121595560085,8.371535037113423,8.64138502682039,394717975
2006-03-22,8.399680137634277,8.495474228022857,8.332526053585314,8.388077040267877,304978867
2006-03-23,8.440913200378418,8.53621290166883,8.399188739354166,8.452269566925404,298502683
2006-03-24,9.031225204467773,9.137141052177224,8.949997845501452,9.100847574622232,609500025
2006-03-27,9.127265930175781,9.17713827020108,9.011475054439583,9.063074530055644,282001062
2006-03-28,9.312679290771484,9.32897410932764,9.16380532106326,9.177137445336479,359173242
2006-03-29,9.751648902893066,9.850898208720825,9.369709992841933,9.380326155683836,763952790
2006-03-30,9.59018325805664,9.71510893374404,9.470935291683565,9.608699623747558,590673723
2006-03-31,9.62869644165039,9.674864930115719,9.4813028946673,9.597589101434982,1466331647
2006-04-03,9.621291160583496,9.689679863348783,9.577591892181188,9.617094798094035,326125835
2006-04-04,9.982738494873047,9.996564087258722,9.58277757824548,9.626229169931989,630984252
2006-04-05,10.072853088378906,10.235305912151691,9.945210503597924,10.078037330581633,538430634
2006-04-06,10.151610374450684,10.218517728534556,10.009649675125754,10.03581951070708,345229172
2006-04-07,10.027671813964844,10.192841548356633,9.974837729226849,10.181977705707649,282089392
2006-04-10,10.27999210357666,10.299496347775415,10.00520365888096,10.050385214097872,374201361
2006-04-11,10.114084243774414,10.347147341762991,10.029153982086033,10.280982072611584,445953300
2006-04-12,10.09655475616455,10.155315179331899,10.003724291313896,10.09778936977272,241582128
2006-04-13,9.928914070129395,10.11654976418578,9.887930770411902,10.088651852669555,263098475
2006-04-17,10.043965339660645,10.184198888110208,9.896325056421864,9.96076317641833,331618345
2006-04-18,9.980269432067871,10.118280502155523,9.912620931985865,10.071370861698991,326724069
2006-04-19,10.134820938110352,10.212344446870514,10.041742813674023,10.185926935318886,272284779
2006-04-20,10.24592113494873,10.270610566235968,10.07803640541766,10.147412979423393,492699864
2006-04-21,10.791546821594238,11.127809728246284,10.768586417561794,11.082875854544449,905433112
2006-04-24,10.87549114227295,10.979183543156829,10.777227826232226,10.848332483303938,354780840
2006-04-25,10.546138763427734,10.888821475554083,10.517499704997272,10.854010295899242,384194678
2006-04-26,10.516759872436523,10.617243795758158,10.456519054236551,10.560460084333613,292203159
2006-04-27,10.370107650756836,10.53996719617046,10.354305355794464,10.441211360711064,334766100
2006-04-28,10.318509101867676,10.510835620373786,10.27801925874325,10.335544122602709,297964674
2006-05-01,9.848428726196289,10.355540974645074,9.839788323181525,10.331591743794304,416001453
2006-05-02,9.74720573425293,9.937063959663265,9.589196000219014,9.902252773956965,526136725
2006-05-03,9.731651306152344,9.91262048918348,9.650423952024438,9.785472321847191,324098263
2006-05-04,9.745969772338867,9.847688300031955,9.683259732812393,9.75288209459251,186777474
2006-05-05,9.73486042022705,9.892375724342273,9.672643846134402,9.816333560008871,243509324
2006-05-08,9.746709823608398,9.804481403218912,9.629930160490748,9.75485675830344,205511431
2006-05-09,10.092848777770996,10.097786285355816,9.721279352872653,9.76942359684733,366994449
2006-05-10,9.9491605758667,10.16469611679162,9.921509392206957,10.080753740577928,248415646
2006-05-11,9.554631233215332,9.991873475418966,9.504759843865909,9.960024039752748,357045296
2006-05-12,9.236885070800781,9.502044326268148,9.222565066230867,9.469207954553339,405016432
2006-05-15,9.287988662719727,9.385510827887144,9.091712555054185,9.281324019449205,344891912
2006-05-16,9.167015075683594,9.304285952125511,9.13220294394861,9.282805945138891,260617209
2006-05-17,9.246018409729004,9.377858301616975,9.140350243724733,9.149978527204071,427347823
2006-05-18,9.159360885620117,9.426495881520548,9.152447617477462,9.351688326764252,234274840
2006-05-19,9.135412216186523,9.246018841245457,8.902102400418036,9.215898430588991,457636930
2006-05-22,9.15837287902832,9.209725613452976,9.01764585392998,9.08183724463057,345466056
2006-05-23,9.27268123626709,9.477599626553678,9.222809855108663,9.238857937120708,360666820
2006-05-24,9.41266918182373,9.466737876552934,9.174667664364014,9.316382568781536,383584400
2006-05-25,9.455628395080566,9.455875128703196,9.191950506350938,9.359095046901041,329012615
2006-05-26,9.415138244628906,9.526979472438283,9.382548610052204,9.494143104247133,147229793
2006-05-30,9.182816505432129,9.406499011350974,9.170718992887569,9.339344912841334,173287097
2006-05-31,9.179853439331055,9.33860338868696,9.055421211521269,9.228737900211208,320448635
2006-06-01,9.446492195129395,9.455627009865786,9.17441973105067,9.222316297689813,252061259
2006-06-02,9.367981910705566,9.556606451014666,9.318851670369959,9.550680117546696,256413512
2006-06-05,9.244536399841309,9.417605356113548,9.237376399214213,9.287494512925072,223173385
2006-06-06,9.628450393676758,9.628697127292948,9.29045842637926,9.29737169433022,411930250
2006-06-07,9.542533874511719,9.748685969882303,9.542287140878368,9.70869054245036,357788070
2006-06-08,9.71017074584961,9.734119030897125,9.346995896449858,9.57314662423819,415933198
2006-06-09,9.544014930725098,9.762758942784927,9.513894521582818,9.682767145019808,247223193
2006-06-12,9.419829368591309,9.640794926625547,9.406497244861056,9.587714110667685,201516513
2006-06-13,9.542780876159668,9.554631653609995,9.335393216118552,9.404029599078111,307512327
2006-06-14,9.490193367004395,9.655855624250785,9.345269024613627,9.624501545661351,312045255
2006-06-15,9.653386116027832,9.684247668763321,9.45587444733546,9.545248732660419,272445379
2006-06-16,9.645978927612305,9.651657581614783,9.579319262499812,9.606476973867082,212979318
2006-06-19,9.58277702331543,9.747205611208546,9.554137960267974,9.649684378530699,306468429
2006-06-20,9.558826446533203,9.67486497489994,9.542532575554212,9.580059716204769,162201701
2006-06-21,9.92817497253418,9.974343464080416,9.622524962455877,9.65486786350161,351087046
2006-06-22,9.87435245513916,10.023719872451888,9.579319569870659,9.914595556294845,237362370
2006-06-23,9.995576858520508,10.116305236368284,9.893857369801635,9.943729706925387,213388847
2006-06-26,9.979776382446289,10.080507045217296,9.955827148617368,10.042238752226512,142580431
2006-06-27,9.932866096496582,10.073099656711278,9.900523194313617,10.016560788627253,164899777
2006-06-28,10.026436805725098,10.035572567231062,9.903485942576733,9.9745906029071,148976315
2006-06-29,10.315299034118652,10.324927317993707,10.019277280945685,10.072853457709044,267326263
2006-06-30,10.352825164794922,10.352825164794922,10.180001976554845,10.26073491622583,251258261
2006-07-03,10.448372840881348,10.4624451665636,10.355789113866527,10.370355852173514,86591354
2006-07-05,10.405411720275879,10.438494819325978,10.261721070701187,10.40689212183927,200171490
2006-07-06,10.448125839233398,10.50219359245289,10.418252162458053,10.452816614340493,148036806
2006-07-07,10.380476951599121,10.564163046897209,10.26764878356597,10.518735699331478,242581861
2006-07-10,10.324926376342773,10.498489766618164,10.279992498344692,10.454296089463146,178121149
2006-07-11,10.481947898864746,10.494045408318573,10.197284435610483,10.332579532743626,239747276
2006-07-12,10.301470756530762,10.437013526168132,10.288633046866405,10.42096544374824,197003661
2006-07-13,10.093591690063477,10.328383804416708,10.04421376493217,10.22123428353895,278018189
2006-07-14,9.96199893951416,10.159262931878983,9.841268687302994,10.13062387188621,303216285
2006-07-17,10.070383071899414,10.147166381786237,9.967429928743728,9.989896867206605,233347377
2006-07-18,9.950888633728027,10.136549534159002,9.819789894390835,10.116304142992025,342751921
2006-07-19,9.850898742675781,9.903732826133629,9.743748283307871,9.752389632354879,342017177
2006-07-20,9.557594299316406,9.985207329233173,9.521548499868368,9.98125675498997,503427925
2006-07-21,9.631414413452148,9.671905201587393,9.324777425334272,9.533398761924632,471946365
2006-07-24,9.650917053222656,9.72473766930104,9.411681877081017,9.698320157022609,324656348
2006-07-25,9.612896919250488,9.661040226258002,9.47562605460213,9.50574646318448,231307761
2006-07-26,9.517597198486328,9.675853655008206,9.455875034522037,9.584257816212231,222105397
2006-07-27,9.441061973571777,9.56672880021378,9.331196498041395,9.563766105964074,226489769
2006-07-28,9.582282066345215,9.61783344698843,9.42451909246687,9.431184680918895,163956253
2006-07-31,9.544754028320312,9.608205212424973,9.463527626475484,9.57931942009032,184500973
2006-08-01,9.270954132080078,9.524263528666362,9.270954132080078,9.507968711349497,219347097
2006-08-02,9.066529273986816,9.311937499614304,9.01641021336966,9.273174801582618,284976172
2006-08-03,9.26799201965332,9.330208598767689,8.970984285087246,9.010980657375056,254028606
2006-08-04,9.229971885681152,9.398596841997046,9.178124733730794,9.37094565784994,204571922
2006-08-07,9.331195831298828,9.375141829302988,9.163310150924687,9.171951499425473,158467758
2006-08-08,9.40649700164795,9.492908597366975,9.35934157523389,9.451430880167518,230589077
2006-08-09,9.306259155273438,9.497351964906946,9.291939153095125,9.45093579729702,173086347
2006-08-10,9.23861026763916,9.324280698655388,9.195651212679431,9.23070912155828,171114986
2006-08-11,9.097885131835938,9.265276417736846,9.085540887123146,9.243549677329886,151224711
2006-08-14,9.120843887329102,9.26157184383914,9.102080790020725,9.171950828415627,199476896
2006-08-15,9.405755996704102,9.423038694243255,9.199109499134295,9.236390854721845,268932260
2006-08-16,9.572406768798828,9.590429666635803,9.434148974177615,9.467725543040649,235005569
2006-08-17,9.525004386901855,9.62869774073539,9.478589158575653,9.539571124580391,203969673
2006-08-18,9.464761734008789,9.556851971929536,9.40032361895844,9.537594462955727,198830482
2006-08-21,9.315147399902344,9.357118582093918,9.263794668720518,9.33489837763847,161535213
2006-08-22,9.339590072631836,9.36353836001533,9.254413086494091,9.325764481387862,167188323
2006-08-23,9.219600677490234,9.339095364907434,9.200589901217649,9.323540749651883,146238089
2006-08-24,9.227006912231445,9.292926373616538,9.190713442160796,9.244536340641531,139822131
2006-08-25,9.21540355682373,9.266263765423334,9.196640459106495,9.210959515994997,99037832
2006-08-28,9.405261993408203,9.405261993408203,9.258361908716621,9.273422112130019,167184308
2006-08-29,9.355884552001953,9.439086720760011,9.312678753757169,9.401065164541622,179068687
2006-08-30,9.4003267288208,9.496614305544172,9.345023410123693,9.36230516546295,162382376
2006-08-31,9.345513343811035,9.434887617401452,9.33736640922321,9.418592802886442,118839777
2006-09-01,9.34724235534668,9.413408554288136,9.31243117535725,9.406249498616294,107316747
2006-09-05,9.489452362060547,9.515128728823035,9.318604931571343,9.37859806832923,163582859
2006-09-06,9.38526439666748,9.460565414655777,9.373412675337756,9.433654435067893,149522354
2006-09-07,9.344528198242188,9.42501346125511,9.317616272245266,9.366748404106936,154256030
2006-09-08,9.328727722167969,9.401313734795824,9.300828859077528,9.300828859077528,123798294
2006-09-11,9.482786178588867,9.49759964944981,9.326752212639688,9.338849722952864,181847062
2006-09-12,9.675607681274414,9.696098862772061,9.502291006914959,9.505253701268789,218503948
2006-09-13,10.037793159484863,10.042483933934005,9.754611049269773,9.755844717277862,392192544
2006-09-14,9.973848342895508,10.030632993232695,9.923235813855044,9.981748544714577,215448538
2006-09-15,10.119514465332031,10.123710827441679,10.041990953017597,10.060260584495644,314703180
2006-09-18,10.23826789855957,10.337023735268025,10.109390709209668,10.122477043974616,285333506
2006-09-19,9.96965217590332,10.258018528659953,9.696344135607546,10.257278327852818,573858932
2006-09-20,9.801522254943848,10.058041131256221,9.74276277443724,10.050881128274142,367283528
2006-09-21,10.044707298278809,10.084209256790123,9.872131781740391,9.88299467853007,429287065
2006-09-22,9.968911170959473,10.059520070023563,9.909163824758732,9.99853811045397,186681114
2006-09-25,9.973848342895508,10.108896701309629,9.93730908231029,10.013351242669764,230352192
2006-09-26,10.045202255249023,10.065200916433094,9.919287734974281,10.011378001069586,212369039
2006-09-27,9.947680473327637,10.152598911232166,9.93410066938839,10.031128439434777,235949093
2006-09-28,9.963973045349121,10.047916358458851,9.88891875971972,9.976318234104372,205061752
2006-09-29,9.922496795654297,10.014340315937542,9.910399285216593,10.002242805499838,132932403
2006-10-02,9.911139488220215,10.023720922606802,9.895339082695553,9.922496797779463,146623529
2006-10-03,9.975330352783203,10.035077700940796,9.830899490686857,9.907436068667538,219407321
2006-10-04,10.263202667236328,10.264930747615919,9.950887116182376,9.998290213859702,267470802
2006-10-05,10.167163848876953,10.32591376128807,10.143709031205008,10.238514290963439,232460064
2006-10-06,10.381710052490234,10.416521231643607,10.116303171628656,10.127907213126258,294559960
2006-10-09,10.591567993164062,10.664400738206435,10.45380365155375,10.487874636498354,304468963
2006-10-10,10.533548355102539,10.810063938487087,10.428372719006573,10.654770183771495,393011603
2006-10-11,10.52984619140625,10.614035304136648,10.462197686437666,10.493306923462626,226260915
2006-10-12,10.55305290222168,10.608356209552666,10.468122654295607,10.580704083217412,194486260
2006-10-13,10.549595832824707,10.603912205887234,10.50663676881022,10.560953141872746,145443121
2006-10-16,10.412571907043457,10.596504714531967,10.40244921213686,10.55947104130018,173423607
2006-10-17,10.385168075561523,10.46194949614625,10.287892639674642,10.37677251534664,209221284
2006-10-18,10.35233211517334,10.48663934109065,10.307644969295255,10.443186808665141,241594173
2006-10-19,10.51898193359375,10.60391218162524,10.358750665905886,10.375045483253409,461864718
2006-10-20,11.34877872467041,11.359394887924552,11.198670146683002,11.331989494092177,467662368
2006-10-23,11.869962692260742,11.965262375726828,11.366061716408025,11.413216200199036,606444615
2006-10-24,11.685534477233887,11.797869161589475,11.638625789424339,11.758860675388608,347706422
2006-10-25,12.013651847839355,12.060560541110878,11.72997624961417,11.788734774008777,368877480
2006-10-26,11.976618766784668,12.145983902988661,11.954398561566508,12.040315743070543,282322262
2006-10-27,11.732196807861328,11.980074267508758,11.665289462283331,11.946991167787843,265150137
2006-10-30,11.766020774841309,11.862061597318915,11.604062373465922,11.72281592308142,263508004
2006-10-31,11.761577606201172,11.904032707201784,11.698619885708785,11.802807643462877,252358369
2006-11-01,11.542092323303223,11.829225015064935,11.486789017458483,11.820090199516864,217865564
2006-11-02,11.601593971252441,11.695904829124602,11.51444217002061,11.542093352739434,210253137
2006-11-03,11.648256301879883,11.696399612202114,11.481852897016637,11.658872465701013,197043811
2006-11-06,11.77540397644043,11.842311329825023,11.66134119464041,11.696893525177426,200408375
2006-11-07,11.667266845703125,11.826511190481774,11.647514920289327,11.775404241514572,196618221
2006-11-08,11.727259635925293,11.893663019033452,11.569249922117615,11.612455718007832,319794191
2006-11-09,11.668745994567871,11.838112058440212,11.649735218974834,11.764292394367162,195899538
2006-11-10,11.691460609436035,11.720346402870307,11.610974405319205,11.697139263748108,112287309
2006-11-13,11.876134872436523,11.879591979312215,11.70602763083616,11.724791676331265,174326980
2006-11-14,12.080312728881836,12.096359867908633,11.863049119222156,11.867987573082303,290019003
2006-11-15,12.145242691040039,12.340779535341564,12.145242691040039,12.182276363320524,336083018
2006-11-16,12.243260383605957,12.287206385228256,12.160798410978916,12.221040176491448,204467533
2006-11-17,12.31460952758789,12.336088584533467,12.171659081961275,12.177832148369207,221266263
2006-11-20,12.222272872924805,12.304980620873033,12.163018996580139,12.304980620873033,205748315
2006-11-21,12.582732200622559,12.591372603450605,12.241529877523028,12.25905930746181,338363534
2006-11-22,12.542242050170898,12.665439633174074,12.487185480361697,12.615321516673308,180702789
2006-11-24,12.467927932739258,12.529651036192915,12.443238502289905,12.455583690184307,69567783
2006-11-27,11.967977523803711,12.388430510009298,11.967977523803711,12.378307814430768,294086191
2006-11-28,12.085249900817871,12.094138928450658,11.77737833894908,11.878603405509054,313073093
2006-11-29,11.965510368347168,12.214622500383594,11.906256476985568,12.20227825479649,253558852
2006-11-30,11.969459533691406,12.107470603176461,11.888973322514296,11.954152595338345,223936234
2006-12-01,11.870455741882324,12.057845674333727,11.813671085746666,11.998345057668706,226100315
2006-12-04,11.970446586608887,12.034144512953356,11.83465800911494,11.924772504726263,196730641
2006-12-05,12.023527145385742,12.083767958847812,11.971434212961109,12.033402161665713,164735162
2006-12-06,12.065746307373047,12.156848683130598,11.962299687321192,12.022540507003397,178679233
2006-12-07,11.915882110595703,12.142032818803726,11.91045019041377,12.103271067460216,187271318
2006-12-08,11.952176094055176,12.06302944143213,11.850704296010653,11.898600867803978,159591956
2006-12-11,11.947731018066406,12.070435130956307,11.944521590695924,11.97217371441138,131025281
2006-12-12,11.894651412963867,12.00772630984841,11.857617736980053,11.945757413151767,167866857
2006-12-13,11.82576847076416,11.986495099484285,11.777131696731566,11.966496441499494,187182988
2006-12-14,11.903045654296875,11.943288759908794,11.78305748368615,11.856878105582538,190668002
2006-12-15,11.858110427856445,11.95217548602708,11.846754064857935,11.915882958608798,208410256
2006-12-18,11.426053047180176,11.918349860927728,11.374699377340194,11.912672152755151,321865927
2006-12-19,11.569990158081055,11.586779387411992,11.319891142777415,11.399390412474176,264467588
2006-12-20,11.428523063659668,11.640848205954056,11.414450739868276,11.603815476395813,175366863
2006-12-21,11.263106346130371,11.48654205827614,11.167806673428652,11.460124546584348,279174507
2006-12-22,11.247800827026367,11.323349531552292,11.177437310186727,11.295203935748516,160129965
2006-12-26,11.295945167541504,11.34384174389572,11.223359156760987,11.271008999478672,83282999
2006-12-27,11.555177688598633,11.55641324741818,11.334705593805399,11.356925800426252,169894428
2006-12-28,11.42012882232666,11.568756993996383,11.412475353487451,11.532710252357564,125115211
2006-12-29,11.368776321411133,11.467285429209955,11.35346938341892,11.408772692428457,102751700
2007-01-03,11.544315338134766,11.768243586664818,11.38433080133077,11.505059168457555,309415434
2007-01-04,11.931190490722656,11.948225508740379,11.563078120520277,11.579126204086807,316686586
2007-01-05,12.028218269348145,12.03587173805628,11.804042347595443,11.912427413594106,275914333
2007-01-08,11.939090728759766,12.09438447468777,11.905019749980593,12.040561573636404,190888826
2007-01-09,11.986494064331055,12.054388344285137,11.88033055239283,11.985258505657985,216062832
2007-01-10,12.084261894226074,12.185239272869552,11.901069288994401,11.960075486756615,239634856
2007-01-11,12.337571144104004,12.38769020902261,12.250172615521569,12.275354569447702,289408724
2007-01-12,12.467927932739258,12.467927932739258,12.344483616510848,12.393613853133864,179618741
2007-01-16,12.450154304504395,12.665442173615324,12.425959281662045,12.530887255420993,303890804
2007-01-17,12.277331352233887,12.536318477261025,12.205733222291393,12.428180136107947,268968395
2007-01-18,12.044020652770996,12.257580430102161,12.034144690017227,12.209188496210567,238169384
2007-01-19,12.091422080993652,12.116358247326671,12.017108939912502,12.04772281551067,199878396
2007-01-22,11.871443748474121,12.163019532710708,11.813670271152045,12.15931663794567,216982266
2007-01-23,11.827250480651855,11.967977502686166,11.783797949698723,11.87020859903698,187319498
2007-01-24,12.321523666381836,12.33312770946472,11.931932218134852,11.960571280065276,243280470
2007-01-25,12.050437927246094,12.45558395518427,11.990443848372438,12.369172364782253,255694828
2007-01-26,12.241777420043945,12.29263668338843,12.024268043354745,12.120554649464207,220684089
2007-01-29,12.158575057983398,12.31362207216134,12.109938288524816,12.29510570831782,191744020
2007-01-30,12.204252243041992,12.295107888531355,12.127716602108631,12.196351094502312,167846782
2007-01-31,12.381516456604004,12.467928045952208,12.233629442180163,12.25782540565565,490074058
2007-02-01,11.893911361694336,12.492865259000517,11.888478495362348,12.492618525380776,628695706
2007-02-02,11.887738227844238,11.974149823962152,11.79663585695894,11.915142675593474,252402534
2007-02-05,11.533698081970215,11.801326515982705,11.509748852370839,11.788981328119034,289356529
2007-02-06,11.64035415649414,11.68528898033139,11.536167341651254,11.556906200240897,213673912
2007-02-07,11.604063034057617,11.711212547251547,11.573694945815156,11.698127156968512,165409681
2007-02-08,11.62924575805664,11.69639984929873,11.484074677892902,11.555672810732034,163679219
2007-02-09,11.40358829498291,11.669981195161432,11.393959066458663,11.644552506954707,195072449
2007-02-12,11.314708709716797,11.415933787739114,11.23397575908096,11.373715864735335,231042771
2007-02-13,11.334705352783203,11.425560991698864,11.289278005995149,11.335939966236927,163113105
2007-02-14,11.503331184387207,11.582336046304697,11.337667991583976,11.3569255034852,228806420
2007-02-15,11.393218040466309,11.508268699356016,11.37470167475903,11.505059271593918,162302076
2007-02-16,11.602333068847656,11.6075182559516,11.407784092436083,11.426054668763873,248006116
2007-02-20,11.655662536621094,11.671710621151762,11.473210109041672,11.566040564080708,163313855
2007-02-21,11.748494148254395,11.818116523717944,11.548019747387393,11.599866901177018,226469694
2007-02-22,11.748244285583496,11.95538518324856,11.712199436291922,11.818361060657727,230617182
2007-02-23,11.619123458862305,11.775404162980971,11.549500143791043,11.745777220397455,155886118
2007-02-26,11.478643417358398,11.733432293257934,11.449509941386316,11.673685884830663,159391206
2007-02-27,11.079668998718262,11.351988241075567,11.040166094233562,11.233481418300604,373908266
2007-02-28,11.096457481384277,11.200645247590916,10.938201017683822,11.120158090089017,322496281
2007-03-01,11.06633472442627,11.169781322458485,10.863144422726098,10.929063883260735,348710170
2007-03-02,10.830556869506836,11.077939944129888,10.830556869506836,10.989306797238724,264331078
2007-03-05,10.886601448059082,10.998936149775844,10.789079272145568,10.789572739403804,255156819
2007-03-06,11.29643726348877,11.332235379250866,11.045349423225025,11.047571916363207,302477526
2007-03-07,11.24928092956543,11.434448357184998,11.215951095102545,11.42333778213771,262343656
2007-03-08,11.226567268371582,11.492714367794385,11.211260331305438,11.337667346914168,215316044
2007-03-09,11.183115005493164,11.317424128480592,11.112504755109212,11.307548165729584,199854306
2007-03-12,11.22730827331543,11.239653462635063,11.137440513342867,11.173487256121561,139135567
2007-03-13,10.93795394897461,11.157685839076377,10.933016440479829,11.112751014017512,256048147
2007-03-14,11.060657501220703,11.07695231827749,10.838457341125357,10.942891832319553,321877972
2007-03-15,11.015970230102539,11.105592195548523,10.9604201907209,11.05720026681999,158359353
2007-03-16,10.884132385253906,11.028563258405091,10.86043177640749,11.002639210844352,227212468
2007-03-19,11.041646003723145,11.073001967737236,10.878698789120808,10.943384585907815,208687290
2007-03-20,10.993502616882324,11.050781678683741,10.95202490376323,11.00609453817748,137372985
2007-03-21,11.271748542785645,11.272242010029917,10.991775836788111,10.993997384726882,232801338
2007-03-22,11.407291412353516,11.410500840144325,11.172499317641364,11.248541486143548,228079706
2007-03-23,11.402105331420898,11.44062035257168,11.284833132736058,11.392723782407586,165068406
2007-03-26,11.480368614196777,11.480368614196777,11.248786919386276,11.370503154440206,189118214
2007-03-27,11.44629955291748,11.486049189327336,11.365318933059761,11.444571472263057,150208917
2007-03-28,11.403342247009277,11.491234250410296,11.360628968139181,11.403094568035682,184352418
2007-03-29,11.379640579223633,11.505060682990544,11.233482559269923,11.469261615293146,160137995
2007-03-30,11.311497688293457,11.440868345208285,11.261625357245832,11.40877217825611,135714793
2007-04-02,11.32063102722168,11.32063102722168,11.162375529089534,11.301621195961514,138457033
2007-04-03,11.66800594329834,11.708743458440095,11.455680800563597,11.456915413952666,261046814
2007-04-04,11.628997802734375,11.677882255166303,11.593445473692974,11.656649929324198,151718555
2007-04-05,11.641098022460938,11.655416137151347,11.59443511085171,11.635911889013718,109039179
2007-04-09,11.559622764587402,11.677882855178126,11.494936958589218,11.677388442578572,122943100
2007-04-10,11.517403602600098,11.623319446248969,11.48432049956247,11.531970339790258,119618686
2007-04-11,11.468766212463379,11.589002053226912,11.42136310840288,11.506540088341836,153051532
2007-04-12,11.539377212524414,11.554437417141076,11.412229040975793,11.455681574100197,108721995
2007-04-13,11.512219429016113,11.573447181624884,11.439880155221518,11.565546978923681,112211024
2007-04-16,11.709236145019531,11.776390222716465,11.55813876119685,11.565792229291425,203877329
2007-04-17,11.672943115234375,11.761577199009958,11.643316176108245,11.697632546285973,128885290
2007-04-18,11.752195358276367,11.848234283770024,11.592209890967478,11.634922218037074,227670177
2007-04-19,11.644551277160645,11.89884758576674,11.593692015439425,11.714913836810682,442034667
2007-04-20,11.911932945251465,12.159316950922975,11.900575636379305,12.110432499525588,488283372
2007-04-23,11.827991485595703,11.974150438437782,11.807746093098025,11.8531743867325,227834792
2007-04-24,11.78972339630127,11.850210945672151,11.740837998894582,11.81638764288336,148341946
2007-04-25,11.801078796386719,11.884527690614686,11.754663574943269,11.850703445248252,159266742
2007-04-26,11.879837036132812,11.9605699709478,11.779353124079973,11.803793930355155,165614446
2007-04-27,11.826263427734375,11.909960019858246,11.80947608605488,11.852434210877473,117466650
2007-04-30,11.637886047363281,11.884035448278294,11.637886047363281,11.829719074149613,146193924
2007-05-01,11.579127311706543,11.673191438230333,11.459879338157098,11.657884499377502,146876473
2007-05-02,11.499628067016602,11.630479128490668,11.498392508253252,11.570485046012875,122967190
2007-05-03,11.683561325073242,11.704301131435654,11.48753097062037,11.510491379797191,144306878
2007-05-04,11.63146686553955,11.723309435594985,11.502096207354459,11.606777433384725,158592223
2007-05-07,11.536415100097656,11.673438295656585,11.51666411956137,11.656650954807334,121256803
2007-05-08,11.525056838989258,11.558634353935929,11.473705050103923,11.508268554185689,116639561
2007-05-09,11.585298538208008,11.646527234224775,11.452718450487533,11.508762904521932,156179212
2007-05-10,11.393218040466309,11.5912241352852,11.38210841010985,11.530735639030246,148004686
2007-05-11,11.523329734802246,11.529749536129017,11.38161576376798,11.40210694526689,118205408
2007-05-14,11.400871276855469,11.542338489430607,11.356924336534627,11.492220373184484,155488633
2007-05-15,11.307546615600586,11.419634570697431,11.29297987977514,11.405314568472507,165377561
2007-05-16,11.668252944946289,11.681338334627805,11.33273020531815,11.406303144398004,263150670
2007-05-17,11.627517700195312,11.732692406193545,11.623814804860274,11.664551380243855,187122763
2007-05-18,11.611716270446777,11.670475740719848,11.597643000598566,11.653934189312313,148390126
2007-05-21,11.618629455566406,11.83095366182686,11.522835363852698,11.592210996752089,247295463
2007-05-22,11.748494148254395,11.826263460929338,11.677883892843537,11.677883892843537,154135581
2007-05-23,11.701831817626953,11.934895850751458,11.696399896095626,11.870950241955153,203166675
2007-05-24,11.71071720123291,11.830953040465811,11.640848104762611,11.730962591780854,167569747
2007-05-25,11.93760871887207,11.972914311795755,11.783302849009777,11.843296927348485,214741900
2007-05-29,12.026244163513184,12.142035980529474,11.949462732260233,11.974151222411821,209502334
2007-05-30,12.309919357299805,12.31584379973111,11.924771042878579,11.9618047164459,290918361
2007-05-31,12.292882919311523,12.561251548480291,12.271897329324988,12.358308915859931,358310019
2007-06-01,12.354361534118652,12.468423374355131,12.29337862179848,12.369174060326543,192679513
2007-06-04,12.519034385681152,12.603964630423954,12.284983454431474,12.292883656514217,285104652
2007-06-05,12.809623718261719,12.813574292121702,12.507678493764464,12.585202006557422,419450332
2007-06-06,12.79505729675293,12.857520602553915,12.721236682501047,12.75802362282552,316650452
2007-06-07,12.716300010681152,12.998741940175863,12.653343233534091,12.832090869212845,426813829
2007-06-08,12.726917266845703,12.829376010687346,12.578043293089028,12.744446699386375,255281284
2007-06-11,12.624457359313965,12.795059015905133,12.591374254606903,12.69062451406769,186604829
2007-06-12,12.462250709533691,12.63260372131167,12.422747808343553,12.559525197521918,257742474
2007-06-13,12.47385311126709,12.555327190510457,12.312140511422475,12.519528131429793,282414606
2007-06-14,12.414602279663086,12.489656571489407,12.386455738553721,12.477312327054461,185540856
2007-06-15,12.489901542663574,12.566683904435214,12.374850894136156,12.54668524811945,247889682
2007-06-18,12.719758033752441,12.739508068782783,12.44916591585972,12.497063437632756,194161046
2007-06-19,12.697783470153809,12.77036852948499,12.629394772969631,12.69037673498333,174864989
2007-06-20,12.590633392333984,12.807402587675186,12.56816645253608,12.763209854288313,174178426
2007-06-21,12.692846298217773,12.721977881761195,12.49953192315413,12.615569516780957,177049146
2007-06-22,12.961214065551758,12.961460799157004,12.741975659188496,12.749876806593296,289228049
2007-06-25,13.021456718444824,13.208352251456171,12.921712990088205,13.059970799791575,318188194
2007-06-26,13.091572761535645,13.164157823915955,12.992322506081939,13.152553780771491,228433026
2007-06-27,12.99355697631836,13.035528158751426,12.827400327163772,12.961707543745892,245842035
2007-06-28,12.961954116821289,13.072808404759417,12.932080444141414,12.95874468931114,167360967
2007-06-29,12.904924392700195,13.020961983402099,12.824931652755318,12.986891001573726,155805818
2007-07-02,13.094535827636719,13.130828359857647,12.941958017721428,12.973806508527167,140026895
2007-07-03,13.192302703857422,13.193784050873472,13.023431034706745,13.111323030539696,75152639
2007-07-05,13.372284889221191,13.440674530609623,13.13823395239832,13.222423052988965,198457088
2007-07-06,13.317228317260742,13.427587243634,13.30068676771749,13.362903337704894,110291857
2007-07-09,13.395247459411621,13.5478252699347,13.33846280066007,13.406111302029535,149751208
2007-07-10,13.414505958557129,13.504867195663294,13.372781501814982,13.425616535626038,154818129
2007-07-11,13.442401885986328,13.492520951518463,13.3322896835962,13.4211705056218,132868163
2007-07-12,13.463635444641113,13.512765686080899,13.33747421046074,13.476720834608777,138179998
2007-07-13,13.632261276245117,13.644853199793323,13.51103943326389,13.5273333067081,210269197
2007-07-16,13.652751922607422,13.790762982022697,13.561896288292001,13.586338986487378,264969462
2007-07-17,13.702377319335938,13.769778138900685,13.63769246031159,13.703366144510062,173792986
2007-07-18,13.566587448120117,13.690031766033533,13.426107167722456,13.674971563029453,244111573
2007-07-19,13.544119834899902,13.665836066202163,13.387344745977096,13.664354719335652,446756299
2007-07-20,12.841225624084473,12.916773372604178,12.579028161324471,12.638282038861075,713556598
2007-07-23,12.65334415435791,12.838264870670683,12.644456071384013,12.813822169822666,255221059
2007-07-24,12.690130233764648,12.805921092820878,12.520023000683683,12.574091695748598,223719424
2007-07-25,12.58544921875,12.764690325523295,12.481754922703152,12.76370339102541,222631361
2007-07-26,12.54199504852295,12.65531856704728,12.316831249157934,12.560265625139785,276368027
2007-07-27,12.638035774230957,12.75481450775986,12.480272792105248,12.555081287940919,221189978
2007-07-30,12.74222183227539,12.821966886254833,12.603717314592119,12.663464658012963,159126217
2007-07-31,12.591373443603516,12.849126886828975,12.591373443603516,12.84394169944669,171460275
2007-08-01,12.663960456848145,12.752100141301595,12.545453627904386,12.603719635147174,177791919
2007-08-02,12.61630916595459,12.714570590404312,12.566684513836952,12.683216514952152,126669014
2007-08-03,12.41855239868164,12.67038047806444,12.41855239868164,12.592610222511153,127524207
2007-08-06,12.591373443603516,12.595077283925082,12.406206951692798,12.418551195418939,146607469
2007-08-07,12.740002632141113,12.835302318861725,12.56767383746439,12.5852032699697,171211346
2007-08-08,12.980965614318848,12.980965614318848,12.766417973037404,12.821968014222056,163362034
2007-08-09,12.70815372467041,13.006642808076073,12.705684497673388,12.858015573122497,194586635
2007-08-10,12.733336448669434,12.8066617125892,12.483483199729909,12.595818846437183,235888868
2007-08-13,12.727164268493652,12.832092241627654,12.6661822991173,12.826907999052162,127648672
2007-08-14,12.556808471679688,12.774071122649012,12.541995001688655,12.732594352013619,145892800
2007-08-15,12.283997535705566,12.63310011946504,12.263258674755534,12.566686228627974,217191045
2007-08-16,12.135124206542969,12.25634605996542,11.862063783250465,12.147468452177725,347120233
2007-08-17,12.345471382141113,12.369172934459737,12.138330478306075,12.281279993058014,219997525
2007-08-20,12.293130874633789,12.407688063376316,12.24572776959005,12.405218836542113,108296406
2007-08-21,12.507678985595703,12.545946330927245,12.289428441705066,12.318314237257205,144965337
2007-08-22,12.659268379211426,12.745679973955973,12.57285678446688,12.590386215166033,130595677
2007-08-23,12.645442962646484,12.74271745514054,12.51730691579368,12.73950708209017,123529289
2007-08-24,12.714818000793457,12.72839591084637,12.554338126625645,12.65581085969531,99278731
2007-08-27,12.671859741210938,12.775307302568306,12.625938927345366,12.700746481767801,93352602
2007-08-28,12.502492904663086,12.71432363247351,12.487432701231493,12.62914665365276,131446855
2007-08-29,12.662477493286133,12.672846922212255,12.52298508800937,12.538045291512155,102354216
2007-08-30,12.625938415527344,12.724693307367058,12.605693024596034,12.64963902236517,106465569
2007-08-31,12.720991134643555,12.7518526900163,12.627667212987072,12.667910318182741,119550431
2007-09-04,12.965412139892578,13.035775652506352,12.705437149117426,12.715313111287944,148301796
2007-09-05,13.030838966369629,13.072315741288204,12.893814827472244,12.922206211657535,133012703
2007-09-06,12.925169944763184,13.080957185153649,12.794812339777332,13.069353141488532,145579631
2007-09-07,12.822214126586914,12.868877028633513,12.759258298611483,12.7854290767614,147093283
2007-09-10,12.701979637145996,12.889369561410296,12.613099761805321,12.869864371311442,129515644
2007-09-11,12.871100425720215,12.879000628305079,12.7328416811176,12.763949969553655,108549350
2007-09-12,12.903690338134766,13.035283506064054,12.81357583738866,12.851349718540643,119887690
2007-09-13,12.956276893615723,13.01627097482676,12.917761871371264,12.938500729502895,75927532
2007-09-14,13.054290771484375,13.091817911605531,12.893072581790898,12.917266654318313,111010541
2007-09-17,12.969115257263184,13.067376686715974,12.938748114710899,12.999482399815466,88229471
2007-09-18,13.215263366699219,13.264147819178659,12.943685280939016,12.999235322450433,169260059
2007-09-19,13.501163482666016,13.565353932631997,13.303898521621406,13.314021218128662,221904647
2007-09-20,13.648804664611816,13.74681937200781,13.480919902397842,13.504867246852571,221828362
2007-09-21,13.828290939331055,13.845326903522778,13.648803098632662,13.735460485321907,321669193
2007-09-24,14.02382755279541,14.108757796829376,13.825821472451974,13.850509958256797,212674178
2007-09-25,14.048023223876953,14.061849760653343,13.896434239996113,13.924578890133311,109633398
2007-09-26,14.0272855758667,14.116906606286033,13.91988837954539,14.082588888004095,134345680
2007-09-27,14.01098918914795,14.115671365476368,13.968524536051163,14.115423686511289,82560301
2007-09-28,14.00531005859375,14.061601242403162,13.927539816789952,13.998644470022894,105975740
2007-10-01,14.38255786895752,14.426998279215777,14.063082273000115,14.071971300391274,189158364
2007-10-02,14.427986145019531,14.734623084825337,14.3198478134959,14.403049979508868,283759629
2007-10-03,14.418851852416992,14.54155598755755,14.328490621116709,14.47390843090054,155761653
2007-10-04,14.295653343200684,14.445268451331806,14.247016569046803,14.445268451331806,119915795
2007-10-05,14.666481018066406,14.714625268126484,14.492670897581684,14.495140124355892,203507949
2007-10-08,15.050889015197754,15.066689420457527,14.664012585202475,14.6899366317167,201873847
2007-10-09,15.188159942626953,15.400485097384149,15.020521933979442,15.186431861920209,352026555
2007-10-10,15.440234184265137,15.447393240460643,15.228155770696375,15.340737199638554,216231462
2007-10-11,15.356537818908691,15.835751226466073,15.035581812159258,15.643918201407816,473729022
2007-10-12,15.73650074005127,15.76143595908661,15.263706223366924,15.405422062377724,273971076
2007-10-15,15.309874534606934,15.79748156969585,15.197294059174085,15.763164802220095,278793083
2007-10-16,15.208405494689941,15.453319342509547,15.109401972719658,15.269879981266651,241915372
2007-10-17,15.63996696472168,15.652804675057498,15.346415418180463,15.565159414500453,242124152
2007-10-18,15.791556358337402,15.834762153170194,15.517015598089603,15.687616284342445,493410518
2007-10-19,15.91722583770752,16.257440332849704,15.880686570644515,16.160412564744238,633927242
2007-10-22,16.06634521484375,16.17127411664287,15.709095750328832,15.768102895824157,267575192
2007-10-23,16.68406105041504,16.729240707048103,16.29471549003713,16.325577037376497,272766578
2007-10-24,16.685300827026367,16.72603740147644,16.2838566898392,16.608516562589056,297278110
2007-10-25,16.504823684692383,16.763071581478645,16.382366271800155,16.755911578659042,232688918
2007-10-26,16.655176162719727,16.703072727139105,16.493708417306877,16.641101950208856,134658850
2007-10-29,16.769485473632812,16.788496249190892,16.593206142958202,16.73343968188594,123111730
2007-10-30,17.153154373168945,17.280054852505444,16.727021811066763,16.727021811066763,277058606
2007-10-31,17.45509910583496,17.45509910583496,17.184507034907448,17.299310947307543,276103037
2007-11-01,17.361528396606445,17.621008960886,17.32622374805285,17.351159913091855,262066622
2007-11-02,17.560026168823242,17.617551964677023,17.2166032555622,17.54175653872612,234535815
2007-11-05,17.915550231933594,18.028626081216768,17.432141381051224,17.45485410995317,356679932
2007-11-06,18.314027786254883,18.314027786254883,17.89950209467222,18.209594242807263,338716853
2007-11-07,18.09553337097168,18.448585563667706,17.853581267425426,18.297735835732926,332180444
2007-11-08,17.13019371032715,18.143675233113157,16.71887646914206,18.136517121988696,662963671
2007-11-09,16.392732620239258,16.834911370693046,16.324590661376522,16.68430934152595,457231416
2007-11-12,15.605154991149902,16.539879277686413,15.460478342805523,16.238920993248698,410625377
2007-11-13,16.308298110961914,16.317433872230616,15.605155509978834,15.924136702662228,339082217
2007-11-14,15.842415809631348,16.677149620341346,15.708848795268686,16.62258651654784,325001637
2007-11-15,15.545408248901367,15.986106609148216,15.405915845449258,15.765634534891984,279752666
2007-11-16,15.643672943115234,15.689593760678564,15.208899906076653,15.651326412709123,363067785
2007-11-19,15.451590538024902,15.721194751976526,15.270126944972835,15.54392752105723,221924722
2007-11-20,16.011783599853516,16.272500692155308,15.624908105136315,15.714035665686676,395099399
2007-11-21,16.30755615234375,16.540867828700435,15.852291998920103,15.8940155025695,281591533
2007-11-23,16.707027435302734,16.746035930845853,16.494949936995663,16.541610011710116,109958613
2007-11-26,16.442855834960938,17.119333320850075,16.418165454162306,16.79343882296518,272622038
2007-11-27,16.62974739074707,16.70035858116786,16.05424737656111,16.660115477622554,357515050
2007-11-28,17.091184616088867,17.1415504152224,16.594442728707534,16.840592124517954,317846919
2007-11-29,17.208209991455078,17.351158545668593,16.980328362891576,17.05390223883778,249250764
2007-11-30,17.10945701599121,17.55533970915054,16.840594849287672,17.5538593072172,317003771
2007-12-03,16.82627296447754,17.158833972115506,16.81664373560861,17.06032391679295,173652461
2007-12-04,16.891204833984375,17.084766895639046,16.717394697646,16.746775851988417,169906473
2007-12-05,17.24549102783203,17.25586140272484,16.97366620217767,17.10278824099801,169015145
2007-12-06,17.659032821655273,17.69112899217566,17.208459383552967,17.227963630436115,197096005
2007-12-07,17.64940071105957,17.7266784303995,17.541511009388206,17.652363404921182,154661545
2007-12-10,17.737049102783203,17.894565364087306,17.627924774310845,17.67705596269005,154826159
2007-12-11,17.262523651123047,17.80049740910516,17.252155168348136,17.77457431148903,246484434
2007-12-12,17.2662296295166,17.63582335687712,16.998354436507054,17.627924099692763,247287433
2007-12-13,17.135377883911133,17.22351945316005,16.81837339022276,17.191175605691395,202387766
2007-12-14,17.034399032592773,17.274870706110494,16.967739365067423,16.973912431819283,147490767
2007-12-17,16.522598266601562,17.169201025802,16.385327409632925,16.98600935766519,220262515
2007-12-18,16.624317169189453,16.707270711483513,16.10955144399989,16.644314881254278,287742502
2007-12-19,16.723567962646484,16.776155313774606,16.516920507997693,16.64555097634639,177506855
2007-12-20,17.027734756469727,17.060078605451864,16.803560705723598,16.93243696234477,177551020
2007-12-21,17.200559616088867,17.26401081596795,17.115382619493143,17.22994077360141,216086922
2007-12-24,17.300296783447266,17.300296783447266,17.11093396135239,17.158582847514328,65380146
2007-12-26,17.549907684326172,17.60866621058127,17.23808553678938,17.257342103811332,101579322
2007-12-27,17.300546646118164,17.677300359914618,17.300546646118164,17.4568282816395,118141168
2007-12-28,17.344738006591797,17.47855269297413,17.196852888197803,17.403991881792745,102892225
2007-12-31,17.07192611694336,17.343750903433616,17.049704968619846,17.24697083533321,95404263
2008-01-02,16.916635513305664,17.217348054276155,16.732456881013306,17.106247957875603,172921733
2008-01-03,16.92009162902832,16.957619722140485,16.70258221213565,16.918365438841843,130587647
2008-01-04,16.22064971923828,16.81219774452625,16.17127275127519,16.780842727038888,215195594
2008-01-07,16.029315948486328,16.351015083659288,15.735518517617306,16.145108730352522,257096061
2008-01-08,15.595527648925781,16.293731772752118,15.578738419342928,16.12189552051482,214364490
2008-01-09,16.1268310546875,16.130287215286778,15.369126454333998,15.555034051427153,270598482
2008-01-10,15.967098236083984,16.225591903269574,15.803657522898702,15.924633580108353,254317685
2008-01-11,15.757735252380371,16.034747185185484,15.556767386499612,15.867601681364116,199826201
2008-01-14,16.142141342163086,16.230528697424074,15.930557339512724,16.075975137865377,178566813
2008-01-15,15.742921829223633,16.024376859271204,15.686878313135713,15.946605656560168,223562839
2008-01-16,15.207169532775879,15.80069340025359,14.861030624183327,15.528620899281123,423983259
2008-01-17,14.832884788513184,15.448873655529976,14.764248416702987,15.32592280479471,329903943
2008-01-18,14.81955337524414,15.060024112999741,14.775112964897641,15.019781010075885,342864341
2008-01-22,14.426998138427734,14.751657973077274,13.855447768312423,13.875939892621451,381484558
2008-01-23,13.544859886169434,14.02333208275307,12.813572736057406,13.843348913128267,681171664
2008-01-24,14.183565139770508,14.311947919598598,13.681145541260607,13.79619619773689,377445475
2008-01-25,13.983831405639648,14.689935723695953,13.978399484913863,14.611177599869546,279684411
2008-01-28,13.726573944091797,14.128016186584775,13.544369189590258,14.0966611627324,233540097
2008-01-29,13.591772079467773,13.858659405695821,13.348585361969084,13.837427078622255,252262009
2008-01-30,13.536221504211426,13.836438656411566,13.418701618339192,13.558935177523995,318774383
2008-01-31,13.931984901428223,14.146779278822745,13.191069367837775,13.307600427134496,597081651
2008-02-01,12.737038612365723,13.249828580478082,12.591373136725103,13.052315958975944,706658840
2008-02-04,12.231657028198242,12.66001024054354,12.160551421587698,12.568413453363576,528256642
2008-02-05,12.512370109558105,12.566685540751498,12.061055538302927,12.083522478879058,449811709
2008-02-06,12.386702537536621,12.620260975193302,12.293378612199897,12.619519828946705,306600924
2008-02-07,12.466694831848145,12.694821339891016,12.215114449173386,12.266961597669393,318344779
2008-02-08,12.756542205810547,12.782218571146046,12.559277273336626,12.576805757783108,274179856
2008-02-11,12.866901397705078,12.929858171649139,12.675316060860698,12.851100993487155,233913491
2008-02-12,12.791108131408691,13.099966642620412,12.666181506052101,12.921959199906482,267490877
2008-02-13,13.199216842651367,13.208351658963178,12.805921547287609,12.899986616343833,265981240
2008-02-14,13.140704154968262,13.357720089966277,13.109842599088658,13.291307148558149,260039050
2008-02-15,13.076264381408691,13.150825195255369,12.945166595849436,13.043428015284283,210389647
2008-02-19,12.565448760986328,13.210077603515716,12.504961218070715,13.20711490976722,254968114
2008-02-20,12.566683769226074,12.616308418403314,12.315350150561919,12.431140998642146,267486862
2008-02-21,12.415095329284668,12.670626285325735,12.332140837251345,12.661737257410506,227963272
2008-02-22,12.537057876586914,12.566683869900903,12.283995230038263,12.395342983587561,221462998
2008-02-25,12.0097017288208,12.504962257131826,11.992419032072046,12.491382455206661,336167332
2008-02-26,11.460371971130371,11.516663159036565,11.032265509651863,11.386552297580193,934983461
2008-02-27,11.674427032470703,11.73935862864361,11.348038134787716,11.360135645724801,406393575
2008-02-28,11.73688793182373,11.828237031845022,11.538636061192511,11.616159571208408,264463573
2008-02-29,11.632946968078613,11.844285174294212,11.471728771064827,11.64998293106903,378429149
2008-03-03,11.28335189819336,11.670968504270231,11.112750261645045,11.64109577636067,303312645
2008-03-04,10.976715087890625,11.192989859047215,10.75895802439566,11.133490190821863,546910299
2008-03-05,11.053251266479492,11.212988125976974,10.961902160586236,10.992762770140988,298578968
2008-03-06,10.682917594909668,11.191510284303483,10.645390449945232,11.053004802344663,299923991
2008-03-07,10.698963165283203,10.863144991264917,10.523424976695942,10.588603294565303,324082204
2008-03-10,10.211851119995117,10.64094547875925,10.197532061486838,10.587370249153407,320701579
2008-03-11,10.8591947555542,10.866848223839753,10.484169137525264,10.499229340496752,354399416
2008-03-12,10.867588996887207,11.057694882056648,10.815496063082485,10.863392634793763,267073318
2008-03-13,10.937459945678711,11.03547653574769,10.586136776400272,10.68217666138617,310222448
2008-03-14,10.811792373657227,11.09374083236097,10.631563393194904,10.936718991900584,263961699
2008-03-17,10.366158485412598,10.707853382204206,10.17457217640511,10.566631932199757,316710676
2008-03-18,10.8424072265625,10.883884943690138,10.505896605482848,10.591073587628768,290573072
2008-03-19,10.665635108947754,11.048314247082734,10.65748722702015,10.890552194918195,248086416
2008-03-20,10.703902244567871,10.75698400684872,10.307645201710207,10.55009076958247,398022314
2008-03-24,11.370750427246094,11.499627614716328,10.806854475517685,10.824383905699529,271554050
2008-03-25,11.129293441772461,11.294462222423881,11.011280088501316,11.294215488801608,234138331
2008-03-26,11.312238693237305,11.427782822731464,11.092506798557544,11.173980889786458,209811488
2008-03-27,10.963875770568848,11.075716989565667,10.875243580273308,11.011278871672546,234162421
2008-03-28,10.815742492675781,11.198173876012872,10.722664375083209,11.047324176840801,175704123
2008-03-31,10.874749183654785,10.929559024150738,10.665881141633053,10.755502164909371,178522648
2008-04-01,11.497899055480957,11.517403300651193,11.032758920140859,11.054238924927507,244637537
2008-04-02,11.497651100158691,11.745528551819582,11.366553318832926,11.601345382118506,240859429
2008-04-03,11.236443519592285,11.43815155769134,11.063867064051594,11.39963748042595,272152284
2008-04-04,11.630725860595703,11.797130196363998,11.26310695161694,11.283104663993761,236772166
2008-04-07,11.772193908691406,11.985012522410637,11.69096655592044,11.777378150609799,238631108
2008-04-08,11.549745559692383,11.706026245980718,11.40654931710262,11.678869478830304,182561731
2008-04-09,11.460371971130371,11.653192875930467,11.296191072859784,11.582335896480615,242830791
2008-04-10,11.581101417541504,11.699114770348636,11.402599568593667,11.479382882475399,203656504
2008-04-11,11.293968200683594,11.536167017249776,11.233727386224498,11.457408892615163,167413162
2008-04-14,11.151021003723145,11.293969588828261,11.113740590519306,11.286809586556076,154280120
2008-04-15,11.032018661499023,11.350011970727186,10.954988615690272,11.310757692314706,183790319
2008-04-16,11.234220504760742,11.31445997390537,10.887834887032449,10.971776305554076,306372069
2008-04-17,11.098679542541504,11.341371837734364,11.024118721793812,11.249034852145668,536122013
2008-04-18,13.317476272583008,13.522147952429806,12.956029485414504,13.213782925097416,732158060
2008-04-21,13.277481079101562,13.395988852832055,13.092313627987282,13.316983985458265,298703433
2008-04-22,13.702377319335938,13.846314719921207,13.27180162171756,13.272048355341314,318730218
2008-04-23,13.49227237701416,13.808785241143257,13.355495946678158,13.77496099759747,197597880
2008-04-24,13.407096862792969,13.689785514074536,13.332536045949801,13.610781601593336,166023975
2008-04-25,13.432278633117676,13.652997425778395,13.399442268432454,13.554736010650256,167200368
2008-04-28,13.631274223327637,13.74706508926851,13.3073545555797,13.477215065139877,160945009
2008-04-29,13.788047790527344,13.909764985052659,13.579179742339734,13.599425134269788,174491595
2008-04-30,14.178627014160156,14.43959083269499,13.788047690054613,13.880384675847951,317304895
2008-05-01,14.642533302307129,14.688208327370386,14.2447939815844,14.27787708401659,265101957
2008-05-02,14.35145092010498,14.873869179868231,14.30231973386401,14.77610027462284,281001329
2008-05-05,14.687468528747559,14.788693604963576,14.495635485628195,14.785237443299689,252181709
2008-05-06,14.476624488830566,14.615869222848842,14.393668107501094,14.591179789881515,185866070
2008-05-07,14.294913291931152,14.800790010915163,14.231463046472621,14.57315791858748,265511486
2008-05-08,14.393915176391602,14.54920988886794,14.29269105128459,14.472674251963763,205684075
2008-05-09,14.151716232299805,14.443046232466738,14.104807541009844,14.294912478281102,180068420
2008-05-12,14.441564559936523,14.486251705321243,14.045800997628197,14.189985129574271,195285244
2008-05-13,14.393667221069336,14.51587787425125,14.283801756280583,14.473413224383666,207314163
2008-05-14,14.228252410888672,14.595871322784452,14.2023293101442,14.479833730811528,175688063
2008-05-15,14.344289779663086,14.392433082269262,14.211215289420805,14.29491186372403,174359100
2008-05-16,14.321331024169922,14.435147079582599,14.278125221728159,14.354908542481864,171604815
2008-05-19,14.258373260498047,14.538839438611348,14.15961741751822,14.28380289479205,225020282
2008-05-20,14.285037994384766,14.380831146428257,14.144557694251356,14.18702329428832,133040807
2008-05-21,13.578686714172363,14.354414417410775,13.526839564550192,14.28306302143972,259693761
2008-05-22,13.565600395202637,13.682873552413943,13.338215973496366,13.627076773929712,203813089
2008-05-23,13.44610595703125,13.652999187398335,13.277974483822945,13.503878492339506,177924414
2008-05-27,13.848041534423828,13.890013664336553,13.4270950752622,13.45450046831542,155199554
2008-05-28,14.02925968170166,14.109499157844265,13.852980324083592,14.021852946283273,162623276
2008-05-29,14.393667221069336,14.464771876110301,14.151716086791527,14.190971309092316,194526410
2008-05-30,14.462798118591309,14.564516655091412,14.351698032312145,14.405272315774354,129491554
2008-06-02,14.196155548095703,14.41564068936332,14.104066247085076,14.381322975222767,147518872
2008-06-03,14.006052017211914,14.331947440091303,13.840884175758987,14.233190649760239,172857493
2008-06-04,14.127521514892578,14.270223351363617,13.938156774404748,13.957414285754316,135032244
2008-06-05,14.475142478942871,14.51810154484755,14.226030377828577,14.247510383450699,157255230
2008-06-06,13.998645782470703,14.33737796080812,13.998645782470703,14.31342967388471,190089843
2008-06-09,13.773234367370605,14.072712267692536,13.465363742441966,14.024815693585353,212324874
2008-06-10,13.681886672973633,13.796690603644143,13.499435186475228,13.568069676836645,146844353
2008-06-11,13.46042537689209,13.760150012805328,13.442155744450844,13.732992297770032,153087667
2008-06-12,13.651763916015625,13.77644284262518,13.501901147017996,13.548317312981004,220487355
2008-06-13,14.109991073608398,14.213437679127631,13.858904188543004,13.862607083175265,248303226
2008-06-16,14.142088890075684,14.297381710617145,13.986301656943256,13.986301656943256,142243171
2008-06-17,14.059379577636719,14.271952403718489,14.032715331103425,14.22948680708933,139035192
2008-06-18,13.884581565856934,14.047775527301843,13.805083238870258,13.937168912710073,135754943
2008-06-19,13.830760955810547,13.919148318938396,13.598931541178201,13.711020459080927,228176066
2008-06-20,13.490791320800781,13.751259744520423,13.443389166506408,13.751259744520423,240221045
2008-06-23,13.460672378540039,13.656702707658788,13.381914252629006,13.464375273431452,145981130
2008-06-24,13.388826370239258,13.608311499278576,13.211065687914537,13.458943141593641,187604562
2008-06-25,13.603622436523438,13.771507178875963,13.42265135870318,13.454747527293842,165506041
2008-06-26,13.056018829345703,13.453758112560074,13.042193239922833,13.433266934691346,227228528
2008-06-27,13.037503242492676,13.085154028988981,12.71704069009901,13.027875904285352,218716743
2008-06-30,12.99676513671875,13.28266320459914,12.913810653667944,13.146134443608991,151176531
2008-07-01,13.201931953430176,13.251063138651846,12.764196272829977,12.82789419462289,199139637
2008-07-02,13.01207447052002,13.341425103479239,12.98787944965296,13.245878688145389,169553154
2008-07-03,13.257976531982422,13.313033105798871,13.023431178962545,13.106879134671669,96379907
2008-07-07,13.428577423095703,13.554243298376578,13.223411328804389,13.388827786260252,170845981
2008-07-08,13.690774917602539,13.707069736333725,13.332044062559337,13.479930153981899,198035514
2008-07-09,13.37031078338623,13.719166604598936,13.350065391403824,13.597696143383617,166782808
2008-07-10,13.346116065979004,13.566589108135052,13.102930295077083,13.45548901935082,173917451
2008-07-11,13.178971290588379,13.319698319353774,12.824191024483207,13.245631909901254,200002860
2008-07-14,12.878259658813477,13.3335238128595,12.725928598822732,13.307353034433522,177655409
2008-07-15,12.741729736328125,13.023431467001572,12.371641594322835,12.746420511144734,243750224
2008-07-16,13.22341251373291,13.245632721532086,12.606187985556629,12.691118242475827,190398997
2008-07-17,13.170082092285156,13.259209644111095,12.949363284382482,13.187859201268799,352813493
2008-07-18,11.883294105529785,12.319300766374583,11.8060173258561,12.303747095128989,453389067
2008-07-21,11.574188232421875,11.951682136834117,11.497651657864003,11.872430547304651,236944811
2008-07-22,11.779354095458984,11.856877609216452,11.495183141107812,11.522835267792685,188363396
2008-07-23,12.078336715698242,12.276095130070937,11.803794987875321,11.890454263499002,196497772
2008-07-24,11.74256706237793,12.267207811097874,11.74256706237793,12.263010503602926,142166886
2008-07-25,12.146477699279785,12.174870024728088,11.887737342766291,12.010934926995779,127817302
2008-07-28,11.779600143432617,12.149193847167853,11.730468960074232,12.149193847167853,126873778
2008-07-29,11.92748737335205,12.029946103838904,11.801327091046495,11.83342136690183,112532223
2008-07-30,11.917364120483398,11.99933166824171,11.673189557724475,11.98649395850019,140151360
2008-07-31,11.696399688720703,11.872679057643623,11.639368295011456,11.716398348302649,115033564
2008-08-01,11.550978660583496,11.68331200074794,11.418647211097912,11.665782571690047,120766974
2008-08-04,11.430992126464844,11.6781284469484,11.403834413709221,11.55739914118327,99852875
2008-08-05,11.847002029418945,11.852680684177972,11.513206410841672,11.544315645203264,143917423
2008-08-06,12.007233619689941,12.091917140030159,11.665784523030826,11.810462129677708,135538133
2008-08-07,11.8289794921875,11.949462077921519,11.762072137183452,11.900083209642986,111367875
2008-08-08,12.22128677368164,12.239557351775986,11.744295835634288,11.854408990103641,150132633
2008-08-11,12.36522102355957,12.563720557424514,12.141538593079147,12.158574554635795,170207597
2008-08-12,12.408921241760254,12.495827246024042,12.295106149034808,12.39386103841289,110641162
2008-08-13,12.345223426818848,12.431880800898748,12.193385844973587,12.383985179114067,145563571
2008-08-14,12.480027198791504,12.532367815560269,12.252888566171631,12.287700696366688,117181585
2008-08-15,12.595077514648438,12.60766943756498,12.480273588009492,12.517060531581139,142359606
2008-08-18,12.302513122558594,12.591372952104534,12.23363001425424,12.587423323656484,133855851
2008-08-19,12.109938621520996,12.30201836866774,12.014392215155063,12.108209595616005,122316761
2008-08-20,11.974149703979492,12.262763751476909,11.914155621738535,12.214126032943318,159881036
2008-08-21,12.011923789978027,12.095125958994142,11.832681740979933,11.922796232719348,141090868
2008-08-22,12.112161636352539,12.218077484279846,12.084757186909798,12.134628577104417,92232419
2008-08-25,11.925018310546875,12.270417006584779,11.887737901709393,12.001554887793558,80874004
2008-08-26,11.706521034240723,11.936127929756648,11.618380414612266,11.936127929756648,132823998
2008-08-27,11.568756103515625,11.723061972528368,11.476419126638566,11.695903315246118,176141757
2008-08-28,11.697138786315918,11.763057306212488,11.611961811129904,11.665289354882741,121642242
2008-08-29,11.438154220581055,11.62875361838789,11.414453608030637,11.597645323657062,154504960
2008-09-02,11.486543655395508,11.904528399398373,11.391985115696285,11.770960420746393,245376296
2008-09-03,11.465803146362305,11.70973100130932,11.346556124757518,11.572460135830829,173230887
2008-09-04,11.116454124450684,11.436917595112291,11.095221799443797,11.356924857915818,194666935
2008-09-05,10.968074798583984,11.170770715242737,10.865120708424879,10.998688673318506,182051827
2008-09-08,10.368132591247559,11.182621082502445,10.308878707835449,11.159907408974322,362068052
2008-09-09,10.336284637451172,10.675018755938549,10.24592339763834,10.4476324184295,290267933
2008-09-10,10.225184440612793,10.479974259198032,10.114577817205019,10.479726580223888,250005583
2008-09-11,10.708840370178223,10.741923472809143,10.033103157110862,10.081739931235283,259826256
2008-09-12,10.805375099182129,10.912276934988057,10.591567646211947,10.621441322302104,242023777
2008-09-15,10.711553573608398,10.911781181551039,10.460961119376199,10.468121119860406,263680649
2008-09-16,10.935484886169434,11.092259041399956,10.504909219220428,10.516512316087265,280676114
2008-09-17,10.233329772949219,10.841912839917619,10.207406674612528,10.825618023856444,366444394
2008-09-18,10.840431213378906,10.842900439952784,10.134820414371426,10.434544059912774,344863807
2008-09-19,11.089049339294434,11.40803050789142,10.944125018125012,11.381613941912983,401740198
2008-09-22,10.61971378326416,11.212002147679925,10.591568186491832,11.212002147679925,176952786
2008-09-23,10.598234176635742,10.882650933453267,10.51058796278494,10.69649560863408,208948265
2008-09-24,10.742415428161621,10.986589034919746,10.618971117390519,10.624648825883964,170316002
2008-09-25,10.853270530700684,11.110035132501194,10.763896245478715,10.834506487340368,201564693
2008-09-26,10.64193344116211,10.793029902263768,10.394797096102188,10.566879150541867,212493504
2008-09-29,9.40649700164795,10.456025236791554,9.399337000050979,10.35726939749539,432129680
2008-09-30,9.888423919677734,10.494784453965048,9.68597381813626,9.776335974022833,123914728
2008-10-01,10.164942741394043,10.294806878561362,9.952124108797713,10.150870416076312,250326782
2008-10-02,9.64079475402832,10.12198392248124,9.52994234923015,10.117293147698202,240293315
2008-10-03,9.552409172058105,10.184199429112647,9.45760296171983,9.810161665736238,320914374
2008-10-06,9.16479206085205,9.282805417054963,8.817911994164863,9.233180761540046,450506303
2008-10-07,8.54262924194336,9.257868367584035,8.526828837835536,9.21713179861106,443833384
2008-10-08,8.347587585449219,8.863093601470514,8.051320966272662,8.151311434731335,474829130
2008-10-09,8.122177124023438,8.605834596707506,7.941700453848208,8.505844138497576,324210683
2008-10-10,8.196738243103027,8.440911903082856,7.660987813461193,7.731598538035332,425500926
2008-10-13,9.406989097595215,9.429950446081815,8.536209568997355,8.784087010912272,357555200
2008-10-14,8.954936027526855,9.739798526587368,8.813962265388978,9.71585023947093,312559174
2008-10-15,8.373757362365723,8.86334021486691,8.365363692370765,8.755943022940224,269863738
2008-10-16,8.715700149536133,8.801618283499,7.639754805304446,8.215502065756102,652022815
2008-10-17,9.19762897491455,9.529943269125273,8.975674574255866,9.356133125058685,572104380
2008-10-20,9.365019798278809,9.40600310515293,8.877906164094542,9.375635961778368,271148536
2008-10-21,8.955923080444336,9.475131879974537,8.937405770819593,9.19392458254022,232146894
2008-10-22,8.781126976013184,9.127265935130568,8.493006348953466,8.813716616072428,263383540
2008-10-23,8.698416709899902,8.838649302806813,8.344623436998877,8.731253074186387,260127380
2008-10-24,8.376720428466797,8.652742577501236,8.017497049970203,8.060208438739117,295463334
2008-10-27,8.13476848602295,8.468317392996315,8.03872859738904,8.266113973672642,248957670
2008-10-28,9.104057312011719,9.117882902555825,8.110573536330545,8.370795256528508,325431241
2008-10-29,8.83864974975586,9.159606674600411,8.699650817745658,9.030977171065004,391726805
2008-10-30,8.880374908447266,9.184295895324777,8.847785273487935,9.096897365091554,320753774
2008-10-31,8.872228622436523,9.183308688367713,8.746561793479408,8.793223756102106,298044974
2008-11-03,8.554481506347656,8.96185010298627,8.429554872016714,8.828283064283138,239072757
2008-11-04,9.059370994567871,9.19318476180243,8.530038478290692,8.726069772003639,295097969
2008-11-05,8.449552536010742,9.10726684572018,8.426592129375223,8.94111018762213,278901487
2008-11-06,8.17747974395752,8.503373210041303,8.043911795879872,8.393507756546827,344277618
2008-11-07,8.175506591796875,8.422643911920133,8.032062637343575,8.224390107361732,187953866
2008-11-10,7.870349407196045,8.133533817409317,7.640494832080543,8.097981489123958,324415448
2008-11-11,7.689625263214111,7.8091199542437755,7.4195285403821645,7.621237514895483,407385278
2008-11-12,7.184490203857422,7.715056416964438,7.104498870370793,7.457304358826088,403550960
2008-11-13,7.704932689666748,7.72764778069143,6.912910683525255,7.2035000212997025,531372276
2008-11-14,7.654074668884277,8.023667936833908,7.469894632645619,7.486930124411695,382110897
2008-11-17,7.4096527099609375,7.6575306508212755,7.356078430271768,7.480756892519533,302883041
2008-11-18,7.342993259429932,7.498780968341337,7.044997644687376,7.445452944570932,335095329
2008-11-19,6.917354583740234,7.411380979451983,6.8778526267217766,7.292874635726854,314558640
2008-11-20,6.408267498016357,6.985496016762783,6.395429788362111,6.786749742661935,392642224
2008-11-21,6.479126930236816,6.650468314058333,6.105582133462897,6.4811012719837064,411315956
2008-11-24,6.355927467346191,6.66478643535899,6.1477996256614516,6.647751889691535,403695499
2008-11-25,6.9635233879089355,7.077339899683184,6.599854593110354,6.633431633941382,432462924
2008-11-26,7.211400985717773,7.2946026794548295,6.819092651250189,6.91982377554502,255217044
2008-11-28,7.232880592346191,7.319045937605519,7.117336454280735,7.174121588724464,103004645
2008-12-01,6.567018985748291,7.095115939285645,6.566772252111705,7.077834185988991,229304279
2008-12-02,6.792181968688965,6.858101909118256,6.482829547672483,6.659355153406082,234463545
2008-12-03,6.898837566375732,6.946487403442747,6.550970594968985,6.662317879640284,237077306
2008-12-04,6.773171901702881,6.999074960103635,6.635654307065594,6.827240122880467,196196647
2008-12-05,7.011420249938965,7.0175918990843345,6.518381252187579,6.691204444369525,261825722
2008-12-08,7.458784103393555,7.639754228779702,6.9622894249241165,7.159554367590795,326993073
2008-12-09,7.554083347320557,7.851091518232916,7.332869658639774,7.349658887526273,276629001
2008-12-10,7.624448299407959,7.774556890720383,7.518038505786245,7.634817729957534,210265182
2008-12-11,7.412121295928955,7.7246835918365795,7.352374427192113,7.5096425094902255,248094446
2008-12-12,7.795788764953613,7.8133181958790265,7.258556563450452,7.300774954240156,229741913
2008-12-15,7.670122146606445,7.863189789458113,7.532851280365742,7.752582698062819,270526212
2008-12-16,8.030827522277832,8.135015281838053,7.684934880688092,7.765174826770115,283442445
2008-12-17,7.782950401306152,7.9530576389466034,7.713328032902024,7.8668932461355725,232456049
2008-12-18,7.660492897033691,7.909111054865132,7.6316075743104355,7.818996561939329,191254191
2008-12-19,7.657777309417725,7.845906483854263,7.628891043514163,7.678021754440053,225345496
2008-12-22,7.335339546203613,7.641235353649787,7.175355007543816,7.6180282130490875,157291365
2008-12-23,7.357806205749512,7.488410531576915,7.324475897852209,7.41730682006885,151674390
2008-12-24,7.479523658752441,7.563218828153214,7.3666945406855815,7.443230653245551,77148090
2008-12-26,7.415578842163086,7.536554414051537,7.3649663092485795,7.507174206904412,78657728
2008-12-29,7.342993259429932,7.440761224230709,7.19880959387461,7.412122634295811,148631025
2008-12-30,7.483473300933838,7.574821934182331,7.374842442728087,7.426441438638135,154316255
2008-12-31,7.595561504364014,7.67826926406573,7.471128819026974,7.51038451768389,115904817
2009-01-02,7.933059215545654,7.945403458501759,7.542479919139373,7.619015076272758,144961322
2009-01-05,8.099214553833008,8.177973618547592,7.777024438767028,7.9251581835812885,196293007
2009-01-06,8.247596740722656,8.414000130939874,8.058231998737302,8.220932494027773,257971329
2009-01-07,7.950094699859619,8.169825640603538,7.869608964304597,8.10588192894588,180453860
2009-01-08,8.028604507446289,8.028604507446289,7.834796210304259,7.858004766767268,144567852
2009-01-09,7.778753280639648,8.085637926197245,7.73752276711907,8.085637926197245,174270770
2009-01-12,7.719992637634277,7.874546193136912,7.65925835586278,7.8093669250177875,132667413
2009-01-13,7.760236740112305,7.915283773367788,7.663208977513981,7.697279488220785,177964564
2009-01-14,7.430639266967773,7.747398445585395,7.351140464446429,7.653580584829177,219535801
2009-01-15,7.381754398345947,7.495077451020788,7.080548889064761,7.346696480685988,238269759
2009-01-16,7.398543357849121,7.610374566489022,7.300528192294903,7.530628559972423,209759293
2009-01-20,6.98080587387085,7.394345568545293,6.98080587387085,7.385457014217662,202684876
2009-01-21,7.482732772827148,7.493101256542468,7.11906397308332,7.11906397308332,197718329
2009-01-22,7.56716775894165,7.637531738323716,7.286948345427518,7.358299259206183,331919470
2009-01-23,8.01650619506836,8.195748211148743,7.510876309026513,7.635556172843195,430921167
2009-01-26,7.996016025543213,8.097981287878072,7.914295680977816,8.0202110443563,185119281
2009-01-27,8.18389892578125,8.242906074485589,8.005891490528727,8.059713451859938,197830749
2009-01-28,8.608301162719727,8.698663319283328,8.303145606642744,8.344375638931286,308809170
2009-01-29,8.476217269897461,8.518928657899588,8.396965670734751,8.506337679904407,292444059
2009-01-30,8.357955932617188,8.611511098229233,8.295492628534598,8.510039307129405,187580472
2009-02-02,8.408323287963867,8.517694355792411,8.196738318602039,8.253276245510044,209056670
2009-02-03,8.405360221862793,8.468317002035311,8.241918570773601,8.457699893184799,263243015
2009-02-04,8.468317031860352,8.750758975922858,8.373757549113447,8.395977756077228,273718132
2009-02-05,8.73298168182373,8.773965933365963,8.320183089578679,8.416716439355747,291665150
2009-02-06,9.166521072387695,9.22898438453663,8.77544638131003,8.800630227479498,282579221
2009-02-09,9.3514404296875,9.406497003902913,9.068257356159915,9.166520673584728,199838246
2009-02-10,8.851243019104004,9.320086083561842,8.835936080328274,9.282558937527986,285213056
2009-02-11,8.839638710021973,9.011474028983853,8.715205553114025,8.862105650240423,210048373
2009-02-12,8.963330268859863,8.97740259298813,8.677677970760026,8.719155687638423,222844155
2009-02-13,8.830750465393066,8.961849209203544,8.770261968782496,8.942097284592204,166489714
2009-02-17,8.459922790527344,8.569294804081453,8.38659657697339,8.55497479940266,228067661
2009-02-18,8.71792221069336,8.724588745873342,8.407087917879279,8.572998807021062,241883252
2009-02-19,8.459426879882812,8.883089267022353,8.429059740403112,8.825564415530296,200295955
2009-02-20,8.55349349975586,8.614474516712386,8.270804839229438,8.346105859361705,249616129
2009-02-23,8.148841857910156,8.636202254780347,8.136249933934693,8.56707240308712,209626799
2009-02-24,8.528804779052734,8.631757934321143,8.169332776014338,8.172543149320598,244749957
2009-02-25,8.434737205505371,8.697922510139875,8.367584081077773,8.447328180000714,258529413
2009-02-26,8.324625968933105,8.702614312505949,8.32413250169252,8.541395161784026,225064447
2009-02-27,8.344624519348145,8.48856097071936,8.174764022068622,8.220192313142674,217612620
2009-03-02,8.077242851257324,8.411531927158762,8.048603790026181,8.22957391868512,232407869
2009-03-03,8.03576374053955,8.238460572601387,7.958487918939292,8.149086297722109,261970262
2009-03-04,7.873805046081543,8.122670382229378,7.786405578178272,7.978486264417356,313908211
2009-03-05,7.545936584472656,7.877756436866331,7.471869703777973,7.813565045730317,262175027
2009-03-06,7.618275165557861,7.658271537706863,7.264729507961107,7.584945328103481,290452622
2009-03-09,7.181774139404297,7.568897291717807,7.146221810598668,7.406196796980541,259822241
2009-03-10,7.6083984375,7.665924235631232,7.264728777038122,7.363485083987381,270217058
2009-03-11,7.848870277404785,7.900470694958385,7.547665223884599,7.656049356101693,237832124
2009-03-12,7.987621784210205,8.023914314125985,7.743694879813369,7.839735231406163,201717262
2009-03-13,8.009594917297363,8.084650155004326,7.876522770201486,8.051073583017729,156841686
2009-03-16,7.892816066741943,8.14069353084239,7.8656583542646255,8.048356552147926,198613673
2009-03-17,8.27919864654541,8.27919864654541,7.87800316141216,7.904913669543881,189206544
2009-03-18,8.223896026611328,8.394250008080583,8.099216129039695,8.266113948846325,201239478
2009-03-19,8.145877838134766,8.295492936907772,8.082674330914228,8.18883690030568,165064391
2009-03-20,8.151310920715332,8.22118002659677,8.05699816831214,8.154766137021825,190226352
2009-03-23,8.606573104858398,8.627558694099728,8.2221659650972,8.235251353010103,171500425
2009-03-24,8.571268081665039,8.735943361083084,8.493003436561967,8.554725588312476,153372732
2009-03-25,8.494731903076172,8.674220658328299,8.301664292728418,8.651013521476267,174102141
2009-03-26,8.722365379333496,8.867289713839767,8.604105292199009,8.718415750689969,241032074
2009-03-27,8.584354400634766,8.690517923960595,8.52929782462992,8.641139057356249,133410187
2009-03-30,8.460662841796875,8.488314022325318,8.296727736834157,8.457205735226191,124227898
2009-03-31,8.593241691589355,8.727796585541418,8.546826468782932,8.614720749765382,146760038
2009-04-01,8.74211597442627,8.770508301249432,8.409309200167282,8.487572912805053,132542948
2009-04-02,8.949750900268555,9.128993899749418,8.895929882640282,8.96974955883083,180192885
2009-04-03,9.129487037658691,9.177383610486078,8.838650494018692,8.999129442623904,152160204
2009-04-06,9.091465950012207,9.13047349315551,8.92259239520443,9.060850185471601,131703815
2009-04-07,8.854698181152344,8.980611729395598,8.772237162640169,8.95221940310509,147755757
2009-04-08,8.937405586242676,9.011472932533046,8.794457025911441,8.97443925938786,111022586
2009-04-09,9.196640014648438,9.242314088731302,9.042333206442459,9.122572671082414,135811153
2009-04-13,9.335145950317383,9.359588650085108,9.142325039440879,9.167754673713457,122461301
2009-04-14,9.108006477355957,9.307493904325431,9.02628660632651,9.306259290969374,137658049
2009-04-15,9.369463920593262,9.407978946152975,8.990734411488734,9.063320421197425,197967259
2009-04-16,9.597588539123535,9.700293993215631,9.406989208704475,9.418840928799028,408931050
2009-04-17,9.684000015258789,9.871141292054697,9.500560687523473,9.530434357662326,430840867
2009-04-20,9.364523887634277,9.644743263928982,9.280333857157276,9.533642258608745,177820024
2009-04-21,9.418099403381348,9.487969442851103,9.285520270849405,9.287248351381818,148370051
2009-04-22,9.477108001708984,9.628697934043114,9.357366560661916,9.425014117444666,140597024
2009-04-23,9.497599601745605,9.622525278259335,9.4092131896123,9.56722291444233,104751167
2009-04-24,9.616107940673828,9.707210327722459,9.394154468141016,9.531177676537311,135923572
2009-04-27,9.528708457946777,9.616107949463913,9.449704528327729,9.488959759474895,91967429
2009-04-28,9.47340202331543,9.605241890873506,9.419827749319808,9.474390848318949,118185333
2009-04-29,9.664989471435547,9.751400111344026,9.52574286628234,9.529199972523058,144941247
2009-04-30,9.776089668273926,9.968169405157308,9.747203876732144,9.77090448151497,174881049
2009-05-01,9.719801902770996,9.816088529278534,9.666966868746742,9.752884064439966,97471985
2009-05-04,9.924471855163574,9.934840338801894,9.746957894492846,9.830405848195023,128600225
2009-05-05,9.949405670166016,9.99903031488243,9.807690791040915,9.875091597209067,96391952
2009-05-06,9.961257934570312,10.080012428921071,9.900275973579882,10.043225487301713,105710750
2009-05-07,9.791892051696777,9.998785279272896,9.690420252181145,9.976812752640994,120441759
2009-05-08,10.05655574798584,10.125685583892874,9.752141328695568,9.94594914494189,155183494
2009-05-11,10.072606086730957,10.171854449541895,9.905213868158222,9.944716771725147,102755715
2009-05-12,9.851144790649414,10.146918834654628,9.754858180368961,10.122723815278677,152200354
2009-05-13,9.617341041564941,9.786460396910254,9.587960833598519,9.729675740643094,114138220
2009-05-14,9.566975593566895,9.68326087092394,9.497599957236208,9.599071763252255,117920344
2009-05-15,9.62869644165039,9.730168233766774,9.606229504084007,9.655854153608947,120799094
2009-05-18,9.79757022857666,9.809174270707938,9.515128315771067,9.745476351127676,134570520
2009-05-19,9.847935676574707,9.916076695843536,9.702764610357292,9.779301190066825,113925426
2009-05-20,9.805963516235352,10.015572685897357,9.752141560309258,9.92718628386655,91702440
2009-05-21,9.78917407989502,9.945701475977224,9.723501356430363,9.784236572558674,109199779
2009-05-22,9.715107917785645,9.842257018789015,9.678074244937063,9.79312489169369,69001669
2009-05-26,9.983229637145996,9.99903098572078,9.628696154642444,9.676840401140595,124645457
2009-05-27,10.012856483459473,10.16839695983783,9.994339174870978,10.014832242850424,121826932
2009-05-28,10.132351875305176,10.162472279246558,9.989402378035829,10.089886284147974,107152133
2009-05-29,10.300979614257812,10.300979614257812,10.139761388904992,10.174572576487918,106325044
2009-06-01,10.531326293945312,10.606380580819232,10.333074413806203,10.338011922186466,133394127
2009-06-02,10.576753616333008,10.615269584835696,10.453309289724311,10.523672801679547,105337356
2009-06-03,10.656994819641113,10.676992535320258,10.468124458799101,10.517502386522878,141841672
2009-06-04,10.870058059692383,10.893760556917314,10.727356226501495,10.747107204626191,146069460
2009-06-05,10.969801902770996,11.04436272049628,10.849813740297627,10.988319213066195,147783862
2009-06-08,10.832778930664062,10.88585974509481,10.717975007848407,10.850801828742819,124412588
2009-06-09,10.75500774383545,10.875491266588302,10.659709011429074,10.828088161331975,130684007
2009-06-10,10.680449485778809,10.811053833269387,10.53404378569909,10.770069577203008,134859599
2009-06-11,10.591567993164062,10.708347686074275,10.576014320533071,10.659956696691921,115037579
2009-06-12,10.488862037658691,10.5594722860512,10.399240065203395,10.538733426596702,117173555
2009-06-15,10.28962230682373,10.406401060208841,10.2212345452304,10.406401060208841,150036273
2009-06-16,10.270610809326172,10.396277625843664,10.256290806493114,10.352331628239995,122445241
2009-06-17,10.249871253967285,10.362453618726937,10.16099043968335,10.275300884941949,140127270
2009-06-18,10.222713470458984,10.337022969572656,10.196542693546647,10.26270983660492,123870563
2009-06-19,10.371587753295898,10.380722568551807,10.23555151351988,10.325172530875344,171002566
2009-06-22,10.057051658630371,10.307398372315477,9.922250018341266,10.29406530312253,165594371
2009-06-23,10.01582145690918,10.09754228714133,9.938544668309046,10.039770691264746,116418737
2009-06-24,10.104948043823242,10.17753405011115,10.037547224939956,10.091369186598081,98680498
2009-06-25,10.264931678771973,10.268141106245114,10.036311728646211,10.04840923774011,122236461
2009-06-26,10.500713348388672,10.57255821391057,10.19926061542877,10.213332940961461,130756276
2009-06-29,10.471580505371094,10.561941743428065,10.424670860079283,10.517502270703815,87097243
2009-06-30,10.408622741699219,10.547374013947739,10.325421514144361,10.468123360518588,104144903
2009-07-01,10.344430923461914,10.527375868463897,10.32369206449707,10.473060439496622,92778458
2009-07-02,10.085197448730469,10.256044889855456,10.043719729272283,10.256044889855456,101081463
2009-07-06,10.112848281860352,10.138277915711479,9.91657121279068,10.036065913062721,90843231
2009-07-07,9.792386054992676,10.10248012505519,9.77633797029954,10.079024359420995,130860666
2009-07-08,9.937064170837402,10.023721563818581,9.827692157284686,9.87558873485575,138163938
2009-07-09,10.132105827331543,10.232343006643216,10.018782313829462,10.026682515724227,131515110
2009-07-10,10.231107711791992,10.304433914492863,10.090380694298988,10.112107431744185,117502785
2009-07-13,10.475530624389648,10.480961600579317,10.250366794662277,10.274809496204497,162434571
2009-07-14,10.485159873962402,10.535524733668394,10.390847119989242,10.460963906017982,116266167
2009-07-15,10.817964553833008,10.830555529935669,10.578975178762681,10.60786191626317,151646285
2009-07-16,10.927337646484375,11.005106949309196,10.717480776047196,10.781178699778012,263162715
2009-07-17,10.622427940368652,10.751551869851667,10.53478267443294,10.69032411771201,275191634
2009-07-20,10.620454788208008,10.68662099863607,10.523673754304225,10.61329478595372,126612804
2009-07-21,10.564409255981445,10.663165094312758,10.510587295730694,10.63946354185892,119173022
2009-07-22,10.559224128723145,10.621193970651854,10.455778460443542,10.5668785428628,103855823
2009-07-23,10.797473907470703,10.893020323848198,10.50515694883932,10.583667400701387,139649486
2009-07-24,11.029056549072266,11.122133738216878,10.739701340137406,10.759699053491849,145619780
2009-07-27,10.981654167175293,11.02979747885647,10.804140180864138,11.012268045972066,100551484
2009-07-28,10.859441757202148,10.932521226127392,10.766858044012427,10.887835028648622,101679697
2009-07-29,10.770315170288086,10.808830191676348,10.662917987163638,10.794756922730123,79777911
2009-07-30,11.002391815185547,11.14632826707065,10.92758426195701,10.92758426195701,128423566
2009-07-31,10.938447952270508,11.176696199317675,10.923140069432227,11.109542115875266,114844859
2009-08-03,11.164597511291504,11.206322906130262,11.051769351320607,11.078927064468639,104000363
2009-08-04,11.20212459564209,11.208791129759755,11.071273538783784,11.09448162338229,95950302
2009-08-05,11.13818073272705,11.280635829913138,11.057694529249604,11.258169837129,94031136
2009-08-06,11.11892318725586,11.230516731370106,11.073742577545644,11.216197674284745,84752487
2009-08-07,11.28532600402832,11.342604120181177,11.233233074657084,11.250020412281156,102105287
2009-08-10,11.27323055267334,11.317670018390965,11.203607242017139,11.236937077640238,69941178
2009-08-11,11.20730972290039,11.28853707322174,11.168795646746556,11.20064413415783,68756755
2009-08-12,11.321866989135742,11.400130700720108,11.231504822673836,11.243603277551376,94007046
2009-08-13,11.413215637207031,11.47345645388821,11.33001441384152,11.410006209477563,80107140
2009-08-14,11.356925010681152,11.43543545660908,11.280141700029688,11.42556044013511,67255147
2009-08-17,10.98387622833252,11.159167714258128,10.940176014664159,11.147070203402697,105200846
2009-08-18,10.993502616882324,11.053249959952636,10.920424097077454,10.989058576190992,94396500
2009-08-19,10.961161613464355,10.986590301171214,10.827593647562658,10.86289924255831,90538092
2009-08-20,11.367048263549805,11.410747529671934,11.140403106002525,11.159413884389494,160555554
2009-08-21,11.486296653747559,11.507282247231299,11.422351993428302,11.493703389408854,142953825
2009-08-24,11.572461128234863,11.606037701276115,11.466052753943053,11.538390142566193,98503838
2009-08-25,11.637640953063965,11.711213904049629,11.572214939408463,11.582337636662043,93990986
2009-08-26,11.554436683654785,11.677881952289246,11.522341462106738,11.67195656426936,79810030
2009-08-27,11.506540298461914,11.568756873677449,11.37494809184056,11.568756873677449,80255695
2009-08-28,11.474198341369629,11.662327523343018,11.440374093323038,11.585545156801928,71129616
2009-08-31,11.39815616607666,11.402846941162904,11.307548201608439,11.35174188248447,78609548
2009-09-01,11.252243995666504,11.525303426228595,11.21916089371686,11.34902502002068,104185053
2009-09-02,11.184349060058594,11.315693580409762,11.173979631433571,11.253724687600258,72462593
2009-09-03,11.295698165893555,11.313721065007892,11.233481586700744,11.253726033830748,66094814
2009-09-04,11.389022827148438,11.421118053346746,11.252738882944945,11.29693256588638,60192775
2009-09-08,11.322854042053223,11.529501476815286,11.254219557863072,11.4628408615147,106666319
2009-09-09,11.454941749572754,11.5117264084539,11.327299161237722,11.333718962437393,88145156
2009-09-10,11.627021789550781,11.627021789550781,11.40630204818418,11.521105959539414,101764012
2009-09-11,11.65665054321289,11.685289605780207,11.545302775477156,11.613691476692123,76401301
2009-09-14,11.730223655700684,11.771701375697686,11.605050294808098,11.616407604682381,79324216
2009-09-15,11.789971351623535,11.823795603256803,11.670723375833282,11.729236117004124,96283547
2009-09-16,12.055377006530762,12.082041255136417,11.813178166372126,11.845767803556814,103799614
2009-09-17,12.140059471130371,12.279551878895282,12.027231309651105,12.111667144216131,179996150
2009-09-18,12.133639335632324,12.269923257331058,12.127961626677783,12.264738070248862,131832295
2009-09-21,12.270416259765625,12.317325893976514,12.004269172239994,12.041796312405035,84973311
2009-09-22,12.321276664733887,12.393614991530612,12.290415110172317,12.367198423477298,122103967
2009-09-23,12.306464195251465,12.517308016288043,12.287947828212015,12.363742322525686,108573440
2009-09-24,12.264738082885742,12.379294321950063,12.171659956971624,12.35608718287769,101482963
2009-09-25,12.158823013305664,12.342755838256217,12.146973182085961,12.203510159024578,82291296
2009-09-28,12.308191299438477,12.381517506199042,12.179067371668244,12.217089873307065,73847766
2009-09-29,12.308191299438477,12.338311707862337,12.171908315331734,12.332880732204968,84282733
2009-09-30,12.242024421691895,12.347940257935079,12.029452548386368,12.3444840967667,126139035
2009-10-01,12.028465270996094,12.257331972518895,12.023527762602646,12.171660577122347,112949783
2009-10-02,11.96377944946289,12.14055321561381,11.914895942162353,11.943041536106636,104421937
2009-10-05,12.061054229736328,12.157588516320473,11.93316492320014,12.039575171356855,86105539
2009-10-06,12.313376426696777,12.328930098072654,12.13956629971879,12.13956629971879,109701653
2009-10-07,12.777528762817383,12.813327825900824,12.290415149398143,12.319795356997243,195698788
2009-10-08,12.694572448730469,12.918501627717589,12.673834536651878,12.82764694138631,172797268
2009-10-09,12.745680809020996,12.875544943260623,12.702475008817988,12.7555567716221,109934523
2009-10-12,12.938007354736328,12.980472005749645,12.821474407384088,12.922699471970107,133386097
2009-10-13,12.989113807678223,13.022443646547396,12.872335059476505,12.946649152092004,121951397
2009-10-14,13.216498374938965,13.222917230086017,13.085152905994727,13.14588813230292,130824531
2009-10-15,13.082932472229004,13.255507992449195,13.017753199421279,13.177737741882488,244930632
2009-10-16,13.575228691101074,13.696205680501166,13.443884163155436,13.513012115753517,355001664
2009-10-19,13.630533218383789,13.667813631137744,13.547578722502555,13.645346690030367,129198459
2009-10-20,13.62139892578125,13.651766069047662,13.349325468514193,13.61942316606308,162354271
2009-10-21,13.606090545654297,13.80977434905508,13.554243398386273,13.57671033797916,147374332
2009-10-22,13.679910659790039,13.702377600105315,13.529555345887642,13.578933267855488,93810311
2009-10-23,13.670034408569336,13.77372869707875,13.608558981622783,13.70854943001569,96066737
2009-10-26,13.682872772216797,13.866312127389998,13.600906162600275,13.720894328265704,119261352
2009-10-27,13.536713600158691,13.691512935412957,13.434747396194137,13.602879799078488,129142249
2009-10-28,13.33945083618164,13.57893371840476,13.288838299050848,13.526346366838395,103096990
2009-10-29,13.604852676391602,13.624110183625438,13.356728520426145,13.40635410789069,101282213
2009-10-30,13.236249923706055,13.583129030304573,13.189833752673538,13.578932668121002,139260032
2009-11-02,13.183661460876465,13.318709819007294,13.041699835331292,13.259949409334011,128564090
2009-11-03,13.26513671875,13.270321906475289,13.043183269259146,13.085401190612593,95564863
2009-11-04,13.340191841125488,13.467833493012101,13.243658481507044,13.351795885480543,93657741
2009-11-05,13.545601844787598,13.573254916698446,13.39771481950423,13.41820788982022,74185025
2009-11-06,13.606090545654297,13.622878830608858,13.467831801386078,13.522641642783704,73341877
2009-11-09,13.88779067993164,13.889519705875815,13.683366685250403,13.713487092376305,106393299
2009-11-10,13.992718696594238,14.042591027428069,13.875199761586341,13.893222659215937,89566463
2009-11-11,14.08653736114502,14.15912241574548,13.970497887477338,14.084561601668646,93135792
2009-11-12,14.019630432128906,14.144309366849715,13.961611166240008,14.061848348434381,75734813
2009-11-13,14.123324394226074,14.134681703362286,13.98901622557133,14.05518243008787,66921903
2009-11-16,14.227758407592773,14.24528689260094,14.14134681458088,14.196155708109275,88297726
2009-11-17,14.2576322555542,14.257878989166706,14.164555072589446,14.192946454138928,76955370
2009-11-18,14.236892700195312,14.28948004396704,14.123817810740938,14.236892700195312,62216331
2009-11-19,14.14653205871582,14.17146822414607,14.072711442206504,14.165788624407465,87045048
2009-11-20,14.071724891662598,14.112214729052878,14.057898355703356,14.06036758255455,80548789
2009-11-23,14.377620697021484,14.482548658136082,14.217389428071712,14.232943099356172,102281946
2009-11-24,14.395890235900879,14.42551717657493,14.234177620951128,14.381817911750465,64448667
2009-11-25,14.46131706237793,14.493905753635353,14.386015092987357,14.477858614306175,58667077
2009-11-27,14.313675880432129,14.38033649663314,14.096659959031452,14.122089592099696,55591593
2009-11-30,14.393667221069336,14.410209716795801,14.2482494287601,14.335155433367776,69262644
2009-12-01,14.563282012939453,14.596611849689634,14.393668244338775,14.520322947464841,93159882
2009-12-02,14.50501537322998,14.640804886537136,14.473166884961882,14.591179288685137,66777363
2009-12-03,14.46131706237793,14.602290826882415,14.443047429701895,14.542790208530851,57362205
2009-12-04,14.443293571472168,14.685739130958005,14.299357118629842,14.641051985618093,100920864
2009-12-07,14.473906517028809,14.534147329930073,14.344290075849575,14.42354072031558,65693315
2009-12-08,14.493657112121582,14.582784661101678,14.368979127667261,14.406011855403987,61188493
2009-12-09,14.542295455932617,14.549948924476126,14.407987292660541,14.504768314038873,71507025
2009-12-10,14.603525161743164,14.682776758376729,14.57661418050205,14.57735532671672,66982128
2009-12-11,14.579082489013672,14.683763719991873,14.51044800084644,14.682036584613424,69057879
2009-12-14,14.70796012878418,14.746968621614808,14.630930077654599,14.698577633356107,76822876
2009-12-15,14.644014358520508,14.72400615252287,14.590932599240142,14.647964932366612,91557900
2009-12-16,14.758076667785645,14.82251573400029,14.730425487755152,14.778815525478256,112797213
2009-12-17,14.663766860961914,14.755116918767442,14.659323764765148,14.725489975191554,105947635
2009-12-18,14.724995613098145,14.786965461180285,14.689937693306128,14.715367329072752,141789477
2009-12-21,14.780791282653809,14.80942939710544,14.706477200157034,14.754372825320168,103233500
2009-12-22,14.841032981872559,14.85041453151205,14.784989472317182,14.846463957555637,75513988
2009-12-23,15.1017484664917,15.131128674762206,14.883744655266973,14.89979368502367,83218760
2009-12-24,15.269633293151855,15.295310606494724,15.116315286013705,15.132610104145323,34476745
2009-12-28,15.378018379211426,15.455047483291066,15.269633306976248,15.348144703499672,68170566
2009-12-29,15.29234504699707,15.426653203902264,15.264941547043753,15.42418492260041,57205620
2009-12-30,15.37456226348877,15.37456226348877,15.258031192677894,15.270128703918894,58843737
2009-12-31,15.306666374206543,15.440481075504772,15.306666374206543,15.424432991625784,48974884
2010-01-04,15.473809242248535,15.541950253635544,15.411839406654515,15.478746750086584,78541293
2010-01-05,15.405671119689941,15.500723126428259,15.345182619638644,15.484428307633769,120638494
2010-01-06,15.017312049865723,15.451837363169092,14.970403357226918,15.451837363169092,159744526
2010-01-07,14.667715072631836,15.06027012110273,14.631916012467203,15.045456651700851,257533695
2010-01-08,14.863252639770508,14.893619780838254,14.544518189346652,14.615868634175255,189680313
2010-01-11,14.840786933898926,14.923494694467221,14.666235650982335,14.923494694467221,289597429
2010-01-12,14.57834243774414,14.767953922192675,14.51711468441116,14.755362944446842,194859654
2010-01-13,14.494647026062012,14.52649551670749,14.169000226905244,14.232943941828092,260838034
2010-01-14,14.562788009643555,14.670185196707086,14.388976939809057,14.415887919978744,170239717
2010-01-15,14.319602012634277,14.654384567383422,14.271211025468032,14.648952646223462,218194794
2010-01-19,14.507732391357422,14.576862239127626,14.228006408407168,14.349229193962007,173315202
2010-01-20,14.329726219177246,14.467243835346405,14.203318234786817,14.467243835346405,130515377
2010-01-21,14.393176078796387,14.487982300831794,14.128263550867002,14.404533389257592,253253712
2010-01-22,13.579178810119629,14.087524722694033,13.205140115056292,13.936921743036354,273035583
2010-01-25,13.332043647766113,13.575970563192941,13.22119029338739,13.49474320570049,177458675
2010-01-26,13.391789436340332,13.569055711067895,13.240446260364765,13.281923029300065,174873019
2010-01-27,13.383889198303223,13.520912371724531,13.216250261118702,13.363397074821004,159170382
2010-01-28,13.191070556640625,13.504866590590634,13.099967231980155,13.442896742384557,129648138
2010-01-29,13.083672523498535,13.356485231433025,12.976768799225537,13.294763066145777,166240784
2010-02-01,13.159712791442871,13.228595898903471,13.092558709914057,13.198722225600937,90369462
2010-02-02,13.112804412841797,13.207608724610376,13.026145145747432,13.207608724610376,164462143
2010-02-03,13.352287292480469,13.383889992515629,13.04145304209276,13.052315938476369,120413655
2010-02-04,13.005656242370605,13.282665327572763,12.975535831646946,13.25797778360037,135614418
2010-02-05,13.117000579833984,13.171562735878497,12.898996798569035,13.045650140801886,126713179
2010-02-08,13.17082405090332,13.381421121949211,13.122927477687364,13.146875764295343,108175956
2010-02-09,13.244149208068848,13.369816019395392,13.210325907289864,13.320685781971639,113206742
2010-02-10,13.195019721984863,13.277480748928687,13.028122853697354,13.185638171911028,107380987
2010-02-11,13.243163108825684,13.344140495668466,13.072809144825749,13.167119997328964,96761331
2010-02-12,13.162182807922363,13.2616797954779,13.0974979492669,13.158479912908064,91529795
2010-02-16,13.364137649536133,13.434007691006231,13.191315411255035,13.25476565227021,146723904
2010-02-17,13.287850379943848,13.415985481917176,13.273036909425626,13.381421032487832,81492313
2010-02-18,13.411540985107422,13.455734661541905,13.23674298427065,13.271307432525672,93826371
2010-02-19,13.350807189941406,13.431539186455757,13.324636410181414,13.345127589999272,102506786
2010-02-22,13.401171684265137,13.517209273372597,13.356731273795296,13.513506378503198,86105539
2010-02-23,13.2103271484375,13.421664423449807,13.14169077000932,13.406110751742915,115334688
2010-02-24,13.12144660949707,13.29352866321828,13.097746000984037,13.183416454730802,93412827
2010-02-25,12.997013092041016,13.047873305168421,12.838264112095311,13.014049056070847,132864148
2010-02-26,13.006147384643555,13.128358031842277,12.924179837541908,13.021454320907868,82279251
2010-03-01,13.151567459106445,13.166380930759967,13.029356790634703,13.065403535218008,89851528
2010-03-02,13.358213424682617,13.471781785781412,13.20884411129538,13.22044909902459,174925214
2010-03-03,13.463388442993164,13.532517341109479,13.313526604089288,13.390308025661712,124039193
2010-03-04,13.692254066467285,13.730274673842775,13.485113176666387,13.492519911264138,127829347
2010-03-05,13.929762840270996,14.01518655943694,13.82335352808839,13.85915259209794,157074555
2010-03-08,13.88705062866211,13.953711244171402,13.850757154215074,13.943835282316115,95813793
2010-03-09,13.830512046813965,13.940870975867059,13.739409682647041,13.822118377711151,127540267
2010-03-10,14.231955528259277,14.282567113743884,13.880383772838362,13.91865206063399,227043838
2010-03-11,14.347745895385742,14.472919238037827,14.176405009741764,14.177885411329193,169966698
2010-03-12,14.308243751525879,14.524025056377136,14.298862202273085,14.52056889514495,110548817
2010-03-15,13.90433406829834,14.059133421240642,13.727066830034635,13.990744721454963,186853758
2010-03-16,13.954205513000488,14.033703843615006,13.844586773205402,13.871004287314715,137774484
2010-03-17,13.963091850280762,14.108510591024318,13.930749894978257,14.030740345587885,133362007
2010-03-18,13.983831405639648,14.034197203138488,13.898901160264572,13.942353690052368,71354455
2010-03-19,13.825823783874512,14.023335484691318,13.758669692156042,13.825823783874512,192486794
2010-03-22,13.764101028442383,13.994942558988036,13.68460269513811,13.729783310437606,160792439
2010-03-23,13.554242134094238,13.784096695979656,13.381419901553643,13.752741676922652,220876809
2010-03-24,13.759902954101562,13.822119530790042,13.324636486921579,13.468079473170398,263592319
2010-03-25,13.896925926208496,14.122088770486386,13.792738173172772,13.801626254815805,157825359
2010-03-26,13.89223575592041,14.008274297422558,13.826317227724882,13.955933681466702,108252241
2010-03-29,13.886310577392578,13.9423540854748,13.839894406978349,13.89988848891314,124645457
2010-03-30,13.991484642028809,14.014198313646101,13.832733783632332,13.895690556791566,79412546
2010-03-31,14.001608848571777,14.066293709277717,13.895198589519635,13.950501900241713,121686407
2010-04-01,14.043085098266602,14.157889023155795,13.96284562312069,14.106041875871101,84423257
2010-04-05,14.097648620605469,14.193194091116052,14.048023019789666,14.094932660016006,76345092
2010-04-06,14.028766632080078,14.094686106596326,13.959143317074599,14.059380509161064,82712870
2010-04-07,13.913222312927246,14.041852786409299,13.871745536432957,14.00605277442437,103626969
2010-04-08,14.010741233825684,14.069008177949636,13.827056101030749,13.907789037871712,78191988
2010-04-09,13.979389190673828,14.042345973101057,13.924579345059938,14.010743269727898,82572346
2010-04-12,14.14011287689209,14.171468844264473,13.97938813810835,14.007286053424652,94448695
2010-04-13,14.486745834350586,14.538838768670288,14.1006096174732,14.135175011728995,157078570
2010-04-14,14.541802406311035,14.62426248206259,14.418603869234705,14.567972240275248,136618166
2010-04-15,14.697341918945312,14.760051957238817,14.524272006972028,14.620065144941718,271485795
2010-04-16,13.582634925842285,14.043330999828829,13.569797215596875,13.899888021956372,491254466
2010-04-19,13.581401824951172,13.677441703553864,13.4554882719445,13.548071989235178,156343827
2010-04-20,13.703365325927734,13.81742715375501,13.605102011793402,13.68188532185096,119542401
2010-04-21,13.685094833374023,13.831993974909638,13.632259808498864,13.738423325470238,96018557
2010-04-22,13.506349563598633,13.640656806406136,13.414752767040897,13.628312561007078,131719875
2010-04-23,13.455241203308105,13.562144928608248,13.388088061596818,13.511038926101717,83889263
2010-04-26,13.12564468383789,13.455242073002426,13.065650594814217,13.454748605714867,175407013
2010-04-27,13.061944007873535,13.290811629841096,13.016763400372138,13.059228047683726,154364435
2010-04-28,13.065154075622559,13.204398789433952,12.86369184850804,13.136997980142969,136754676
2010-04-29,13.134528160095215,13.24562916929583,13.002936920097548,13.168353348014442,122814620
2010-04-30,12.97899055480957,13.274763653193638,12.972571699554187,13.11305198637534,97781139
2010-05-03,13.09996509552002,13.157244159182788,12.963683067236083,12.998740981380655,74590540
2010-05-04,12.501751899719238,13.004666842590868,12.44842435308839,12.999234921814054,243963019
2010-05-05,12.58544921875,12.732595102211356,12.35608809932458,12.36867907688906,183975008
2010-05-06,12.311647415161133,12.7770342876258,11.356925383753445,12.560512774844506,200753664
2010-05-07,12.175118446350098,12.475830026058572,11.883541683144418,12.343744341879724,204322993
2010-05-10,12.879000663757324,12.907887404340093,12.655565880116924,12.689389183821833,165738910
2010-05-11,12.567919731140137,12.835301461027427,12.547428550986423,12.731360431820882,133402157
2010-05-12,12.477559089660645,12.641739998909587,12.39386250306009,12.641739998909587,154649500
2010-05-13,12.6131010055542,12.887642751607798,12.600510027386028,12.751853225738406,133530637
2010-05-14,12.530391693115234,12.615815405061792,12.251900352664117,12.58569499836833,165257111
2010-05-17,12.541254997253418,12.550883280228616,12.303746951797168,12.511874790421194,112170874
2010-05-18,12.304241180419922,12.615323129013603,12.272145956510334,12.591373896221477,113443627
2010-05-19,12.206966400146484,12.33065745370335,12.041796686233964,12.252147009905075,138344613
2010-05-20,11.727506637573242,11.988468554120848,11.697632963778107,11.975877577212604,197268650
2010-05-21,11.654428482055664,11.974150847826476,11.46555718974209,11.580607856878105,389084940
2010-05-24,11.780587196350098,12.092409317033317,11.771700059826617,11.868726868821451,174475535
2010-05-25,11.778367042541504,11.78774859272735,11.455929666590418,11.558140729432402,121148398
2010-05-26,11.738863945007324,12.091669376081294,11.727259902546926,11.90181117065754,139545096
2010-05-27,12.108951568603516,12.154626593934223,11.876628704020904,11.972915317772744,112785168
2010-05-28,11.989704132080078,12.182771780688828,11.924772537403753,12.165243294119682,116226017
2010-06-01,11.909218788146973,12.123764550718828,11.853667798523617,11.861322213086869,107071833
2010-06-02,12.180798530578613,12.193142776453602,11.886753451188408,12.015628777226045,102012942
2010-06-03,12.482743263244629,12.541996203547278,12.213633441518772,12.223755192532993,146575349
2010-06-04,12.312881469726562,12.572856447842975,12.263010084741703,12.337570901280909,157399770
2010-06-07,11.98698902130127,12.366952193346975,11.928475337527821,12.32127716636347,145852650
2010-06-08,11.968719482421875,12.068956682451134,11.789971823738895,12.044514925575854,107806577
2010-06-09,11.703063011169434,12.069941682448482,11.653191629375101,12.028957436664925,109569158
2010-06-10,12.023775100708008,12.060561099898813,11.747998746894627,11.85983998227267,103502504
2010-06-11,12.060561180114746,12.065746367761639,11.890701617383394,11.912428357162527,71535130
2010-06-14,11.929463386535645,12.208694958615345,11.929463386535645,12.208201491349357,81921917
2010-06-15,12.294861793518066,12.354362417598873,11.904529153677368,11.92674841724794,171022641
2010-06-16,12.375839233398438,12.443240054001642,12.248444327716534,12.249925674821435,91915234
2010-06-17,12.346458435058594,12.489407951182127,12.26276374563968,12.42966154792502,79388456
2010-06-18,12.345223426818848,12.430153665775869,12.298313794050674,12.4064521158028,115346733
2010-06-21,12.062043190002441,12.368432470389822,11.971435228516844,12.342015901527432,119787316
2010-06-22,12.005011558532715,12.260541565087419,11.99217290212969,12.0951260509573,89120799
2010-06-23,11.901318550109863,12.020812308437424,11.805277721304137,12.020812308437424,81468223
2010-06-24,11.729727745056152,11.918598063626227,11.684300402039868,11.842310113526942,76027907
2010-06-25,11.669981002807617,11.792685127352811,11.61764038952328,11.778118390666728,90144622
2010-06-28,11.655168533325195,11.790217858277622,11.579374040005181,11.66776045683222,70756221
2010-06-29,11.215209007263184,11.469258575622668,11.137685503406699,11.44185413139547,140609069
2010-06-30,10.985356330871582,11.303351547384002,10.979678621391367,11.232493619630173,144668227
2010-07-01,10.850555419921875,11.070534043717771,10.705877818388577,10.993750729032753,141070793
2010-07-02,10.777970314025879,10.919437554258325,10.764391455520872,10.903143680324023,77730264
2010-07-06,10.766118049621582,11.052509597579247,10.705877235093642,10.961901642176894,102787835
2010-07-07,11.114972114562988,11.141883092297766,10.749082267078716,10.821420586088198,125657235
2010-07-08,11.271994590759277,11.291005367921482,11.101640633139292,11.197680508039333,107156148
2010-07-09,11.541845321655273,11.684300417650524,11.425560058314952,11.652205197173426,173909421
2010-07-12,11.747751235961914,11.83687879128353,11.630479032439332,11.662327520881174,133875926
2010-07-13,12.077842712402344,12.171413361249332,11.85761736829847,11.906254140128707,159648166
2010-07-14,12.130677223205566,12.192153598284307,12.010195590583658,12.094632372205623,125187481
2010-07-15,12.196844100952148,12.213632385319118,11.916871406182974,12.140306180847677,195056389
2010-07-16,11.347297668457031,11.61764115593938,11.345075175095475,11.582089770210736,314165171
2010-07-19,11.509503364562988,11.595173816056448,11.295697808933435,11.381861727672652,182694226
2010-07-20,11.889959335327148,11.92452378067796,11.371737497975726,11.382353659704512,162787890
2010-07-21,11.788981437683105,11.991430609251784,11.73787544125914,11.949460373347254,131675710
2010-07-22,11.969459533691406,12.072412685141423,11.911933730043891,11.930450096244572,86230004
2010-07-23,12.099076271057129,12.112160715359972,11.850951116439976,11.86971516058181,90915501
2010-07-26,12.072164535522461,12.116109585721267,11.971185264943445,12.075126284054768,80107140
2010-07-27,12.16252613067627,12.282761024473762,12.101791849759874,12.111913599686279,98415508
2010-07-28,11.958102226257324,12.227212042324707,11.916625452519463,12.219558573146777,100214225
2010-07-29,11.97390365600586,12.069944492735944,11.834165439144945,11.997606157131255,107421137
2010-07-30,11.970446586608887,12.03241643219828,11.829472821510134,11.842064744736389,86085465
2010-08-02,12.10771656036377,12.17857353811455,12.02204611246657,12.072658644576919,74626675
2010-08-03,12.093399047851562,12.15833159625493,12.017604546223355,12.109941547371276,72362219
2010-08-04,12.500518798828125,12.517307083800656,12.12351738844213,12.15141624908233,153071607
2010-08-05,12.544464111328125,12.55680835442555,12.432377098341796,12.489901951820231,97178890
2010-08-06,12.349916458129883,12.486199450043031,12.246964249627691,12.47780577978647,133277692
2010-08-09,12.476568222045898,12.480272061982427,12.37806007075801,12.400033540764303,75168699
2010-08-10,12.436079978942871,12.492617897926264,12.309177605569674,12.402503410874715,83270954
2010-08-11,12.140552520751953,12.295106072311548,12.134627132892295,12.288439538299693,89253294
2010-08-12,12.14721965789795,12.2148672090949,11.912674303926794,11.947978953893973,88514535
2010-08-13,12.007478713989258,12.126973403023245,11.999085044928684,12.072904712639247,77678069
2010-08-16,11.988716125488281,12.094386183086607,11.86304929987799,11.941560696850603,52395658
2010-08-17,12.110432624816895,12.213632504163828,11.99957927671848,12.06130143929912,75911472
2010-08-18,11.903787612915039,12.11907549764434,11.888975084962395,12.10845933267477,107858771
2010-08-19,11.553696632385254,11.912674188778167,11.535919522755965,11.875640513174474,157588475
2010-08-20,11.4067964553833,11.64306892098224,11.382107025437604,11.553695585740979,157291365
2010-08-23,11.457409858703613,11.5606097448779,11.300882421355643,11.393959611283314,119895720
2010-08-24,11.144353866577148,11.316682652381147,11.132749823384355,11.300141100626563,110922211
2010-08-25,11.224098205566406,11.302856330534425,11.110035431387523,11.110035431387523,104072633
2010-08-26,11.134230613708496,11.289277639123165,11.12089943579226,11.259650698554818,71346425
2010-08-27,11.328038215637207,11.356678221153416,11.052016097514883,11.173239817720855,92842698
2010-08-30,11.176448822021484,11.351000082195958,11.169782288114341,11.335938933839664,49440624
2010-08-31,11.1105318069458,11.23027231135652,11.06065946712792,11.112752409838972,78163883
2010-09-01,11.365073204040527,11.478890202411549,11.171758816501807,11.232987517705254,129616018
2010-09-02,11.43543529510498,11.466297793503651,11.364578318813928,11.427041625754603,67620512
2010-09-03,11.611222267150879,11.65022981111121,11.540611078226831,11.616653242602302,101996882
2010-09-07,11.465556144714355,11.544315216860966,11.431486108103456,11.468025371563071,68652365
2010-09-08,11.618134498596191,11.665537606178756,11.468272651999564,11.485061882828106,96432101
2010-09-09,11.756393432617188,11.860580245636815,11.618133747546073,11.797130002892766,97588419
2010-09-10,11.755404472351074,11.845519905690193,11.729234638925494,11.826510073650494,79268006
2010-09-13,11.90674877166748,11.958101504819785,11.839101221289257,11.87292452380861,89996068
2010-09-14,11.861323356628418,11.967979414122318,11.852682006712605,11.900330907397063,88992319
2010-09-15,11.86650562286377,11.897367176562877,11.813670597554601,11.849470604862853,96472251
2010-09-16,11.876874923706055,11.911191692949846,11.836137408568105,11.8494704768972,79075287
2010-09-17,12.101297378540039,12.127221425291655,11.879838351875549,11.943288597797645,226509844
2010-09-20,12.548908233642578,12.601495579290882,12.148452968486934,12.159316810009015,176800216
2010-09-21,12.676795959472656,12.837769306599027,12.56446127246103,12.583472048828982,179321632
2010-09-22,12.739506721496582,12.78345366441211,12.632850682506762,12.661983210037047,101864387
2010-09-23,12.677290916442871,12.83060985661555,12.623468957804588,12.705189775531167,93043447
2010-09-24,13.018245697021484,13.031577820011847,12.795304391691886,12.88122157229028,134779299
2010-09-27,13.095274925231934,13.254271566093415,13.05675990565896,13.05675990565896,124761892
2010-09-28,13.015283584594727,13.173786775223164,12.79999573824982,13.17107081471385,146735949
2010-09-29,13.028122901916504,13.157740304020944,12.95454901216955,13.032072530730849,87213678
2010-09-30,12.981213569641113,13.131323101648517,12.811600736052084,13.064415745110242,130250387
2010-10-01,12.977014541625977,13.100459808110894,12.912329687094907,13.085152871105896,89333594
2010-10-04,12.896281242370605,13.041946709459303,12.809870598127208,12.960473573228239,77910939
2010-10-05,13.288344383239746,13.332043650361587,12.99997610907844,13.045157668651434,140809819
2010-10-06,13.192551612854004,13.330810375370326,13.08367400723024,13.31377535454652,110906151
2010-10-07,13.085399627685547,13.26291358655233,13.063919623780027,13.238470888683253,96191202
2010-10-08,13.241928100585938,13.2727906013846,13.026393515644212,13.153542632559114,114796679
2010-10-11,13.303404808044434,13.445613187768958,13.262173821866817,13.294516725227927,105445761
2010-10-12,13.366360664367676,13.479929028048197,13.27747984234876,13.335004697705843,150706777
2010-10-13,13.413516998291016,13.516962666062192,13.389567766864449,13.50486515621117,122682126
2010-10-14,13.355003356933594,13.461660343369102,13.260691559339655,13.435241885036419,266358649
2010-10-15,14.849181175231934,14.85387195044881,14.60599444750297,14.795359209049414,595214680
2010-10-18,15.250622749328613,15.299506256106655,14.826960333661614,14.826960333661614,284992232
2010-10-19,15.006694793701172,15.179271249239239,14.883990669725463,15.031877693096305,184203863
2010-10-20,15.010398864746094,15.242475938396524,14.998548088377918,15.014348493309132,141532518
2010-10-21,15.109402656555176,15.208406183006256,14.96151561898209,15.097552824570757,117257870
2010-10-22,15.122735023498535,15.179272001457939,15.061505379943867,15.107673873566268,90582257
2010-10-25,15.220747947692871,15.424184998156582,15.182974073796826,15.198281010233204,126809538
2010-10-26,15.272595405578613,15.33752604730627,15.08569990101661,15.136804952946393,100892759
2010-10-27,15.220008850097656,15.307159700663012,15.117795904922714,15.202726152950072,90012128
2010-10-28,15.272101402282715,15.331848749279002,15.141743812110677,15.308393930976973,87699492
2010-10-29,15.151619911193848,15.282472868613477,15.134091424956592,15.234822082437491,91473585
2010-11-01,15.183716773986816,15.323456875054292,15.0901461141048,15.201739673640796,123946848
2010-11-02,15.198529243469238,15.307160101506085,15.173346343273927,15.274323732337418,80203500
2010-11-03,15.311604499816895,15.352341072530779,15.146682449261837,15.245439238032402,135726838
2010-11-04,15.41258430480957,15.552075780347339,15.359008128249817,15.421718176036595,143367369
2010-11-05,15.43257999420166,15.442703635283225,15.334565300521701,15.38567130112964,70892731
2010-11-08,15.474306106567383,15.54146019833305,15.384438339352956,15.406411813866253,84367048
2010-11-09,15.42616081237793,15.575034769897348,15.3197515058775,15.554050123340815,89823423
2010-11-10,15.378264427185059,15.381227121261395,15.245685285278281,15.358513448455989,100254375
2010-11-11,15.237784385681152,15.303457123663001,15.164211445146915,15.299753283337497,90803081
2010-11-12,14.894607543945312,15.230624688651895,14.84325386616614,15.15877888648307,136228712
2010-11-15,14.701539993286133,14.912138015598845,14.666482075398278,14.889423396453385,139677591
2010-11-16,14.411444664001465,14.761287425266323,14.404779074669475,14.634633665241944,132791878
2010-11-17,14.407249450683594,14.554149560067314,14.353426537779864,14.443048517843536,98066204
2010-11-18,14.728450775146484,14.81288755889688,14.530939091153858,14.541802933324723,103988318
2010-11-19,14.586983680725098,14.761287280233747,14.574886170323257,14.739313807405711,92244464
2010-11-22,14.596611976623535,14.651421819257434,14.387497192828125,14.504028255654976,87791837
2010-11-23,14.393915176391602,14.542049886966874,14.275161619643255,14.49267196522164,86828238
2010-11-24,14.689194679260254,14.729438727088095,14.49365782119128,14.500077621731526,96215292
2010-11-26,14.56649112701416,14.640065012447574,14.492424719682319,14.577848436203617,52640573
2010-11-29,14.371695518493652,14.561553731078144,14.318367024158393,14.545999114227254,114816754
2010-11-30,13.7199068069458,14.179369247218164,13.660652923419773,14.179369247218164,285763111
2010-12-01,13.933218002319336,14.111473108701329,13.885074697715462,13.899888167645807,150726852
2010-12-02,14.117647171020508,14.154927584580195,13.957909352762206,14.039630182222107,102298006
2010-12-03,14.14677906036377,14.232696242791096,14.023333789605035,14.0591328519513,105642495
2010-12-06,14.279111862182617,14.368980566291631,14.235906063491212,14.333674024861415,84065923
2010-12-07,14.495881080627441,14.640558681277971,14.467735486224768,14.597846349759429,122144116
2010-12-08,14.57982349395752,14.62870794753693,14.410704138763279,14.615129090210353,70539412
2010-12-09,14.603525161743164,14.70425581850879,14.54180299656195,14.662285578084376,75036204
2010-12-10,14.621054649353027,14.665000649625648,14.573651542297931,14.644015056663058,68443585
2010-12-13,14.680553436279297,14.887446645916729,14.667468047677653,14.742275594001441,96299607
2010-12-14,14.687713623046875,14.771162523666689,14.627719541210375,14.741535583169771,65978380
2010-12-15,14.573896408081055,14.72573399323708,14.545504083279969,14.670183956946163,87033003
2010-12-16,14.608708381652832,14.659568591736148,14.518840628054194,14.636854919728716,64115423
2010-12-17,14.58624267578125,14.629696154605726,14.508965892365095,14.591180184372387,123946848
2010-12-20,14.69141674041748,14.761040051639574,14.533407964273652,14.68129499004402,79227857
2010-12-21,14.889176368713379,14.92991388592246,14.754373784965127,14.778076283491181,75461793
2010-12-22,14.948923110961914,14.986203519922094,14.894360005059598,14.912137114566043,48481040
2010-12-23,14.917815208435059,14.96151447380279,14.863499780083732,14.945220601569021,44598542
2010-12-27,14.872140884399414,14.90670438792819,14.801036227066108,14.881028021226559,48505130
2010-12-28,14.78671646118164,14.908927120263636,14.764249521789926,14.863993241480205,42751645
2010-12-29,14.8380708694458,14.872882054196719,14.786717187357377,14.862760303297087,40920808
2010-12-30,14.785236358642578,14.846217377268632,14.748942882475783,14.76400308691455,39728356
2010-12-31,14.664505958557129,14.774372368079199,14.616608442907756,14.732894652867483,61802787
2011-01-03,14.920778274536133,14.951392150816808,14.726476017585123,14.726476017585123,94962614
2011-01-04,14.865721702575684,14.965958892068445,14.816343781374027,14.952134246353033,73253547
2011-01-05,15.037310600280762,15.068417942514126,14.81461602429901,14.815109491528263,101671667
2011-01-06,15.146682739257812,15.268399937814312,15.061505751767324,15.077059423996365,82620526
2011-01-07,15.219265937805176,15.263954025295652,15.063479664960669,15.206181494181982,84363033
2011-01-10,15.16421127319336,15.193344746867963,15.024718862638577,15.17877801003066,63404769
2011-01-11,15.208651542663574,15.277533706966723,15.171371133256326,15.250622726781206,57787794
2011-01-12,15.22988224029541,15.291111878419635,15.178036041850374,15.291111878419635,65552790
2011-01-13,15.225440979003906,15.299013923583026,15.162977665333003,15.23235330211494,53560006
2011-01-14,15.410359382629395,15.41258187568159,15.235067924020413,15.242968125822713,94978674
2011-01-18,15.791804313659668,15.850069367163307,15.437269867158001,15.456774111307125,145222296
2011-01-19,15.597253799438477,15.874017047057643,15.545654336574628,15.853279135677834,136754676
2011-01-20,15.474306106567383,15.654782787271339,15.388388913694337,15.608614290098716,220254485
2011-01-21,15.105450630187988,15.843651087360897,15.093846588343364,15.790569331465377,357511035
2011-01-24,15.086934089660645,15.121745271628903,14.843747392425945,15.000276707826343,184657557
2011-01-25,15.304939270019531,15.324195836306057,14.974353090001642,15.015830807350076,146418764
2011-01-26,15.220747947692871,15.368634961170761,15.190627542015015,15.315306471901435,81829572
2011-01-27,15.227909088134766,15.299753001322435,15.140509613070428,15.255066801996385,81070738
2011-01-28,14.837824821472168,15.316050395065693,14.80745767669084,15.284200957752,169878368
2011-01-31,14.822270393371582,14.923741252894445,14.703515890361261,14.902262192363981,112616538
2011-02-01,15.085948944091797,15.142980337910869,14.89016532782922,14.924235367664776,110223602
2011-02-02,15.109646797180176,15.167420272059733,14.99928692495917,15.08495831221839,70691981
2011-02-03,15.063974380493164,15.096069603545239,14.964725071848614,15.047432829052406,60028160
2011-02-04,15.084465980529785,15.095823290196147,14.976575320057654,15.063974799879873,62264511
2011-02-07,15.166186332702637,15.26741045532891,15.040766244382334,15.064221063871866,72253814
2011-02-08,15.26716423034668,15.298026731551214,15.171618759193366,15.181987243685398,68050116
2011-02-09,15.220747947692871,15.293579735234115,15.118041542731767,15.229881817495754,73976246
2011-02-10,15.219265937805176,15.24543766106998,15.098784312858353,15.156556843972025,93725996
2011-02-11,15.41826057434082,15.430604817700608,15.13433730502861,15.153841549859301,103984303
2011-02-14,15.50837516784668,15.545161164560895,15.308147530963009,15.389620672093683,85439051
2011-02-15,15.40962028503418,15.556272704433585,15.383697183128897,15.487884948688853,83993653
2011-02-16,15.411348342895508,15.467638587978207,15.359007726563426,15.446160472800125,67612482
2011-02-17,15.437023162841797,15.48615434638394,15.314072309853826,15.338020594943355,59373716
2011-02-18,15.556025505065918,15.58318321964686,15.41036096988653,15.45529484935817,129198459
2011-02-22,15.06545639038086,15.428878016161091,15.005215570265054,15.307901963323232,146141730
2011-02-23,15.09286117553711,15.176310084475594,14.912138711169483,15.068419419860415,116017237
2011-02-24,15.031136512756348,15.136557932811304,14.846709293050464,15.094586751667622,108874565
2011-02-25,15.061258316040039,15.17680244170559,15.04792619246253,15.106192195206617,77585724
2011-02-28,15.144213676452637,15.220503527310527,15.01114011199168,15.060272246892575,91602065
2011-03-01,14.832144737243652,15.287903325390877,14.79609894080662,15.252350050851136,133426247
2011-03-02,14.832884788513184,14.961513348071424,14.69462605583146,14.80844209132257,81371863
2011-03-03,15.049407958984375,15.097057799986617,14.936825578969717,14.970897507734776,78103658
2011-03-04,14.82868766784668,15.035088375553594,14.818319183810086,15.019040291581566,120891439
2011-03-07,14.607475280761719,14.904482999662795,14.492424623932001,14.826960431498321,139027162
2011-03-08,14.62352180480957,14.763508621881627,14.571427926853772,14.638828741837486,91738575
2011-03-09,14.610191345214844,14.677838897129527,14.461564117897826,14.591179621790031,86362499
2011-03-10,14.327008247375488,14.483042209721528,14.306022655030347,14.453909681260777,125592995
2011-03-11,14.238373756408691,14.319600157620982,14.154924862159028,14.275654162798226,121734587
2011-03-14,14.072464942932129,14.277383354556557,14.023828169993141,14.141841519589523,113066217
2011-03-15,14.061848640441895,14.097400968738253,13.714721863007142,13.764099781638913,160824559
2011-03-16,13.754223823547363,14.067527298735646,13.6105341086497,14.023581300916941,152509508
2011-03-17,13.85939884185791,14.048021480590588,13.83915345180885,13.936427937737982,116406692
2011-03-18,13.851990699768066,14.023084836699933,13.819401070255509,13.940376149698624,132438559
2011-03-21,14.233190536499023,14.314664627905433,14.048516559537545,14.07814350186715,121288923
2011-03-22,14.253436088562012,14.300591517848632,14.13468252962321,14.252201475061183,75758903
2011-03-23,14.372929573059082,14.380089574484126,14.122089406947799,14.200846586604762,72920303
2011-03-24,14.489707946777344,14.526741621036606,14.28997378472195,14.453661206938671,84262658
2011-03-25,14.313182830810547,14.490202387655414,14.300837641668268,14.489462186790233,114764559
2011-03-28,14.205045700073242,14.442800491136556,14.1889976156322,14.370707950634772,89068604
2011-03-29,14.362314224243164,14.366263852926679,14.147026374106929,14.220846049702523,64432607
2011-03-30,14.365029335021973,14.455390556900724,14.333920102607332,14.4277384310541,57105245
2011-03-31,14.48649787902832,14.52106327262469,14.362560088795894,14.39366743048942,81480268
2011-04-01,14.610932350158691,14.694627990656324,14.535878058842611,14.535878058842611,104919797
2011-04-04,14.5092134475708,14.683517047280862,14.396137600819385,14.640558926759203,82488031
2011-04-05,14.05024528503418,14.35638782831831,13.966055234825443,14.346266077688552,242806701
2011-04-06,14.175911903381348,14.200106923636664,14.023334101193026,14.126533983048619,107132058
2011-04-07,14.319602012634277,14.335403363519893,14.176159022545692,14.214180579986282,101639547
2011-04-08,14.274174690246582,14.440331354438545,14.271706408629155,14.440331354438545,76357137
2011-04-11,14.254670143127441,14.272693041649921,14.146779485615141,14.22578340249532,74606600
2011-04-12,14.087772369384766,14.243312867285354,14.024568857596092,14.196156494397227,83736694
2011-04-13,14.227758407592773,14.260347096174725,14.115917182032089,14.208748575588176,83086265
2011-04-14,14.282814025878906,14.30602211058842,14.124558521647506,14.200846473907102,219070062
2011-04-15,13.102435111999512,13.474004593374543,13.086634707190752,13.462647284329885,563853569
2011-04-18,13.007137298583984,13.02738269273722,12.813576167230911,12.996767867856171,202347616
2011-04-19,12.876038551330566,13.106880080762313,12.86048487903681,13.083919672771625,107766427
2011-04-20,12.979731559753418,13.006642541178314,12.872582046646848,12.983928867426393,122858785
2011-04-21,12.964176177978516,13.042687563917964,12.897268833681032,13.023183320565051,99174342
2011-04-25,12.962943077087402,13.011086384431513,12.887888788728016,12.967881530904938,65476506
2011-04-26,13.154776573181152,13.268840302191524,12.966893166641862,12.99923606987023,140524754
2011-04-27,13.276740074157715,13.28538142302552,13.192550024111886,13.282664517145848,92280599
2011-04-28,13.281925201416016,13.313527904829472,13.18588531365402,13.284147694856788,80299860
2011-04-29,13.433269500732422,13.433269500732422,13.295257477717989,13.332044424013564,169773978
2011-05-02,13.296490669250488,13.473511167755154,13.260939285651219,13.472770021565832,85667905
2011-05-03,13.181193351745605,13.381667725024043,13.07601865672865,13.261186092298427,83572079
2011-05-04,13.22810173034668,13.307352371819745,13.159712093727121,13.21279479409566,84997401
2011-05-05,13.19057559967041,13.317722819058734,13.122185957818584,13.180452904146948,80211530
2011-05-06,13.216005325317383,13.36808966770946,13.213043576385184,13.286368841602563,82552271
2011-05-09,13.274763107299805,13.29476176375688,13.112310300988183,13.208596907217387,78240168
2011-05-10,13.39771556854248,13.441415781406246,13.27130854097653,13.332043773110529,82022292
2011-05-11,13.219708442687988,13.41968936405545,13.176256853090864,13.33550120020632,93902656
2011-05-12,13.209832191467285,13.256494150004555,13.107619246918555,13.214522966148442,58149143
2011-05-13,13.074043273925781,13.231312799087652,13.061699029955886,13.198969896733384,84664157
2011-05-16,12.799254417419434,13.017752633873952,12.749383030467138,12.994051081155385,118771522
2011-05-17,13.096511840820312,13.115275888070755,12.715561693767974,12.725436712034796,132639308
2011-05-18,13.080463409423828,13.0933011209722,12.97899160383541,13.07379687467868,78420843
2011-05-19,13.116013526916504,13.246617840417768,13.078238708861575,13.152551841004472,99118132
2011-05-20,12.937762260437012,13.134285135751028,12.915542052321717,13.129594360483294,93047462
2011-05-23,12.798516273498535,12.838265916481975,12.67531866069306,12.754322588666136,92344839
2011-05-24,12.795305252075195,12.936032281096754,12.792589291504616,12.847399134150526,76284867
2011-05-25,12.830117225646973,12.906651915908773,12.77036892983896,12.772344689506046,52259149
2011-05-26,12.792094230651855,12.890604280382268,12.714819342496538,12.781478067873584,85057626
2011-05-27,12.860483169555664,12.88245664009233,12.746912922185873,12.800735824655545,70093747
2011-05-31,13.060957908630371,13.061698109453411,12.92467398595754,12.961707660596897,107894906
2011-06-01,12.976521492004395,13.164157206505886,12.969361490484712,13.036762307536515,118679178
2011-06-02,13.037256240844727,13.092559550044276,12.89949190776238,13.025159675922461,88510520
2011-06-03,12.91430377960205,13.02589826401736,12.875296238449552,12.88764048080637,70202152
2011-06-06,12.864435195922852,13.006643583570558,12.819748045717809,12.92566389917919,77975179
2011-06-07,12.814315795898438,12.952575496321051,12.813328861337734,12.909615482741899,76590006
2011-06-08,12.817770957946777,12.868876955255525,12.73407532760827,12.752592637226734,66383894
2011-06-09,12.757530212402344,12.838263149253695,12.730619233451893,12.838263149253695,67817246
2011-06-10,12.579276084899902,12.75654332173974,12.573845109171597,12.69210425115314,97961814
2011-06-13,12.461261749267578,12.596311056396837,12.398058242456283,12.591372602964457,97455925
2011-06-14,12.551131248474121,12.692104061776785,12.517060266175891,12.545699327487311,94011061
2011-06-15,12.417315483093262,12.550635761420038,12.35954389817735,12.46866821309395,83242849
2011-06-16,12.353617668151855,12.506689870376597,12.262269515628885,12.413859425572182,110693357
2011-06-17,11.97464370727539,12.509653908397846,11.969212731464227,12.497062930707875,210602442
2011-06-20,11.96377944946289,12.004516965999384,11.831694719100373,11.974149824150318,121598077
2011-06-21,12.171660423278809,12.194869453919313,11.967483156983011,12.028218385346847,111030616
2011-06-22,12.023775100708008,12.155614049623487,12.016862777677575,12.133393842726566,96644896
2011-06-23,11.856136322021484,11.92131559657663,11.695905041636287,11.903292697153965,192787918
2011-06-24,11.724298477172852,11.869222820785255,11.678376714924902,11.867494739977687,152794573
2011-06-27,11.91983413696289,12.058091931478838,11.692694576056168,11.70257053795281,138304463
2011-06-28,12.187708854675293,12.250912361435343,11.949954085505317,11.949954085505317,109011074
2011-06-29,12.284489631652832,12.350655831027062,12.156352649420873,12.259059054881686,94071286
2011-06-30,12.50200080871582,12.50916081134762,12.381519158937966,12.393616670646328,97500090
2011-07-01,12.863693237304688,12.867397077514966,12.501998777076462,12.510887804513228,146013250
2011-07-05,13.145394325256348,13.218473798010312,12.969114971483927,12.969114971483927,154545110
2011-07-06,13.217486381530762,13.295256631783655,13.16020731175706,13.1715646213288,108228151
2011-07-07,13.494990348815918,13.59572290077995,13.230325511139684,13.356732541352834,158010049
2011-07-08,13.134284973144531,13.274025076226364,13.017753903148627,13.157987473513701,191523195
2011-07-11,13.017999649047852,13.232794029865952,12.974052703985171,13.040219855202091,113997696
2011-07-12,13.184155464172363,13.317722480812687,12.986397060095362,13.039724606104969,114073981
2011-07-13,13.289085388183594,13.430800306872902,13.245138439434497,13.25797804229782,112026334
2011-07-14,13.058982849121094,13.38142115136635,13.004419741337653,13.310316492247196,266976958
2011-07-15,14.754622459411621,14.819555001433033,14.521064963860876,14.751659765063417,551342851
2011-07-18,14.688455581665039,14.863993795809233,14.615869573432771,14.627967083914887,179401931
2011-07-19,14.876336097717285,14.928923440472609,14.703020399530535,14.718080602260008,119144917
2011-07-20,14.698575973510742,14.883249932189312,14.698575973510742,14.867202794465774,89446014
2011-07-21,14.985957145690918,15.012374658962445,14.665493661115704,14.665988073691873,139300182
2011-07-22,15.263460159301758,15.294815180010822,14.91880261045243,14.94645379098005,141656982
2011-07-25,15.281975746154785,15.440726601183686,15.134336411104506,15.143224492680053,125733520
2011-07-26,15.369377136230469,15.492328001388898,15.238526068241585,15.25901724887494,94067271
2011-07-27,14.9916353225708,15.330615183168128,14.93065430336295,15.237537995108134,157965884
2011-07-28,15.083479881286621,15.207912100550688,14.88744952924872,14.941518229293605,124802042
2011-07-29,14.904483795166016,15.182729375264447,14.904483795166016,14.91781591927036,166116320
2011-08-01,14.980525016784668,15.196059591476422,14.793136035641504,15.090391430536169,159238637
2011-08-02,14.62574577331543,15.052124177342339,14.605253647115756,14.961515268730153,128503865
2011-08-03,14.842267036437988,14.887447647586404,14.409223078186784,14.671913075577837,153601587
2011-08-04,14.258373260498047,14.784989790521214,14.25713959236594,14.67759259857925,197320845
2011-08-05,14.295900344848633,14.566491504725304,13.875200606785016,14.382311943426059,238052949
2011-08-08,13.480670928955078,14.048022108122428,13.439439946211618,13.899394884967332,300987964
2011-08-09,14.156902313232422,14.18652925500791,13.356978666652443,13.850511144820535,259758001
2011-08-10,13.55449104309082,13.927540932838296,13.522888342228578,13.859893380609723,215589063
2011-08-11,13.878412246704102,14.035679895740117,13.539679089684515,13.673245183087714,193948251
2011-08-12,13.918899536132812,14.085055238054938,13.83569642769148,14.060366752358869,126644924
2011-08-15,13.757433891296387,13.949021132080361,13.481411757535815,13.663616503242785,286867234
2011-08-16,13.307353019714355,13.639172852181785,13.092558653195677,13.638926118575311,278616423
2011-08-17,13.162921905517578,13.423143592053009,13.10416149896226,13.332781434625112,163775579
2011-08-18,12.4649658203125,12.958991732545085,12.356580756487654,12.923933817358742,252571164
2011-08-19,12.120306968688965,12.711607305925202,12.118824676519967,12.328188046657575,217211120
2011-08-22,12.299304008483887,12.517306866398421,12.209436251576983,12.443239514365517,196971541
2011-08-23,12.809130668640137,12.873075326632275,12.321276848635721,12.430895587093993,174523715
2011-08-24,12.919490814208984,13.085154011366855,12.769875701613902,12.821721905063567,144318923
2011-08-25,12.839250564575195,13.264642002012637,12.796291501019123,13.094534773760316,132213719
2011-08-26,13.00762939453125,13.096262534564412,12.668896293318099,12.83801658298717,144391193
2011-08-29,13.309329986572266,13.318464802877378,13.173046997542578,13.197736431200925,93782206
2011-08-30,13.349325180053711,13.405864048317323,13.10515248037011,13.287356281370986,120008140
2011-08-31,13.355744361877441,13.487582355814709,13.23328697193584,13.449068278682047,108135806
2011-09-01,13.14687442779541,13.426600369725447,13.115272675471045,13.350559155406527,96982155
2011-09-02,12.957758903503418,13.033800126756754,12.85628710083814,12.94862314202849,96408011
2011-09-06,12.892086029052734,12.906406033555614,12.603719632593918,12.61112636848513,109039179
2011-09-07,13.184649467468262,13.231805839199966,13.02096203731995,13.096263057512981,110645177
2011-09-08,13.207608222961426,13.309821156092873,13.132060478594983,13.17896916550633,95576908
2011-09-09,12.958005905151367,13.1999570616102,12.867644676425707,13.119718529065931,131242091
2011-09-12,13.088117599487305,13.134285151285223,12.77654216355497,12.787899473940541,107216373
2011-09-13,13.07330322265625,13.180947148866187,12.922205817750227,13.134530975956256,94520965
2011-09-14,13.136258125305176,13.25673974566932,12.981951314602624,13.149095834838045,108179971
2011-09-15,13.395247459411621,13.454994812451767,13.197736712630968,13.220943854331905,118875912
2011-09-16,13.496966361999512,13.500916936270198,13.409567823479884,13.450552077351947,141901897
2011-09-19,13.49671745300293,13.5764625091085,13.217979384365156,13.340683501884325,99106087
2011-09-20,13.495731353759766,13.78928291001645,13.397961503980408,13.56411910573697,111580670
2011-09-21,13.31229019165039,13.702376013633812,13.303896522544822,13.521900311120786,100948969
2011-09-22,12.854557037353516,13.055031399582832,12.69012941484752,12.992569038761484,176671736
2011-09-23,12.974298477172852,12.996765415286854,12.702473672023629,12.753332936120799,111508400
2011-09-26,13.131814956665039,13.157491322775305,12.671612344873466,13.017257770935199,105762945
2011-09-27,13.315749168395996,13.506100859031681,13.2345218088365,13.287603572565205,120887424
2011-09-28,13.056513786315918,13.431292707787268,13.0283691370671,13.36907707561568,90871336
2011-09-29,13.023430824279785,13.265382905872583,12.82369665929252,13.234273673698668,116699786
2011-09-30,12.715806007385254,12.937018285741441,12.699510245133043,12.843447636972094,109352349
2011-10-03,12.233877182006836,12.640752264341444,12.221039471085849,12.587670503964098,179646846
2011-10-04,12.391393661499023,12.429415218390886,11.865518283306097,12.09833556350926,166975528
2011-10-05,12.46052074432373,12.537057314191632,11.869713859646943,12.254368687010018,182043797
2011-10-06,12.707659721374512,12.720497432402501,12.408675292637819,12.529652284955482,137485405
2011-10-07,12.717780113220215,12.850606922550636,12.59877889326582,12.75999897281224,114664185
2011-10-10,13.26217269897461,13.269579434027913,12.917267469781557,12.966151921133358,93236167
2011-10-11,13.410553932189941,13.49992727337116,13.17057666540753,13.17057666540753,114563810
2011-10-12,13.541897773742676,13.708054416338497,13.446351370475782,13.532762958664483,127588447
2011-10-13,13.800888061523438,13.801134795159502,13.530049210953763,13.579673868009476,228356741
2011-10-14,14.6079683303833,14.80350518921429,14.506496533464578,14.800295761601408,342474886
2011-10-17,14.379100799560547,14.611670374544426,14.270222273974131,14.411442752756255,160928949
2011-10-18,14.579082489013672,14.629695969124324,14.255410512647487,14.324293625119333,152601853
2011-10-19,14.336883544921875,14.617350646625498,14.300343337555956,14.500817702165712,117699519
2011-10-20,14.410210609436035,14.539085914001983,14.30750419423899,14.366511343488236,135666613
2011-10-21,14.578588485717773,14.634386205930811,14.485017834043765,14.554394411215668,136148412
2011-10-24,14.724995613098145,14.81264183058762,14.4800817511562,14.48551272727067,137589795
2011-10-25,14.397618293762207,14.689936180830808,14.389964824990113,14.643026543057966,102000897
2011-10-26,14.475388526916504,14.570934937681393,14.143321949261681,14.55538126653621,115354763
2011-10-27,14.780545234680176,14.880042226778764,14.647966083546052,14.774374057821083,151778780
2011-10-28,14.816837310791016,14.870166751574361,14.671419507129823,14.678086041730078,100696024
2011-10-31,14.631669044494629,14.805726845754625,14.60772170402734,14.69215848372092,102695490
2011-11-01,14.286271095275879,14.455638130749634,14.239363346335224,14.322071104392819,125472546
2011-11-02,14.438600540161133,14.516124047342249,14.331451985202516,14.440576299617863,85153986
2011-11-03,14.75165843963623,14.75165843963623,14.411443978118188,14.492424598139584,107192283
2011-11-04,14.718082427978516,14.806963253806716,14.626485641582303,14.652903155704502,113817021
2011-11-07,15.01904010772705,15.030150683163804,14.621547525633565,14.648458505890357,134799374
2011-11-08,15.118042945861816,15.168162012337028,14.902261632783013,15.035581922990543,121630197
2011-11-09,14.836833953857422,15.045209453448818,14.780296038276258,14.918554766644043,148996390
2011-11-10,14.691912651062012,14.960281319654719,14.605006639238969,14.959787852400238,115166059
2011-11-11,15.019533157348633,15.111870138220409,14.778815688766121,14.845476303514609,159676271
2011-11-14,15.134336471557617,15.259755603170007,15.005460233536844,15.010891208739514,128026081
2011-11-15,15.222230911254883,15.259758057869485,15.07261673741404,15.129400451944088,107441212
2011-11-16,15.096561431884766,15.26518824643632,15.075330053242824,15.111622579955624,104731092
2011-11-17,14.834860801696777,15.116808319732225,14.733882467970062,15.061505011257482,140255750
2011-11-18,14.686972618103027,14.924479705624439,14.659073759772618,14.86275849186758,132000924
2011-11-21,14.342808723449707,14.529457495270835,14.124311464624087,14.511186919184881,120501984
2011-11-22,14.319602012634277,14.442306143271551,14.202083069529614,14.319602012634277,96572626
2011-11-23,14.075427055358887,14.32577280190875,14.075427055358887,14.204797708596717,93380707
2011-11-25,13.89988899230957,14.17813361922007,13.858658953006895,13.953958633432968,62730250
2011-11-28,14.521804809570312,14.53735848083562,14.233189815446949,14.304047739818857,113580136
2011-11-29,14.391940116882324,14.575378518514974,14.352437215550037,14.514150770327989,73546641
2011-11-30,14.798319816589355,14.801282510554811,14.61809084258999,14.762768434343386,136389312
2011-12-01,15.153347969055176,15.208404541875325,14.788691762732762,14.813380249267292,145366836
2011-12-02,15.316048622131348,15.40591637786162,15.214822612118706,15.234327802348263,164040568
2011-12-05,15.446654319763184,15.600960211949236,15.366414839877011,15.495785509440772,128379401
2011-12-06,15.400237083435059,15.519977562888895,15.313085291755272,15.380979572958886,93408812
2011-12-07,15.39085578918457,15.446899295638042,15.260251466305107,15.348636927464508,90630437
2011-12-08,15.209639549255371,15.491094559774016,15.191123182723967,15.332838095184087,96885796
2011-12-09,15.490351676940918,15.532569592916884,15.233339395650834,15.257782093325984,111062736
2011-12-12,15.440234184265137,15.459737483930988,15.314319686713235,15.353575855678589,87683432
2011-12-13,15.446159362792969,15.716009361531428,15.377522987773593,15.523435195581122,161731947
2011-12-14,15.25951099395752,15.413817830297186,15.121746655146529,15.35283586386598,156733281
2011-12-15,15.295804023742676,15.405917176249826,15.27481748540426,15.369376966051862,96705121
2011-12-16,15.454306602478027,15.537261091324847,15.343453253505995,15.413816765190724,179040582
2011-12-19,15.352339744567871,15.51701599259061,15.307159134447486,15.504917537831112,86061375
2011-12-20,15.563185691833496,15.599478222913687,15.50442527541083,15.50467200903621,95886062
2011-12-21,15.450851440429688,15.598985208574703,15.281484399792152,15.554298060896778,100290510
2011-12-22,15.54664421081543,15.596762333200552,15.480231270346101,15.503438411330565,73165217
2011-12-23,15.631571769714355,15.669593322773162,15.56787479693707,15.603427123327812,58365953
2011-12-27,15.807112693786621,15.911792979971294,15.603428885512345,15.604662553646245,64496847
2011-12-28,15.793533325195312,15.924384387696621,15.754030422020541,15.868834345904775,85406931
2011-12-29,15.860194206237793,15.875007677007176,15.682432557005198,15.837726321121268,63252199
2011-12-30,15.946602821350098,15.967837036898155,15.850810625833217,15.850810625833217,71559220
2012-01-03,16.428287506103516,16.495936008308334,16.106342649886727,16.120416865940744,147611217
2012-01-04,16.499141693115234,16.547779407595883,16.310024646326458,16.41890317164413,114989399
2012-01-05,16.27027702331543,16.392734419559133,16.201641589721596,16.347307072224027,131808205
2012-01-06,16.048324584960938,16.294719780065428,16.042644984849723,16.273733241705074,108119746
2012-01-09,15.36789608001709,15.973764225270346,15.337527990926567,15.961418090183738,233776981
2012-01-10,15.384682655334473,15.647868004825924,15.230871193931376,15.54787755649595,176483032
2012-01-11,15.454306602478027,15.538990117320003,15.33481190488833,15.393571373877307,96359832
2012-01-12,15.545162200927734,15.625402624674729,15.467638683140315,15.58417163879201,75289148
2012-01-13,15.430356979370117,15.478747014893349,15.333329229388996,15.461711998090024,92637933
2012-01-17,15.51899242401123,15.602935743219891,15.447394294454764,15.602935743219891,76658261
2012-01-18,15.625896453857422,15.652806491030912,15.359501644069763,15.470849414691447,110882061
2012-01-19,15.790323257446289,15.825382120142011,15.590095613233716,15.825382120142011,253157352
2012-01-20,14.467487335205078,14.59117838574197,14.361572447812533,14.579575289250068,424637703
2012-01-23,14.455883026123047,14.533406532178423,14.39761702978469,14.467733801333521,137027695
2012-01-24,14.34256362915039,14.509213763367807,14.270224353367938,14.475636246620768,122690156
2012-01-25,14.060121536254883,14.287753634061652,13.98333821989252,14.258126691757175,200255805
2012-01-26,14.025802612304688,14.183318870842092,13.938157345849804,14.121596705750834,129531704
2012-01-27,14.319108009338379,14.327502624391416,14.056171271629903,14.091969389065529,145242371
2012-01-30,14.26257038116455,14.319601771023592,14.15665548304893,14.271458463636574,93569411
2012-01-31,14.322317123413086,14.418357000485956,14.199859733669054,14.393667568443275,86017210
2012-02-01,14.340094566345215,14.455391964904466,14.29837011257025,14.441565427964651,93175942
2012-02-02,14.445760726928711,14.477856892449012,14.370953179034096,14.439836284500704,96950036
2012-02-03,14.722771644592285,14.741041275076734,14.518346712163957,14.58278483139929,127215053
2012-02-06,15.037803649902344,15.080761767160979,14.66549303450456,14.69018246605343,147735682
2012-02-07,14.980525016784668,15.0452108188253,14.906210931726122,14.989907511527212,83997668
2012-02-08,15.056568145751953,15.093601823843061,14.930407851951088,15.026694469648389,73731331
2012-02-09,15.09631633758545,15.171371571136447,15.035582052873346,15.110142873839834,90927546
2012-02-10,14.9592924118042,15.014101305509493,14.912136986715243,15.007930129233868,93356617
2012-02-13,15.114585876464844,15.155076659809145,15.060764860212016,15.072615636734339,72924318
2012-02-14,15.05434513092041,15.109648439840923,14.930900802012218,15.098292075846082,72418428
2012-02-15,14.950650215148926,15.13260820702427,14.876582869290763,15.13260820702427,97399715
2012-02-16,14.974353790283203,15.030891714375345,14.757337855588466,14.883004681601149,101615457
2012-02-17,14.927938461303711,15.001758137706352,14.87263515107383,14.936085397724646,98331193
2012-02-21,15.159026145935059,15.254819291697064,14.884484419534527,14.90892711855184,99603946
2012-02-22,15.009410858154297,15.227662339311507,14.979043716637117,15.108661109399426,78974912
2012-02-23,14.964231491088867,15.009412106699452,14.822024054721608,14.986204964803688,82508106
2012-02-24,15.057802200317383,15.101007998929997,14.949417130683793,14.994845422569169,77714204
2012-02-27,15.043234825134277,15.118535843480608,14.93830686667152,14.976080742650211,72827958
2012-02-28,15.267409324645996,15.301481250059547,15.00299125568068,15.060270319903875,114330940
2012-02-29,15.263956069946289,15.445419677819647,15.196060834678455,15.272597419211591,125946315
2012-03-01,15.366414070129395,15.447888159451553,15.261486106512605,15.36295790872588,89843498
2012-03-02,15.338021278381348,15.405916508320761,15.315060872027098,15.356537643634175,63167885
2012-03-05,15.165197372436523,15.368634415679479,15.09433945618989,15.31777515486874,63970883
2012-03-06,14.935839653015137,15.030892607810507,14.661297898051368,15.01212950676745,127451937
2012-03-07,14.981264114379883,15.089649173120824,14.958056976196238,15.03681415120205,50769586
2012-03-08,14.989660263061523,15.097304179902702,14.970155073401706,15.061257439878542,54021731
2012-03-09,14.81955337524414,15.107178593078315,14.813380308246424,15.00965831460704,107224403
2012-03-12,14.940526962280273,14.986201981410037,14.795109181572949,14.81337881108909,67010233
2012-03-13,15.252349853515625,15.25407887950121,14.950404628857463,15.029408543383054,90168712
2012-03-14,15.208159446716309,15.375797464687,15.14569613213841,15.183716745819963,117916329
2012-03-15,15.33505916595459,15.393570954392972,15.179517731093787,15.22321794022443,97769094
2012-03-16,15.431594848632812,15.453073910700155,15.30839629545557,15.329135156581108,122477361
2012-03-19,15.652312278747559,15.733539635033635,15.337775119246977,15.384190346264923,87237768
2012-03-20,15.640213966369629,15.703665154330395,15.486648289547718,15.576763723748375,61850967
2012-03-21,15.800445556640625,15.98339049853516,15.616019267702333,15.667865468894254,99154267
2012-03-22,15.950308799743652,16.01820309077327,15.578740228704051,15.763907680126152,96769361
2012-03-23,15.864883422851562,16.010794677589335,15.823158975172545,15.963885042980543,77898894
2012-03-26,16.031286239624023,16.035237758655114,15.789581841090788,15.92438346974084,73040752
2012-03-27,15.974259376525879,16.134242994099218,15.919450471816027,15.974507055525397,80588939
2012-03-28,16.190034866333008,16.259904897748726,16.074491709523986,16.097945578816695,101936657
2012-03-29,16.008575439453125,16.210530227783988,15.907104578019172,16.13276092067257,77260510
2012-03-30,15.831552505493164,16.133993065116105,15.825628063158774,16.09103305914131,92774443
2012-04-02,15.971787452697754,15.986107455946794,15.673545119384471,15.819949852892439,91710470
2012-04-03,15.86562442779541,15.997217585605668,15.767362997627226,15.934507540372833,82102591
2012-04-04,15.681199073791504,15.776251076119681,15.581208617588933,15.762672218644228,65348026
2012-04-05,15.611328125,15.712798977096337,15.5187444096172,15.60935236542854,93095642
2012-04-09,15.574789047241211,15.685643347337251,15.437765856989124,15.516523042445028,87635252
2012-04-10,15.476527214050293,15.665149869510762,15.41949487888132,15.640955794357778,99652126
2012-04-11,15.701197624206543,15.702184558762402,15.586146957298714,15.652066433845306,88289696
2012-04-12,16.072765350341797,16.12535269956395,15.807359377291915,15.858959792010083,231127086
2012-04-13,15.420731544494629,16.02289586619323,15.394560762460122,15.987343533771844,327595322
2012-04-16,14.963244438171387,15.401225944469036,14.85436495034297,15.381228230681128,228537416
2012-04-17,15.049654960632324,15.250130290694461,14.986451446566985,15.024719738362716,121409373
2012-04-18,14.997313499450684,15.129398221375297,14.88275631670533,15.012126969001354,107180238
2012-04-19,14.796098709106445,15.214822669106894,14.788691973972387,14.953860749452579,132277959
2012-04-20,14.716105461120605,15.031877209854954,14.71042775216363,14.918308850623147,122794545
2012-04-23,14.754127502441406,14.775114041083235,14.571429284828934,14.63808990520409,88241516
2012-04-24,14.844736099243164,14.977067558254333,14.747213931243827,14.769928548712523,77453230
2012-04-25,15.05335807800293,15.093601182261397,14.884484513085761,14.912137585337785,73117037
2012-04-26,15.195320129394531,15.25778344125892,15.05286501942149,15.082738695066237,84013728
2012-04-27,15.183221817016602,15.226673402561689,15.075084429702562,15.184208751472024,65701345
2012-04-30,14.933121681213379,15.210379359605675,14.828440456349533,15.13409046146678,96652926
2012-05-01,14.922754287719727,15.09977290451956,14.818073055208204,14.906951991381993,80392204
2012-05-02,14.992624282836914,15.01360893065145,14.828441487367169,14.843008224828841,64701612
2012-05-03,15.08545207977295,15.179517137842733,15.034346082985778,15.050887632934575,75000069
2012-05-04,14.73857307434082,15.008177290911396,14.734623445784608,14.959539572094469,88626955
2012-05-07,14.999781608581543,15.074341477344484,14.689935255606697,14.689935255606697,80079035
2012-05-08,15.129152297973633,15.230625042499558,14.830663233891544,14.949911197490703,107493407
2012-05-09,15.039285659790039,15.217787518038719,14.85806878622601,14.981760800126278,93501157
2012-05-10,15.150632858276367,15.213096169627612,15.06594934059427,15.133350160461408,61666277
2012-05-11,14.9425048828125,15.172606201511291,14.931147573449348,15.068911906185496,84290763
2012-05-14,14.912137985229492,15.023238072420037,14.827701200506606,14.832638709061422,73249532
2012-05-15,15.087677001953125,15.183716889626444,14.905965711521796,14.945468618082337,84399167
2012-05-16,15.527632713317871,15.55651945483102,15.206923425149524,15.256795759975184,194128926
2012-05-17,15.382462501525879,15.747859902712975,15.337528618146472,15.648610585448035,134654835
2012-05-18,14.823257446289062,15.613798619262518,14.731908336888178,15.43307521485301,239835606
2012-05-21,15.161741256713867,15.20075069044001,14.813379876226309,14.825971798127005,123477094
2012-05-22,14.833133697509766,15.154336461121192,14.714626870216515,15.145202589876945,122533571
2012-05-23,15.046937942504883,15.050395049129262,14.742276758040742,14.854117040624976,127600492
2012-05-24,14.903742790222168,15.10767332421326,14.785482705755967,15.039531360245071,75935562
2012-05-25,14.604266166687012,14.856093278834864,14.524025745650368,14.838070380306782,143813034
2012-05-29,14.673640251159668,14.791899380409392,14.525013037399379,14.709932778007044,104618672
2012-05-30,14.522791862487793,14.613399821031809,14.406754270414986,14.521063781815279,76553871
2012-05-31,14.34083366394043,14.56649093498502,14.294912851229084,14.53488918004168,119177037
2012-06-01,14.096907615661621,14.138138601494047,14.031976021189855,14.116906274501124,122774470
2012-06-04,14.284790992736816,14.331700633339166,14.072959299814839,14.078143542067535,97672734
2012-06-05,14.082837104797363,14.27343555036463,13.985562594704435,14.207269333876381,93946821
2012-06-06,14.333674430847168,14.368238881711383,14.1618400563815,14.232697038852203,84146223
2012-06-07,14.275901794433594,14.514397716891281,14.251706775132554,14.507237715477432,70603652
2012-06-08,14.33071231842041,14.344292121960112,14.185787974400181,14.217143944021371,56627461
2012-06-11,14.035677909851074,14.450946651286053,13.990990765714367,14.423541258793337,106842978
2012-06-12,13.951736450195312,14.080119236501861,13.790764027384252,14.067033846106332,129451404
2012-06-13,13.852731704711914,13.998643899921605,13.793231095840506,13.868285374303458,78460993
2012-06-14,13.8023681640625,13.950995398370882,13.739904851229442,13.85791820853766,94147570
2012-06-15,13.937169075012207,13.937416753969494,13.753977399214751,13.834216873320003,120497969
2012-06-18,14.09369945526123,14.17665395074395,13.807306931922684,13.890508161041726,100250360
2012-06-19,14.357377052307129,14.425271341129573,14.14974266638452,14.161346709760954,83359284
2012-06-20,14.258126258850098,14.319601689595574,14.159370417726665,14.314910914763049,94219840
2012-06-21,13.954451560974121,14.31565066510682,13.917911352611455,14.31565066510682,80753554
2012-06-22,14.109251976013184,14.109251976013184,13.969511887338566,14.02333384788924,89450029
2012-06-25,13.84310531616211,14.02555680831807,13.76039755273744,14.006793707524233,63501129
2012-06-26,13.941367149353027,13.988769308880585,13.812983425224857,13.893964044485951,54210435
2012-06-27,14.055429458618164,14.171220318951644,13.974450727277224,14.015927500109479,67945726
2012-06-28,13.932231903076172,13.979635009694942,13.756940425511585,13.971488073414617,77124000
2012-06-29,14.321331024169922,14.322812371369865,14.127029698013123,14.19517072387092,101157748
2012-07-02,14.331205368041992,14.393667731685959,14.233189730276797,14.364535203605078,66468209
2012-07-03,14.51291561126709,14.527235614279027,14.270223323622531,14.319847976257114,47758342
2012-07-05,14.712650299072266,14.814863247331257,14.53044555403709,14.535877475096404,94187720
2012-07-06,14.467243194580078,14.653397583084956,14.38922620591205,14.626981012571441,86796118
2012-07-09,14.467982292175293,14.531927895631368,14.350463350850418,14.441812457299925,68861145
2012-07-10,14.361574172973633,14.626485735415633,14.288493752153014,14.571182425214264,77212330
2012-07-11,14.102091789245605,14.266520362811454,13.947784965847461,14.228252073978094,140496649
2012-07-12,14.084563255310059,14.120362319614026,13.877422338672263,14.001608762407225,92738308
2012-07-13,14.233683586120605,14.298616123711033,14.03691304971092,14.125792928752286,79336261
2012-07-16,14.194183349609375,14.29960478584356,14.11665983032693,14.229981469602883,58723287
2012-07-17,14.238869667053223,14.336143215594548,14.033209158274992,14.280839906849812,67455897
2012-07-18,14.338364601135254,14.41070387300814,14.224056035280654,14.245040682271512,62160121
2012-07-19,14.64203929901123,14.775853050895227,14.467734765566556,14.471190926786807,187688877
2012-07-20,15.08051586151123,15.132856476115393,14.768446988196372,15.029655648634995,259517101
2012-07-23,15.196306228637695,15.26642300577947,14.770175535614838,14.825231163609066,143002005
2012-07-24,15.000276565551758,15.256053291901129,14.92053056160206,15.18371496825004,80677269
2012-07-25,15.010644912719727,15.143718461826001,14.945960058224408,15.01879279377044,73193322
2012-07-26,15.14322566986084,15.229883053949683,15.061011381565706,15.183715507294941,67660662
2012-07-27,15.676506996154785,15.677493930575999,15.245437863523675,15.279754632129494,142520206
2012-07-30,15.610836029052734,15.865131433669363,15.541706180787871,15.703419752568209,87795852
2012-07-31,15.627376556396484,15.714529303518903,15.510104344721096,15.511092224588579,74903709
2012-08-01,15.620217323303223,15.788844170955258,15.588123042774978,15.734281058038345,74060561
2012-08-02,15.523189544677734,15.752302989293261,15.39135059693874,15.443197745902221,79404516
2012-08-03,15.833775520324707,15.892782665411127,15.705639480325042,15.800939153439995,76168432
2012-08-06,15.870563507080078,16.032522868706454,15.781683623229886,15.791311907055647,71563235
2012-08-07,15.8142728805542,15.906115456503574,15.713788955529104,15.845133491053796,79569131
2012-08-08,15.855996131896973,15.945863886659215,15.763905883957019,15.777484740615742,53086237
2012-08-09,15.858959197998047,15.958208504342693,15.838467073053929,15.912287691440289,42972470
2012-08-10,15.850316047668457,15.856242380848045,15.705391724528656,15.766127895229264,57599089
2012-08-13,16.294965744018555,16.298421905107297,15.96586093426232,15.984130564787774,131205956
2012-08-14,16.508525848388672,16.611972469585126,16.270031794015686,16.27620297089154,147016998
2012-08-15,16.48087501525879,16.64653822007582,16.395945704244525,16.54852351811031,96789436
2012-08-16,16.612464904785156,16.656166060865633,16.469516332154864,16.48013438582571,68965534
2012-08-17,16.71788787841797,16.720602893356265,16.583579719523968,16.643327064276832,87434502
2012-08-20,16.67838478088379,16.76059906700591,16.60728012463136,16.677397846439952,70587592
2012-08-21,16.529510498046875,16.73911873179793,16.348292699766358,16.61839131660508,89221174
2012-08-22,16.7188777923584,16.803313637579734,16.460136444491564,16.47692567634999,76654246
2012-08-23,16.70949363708496,16.800348324242393,16.566297393360625,16.64702938532013,71635505
2012-08-24,16.754674911499023,16.799608792184156,16.642340209786195,16.67986830023975,57277890
2012-08-27,16.522348403930664,16.590983823343585,16.275953260596662,16.36853601685835,104939872
2012-08-28,16.720603942871094,16.7297378133378,16.41174450474846,16.41816336010645,82652646
2012-08-29,16.986255645751953,17.010450662731596,16.69344432476622,16.723564729197157,120060335
2012-08-30,16.829978942871094,16.97095366962571,16.79294620581729,16.89318246392953,65319921
2012-08-31,16.914165496826172,17.000329410427085,16.78948467084561,16.887253572085747,85402916
2012-09-04,16.81417465209961,16.911941660360092,16.628020293826182,16.90083203087762,75867307
2012-09-05,16.8062744140625,16.948977196536173,16.767265923952973,16.78849824965722,68584110
2012-09-06,17.267467498779297,17.27956595647521,16.90527949307252,16.935647586135776,122196311
2012-09-07,17.434118270874023,17.58472033013954,17.22475389911121,17.282279707349396,129804723
2012-09-10,17.301288604736328,17.598543061868835,17.242528189313315,17.523241095091667,102783820
2012-09-11,17.089458465576172,17.29832747552779,17.06007920054636,17.23191358514217,75232938
2012-09-12,17.05711555480957,17.156612545347134,16.81022499869809,17.020822077748115,106088160
2012-09-13,17.431400299072266,17.504478830725827,17.048721161064517,17.11167888706917,106758663
2012-09-14,17.521265029907227,17.603231630200774,17.455344621035064,17.519289270506338,105132591
2012-09-17,17.528675079345703,17.600271315812215,17.40572232626517,17.482506586204376,60558139
2012-09-18,17.73359489440918,17.742976445382304,17.449671575256787,17.474360066310208,82981875
2012-09-19,17.961227416992188,17.987398201244833,17.687426789024347,17.714338719601727,124396528
2012-09-20,17.976531982421875,18.05701819383971,17.806178009643634,17.88641654209281,116731906
2012-09-21,18.121456146240234,18.144418444296672,18.025910676311693,18.077511091178412,255317419
2012-09-24,18.501420974731445,18.517714848119855,18.029121746613807,18.047637168068054,143086320
2012-09-25,18.495986938476562,18.88434374684592,18.45895231844434,18.592025868390635,243248350
2012-09-26,18.602149963378906,18.794231619017836,18.29452701536296,18.513023349141655,227766537
2012-09-27,18.67720603942871,18.83373537966051,18.55746553724777,18.76238492378821,157833389
2012-09-28,18.627826690673828,18.7463344548795,18.545118934688233,18.619184396637706,111757330
2012-10-01,18.807559967041016,18.887057340499556,18.67004333182011,18.740159156842346,127194978
2012-10-02,18.689302444458008,18.911502615513946,18.523393462374948,18.891998369873797,112026334
2012-10-03,18.82533836364746,18.860397225658602,18.57104202861545,18.65794709210799,88663090
2012-10-04,18.962364196777344,19.007793439838157,18.74880440317442,18.8315140613623,98535958
2012-10-05,18.95248794555664,19.118644616062834,18.887308670403247,19.02803570550847,109846193
2012-10-08,18.71028709411621,18.852001041398342,18.619182839990522,18.78830406880268,78637653
2012-10-09,18.370813369750977,18.796202880467664,18.332298350515668,18.755466313561577,120578269
2012-10-10,18.382417678833008,18.455743882237776,18.227618336240496,18.315758009559307,81901842
2012-10-11,18.553268432617188,18.726585116359768,18.523889166467498,18.58832729948209,95713418
2012-10-12,18.387109756469727,18.636961112487686,18.371061672035637,18.562402181095333,96528461
2012-10-15,18.29403305053711,18.364396570436156,18.040232046017326,18.317734605928727,121216653
2012-10-16,18.385875701904297,18.442414572251298,18.182438621602756,18.27304753086271,82636586
2012-10-17,18.652265548706055,18.67325208420602,18.27625300630728,18.36735725852361,92059774
2012-10-18,17.15883445739746,18.7492964845676,16.689743714308797,18.653505223141735,499561487
2012-10-19,16.832693099975586,17.447695148642303,16.59098866011727,17.420043964091867,461009524
2012-10-22,16.75566291809082,16.902808797129413,16.53420200800271,16.813434507383782,162832055
2012-10-23,16.797138214111328,16.969467932758683,16.590986138865485,16.591233817814246,117101285
2012-10-24,16.72184181213379,16.96132472000565,16.671721791569503,16.95638626537839,100234300
2012-10-25,16.733196258544922,16.83787748769302,16.628267350436097,16.788498621912666,96403996
2012-10-26,16.668760299682617,16.86330931259147,16.571237168895617,16.702089195002856,78324483
2012-10-31,16.7959041595459,16.813184964218976,16.665052167136796,16.785040318883805,61710442
2012-11-01,16.975889205932617,17.05761003591104,16.756897498417846,16.77615595743643,82311371
2012-11-02,16.98403549194336,17.172413313539025,16.97045852464393,17.15365021320766,93324497
2012-11-05,16.8615779876709,16.95786460644463,16.678879767498408,16.89959954604936,65681270
2012-11-06,16.830961227416992,16.948975511152266,16.728008091477022,16.923791668742844,63549309
2012-11-07,16.470504760742188,16.744798801930887,16.454950144387706,16.66505374193339,89626688
2012-11-08,16.1043701171875,16.57839746719441,16.07819933336346,16.546548973225626,104269368
2012-11-09,16.369525909423828,16.50062559655294,16.055236435943023,16.162632679496454,125030896
2012-11-12,16.440383911132812,16.536670519347997,16.316198443946487,16.387301208200192,56446786
2012-11-13,16.271265029907227,16.482353671550552,16.251019638855816,16.36878625426581,64007018
2012-11-14,16.11078643798828,16.34854122188441,16.060174849928423,16.311013132998006,66986143
2012-11-15,15.980183601379395,16.29472078241289,15.897228158700024,16.047830214188796,74233205
2012-11-16,15.978205680847168,16.122390751470668,15.702182618758675,15.948826419987508,138043489
2012-11-19,16.49741554260254,16.514944028655105,16.184358785823612,16.1885560934535,95083064
2012-11-20,16.54087257385254,16.739123556145493,16.407551307590985,16.529515261983672,83861158
2012-11-21,16.43964385986328,16.53667162069919,16.304594542286004,16.516673907837262,84804682
2012-11-23,16.491491317749023,16.541609443200688,16.44532282124215,16.54087018761552,37038310
2012-11-26,16.32311248779297,16.46754336068757,16.270525137205983,16.453716823877237,88514535
2012-11-27,16.55913734436035,16.665053179876306,16.24534135684548,16.298915635945445,100724129
2012-11-28,16.879106521606445,16.90972039560079,16.39075926729893,16.492475905578434,122136087
2012-11-29,17.08205223083496,17.131676888096745,16.837878573398665,16.980579477558777,111476280
2012-11-30,17.242033004760742,17.263017649885185,16.92897817365749,17.067729426180016,127018318
2012-12-03,17.16500473022461,17.42769568377289,17.136860081206905,17.337582136716478,88028721
2012-12-04,17.060819625854492,17.171426248602337,16.929226464201307,17.158834325259136,79966615
2012-12-05,16.981569290161133,17.146491356682116,16.846026489614417,17.08847208034822,74775229
2012-12-06,17.06328773498535,17.17389245980789,16.899846093241603,16.975887314226863,58711242
2012-12-07,16.892438888549805,17.205247965950218,16.848246155031376,17.15883368447747,77059760
2012-12-10,16.92231559753418,17.07612803415634,16.882072487710293,16.921574451231574,54872909
2012-12-11,17.20524787902832,17.329681033348848,16.97909807977981,17.035387377959996,107906951
2012-12-12,17.222036361694336,17.368936449388038,17.121304764951283,17.263268289727908,97403730
2012-12-13,17.348939895629883,17.688906693985185,17.27116869969442,17.675325945689263,138312493
2012-12-14,17.330669403076172,17.475347961186426,17.243518542721084,17.261788176382243,85523366
2012-12-17,17.79531478881836,17.823459436638885,17.381526451584943,17.418065714233034,121871097
2012-12-18,17.802473068237305,18.000723978559375,17.653844914548678,17.692112254115123,120646524
2012-12-19,17.778770446777344,17.85012277851798,17.694088828654678,17.793583916111135,77031655
2012-12-20,17.834321975708008,17.890858946170802,17.70124654294127,17.85654123387203,66528434
2012-12-21,17.668161392211914,17.746921393050382,17.542002077428123,17.627179041630388,141568653
2012-12-24,17.516822814941406,17.657056363159768,17.466702806720935,17.64051292236875,33762076
2012-12-26,17.501270294189453,17.600271927770518,17.341780161798944,17.48151836886009,47473277
2012-12-27,17.437570571899414,17.50052829464015,17.247960038835345,17.45855710970602,66142994
2012-12-28,17.28252410888672,17.452878062444174,17.28252410888672,17.324001823400753,56290202
2012-12-31,17.4644775390625,17.54323564452613,17.183517035264433,17.28227284769678,80195470
2013-01-02,17.85629653930664,17.94888120871469,17.6908810167003,17.761739891500167,102033017
2013-01-03,17.86666488647461,18.070595411774068,17.793832150865022,17.89777222770779,93075567
2013-01-04,18.219715118408203,18.306126701307953,17.96566650159881,18.006650745483764,110954331
2013-01-07,18.140220642089844,18.254529208606712,18.037267494129356,18.157501448883938,66476239
2013-01-08,18.104421615600586,18.17848897258905,17.88542991788769,18.159725872378367,67295297
2013-01-09,18.22342300415039,18.22910071378328,17.988383219597434,18.078992129503042,81291563
2013-01-10,18.306377410888672,18.3932843749918,18.10936106647318,18.339708196038,73703226
2013-01-11,18.269588470458984,18.329829281091666,18.178486108387055,18.3192131191526,51600690
2013-01-14,17.85629653930664,18.324152668361734,17.834077277429056,18.195769879111094,114985384
2013-01-15,17.89777374267578,18.14639237735543,17.58101503184341,17.75951593999143,157696879
2013-01-16,17.65730094909668,17.883204926403877,17.61977286522223,17.835308359887108,81239368
2013-01-17,17.561758041381836,17.76716898075588,17.554350360695672,17.71952008625545,88791570
2013-01-18,17.39362335205078,17.597553863084876,17.315111022281894,17.538052309114917,129555794
2013-01-22,17.353134155273438,17.4141161163373,17.171670564432386,17.39732877733172,152264594
2013-01-23,18.306867599487305,18.492035023648757,18.16589479574279,18.1708332491558,237249950
2013-01-24,18.620662689208984,18.68534847838956,18.28242405731974,18.300447897037344,135815168
2013-01-25,18.607332229614258,18.72608576115782,18.522894517168226,18.535734116479038,89369729
2013-01-28,18.534751892089844,18.654985855638333,18.464634162588812,18.560181527580028,65327951
2013-01-29,18.607580184936523,18.688314067136986,18.431300841575897,18.43648508327969,70145942
2013-01-30,18.611286163330078,18.78707205967922,18.588571543714714,18.609064615298777,69579828
2013-01-31,18.657207489013672,18.704856386898687,18.522899308747913,18.52931816472441,65613015
2013-02-01,19.14876365661621,19.173454034678866,18.716707564687308,18.719174900882404,150405652
2013-02-04,18.73941993713379,19.022108595285253,18.720904517286698,18.953473164744146,122075862
2013-02-05,18.905332565307617,19.037912664038945,18.7505332044185,18.79151556712546,75108474
2013-02-06,19.014699935913086,19.08358114433442,18.72657940035844,18.74065172233582,83435569
2013-02-07,19.10802459716797,19.228012747789027,18.89940331365114,19.003097594110805,114033831
2013-02-08,19.389976501464844,19.42207267261422,19.246534447225866,19.260606772971908,121256803
2013-02-11,19.317140579223633,19.331460581598787,19.103089252460936,19.21789316904685,87037018
2013-02-12,19.274675369262695,19.452436999067917,19.241839948875253,19.30060035828513,74638720
2013-02-13,19.328006744384766,19.389482177869247,19.256656293551693,19.260605922355293,48107646
2013-02-14,19.450462341308594,19.47317695885213,19.202337191654557,19.25072912073953,69672173
2013-02-15,19.57563591003418,19.58477167152112,19.43194618792198,19.440093124231424,109601278
2013-02-19,19.920297622680664,19.924001463487354,19.634646226847227,19.652174714911958,117711564
2013-02-20,19.565019607543945,19.97263489654936,19.54847805607864,19.882025991254658,110982436
2013-02-21,19.64081573486328,19.885730533045294,19.534406420557964,19.70179770077724,140781714
2013-02-22,19.744014739990234,19.782034403880395,19.598101588628992,19.73290321954255,82463941
2013-02-25,19.523292541503906,19.958806611935923,19.516380219966496,19.807955025911475,92501423
2013-02-26,19.507492065429688,19.651183664383318,19.366025795580907,19.62772790153307,88430220
2013-02-27,19.745742797851562,19.868445973741267,19.531689575793397,19.62279005233494,81347773
2013-02-28,19.780799865722656,19.923750323643947,19.776604449019036,19.778330638947114,90971711
2013-03-01,19.90399932861328,19.92745320271702,19.6561218466003,19.696858418260053,87342157
2013-03-04,20.281986236572266,20.315069336934325,19.874618658157033,19.88202444762544,111440145
2013-03-05,20.704172134399414,20.74244137610049,20.464689228413206,20.46543037473734,162370331
2013-03-06,20.52591896057129,20.83749347322684,20.462467759717377,20.764167253837172,115350748
2013-03-07,20.5560359954834,20.65528530389091,20.48147517469705,20.592081792427607,82415761
2013-03-08,20.52937126159668,20.613313630062205,20.36963346069243,20.602943255472507,116912581
2013-03-11,20.61084747314453,20.731329122877305,20.528878961398338,20.533571627499597,64027093
2013-03-12,20.432836532592773,20.53850469175734,20.335561097551587,20.50937310957824,80633104
2013-03-13,20.376052856445312,20.508878735273274,20.30198550269408,20.439997514293953,65898080
2013-03-14,20.282976150512695,20.417532010178483,20.180518352188326,20.417532010178483,66295564
2013-03-15,20.104225158691406,20.252357954347023,20.080523608877897,20.20791754844669,124452737
2013-03-18,19.943504333496094,20.0662094251418,19.787470345771332,19.874623102389215,73807616
2013-03-19,20.03065299987793,20.22643659087136,19.91041716005218,20.028679131010144,84242583
2013-03-20,20.114351272583008,20.183478283718888,20.03361738213628,20.166690943533027,58771467
2013-03-21,20.029172897338867,20.1689110930553,19.99435982453682,20.02991215283583,59325536
2013-03-22,20.005714416503906,20.127430643268315,19.989172868001152,20.115086401620758,59751126
2013-03-25,19.989173889160156,20.225941712142703,19.919551530812573,20.057561634212036,68736680
2013-03-26,20.057809829711914,20.096818316959947,19.94349938288096,20.084474074363865,47854701
2013-03-27,19.816850662231445,19.9240011300849,19.784013344184427,19.916098090619414,86852328
2013-03-28,19.60773468017578,19.88375874225318,19.58576309525742,19.84968680938907,91855009
2013-04-01,19.780553817749023,19.80672459613977,19.584522549443317,19.62797602435695,72562968
2013-04-02,20.0731201171875,20.117314744060497,19.849932997450615,19.863264176662657,81966082
2013-04-03,19.904247283935547,20.101758968428932,19.76771567295857,20.083487445455486,69800653
2013-04-04,19.629459381103516,19.8931372921996,19.536383131764275,19.856104557514605,98270968
2013-04-05,19.33269691467285,19.429972355356735,19.168516011997124,19.407010057453803,137870844
2013-04-08,19.130247116088867,19.246285658415104,18.971004664441143,19.226535623984567,113708616
2013-04-09,19.199378967285156,19.349981023508597,19.087290047528622,19.14629625646312,86615444
2013-04-10,19.508726119995117,19.562300391530993,19.158636708532242,19.329484107558088,79440651
2013-04-11,19.513912200927734,19.580819544937928,19.35763057584187,19.57538762453154,81452163
2013-04-12,19.50551986694336,19.556133346330036,19.32973397803875,19.553416440469796,65713390
2013-04-15,19.305044174194336,19.67710710667344,19.18382140157187,19.40429347586699,98491793
2013-04-16,19.58748435974121,19.652415944896983,19.354174584584054,19.420093104120962,69941178
2013-04-17,19.320600509643555,19.525024519064527,19.210487356828423,19.424047127829112,81785407
2013-04-18,18.909528732299805,19.400592925015847,18.794724806492862,19.38948140392813,133398142
2013-04-19,19.74796485900879,19.836104534540315,18.918168516079454,18.989766640681612,232998073
2013-04-22,19.753890991210938,19.848942992896625,19.13395054508122,19.76598944684977,115768308
2013-04-23,19.946218490600586,20.13385515827037,19.760062224679896,19.77586452074495,92035684
2013-04-24,20.083240509033203,20.195575202266298,19.94868655610348,19.95140157115831,73438237
2013-04-25,19.975841522216797,20.157800462101054,19.93954994022305,20.152368541545282,79986690
2013-04-26,19.786231994628906,19.942265952879726,19.666737299139275,19.938811682308234,99880980
2013-04-29,20.22174835205078,20.311616117174083,19.82524266681561,19.83141573449901,92376959
2013-04-30,20.357784271240234,20.433579709587008,20.187676082486817,20.220265719813348,92613843
2013-05-01,20.255573272705078,20.361487235946168,20.15508934038972,20.32544332592942,58418148
2013-05-02,20.482219696044922,20.604181752516826,20.221504459292426,20.24742756463427,81034603
2013-05-03,20.879953384399414,20.906617629993747,20.63997706472941,20.663678616368816,100880714
2013-05-06,21.270782470703125,21.27819015199346,20.94266643143571,20.94266643143571,85973045
2013-05-07,21.16412353515625,21.328058645628456,21.00216418431641,21.30682631962706,78653713
2013-05-08,21.569021224975586,21.57519240073564,21.05746592109342,21.158443297010432,99102072
2013-05-09,21.51594352722168,21.71789830825555,21.435703105308505,21.50014123112483,88353936
2013-05-10,21.731971740722656,21.7396252101963,21.53273196475109,21.610503163696,76192522
2013-05-13,21.665311813354492,21.7872757469278,21.562854017045954,21.698888385195634,58157173
2013-05-14,21.90158462524414,21.940838903868404,21.655682906822435,21.66456909840003,63408784
2013-05-15,22.61237907409668,22.624475638357413,22.07243140172442,22.108970664135008,160033605
2013-05-16,22.31562042236328,22.713360748660314,22.269699602066076,22.68916572488959,128865215
2013-05-17,22.44671630859375,22.55312561554579,22.23290886955266,22.46745516696437,112098604
2013-05-20,22.430667877197266,22.728663467834263,22.343515137600892,22.343515137600892,91248746
2013-05-21,22.392154693603516,22.50794555765535,22.1610664327617,22.418077795623578,79617311
2013-05-22,21.9588623046875,22.449924585440836,21.896152262920626,22.28327446449723,102807910
2013-05-23,21.795175552368164,21.972196068576878,21.57816149812208,21.652226966806236,91345105
2013-05-24,21.561368942260742,21.697157504592685,21.504336611673956,21.609265512151513,92216359
2013-05-28,21.757648468017578,22.026017140987175,21.736168462003842,21.812705045354075,90638467
2013-05-29,21.43767738342285,21.676666770570485,21.33842808048206,21.62037558497868,80837869
2013-05-30,21.4981689453125,21.699136806644873,21.390770800590087,21.477430084502345,85145956
2013-05-31,21.509521484375,21.652224263820777,21.41817332812975,21.43298679815317,79071272
2013-06-03,21.420888900756836,21.577416329179442,21.109562124569415,21.55346898824767,99399181
2013-06-04,21.21029281616211,21.49396839901261,21.08610545831547,21.426319905258378,75024159
2013-06-05,21.22510528564453,21.465820849462435,21.161654102206903,21.294479966034192,84587872
2013-06-06,21.347068786621094,21.388794181860654,20.916986577091045,21.33867417178292,103550684
2013-06-07,21.719627380371094,21.726293915257525,21.363860164533037,21.489773727729776,107385002
2013-06-10,21.978612899780273,21.997871356780152,21.728513872493426,21.778138526025312,93862506
2013-06-11,21.721599578857422,21.89911352988769,21.714439577871666,21.82430503794066,70567517
2013-06-12,21.52828598022461,21.874423922262263,21.47076018206189,21.861092744886157,88522565
2013-06-13,21.652225494384766,21.717898233441147,21.368302211698804,21.454220342717637,83106340
2013-06-14,21.603832244873047,21.8423281450476,21.581365308286994,21.728758848838652,90136592
2013-06-17,21.880599975585938,21.959110430287545,21.683829426215322,21.707283301966637,86173794
2013-06-18,22.23537826538086,22.244759814839988,21.932444214173906,21.939851894702095,87000883
2013-06-19,22.236862182617188,22.487700481536976,22.158349838540914,22.2538972021261,117073180
2013-06-20,21.843318939208984,22.244761174961404,21.808014287100658,22.07169218526012,135385563
2013-06-21,21.74925422668457,21.970219795386196,21.555198695026608,21.932200127367434,159889066
2013-06-24,21.47421646118164,21.635436548017942,21.31275058607865,21.52581687175424,121128323
2013-06-25,21.385581970214844,21.71838871567522,21.343858469241574,21.658641373176753,102510801
2013-06-26,21.569517135620117,21.67691337839248,21.493475914415924,21.5719863624754,73530581
2013-06-27,21.653953552246094,21.842083686697528,21.64358506799087,21.69666588408594,77348840
2013-06-28,21.735427856445312,21.771721334633543,21.58285193457034,21.60038042156154,94324230
2013-07-01,21.920839309692383,22.02453359378517,21.849734657743042,21.88553277197429,69250599
2013-07-02,21.783323287963867,21.997869972530946,21.65889014352718,21.978118049536903,75943592
2013-07-03,21.88504409790039,21.952692603642383,21.6892623645832,21.723825873064737,42036977
2013-07-05,22.059345245361328,22.106748347674582,21.907506710594454,21.973427122418556,68331166
2013-07-08,22.345739364624023,22.37487284096589,22.147981879293777,22.20056923155367,79075287
2013-07-09,22.34943962097168,22.539791285208445,22.170197586141796,22.491648927552323,79472771
2013-07-10,22.367958068847656,22.495106233523842,22.229452595246414,22.30524802682565,68592140
2013-07-11,22.719776153564453,22.733848477903575,22.430420956220388,22.541027572660376,103755449
2013-07-12,22.787921905517578,22.787921905517578,22.59633558186615,22.713854540528782,103113050
2013-07-15,22.82964324951172,22.911364076896273,22.623984618718968,22.820015910987273,78713937
2013-07-16,22.7042236328125,22.91062150634407,22.563248927829864,22.889884538085692,79617311
2013-07-17,22.678050994873047,22.88321612882913,22.622500957082867,22.738537595362597,60469809
2013-07-18,22.48375129699707,22.71385263109931,22.298831524409675,22.68891646275938,145924920
2013-07-19,22.13612937927246,22.292904489291324,21.61790747586676,21.88948651081876,295475379
2013-07-22,22.484241485595703,22.532879201647173,22.146002802362414,22.26944901252501,116563276
2013-07-23,22.31389045715332,22.54102718364858,22.209455019009408,22.484242529355004,82134711
2013-07-24,22.291667938232422,22.474366133353474,22.23735251409899,22.39931185210087,83451629
2013-07-25,21.916399002075195,22.14230112675284,21.87640168492654,22.06872912948479,120493954
2013-07-26,21.858379364013672,21.972935611014663,21.775671606544478,21.89886825705751,71374530
2013-07-29,21.78233528137207,22.092181650073154,21.74826524540699,21.84726687100297,75959652
2013-07-30,21.995895385742188,22.111686242870345,21.747770229788507,21.861093750754947,70487217
2013-07-31,21.91762924194336,22.133905894632424,21.87886843334147,22.047000837933446,87265872
2013-08-01,22.324260711669922,22.33240764830035,22.096628609211372,22.096628609211372,85856610
2013-08-02,22.382282257080078,22.392898421811026,22.24032059566903,22.3050045186922,68812965
2013-08-05,22.34351348876953,22.35635308897179,22.200317252557095,22.353142716251508,52584363
2013-08-06,22.135387420654297,22.459801470827895,22.11464856249364,22.335861789087954,60469809
2013-08-07,21.989229202270508,22.18180432009578,21.950714178705454,22.097614271284808,55374783
2013-08-08,22.03885269165039,22.11736312961761,21.856893762090728,22.108720836735053,59743096
2013-08-09,21.983306884765625,22.10946623459537,21.973182297741808,21.98700883460552,53146462
2013-08-12,21.862327575683594,21.899114516654603,21.767027901548648,21.896645289902885,55286453
2013-08-13,21.75715446472168,21.936148838388732,21.632473630140453,21.89491879881465,57004870
2013-08-14,21.47471046447754,21.731969486925642,21.409285407610007,21.686048674846155,83600184
2013-08-15,21.224117279052734,21.353980454072484,21.183133031245276,21.34212967835365,75048249
2013-08-16,21.156227111816406,21.292756847398365,21.14709134930696,21.264116836948638,67255147
2013-08-19,21.372005462646484,21.528780570530934,21.169555329963767,21.17597418538185,72707508
2013-08-20,21.36632537841797,21.531493192302577,21.31990921258655,21.43866275131859,49504863
2013-08-21,21.462862014770508,21.650003318818374,21.39299197010447,21.495449759050413,70555472
2013-08-22,21.571001052856445,21.59667647645567,21.485576385031685,21.54606488482624,34926424
2013-08-23,21.48458480834961,21.676912235133294,21.473229390500695,21.672714927836495,43245489
2013-08-26,21.390274047851562,21.60037763910045,21.381879433223617,21.479400654509526,42257801
2013-08-27,20.98932647705078,21.324602487986436,20.93377643516696,21.22313163274451,69623993
2013-08-28,20.9498233795166,21.11918851110569,20.930564923512776,20.9917945620052,53395392
2013-08-29,21.11968231201172,21.24189391198226,20.95081064496599,20.962661420946674,59361671
2013-08-30,20.909086227416992,21.184121399055474,20.876003127695885,21.12783021560613,74743109
2013-09-03,21.241891860961914,21.38533577226772,21.08314101393886,21.093263708334877,82210996
2013-09-04,21.519643783569336,21.565812273402372,21.113265026546795,21.241152442935526,81954037
2013-09-05,21.71542739868164,21.723328546117838,21.519150342258122,21.565812299359184,51845604
2013-09-06,21.715923309326172,21.81961570966613,21.571738236349628,21.786532608120865,62698130
2013-09-09,21.925039291381836,21.967010477330884,21.786040343293987,21.81838230044721,49569103
2013-09-10,21.94034194946289,22.02255622460014,21.825044577408345,21.973672725297554,51697050
2013-09-11,22.126007080078125,22.145263646939757,21.87640151301814,21.93713579846696,64665477
2013-09-12,22.048728942871094,22.16822174162038,21.973426982639666,22.155877498917985,43984248
2013-09-13,21.95022201538086,22.113417880656264,21.845788459442765,22.08428440496197,53214717
2013-09-16,21.917879104614258,22.14600466484292,21.846528656306567,22.126254630844773,53660381
2013-09-17,21.87714195251465,21.933433140207402,21.75098072011073,21.90923812025966,50564822
2013-09-18,22.302040100097656,22.31808818545305,21.80208968039435,21.883069362752607,77678069
2013-09-19,22.180322647094727,22.36795931639952,22.106502970983197,22.36795931639952,64155573
2013-09-20,22.296855926513672,22.322039774015348,22.111936152583574,22.180323911441164,174463490
2013-09-23,21.88677215576172,22.259328590709067,21.854675986587218,22.12502041624812,71362485
2013-09-24,21.895164489746094,21.975650699534903,21.760858208361135,21.886771765168866,59694916
2013-09-25,21.65790367126465,21.888004996553345,21.61766056543513,21.888004996553345,66207234
2013-09-26,21.681110382080078,21.794186223170808,21.602845723395465,21.684320755082773,50584897
2013-09-27,21.637165069580078,21.66506203841768,21.51174498657017,21.598402368454458,50540732
2013-09-30,21.625314712524414,21.747032859026785,21.437679925870768,21.45669070537745,69154239
2013-10-01,21.899112701416016,21.91565235978776,21.727524144542695,21.732460706957948,67644602
2013-10-02,21.923555374145508,21.95737772763201,21.67246755425239,21.79369031774619,60036190
2013-10-03,21.629756927490234,22.07440491760949,21.53124877165492,21.923802884039528,84997401
2013-10-04,21.53742027282715,21.664816114608694,21.479401006316554,21.602845328985538,54523605
2013-10-07,21.374225616455078,21.577910349280863,21.333982515228904,21.416444477172973,51937949
2013-10-08,21.076231002807617,21.380151984217548,21.025865204231103,21.36385811237054,78039419
2013-10-09,21.130300521850586,21.29793757675053,20.812307218251398,21.14066900557101,106449509
2013-10-10,21.435951232910156,21.450517025166445,21.237698397446763,21.327318480356986,90550137
2013-10-11,21.528532028198242,21.565318969247162,21.363364202578037,21.38138615468156,56567236
2013-10-14,21.630250930786133,21.633708982712896,21.365586118913054,21.39694113977332,49930453
2013-10-15,21.775915145874023,21.865289428638814,21.578157694581133,21.6216092772957,63914673
2013-10-16,22.171432495117188,22.17884017527317,21.82529266359176,21.871215364793557,80604999
2013-10-17,21.943307876586914,22.143536458659927,21.867760123619828,22.047002168380295,170902191
2013-10-18,24.97066879272461,25.070659244163213,24.04705506807498,24.110752044760048,464390148
2013-10-21,24.77044677734375,25.158062522168336,24.677862098208106,24.971908119933932,145675990
2013-10-22,24.86178970336914,25.009924402440415,24.58502644039339,24.812412730798044,88675135
2013-10-23,25.464448928833008,25.546910898002583,24.70452260407698,24.713656474833787,106927293
2013-10-24,25.319772720336914,25.690601073169727,25.30125540885429,25.475806688280354,83997668
2013-10-25,25.064239501953125,25.400502428444923,24.954126358858083,25.400502428444923,81524432
2013-10-28,25.059301376342773,25.267429210539724,25.009676724821006,25.06423982987174,46521724
2013-10-29,25.58370018005371,25.600980988654165,25.022272421863217,25.1605302347425,64440637
2013-10-30,25.440006256103516,25.61505098686717,25.330880047509968,25.613075227347085,53162522
2013-10-31,25.44395637512207,25.714053105460493,25.280762416973985,25.4032198053224,65845885
2013-11-01,25.356555938720703,25.577771053956173,25.30866125824973,25.47382908515892,51524405
2013-11-04,25.333595275878906,25.488148829304404,25.232865571727576,25.46666882538408,45722740
2013-11-05,25.220273971557617,25.470372990556083,25.119050798900073,25.191388177694154,47433127
2013-11-06,25.250642776489258,25.35556979230742,25.068438035433044,25.321006288403215,36652871
2013-11-07,24.88524627685547,25.27977616576333,24.877592808044284,25.247186530907,67435822
2013-11-08,25.084732055664062,25.145714018440042,24.8988234732309,24.904996540399736,51825529
2013-11-11,24.950424194335938,25.082265028984914,24.886481427344766,24.923759947059875,44670812
2013-11-12,24.97980308532715,25.12250396777467,24.81241182681462,24.879071493628604,48906630
2013-11-13,25.490619659423828,25.50000120912516,24.849446890507203,24.855619957773396,63412799
2013-11-14,25.55876350402832,25.670357064836924,25.438279969431157,25.52641965426208,46842923
2013-11-15,25.517532348632812,25.62715014485309,25.437291925168935,25.549874306308897,51243355
2013-11-18,25.46790313720703,25.892307624744458,25.410872697053787,25.57159742477515,70651832
2013-11-19,25.311128616333008,25.546909522802355,25.258047803314277,25.47210291735626,45433661
2013-11-20,25.239778518676758,25.512592158530552,25.19163426787467,25.42840211203486,38692487
2013-11-21,25.530122756958008,25.634803991437796,25.33088298435917,25.355571473167252,43835693
2013-11-22,25.476299285888672,25.581967448654147,25.41038075997448,25.51407316310765,50356042
2013-11-25,25.82293128967285,26.00217332878649,25.553573818449753,25.60640884247885,64761837
2013-11-26,26.131052017211914,26.207340921100943,25.74911403050742,25.88885412682559,91794785
2013-11-27,26.247087478637695,26.367816781884343,26.170305116502398,26.22042323365003,45112461
2013-11-29,26.160184860229492,26.333747311751132,26.15672869881835,26.22363605112554,47890836
2013-12-02,26.034021377563477,26.327080395512574,25.942177866415793,26.2569626761305,55133884
2013-12-03,26.0039005279541,26.255234147964615,25.899219308549426,25.946868198527874,67295297
2013-12-04,26.125370025634766,26.26856625997702,25.923413383477108,25.95723762800935,47842656
2013-12-05,26.10463523864746,26.161913363177263,25.95032935135995,26.101179077180536,45517975
2013-12-06,26.41398811340332,26.417196595897384,26.17228180195752,26.412012353706032,57366220
2013-12-09,26.618162155151367,26.721117187978905,26.36831081947123,26.441637022103734,59526286
2013-12-10,26.77913475036621,26.968006018433094,26.55668691417248,26.569033047956385,74433955
2013-12-11,26.597177505493164,26.94356312815796,26.544835948795807,26.846783052871725,68728650
2013-12-12,26.416208267211914,26.7366708011613,26.39250671481192,26.65346957948659,64099363
2013-12-13,26.1898136138916,26.572492764055376,26.118215481761386,26.550519289930964,86820208
2013-12-16,26.49077033996582,26.532987314167904,26.21993244586063,26.26906363362611,64320188
2013-12-17,26.413740158081055,26.682849970110777,26.377200893477927,26.48682057796643,61658247
2013-12-18,26.78135871887207,26.786295281804342,26.14660483142449,26.462870055882032,88743390
2013-12-19,26.817649841308594,26.960104940617295,26.64137049483836,26.683093998827218,66877738
2013-12-20,27.173171997070312,27.186750853972914,26.861597543817222,26.869003333637256,130953011
2013-12-23,27.530664443969727,27.547947139352203,27.284269285350366,27.351422416801494,69122119
2013-12-24,27.450180053710938,27.534120522433984,27.357843080233085,27.527455879502057,29478078
2013-12-26,27.588932037353516,27.62695358995848,27.372409599468234,27.503755062395474,53712576
2013-12-27,27.612136840820312,27.65855111153258,27.47733523288339,27.65163879030874,63023345
2013-12-30,27.39142417907715,27.66399015865296,27.380560336630456,27.660040529890143,49629328
2013-12-31,27.669170379638672,27.676330380572605,27.3124162903265,27.460055623024978,54519590
2014-01-02,27.481782913208008,27.59609336477389,27.361794752643572,27.53955639101976,73129082
2014-01-03,27.281312942504883,27.57585241596829,27.279584861632234,27.528203516457907,66917888
2014-01-06,27.585477828979492,27.623497493596794,27.31686149644984,27.47906852248357,71037271
2014-01-07,28.117277145385742,28.137770215730914,27.680284493953,27.77508881412257,102486711
2014-01-08,28.175790786743164,28.32614703383531,27.979759516485323,28.293557399995294,90036218
2014-01-09,27.904457092285156,28.249609990546904,27.78891391944096,28.230353425299192,83692529
2014-01-10,27.902978897094727,28.12271173298012,27.707195293539332,28.12271173298012,86061375
2014-01-13,27.725223541259766,28.316030607186086,27.58177958481795,27.811387474182606,97118665
2014-01-14,28.377500534057617,28.417004384684176,27.851379350095534,28.094813746928256,99676216
2014-01-15,28.35824203491211,28.515758287386785,28.23899501695755,28.466133634531218,78300393
2014-01-16,28.545879364013672,28.588098228044846,28.342935761405425,28.37009347582297,67608467
2014-01-17,28.4054012298584,28.65475912403987,28.24911958046538,28.561435200280336,108457005
2014-01-21,28.73055076599121,28.737956555316128,28.424406363423333,28.662161128140596,79492846
2014-01-22,28.763141632080078,28.833998608958566,28.611057304008764,28.802395909475578,63091600
2014-01-23,28.641672134399414,28.700678337276212,28.500203964190387,28.63920290754315,78256228
2014-01-24,27.746204376220703,28.479959939671232,27.72571319555257,28.41724989350029,156283602
2014-01-27,27.188228607177734,27.812120489773484,26.720126772051117,27.80224547408238,174796734
2014-01-28,27.725954055786133,27.793602543882667,27.403270011294136,27.41265155958746,88739375
2014-01-29,27.32871437072754,27.69485195574198,27.143546924335734,27.629920360824492,95552818
2014-01-30,28.031606674194336,28.453789636215284,27.830638834209676,28.268867989411326,204419353
2014-01-31,29.156932830810547,29.294449488824707,28.42021457073298,28.919423824068215,223486554
2014-02-03,27.983213424682617,29.175443361514077,27.948156457576417,29.11322679282873,183449044
2014-02-04,28.099992752075195,28.515754915260874,28.071600428236014,28.095795445094907,112897588
2014-02-05,28.224428176879883,28.411323696587203,27.849650202975077,28.228873163443822,96139007
2014-02-06,28.638216018676758,28.64315447239715,28.33182580399443,28.420213159650814,78155853
2014-02-07,29.069778442382812,29.0811357514547,28.653029293464435,28.82757867432439,105843245
2014-02-10,28.958431243896484,29.192234495560694,28.86189695722994,28.930530494389295,78099643
2014-02-11,29.384315490722656,29.426040886602802,28.94065630835593,29.13717916050011,82339476
2014-02-12,29.298152923583984,29.379873747779495,29.167055123133007,29.35518336897263,69238554
2014-02-13,29.62429428100586,29.62429428100586,29.124587799350202,29.15149972541863,73731331
2014-02-14,29.695890426635742,29.735146596318717,29.449001771357487,29.518376458742615,87795852
2014-02-18,29.895376205444336,29.944507389218025,29.6267617718155,29.66157295305313,84672187
2014-02-19,29.684534072875977,29.854394566512486,29.56503937759415,29.757612598271265,84459392
2014-02-20,29.728235244750977,29.79687067885899,29.632194416521543,29.704286012095853,68287001
2014-02-21,29.720335006713867,29.870443590881035,29.696881131274996,29.81958432048155,74771214
2014-02-24,29.93562126159668,30.12449254054134,29.75267537093796,29.759096117146978,67223027
2014-02-25,30.120540618896484,30.23164070243435,29.884020448541154,30.020304377297432,57763704
2014-02-26,30.124740600585938,30.33978077161456,29.966483195556968,30.21929724471655,79585191
2014-02-27,30.101036071777344,30.22497575563988,30.046720643986045,30.080792571173006,50588912
2014-02-28,30.01314353942871,30.22398639145372,29.780327215859145,30.128934394514193,92890878
2014-03-03,29.69317626953125,29.820324441157133,29.43270685891356,29.793412514392482,84507572
2014-03-04,29.994874954223633,30.02178688030123,29.861307930354574,29.997096502147,58928052
2014-03-05,30.07758140563965,30.196582632684162,29.908462059618696,29.99832981392638,49597208
2014-03-06,30.110910415649414,30.27237628357959,30.08597425176221,30.17682893516775,50914126
2014-03-07,29.991912841796875,30.293118823144553,29.909205083675626,30.288428048246878,60831159
2014-03-10,29.91241455078125,30.06227734551255,29.72774246161871,30.01413309080628,48766105
2014-03-11,29.626516342163086,29.980309671711677,29.543806693562242,29.96672892362271,68776830
2014-03-12,29.80699348449707,29.820572342124063,29.23643189451608,29.537883668242813,78866507
2014-03-13,29.35666275024414,29.885994244132938,29.250499236736037,29.823036525903408,94175675
2014-03-14,28.95522117614746,29.401351461797933,28.948554642041675,29.182112107901528,92099924
2014-03-17,29.431718826293945,29.554423897381476,29.086320121954564,29.114466661142238,86808163
2014-03-18,29.90475845336914,29.911424987581196,29.455419678316005,29.495169313958172,72872123
2014-03-19,29.608243942260742,29.92278107192638,29.488747361273155,29.918090297478486,64757822
2014-03-20,29.556642532348633,29.86401965046914,29.512202125389244,29.62552374512653,67640587
2014-03-21,29.20803451538086,29.864516057457287,29.193468724815347,29.782547562626398,128821050
2014-03-24,28.588096618652344,29.25395783299704,28.29232068948277,29.236429348160577,121939352
2014-03-25,28.607603073120117,28.882144826004065,28.31824973897279,28.787340496250472,96769361
2014-03-26,27.947174072265625,28.924855605174447,27.935569083638544,28.68882889203683,103586819
2014-03-27,27.603179931640625,28.07471723148159,27.329354744096605,28.07471723148159,262719
2014-03-28,27.678800582885742,27.99711150966893,27.613557033654732,27.738606539454516,824257
2014-03-31,27.529531478881836,28.025288331258224,27.527555719242716,28.019850738222715,216593
2014-04-01,28.033193588256836,28.096956736691677,27.615533149265033,27.615533149265033,158434
2014-04-02,28.02528953552246,29.895123959505653,27.787544193650128,29.655896325170517,2942055
2014-04-03,28.160720825195312,29.027676689143924,27.883433800218967,28.166158418839334,101983228
2014-04-04,26.845951080322266,28.557618673062702,26.839031195298944,28.403405443027903,127386783
2014-04-07,26.599306106567383,27.10988959323191,26.055605489737978,26.727322078612012,88033033
2014-04-08,27.42721939086914,27.43216162634783,26.770329365706978,26.819263925255346,63024560
2014-04-09,27.88392448425293,27.944719266699238,27.330832819575193,27.660512403153014,66616395
2014-04-10,26.737701416015625,27.92642788710053,26.685802283428853,27.92642788710053,80737057
2014-04-11,26.226133346557617,26.69074882562152,26.024963200924518,26.32251638510128,78496923
2014-04-14,26.321033477783203,26.89340063537472,26.174728952020242,26.60425152649885,51501009
2014-04-15,26.514789581298828,26.614139097528458,25.62608530976751,26.53357158777351,77101101
2014-04-16,27.50827980041504,27.531015217552373,26.690750123060994,26.839034200455075,97865955
2014-04-17,26.497982025146484,27.16030957971033,26.253316813775225,27.12620362057454,136190888
2014-04-21,26.128267288208008,26.527641121766123,25.978998167571493,26.497983928272717,51334553
2014-04-22,26.434221267700195,26.553835070649605,26.073400318004936,26.12925475516184,47307527
2014-04-23,26.04522705078125,26.387759459694475,26.011122984456566,26.38380415939781,41046384
2014-04-24,25.957246780395508,26.278030716911093,25.806986960687144,26.199936222446816,37663121
2014-04-25,25.513389587402344,25.934511864448183,25.47582557709262,25.82626481984064,42007014
2014-04-28,25.56133460998535,25.6330026860608,24.85205207594125,25.562816902277948,66710653
2014-04-29,26.08279037475586,26.169782400172686,25.52030773935167,25.548976103034168,53981801
2014-04-30,26.031389236450195,26.0976216146052,25.82675915109453,26.07785078367354,35023895
2014-05-01,26.263202667236328,26.34129716332241,25.8939795280845,26.053630353505266,38110345
2014-05-02,26.094160079956055,26.394184358985914,25.979488511276777,26.382322239286424,33770463
2014-05-05,26.08823013305664,26.14210692256526,25.76744807620726,25.940443316354973,20482080
2014-05-06,25.46198844909668,26.03880442003419,25.458035038903976,25.96070991596458,33780490
2014-05-07,25.205951690673828,25.538104282776413,24.876767464566047,25.49411385500502,64486563
2014-05-08,25.25735855102539,25.565289669249836,25.03246227604935,25.131811788963734,40426688
2014-05-09,25.639429092407227,25.697259289261186,24.921250914247544,25.244999432509907,48789585
2014-05-12,26.192523956298828,26.205868369918747,25.653272004610105,25.87569528416162,38250730
2014-05-13,26.349206924438477,26.49650027779101,26.172258269791612,26.240468298787178,33068541
2014-05-14,26.030895233154297,26.34475740406579,25.963674031235158,26.34475740406579,23835261
2014-05-15,25.701213836669922,25.99234248400257,25.574680142754843,25.983938415725355,34087331
2014-05-16,25.73334312438965,25.79117332600373,25.47681578417979,25.770907136737005,29705333
2014-05-19,26.1401309967041,26.185603720944414,25.58273798576857,25.68737762333375,25555972
2014-05-20,26.185108184814453,26.504407945143605,26.01359523925954,26.183624001798847,35695734
2014-05-21,26.63835906982422,26.65036866382423,26.290884382465254,26.33981704970617,23925508
2014-05-22,26.940853118896484,27.066397989788456,26.72930314827853,26.74660286167062,32316482
2014-05-23,27.31847381591797,27.364935358458467,26.873627328773093,27.049589029805034,38643806
2014-05-27,27.973390579223633,27.975861696904524,27.400032666203227,27.4815890030684,42083223
2014-05-28,27.762332916259766,28.06680407582883,27.72872231625443,27.9051774936127,33040464
2014-05-29,27.683252334594727,27.877007243670228,27.615535769996633,27.844878932797563,27082150
2014-05-30,27.673856735229492,27.746020165214283,27.47713538323155,27.718834094166514,35422988
2014-06-02,27.379270553588867,27.723778737771298,26.973967586006776,27.71389426793415,28700582
2014-06-03,26.934917449951172,27.30068062112652,26.816785943571393,27.233952891822227,37332215
2014-06-04,26.92108154296875,27.116318729260612,26.628965964362166,26.764890659527854,36329469
2014-06-05,27.377788543701172,27.429687682918637,26.910700072102024,27.00708310740359,33782496
2014-06-06,27.497900009155273,27.5834097565374,27.132136777246096,27.5834097565374,34735104
2014-06-09,27.784082412719727,27.82263714225897,27.483566522108493,27.5384302501278,29350361
2014-06-10,27.706485748291016,27.85723906503485,27.57550326534903,27.70450809770703,27034019
2014-06-11,27.621959686279297,27.673363466475774,27.433147029617484,27.580440375807225,22002242
2014-06-12,27.25174903869629,27.579946324409228,27.10890257250084,27.545840366952877,29169867
2014-06-13,27.272014617919922,27.298705333816027,26.965565797681588,27.296727683548454,24410836
2014-06-16,26.902299880981445,27.166242473623463,26.765879816587724,27.148449292011783,34051232
2014-06-17,26.83952522277832,26.953701437367585,26.65763244885326,26.898342356025392,28891103
2014-06-18,27.351594924926758,27.360985928237646,26.88845983371975,26.93096797292625,34835379
2014-06-19,27.42721939086914,27.43216162634783,27.111377645962484,27.39459761162304,49136535
2014-06-20,27.499380111694336,27.559681428735452,27.204398259827602,27.52359971009205,90166875
2014-06-23,27.923961639404297,27.926432757004285,27.39508953399141,27.439573432149444,30736155
2014-06-24,27.90764808654785,28.30435223073335,27.7292152623429,27.93582109331318,44142862
2014-06-25,28.601116180419922,28.665866268559867,27.937308191530565,27.93928395122065,39387843
2014-06-26,28.47013282775879,28.78893913263715,28.26500927403525,28.717271051788384,34839390
2014-06-27,28.53142547607422,28.661419126983436,28.36139480165175,28.5284608910313,44738493
2014-06-30,28.434547424316406,28.646588979903292,28.40835017423204,28.601611613978278,26275943
2014-07-01,28.799814224243164,28.88532207560815,28.502261043772403,28.58480431036447,28959290
2014-07-02,28.783254623413086,28.936726709593753,28.68711737780045,28.833423790584487,21127848
2014-07-03,28.901630401611328,28.91547017113551,28.713313111458685,28.8334222697323,14283107
2014-07-07,28.779052734375,28.985660470900417,28.647576802657976,28.85368918126755,21292298
2014-07-08,28.227449417114258,28.644516265357733,27.98253648630151,28.5521868300357,38190565
2014-07-09,28.47408676147461,28.50571971148566,28.14272636347468,28.251663504932857,22335153
2014-07-10,28.227937698364258,28.49929362069637,27.926926475893637,27.9714103714409,27134293
2014-07-11,28.62731170654297,28.7098549709978,28.243755326723495,28.267974924910916,32434806
2014-07-14,28.908554077148438,28.92536032406542,28.570472285894088,28.796355504666224,37081529
2014-07-15,28.904104232788086,28.95476875994119,28.49781242516096,28.95155649619401,32460877
2014-07-16,28.799318313598633,29.08303171787308,28.77658100760696,29.06326088727646,27942506
2014-07-17,28.357934951782227,28.716776394737696,28.104865661331832,28.644612954211212,60331186
2014-07-18,29.4132080078125,29.498222394180893,28.766697847440525,29.310398549621596,80283816
2014-07-21,29.13591766357422,29.379594047678946,28.92649471127062,29.248613477226495,41242922
2014-07-22,29.396400451660156,29.639088011943386,29.191770369570605,29.19770332036656,33983045
2014-07-23,29.457693099975586,29.550122733576043,29.285684779234515,29.32176839159086,24663528
2014-07-24,29.327699661254883,29.63167739168023,29.249603266043195,29.480924085327548,20702684
2014-07-25,29.113676071166992,29.25404953670411,29.01531538464126,29.18188609899624,18649061
2014-07-28,29.191774368286133,29.285686299246475,28.902774585577045,29.066724840116436,19736037
2014-07-29,28.94512939453125,29.14728646841538,28.841578794757954,29.100331454714752,26997920
2014-07-30,29.034591674804688,29.137401125317584,28.865549849189865,28.99159007224358,20329662
2014-07-31,28.252653121948242,28.84825298003836,28.17356979407217,28.697499677269906,42055146
2014-08-01,27.979320526123047,28.468157497875538,27.820165050239552,28.193341618783442,39105069
2014-08-04,28.329265594482422,28.438004218722174,27.881947947211245,28.126119693206807,28546159
2014-08-05,27.92989158630371,28.271435191637476,27.808300126749554,28.176040980821213,31024946
2014-08-06,27.99434471130371,28.208169165381776,27.679295192705116,27.76727605062922,26687069
2014-08-07,27.845373153686523,28.1681347822475,27.733668044856216,28.07471632269458,22218835
2014-08-08,28.112770080566406,28.18592233510399,27.696591966248683,27.855253952144235,29895854
2014-08-11,28.068784713745117,28.197789534787532,27.9758616139592,28.173076467372752,24294518
2014-08-12,27.814231872558594,27.970916218932025,27.722791075570413,27.902706194266102,30840441
2014-08-13,28.40983009338379,28.420705278855593,27.96350128880151,28.04060884949283,28784812
2014-08-14,28.403404235839844,28.564041986180968,28.217062706019565,28.479027609992645,19709966
2014-08-15,28.345577239990234,28.637197475232306,28.199270819105145,28.562067559789497,30383189
2014-08-18,28.774606704711914,28.890760576682112,28.470133629295482,28.475571222455507,25682318
2014-08-19,29.006914138793945,29.03064027086497,28.865551843576284,28.914979867381593,19573592
2014-08-20,28.889772415161133,28.99900640404759,28.794871665041413,28.95847780541894,20734771
2014-08-21,28.834413528442383,28.890266082107434,28.72419071358963,28.856657368998537,18296094
2014-08-22,28.79437828063965,28.92664641420104,28.699477530246835,28.845288598722036,15781209
2014-08-25,28.67772674560547,28.914978602542,28.61841425404109,28.901138832109076,27228551
2014-08-26,28.562063217163086,28.756806916331627,28.49879732269912,28.73011620351865,32793789
2014-08-27,28.222993850708008,28.593203903478575,28.178657430656376,28.532902590850572,34067276
2014-08-28,28.134029388427734,28.334210725411417,28.030232988617882,28.151824461471147,25858801
2014-08-29,28.252653121948242,28.274401604317912,28.02870028484752,28.239308708441754,21675347
2014-09-02,28.535873413085938,28.560586480667048,28.23238915359166,28.265010932188897,31568434
2014-09-03,28.566024780273438,28.81563225198371,28.42070906547129,28.667843528751042,24302540
2014-09-04,28.76570701599121,28.964404142277875,28.629286964702466,28.66783979983051,29163850
2014-09-05,28.968358993530273,28.99158976582556,28.7642242776558,28.864562609690534,32647388
2014-09-08,29.14827537536621,29.24960064620606,28.97923354421139,28.99406213988233,28620362
2014-09-09,28.71776580810547,29.112688979412898,28.667842425006295,29.1077467441006,25744488
2014-09-10,28.821069717407227,28.840840550008945,28.516596626525704,28.741986387000356,19547521
2014-09-11,28.734569549560547,28.757306856597225,28.482984442447425,28.685636883385907,24420864
2014-09-12,28.45134925842285,28.74890242351797,28.394014418758665,28.71726947372666,32033708
2014-09-15,28.32679557800293,28.41823638316256,28.085094940131853,28.318886867226677,31951483
2014-09-16,28.665369033813477,28.74198312847339,28.30504531962881,28.309987554549124,29607064
2014-09-17,28.903610229492188,29.039534926978394,28.607293557073483,28.66833602053311,33856699
2014-09-18,29.12603187561035,29.139376287527995,28.914977276863606,29.01383142493869,28891103
2014-09-19,29.462635040283203,29.482405872383335,29.13740419049832,29.23625835099898,74732617
2014-09-22,29.032123565673828,29.357305257287038,28.838862122389724,29.350929887129592,33790518
2014-09-23,28.723695755004883,29.006420342230356,28.717271227483803,29.006420342230356,29428575
2014-09-24,29.06276512145996,29.14382609297207,28.693543872643847,28.74000541842774,34562632
2014-09-25,28.42367172241211,29.06227316725625,28.380176649717235,29.041020043493454,38519466
2014-09-26,28.524499893188477,28.63076927981343,28.403897270133836,28.47309611637137,28873054
2014-09-29,28.48792839050293,28.578378478798665,28.231399159105482,28.260067526346877,25648224
2014-09-30,28.537353515625,28.66042726749877,28.314436785197582,28.51610039257695,32434806
2014-10-01,28.088058471679688,28.548227034112767,28.02577950785836,28.470626008275406,28909153
2014-10-02,28.177526473999023,28.267978460087193,27.843398073893557,28.04061293597568,23568530
2014-10-03,28.434547424316406,28.53068278625635,28.297138536875476,28.324324612147063,22834521
2014-10-06,28.536861419677734,28.71727191267831,28.393028005072786,28.608531393354102,24292512
2014-10-07,27.864151000976562,28.434048895468194,27.864151000976562,28.39104729403395,38226664
2014-10-08,28.297138214111328,28.365348244460165,27.555233839609194,27.954607660621907,39817018
2014-10-09,27.722789764404297,28.2472130334357,27.632831263971614,28.23189097190761,50496258
2014-10-10,26.91267967224121,27.932859896811763,26.890931189848786,27.566603201722334,61638766
2014-10-13,26.355138778686523,27.160310956619515,26.349703076181598,26.93739232422276,51633371
2014-10-14,26.588930130004883,27.046132257144098,26.353160556661237,26.636380503155102,44451708
2014-10-15,26.197961807250977,26.334875341083492,25.6181793603775,26.24639911752171,74387672
2014-10-16,25.92511749267578,26.168300392741834,25.455064469998305,25.65277276142518,74171079
2014-10-17,25.26576042175293,26.24491473827709,25.135271426196873,26.060550843372035,110787334
2014-10-20,25.74372100830078,25.78919561856557,25.114017147043512,25.180744879459745,52150788
2014-10-21,26.025455474853516,26.037812951907767,25.65821001233541,25.958727745710952,46725935
2014-10-22,26.33042335510254,26.68086259155996,26.1371619328701,26.19103872059766,58385859
2014-10-23,26.887474060058594,27.04761648119362,26.485629097330424,26.65714206333158,46976621
2014-10-24,26.67987823486328,26.931956813308407,26.48266149318597,26.90625492100315,39462046
2014-10-27,26.728811264038086,26.9087264032921,26.543951998751336,26.543951998751336,23706909
2014-10-28,27.13064956665039,27.13460297610412,26.770819351243897,26.839029371742328,25419598
2014-10-29,27.151905059814453,27.392123390097126,27.03575119515127,27.185022193263467,35410955
2014-10-30,27.20034408569336,27.323417834744085,26.864238081103952,27.133122884775478,29113713
2014-10-31,27.633819580078125,27.658039175902402,27.41979851777394,27.647163991266865,40701440
2014-11-03,27.443037033081055,27.575501801589883,27.34467633659932,27.45687680507564,27645693
2014-11-04,27.38817024230957,27.456875632067142,27.150424901478633,27.33330651463448,24884132
2014-11-05,26.983362197875977,27.521131880503294,26.890932561004593,27.521131880503294,40645286
2014-11-06,26.791582107543945,27.03105740778698,26.73869414223735,26.962599700432705,26665008
2014-11-07,26.740671157836914,26.99769195364344,26.62501075985052,26.99769195364344,32675465
2014-11-10,27.06096076965332,27.164759051435965,26.741165637129424,26.76291411864756,22692131
2014-11-11,27.199359893798828,27.280916236734342,27.002145025121603,27.110392087948178,19310873
2014-11-12,27.052061080932617,27.20775660053643,26.946287047923892,27.204298548764637,22593862
2014-11-13,26.956668853759766,27.17513871139219,26.862756933495465,27.17513871139219,26787343
2014-11-14,26.90822982788086,27.020923754782498,26.79701819338239,27.020923754782498,25790614
2014-11-17,26.518247604370117,26.878077848931813,26.397200663210725,26.867698021261052,34520517
2014-11-18,26.445096969604492,26.786638697270213,26.402588831194304,26.567181901038136,39253475
2014-11-19,26.541976928710938,26.603758653594255,26.200433290271924,26.443616232951545,27844237
2014-11-20,26.435209274291992,26.449049044672172,26.249858447864323,26.258260625401142,31267610
2014-11-21,26.56717872619629,26.79652185608286,26.520717183321214,26.770324609477626,44485801
2014-11-24,26.654666900634766,26.82420409314234,26.474258303455407,26.574594751199186,34127440
2014-11-25,26.744131088256836,26.887471026939092,26.621649120444633,26.64132163557362,35798014
2014-11-26,26.70903778076172,26.767361446046174,26.544543037156185,26.734244312970365,30459397
2014-11-28,26.78120231628418,26.789604494032194,26.522697330961257,26.721394465540943,22966883
2014-12-01,26.384300231933594,26.760443277116416,26.28841255045474,26.636380695617888,42307838
2014-12-02,26.38182830810547,26.468326874506474,26.186591117673398,26.369966187764486,30533600
2014-12-03,26.261720657348633,26.492842932804983,26.159900029399168,26.267651717434745,25559983
2014-12-04,26.557788848876953,26.559273031863096,26.126782109700788,26.25381115720403,27842232
2014-12-05,25.962190628051758,26.339322493056343,25.913753320753116,26.245904039813603,51312493
2014-12-08,26.047203063964844,26.245900171017375,25.88952990549905,26.054616415536813,46587556
2014-12-09,26.363046646118164,26.40357713337741,25.72691821906171,25.80797730290113,37426473
2014-12-10,26.00173568725586,26.509352798233298,25.977020728916823,26.348715022425516,34245764
2014-12-11,26.11442756652832,26.39023226199453,26.053137424127048,26.087736850537365,32216207
2014-12-12,25.635969161987305,26.122334976434324,25.635969161987305,25.875692126742038,39891221
2014-12-15,25.395755767822266,25.855429031913477,25.369558517231017,25.837635850236644,56268061
2014-12-16,24.485794067382812,25.358680783544656,24.16995427648578,25.285035061369864,79285081
2014-12-17,24.955358505249023,25.059650261196037,24.555986554193026,24.565377557833077,57663883
2014-12-18,25.262298583984375,25.399212096659845,24.945963424883765,25.353739378392113,58534266
2014-12-19,25.521793365478516,25.58950803298165,25.055247530835455,25.28256386404506,73804074
2014-12-22,25.942913055419922,26.021502906294216,25.508446382534988,25.508446382534988,54475152
2014-12-23,26.225635528564453,26.421861515829377,26.013096764835247,26.048191544242982,43952341
2014-12-24,26.135683059692383,26.283422623862062,26.04918448582255,26.221686275609127,14118657
2014-12-26,26.395668029785156,26.40654321564343,26.063517316779276,26.135680754511995,20810980
2014-12-29,26.212785720825195,26.467337286988055,26.197019348706267,26.304721877517252,45570772
2014-12-30,26.217233657836914,26.253315374587665,26.054618253518363,26.102068622691156,17525986
2014-12-31,26.018537521362305,26.324988227758087,25.988880330502422,26.258260493662853,27364925
2015-01-02,25.93994903564453,26.259250704076468,25.904856140796262,26.14754371057826,28951268
2015-01-05,25.399211883544922,25.91622180626803,25.35917675813475,25.863333845791118,41196796
2015-01-06,24.81053352355957,25.513143873052424,24.76555616077282,25.45506599545844,57998800
2015-01-07,24.76802635192871,25.07170720192774,24.69635638566727,25.05964656102285,41301082
2015-01-08,24.84612274169922,24.885664403893614,24.268811448574496,24.61430847087619,67071641
2015-01-09,24.524351119995117,24.9568382736878,24.456141093005602,24.9489314540279,41427428
2015-01-12,24.345420837402344,24.514759489238585,24.09877799913582,24.463552343072863,46535413
2015-01-13,24.52484703063965,24.860951182758193,24.337516644036487,24.656322972081472,47409807
2015-01-14,24.75666046142578,24.87330780180532,24.367666462597523,24.449222798091103,44714427
2015-01-15,24.802135467529297,24.994408100623215,24.6029429481369,24.988970506908892,54316718
2015-01-16,25.11302947998047,25.11846707291047,24.713655673519078,24.714151031428557,45965854
2015-01-20,25.054706573486328,25.33149821254548,25.01101297945733,25.257359012949674,44640224
2015-01-21,25.605329513549805,25.666619663613442,25.020109448181394,25.072008594285194,45374234
2015-01-22,26.413461685180664,26.509351255954503,25.687376636329965,25.775355605843522,53538588
2015-01-23,26.688278198242188,26.798007542482853,26.344758817770586,26.47277670116455,45634948
2015-01-26,26.453989028930664,26.641319380347753,26.180163901354387,26.61808860928305,30874534
2015-01-27,25.634489059448242,26.231077725974508,25.612740577689706,26.19499411523282,38080263
2015-01-28,25.207929611206055,25.849990964125233,25.207929611206055,25.839611136427,33676205
2015-01-29,25.240550994873047,25.261804117158082,24.772969069849484,25.25735724022414,83727244
2015-01-30,26.419889450073242,26.684325511369547,25.480770197615573,25.497576444792188,112127002
2015-02-02,26.121349334716797,26.34475954876345,25.63053469289807,26.281987109470915,56996054
2015-02-03,26.158910751342773,26.364527763257566,25.86333523320833,26.0976206106088,40773638
2015-02-04,25.838621139526367,26.328545203306884,25.76497541454169,26.15890970995417,33273101
2015-02-05,26.076858520507812,26.122333127266327,25.805502625538477,25.889530063928994,36995292
2015-02-06,26.24590301513672,26.55235183084702,26.019030988032515,26.079827662090292,35270570
2015-02-09,26.089218139648438,26.29533050713887,25.999754992330065,26.097620316973828,25355423
2015-02-10,26.539501190185547,26.57706709175026,26.044239710041868,26.161875868351537,34997823
2015-02-11,26.49155616760254,26.614136446086995,26.363439981177766,26.45843903526559,27555446
2015-02-12,26.835569381713867,26.92898782959698,26.42744931003605,26.554824352211426,32404724
2015-02-13,27.136093139648438,27.180577041191988,26.845459815040588,26.85633500212315,38006060
2015-02-17,26.83112144470215,27.185020610910314,26.744622885264903,27.02833626954018,32336537
2015-02-18,26.675920486450195,26.962104999743993,26.567673443259455,26.75994793200809,29061570
2015-02-19,26.83260154724121,26.84446366565918,26.592385141222994,26.593867433355555,19782163
2015-02-20,26.638853073120117,26.876104951806564,26.483155641476262,26.845458932747487,28887092
2015-02-23,26.290884017944336,26.514740426931485,26.167314902047604,26.4955122201798,29157834
2015-02-24,26.497488021850586,26.532087447514872,26.109978235768555,26.196474909250277,20101036
2015-02-25,26.882034301757812,26.99818817066296,26.465608454372823,26.488098081956885,36519991
2015-02-26,27.455883026123047,27.488506692670175,26.764890891438707,26.84941180649653,46230579
2015-02-27,27.6002140045166,27.91210044121716,27.328362699345714,27.394596972202734,48203982
2015-03-02,28.23980140686035,28.27983653428861,27.617510889683146,27.70549174539727,42592618
2015-03-03,28.353487014770508,28.43998369621569,28.001563556389318,28.1958138252118,34095352
2015-03-04,28.340137481689453,28.524994835323973,28.075207983559256,28.26599639708098,37536775
2015-03-05,28.43701934814453,28.564541878007706,28.342118596988794,28.42169539332688,27792094
2015-03-06,28.05914306640625,28.503741897996637,28.0134226675786,28.41477221775378,33182854
2015-03-09,28.116731643676758,28.186917438766955,27.8540255433537,28.018369055735175,21242161
2015-03-10,27.432655334472656,27.919019299577375,27.41881556342129,27.88936399780952,35846146
2015-03-11,27.24334716796875,27.587361901465265,27.2186341015091,27.439079721349167,36415706
2015-03-12,27.457368850708008,27.499875099051206,27.20775950044925,27.358514692064464,27792094
2015-03-13,27.05255889892578,27.600213008989577,26.899334482755823,27.358018906092862,34071287
2015-03-16,27.407939910888672,27.523600312513214,26.98731297475538,27.231978190903178,32819860
2015-03-17,27.22654151916504,27.372846041998983,27.08616805637258,27.26954312247505,36110871
2015-03-18,27.654582977294922,27.668422748210883,27.036741193247067,27.308590595075,42690887
2015-03-19,27.57994842529297,27.718837711040102,27.488753410200033,27.64914538920611,23945563
2015-03-20,27.697086334228516,27.76430942214754,27.632338144975954,27.76084947977961,52337299
2015-03-23,27.62047576904297,27.795944015129397,27.473182421435965,27.70054980611186,32876014
2015-03-24,28.182958602905273,28.40043962830882,27.739102798025268,27.80582864172021,51665459
2015-03-25,27.61924171447754,28.28527500114791,27.617018275926863,28.19828296785264,43045859
2015-03-26,27.440563201904297,27.624925206483233,27.217149221603872,27.560175121151172,31452115
2015-03-27,27.102970123291016,27.44599598637111,27.092590296424955,27.33330207373875,37949906
2015-03-30,27.285358428955078,27.356533034617243,27.094568134574025,27.265092242261154,25750504
2015-03-31,27.086170196533203,27.41782746191503,27.022902399960053,27.18502435616704,31760961
2015-04-01,26.817285537719727,27.241370546942278,26.666036876387615,27.115825668887165,39261497
2015-04-02,26.469810485839844,26.732764250122546,26.386624384984138,26.732764250122546,34327989
2015-04-06,26.530851364135742,26.612160015736087,26.175222201679784,26.306204663383507,26488525
2015-04-07,26.543458938598633,26.823712445729964,26.493043974133805,26.59585344432709,26057345
2015-04-08,26.77033042907715,26.881048608544734,26.610681469476006,26.610681469476006,23570536
2015-04-09,26.72930145263672,26.78713164935323,26.467831899404512,26.741657039505075,31157308
2015-04-10,26.691242218017578,26.80393613675397,26.557788644424623,26.80393613675397,28189181
2015-04-13,26.649723052978516,26.891423669732678,26.557788788599606,26.61215904342211,32906096
2015-04-14,26.21575164794922,26.570639650146763,26.10216910984658,26.50539610083597,52082601
2015-04-15,26.3215274810791,26.43026799781558,25.861360771287718,26.132221347289818,46376979
2015-04-16,26.384300231933594,26.472776451321646,26.177200914831513,26.191534153124973,25997180
2015-04-17,25.90238380432129,26.188566433422604,25.75212398028536,26.13024276716873,43037837
2015-04-20,26.46239471435547,26.497487606688413,25.924625114008293,25.978995369103302,33585958
2015-04-21,26.392704010009766,26.660600001456544,26.378121202235008,26.56767501515787,36895018
2015-04-22,26.659360885620117,26.744129474046034,26.282972093170525,26.413954545918838,31871263
2015-04-23,27.036741256713867,27.23247380964257,26.702119417736938,26.74017878784517,83697161
2015-04-24,27.92939567565918,28.229913410276247,27.543368207712597,27.98079945282244,98650102
2015-04-27,27.52581214904785,28.050190094408894,27.418260870976315,27.92330851367403,47960000
2015-04-28,27.44205093383789,27.55802896697339,27.277798192997256,27.489631762338558,29820000
2015-04-29,27.214061737060547,27.44205116060797,27.106260889844425,27.282954300170868,33976000
2015-04-30,26.632192611694336,27.18977656303881,26.518693255333254,27.15408999524358,41644000
2015-05-01,26.659950256347656,26.741232448588725,26.372483818323396,26.6862174633632,35364000
2015-05-04,26.802684783935547,26.965748270724326,26.51918505536807,26.69116876489958,26160000
2015-05-05,26.30805206298828,26.7511440725973,26.287780200834003,26.675312712097043,27662000
2015-05-06,25.981924057006836,26.386357304871286,25.826544277867125,26.329856254521925,31340000
2015-05-07,26.3030948638916,26.439889284671636,25.859505602931417,25.970526284988633,30926000
2015-05-08,26.675806045532227,26.82102721154955,26.020583663155605,26.59799325915812,30552000
2015-05-11,26.550907135009766,26.862163944882838,26.536038835442614,26.683241429465998,18106000
2015-05-12,26.2208194732666,26.4274480159327,26.033472076546158,26.347701060172568,32684000
2015-05-13,26.249568939208984,26.482614065922725,26.201740425737643,26.29615716707977,25046000
2015-05-14,26.684728622436523,26.714467113497193,26.3878466324619,26.455251231915394,28078000
2015-05-15,26.45921516418457,26.728045140478205,26.287231438783696,26.72338650739932,39426000
2015-05-18,26.382396697998047,26.50729497041027,26.21140366504374,26.368023754206376,40068000
2015-05-19,26.633182525634766,26.796741387297157,26.41907068802646,26.465658910043185,39338000
2015-05-20,26.727848052978516,26.908753902328787,26.415700713158163,26.689189337201785,28616000
2015-05-21,26.8884334564209,26.95435198502105,26.564786999350105,26.662425452066834,29254000
2015-05-22,26.769479751586914,26.971695422939373,26.73974126312736,26.771461183076877,23524000
2015-05-26,26.38338279724121,26.714465257879628,26.262449300414506,26.670849185489413,48130000
2015-05-27,26.75362205505371,26.791290055348746,26.353153527297245,26.40717590206159,30500000
2015-05-28,26.753128051757812,26.794265450338276,26.578170268301594,26.665400535711598,20596000
2015-05-29,26.37297821044922,26.696129317068728,26.340267569699712,26.633680183263966,51948000
2015-06-01,26.46615219116211,26.604929911867988,26.256502372519417,26.604929911867988,38086000
2015-06-02,26.723390579223633,26.912721313382917,26.33432092137305,26.413621683142615,38780000
2015-06-03,26.779390335083008,26.93749646553922,26.62078884676088,26.7595665670519,34340000
2015-06-04,26.6004695892334,26.79326968984222,26.482510126262596,26.65300777735702,26966000
2015-06-05,26.43344497680664,26.625254374331313,26.393298296204975,26.58312437132449,27764000
2015-06-08,26.111286163330078,26.472600638374985,26.082044918184558,26.432455846045045,30412000
2015-06-09,26.10434341430664,26.228746308170184,25.921951506222477,26.147464129227245,29106000
2015-06-10,26.5999755859375,26.682745735527398,26.23618434848853,26.23667970641243,36300000
2015-06-11,26.496883392333984,26.713473909483078,26.418077999863065,26.685966420337916,24350000
2015-06-12,26.383880615234375,26.423034686179076,26.276327450921258,26.347698691642275,19116000
2015-06-15,26.12962532043457,26.1841449461355,25.971023804220515,26.16927475414848,32654000
2015-06-16,26.176706314086914,26.250556236722428,26.048338661825312,26.189097824403177,21436000
2015-06-17,26.231719970703125,26.316968792872903,26.025537652282704,26.23717268873053,25884000
2015-06-18,26.601957321166992,26.67233595574398,26.307552133532102,26.31796032135035,36662000
2015-06-19,26.5999755859375,26.677294907685383,26.417583663949564,26.62574932341316,37870000
2015-06-22,26.674320220947266,26.949395116352704,26.64160769197411,26.74370814218845,25006000
2015-06-23,26.787818908691406,26.838322726295758,26.528604926309924,26.746186156982517,23950000
2015-06-24,26.6569766998291,26.764032633733386,26.548930049972537,26.764032633733386,25732000
2015-06-25,26.52761459350586,26.808637582306257,26.52761459350586,26.70802509038631,26714000
2015-06-26,26.35215950012207,26.653008128331848,26.335307877950193,26.62822699831874,42182000
2015-06-29,25.848106384277344,26.199508014329083,25.799534836467007,26.02108083994383,38756000
2015-06-30,25.798044204711914,26.08253656029521,25.79754884682127,26.071137656773523,44344000
2015-07-01,25.863964080810547,26.05478275671784,25.685043448296277,26.00720192722016,39220000
2015-07-02,25.941282272338867,26.00323604143686,25.82629684829002,25.82629684829002,24718000
2015-07-06,25.91451644897461,26.032973153376833,25.723204324282293,25.747985452474076,25610000
2015-07-07,26.021575927734375,26.079069589938754,25.53387713224761,25.927902229358374,31944000
2015-07-08,25.61565399169922,25.908274395565368,25.579969314419582,25.824810366821612,25934000
2015-07-09,25.80647087097168,25.959619648521265,25.790114607242618,25.927404369631024,36846000
2015-07-10,26.274843215942383,26.39528136591524,26.04784450066255,26.084521784713402,39134000
2015-07-13,27.088666915893555,27.116422085003915,26.387351647255027,26.411140171624684,44130000
2015-07-14,27.809810638427734,28.04518506792274,27.096599193786673,27.099075983481097,64882000
2015-07-15,27.766193389892578,28.07759768715586,27.596192980746363,27.76173327795157,35692000
2015-07-16,28.739112854003906,28.780250244778465,28.00310182218649,28.009049897900102,95366000
2015-07-17,33.352439880371094,33.42866827668335,31.968145211212228,32.16639803080918,223298000
2015-07-20,32.86126708984375,33.151705595631874,32.36514164360223,32.673919733197664,117218000
2015-07-21,32.825592041015625,33.35591623980844,32.42908634152104,32.47419038683539,67544000
2015-07-22,32.815677642822266,33.63544972467911,32.66203347889628,32.75570529492243,78586000
2015-07-23,31.932462692260742,32.89150590333508,31.769894537312837,32.77453714782234,60582000
2015-07-24,30.9055118560791,32.125258769441395,30.853966277234612,32.06726786622758,72514000
2015-07-27,31.088897705078125,31.437820620389214,30.753850482810446,30.77863161221772,53508000
2015-07-28,31.125574111938477,31.364964329642717,30.893124577000965,31.364964329642717,34546000
2015-07-29,31.320356369018555,31.39123036097572,30.860410895417246,31.165224268659035,31502000
2015-07-30,31.35306739807129,31.483418370770725,30.830674682158648,31.224699747638645,29484000
2015-07-31,31.007116317749023,31.36892607814133,31.00166359991153,31.29309473035143,34122000
2015-08-03,31.2846736907959,31.376167438994262,30.993739755739107,30.993739755739107,26090000
2015-08-04,31.18752670288086,31.463096944325482,31.083940183393867,31.14638930982037,29818000
2015-08-05,31.907684326171875,32.10990383349712,31.381326740236368,31.439313877841226,46686000
2015-08-06,31.853160858154297,31.9869339732486,31.33621891795834,31.96814818486099,31452000
2015-08-07,31.48738670349121,31.8531612849872,31.210330353286732,31.7317343033474,28078000
2015-08-10,31.409570693969727,31.89082791239221,31.286604712042337,31.694558414284945,36184000
2015-08-11,32.750247955322266,33.45007516184441,32.42759226876549,33.16756614958181,100584000
2015-08-12,32.68978500366211,32.95940718809807,32.3294593798468,32.86424552738933,58734000
2015-08-13,32.53564453125,32.93462701454811,32.29828865589225,32.67798999201099,36214000
2015-08-14,32.56884765625,32.70440177724372,32.34779703124858,32.46427041985739,21442000
2015-08-17,32.75471115112305,32.77998953093099,32.277420551853346,32.55299081466315,21034000
2015-08-18,32.5197868347168,32.90984910907342,32.387454405985146,32.805767211118265,29122000
2015-08-19,32.75619888305664,33.058533614765594,32.42363219072016,32.543081522085124,42682000
2015-08-20,32.05885314941406,32.85979414255015,31.864071566142815,32.48658157230873,57106000
2015-08-21,30.356361389160156,31.72281205076471,30.34892723809208,31.709431713249764,85304000
2015-08-24,29.222848892211914,29.704601464186005,28.005582484890127,28.39960755125364,115406000
2015-08-25,28.848651885986328,30.60268598876245,28.801566412247247,30.476797007737595,70760000
2015-08-26,31.15630340576172,31.30945408070845,29.690724634707504,30.250787254422136,84718000
2015-08-27,31.601877212524414,31.89826385327614,30.828198080451003,31.690593549034492,69826000
2015-08-28,31.243534088134766,31.565694458248014,30.955078853871424,31.364469484415878,39574000
2015-08-31,30.6423397064209,31.512171299638684,30.614089176241638,31.10278061899051,43534000
2015-09-01,29.62827491760254,30.3751895514725,29.44538764621511,29.85477826308862,74042000
2015-09-02,30.448543548583984,30.448543548583984,29.72343786558409,30.01486714096661,51512000
2015-09-03,30.047576904296875,30.71469539809857,29.87762566696008,30.580379677024315,35192000
2015-09-04,29.772504806518555,29.909794578342918,29.50238726553468,29.737810845120244,41780000
2015-09-08,30.464406967163086,30.54618640739059,29.94201229072023,30.35685567809522,45590000
2015-09-09,30.368247985839844,31.052218071614465,30.21361125435446,30.789534716570962,34042000
2015-09-10,30.795978546142578,30.93525163173175,30.304315040513963,30.387085184832312,38106000
2015-09-11,31.015052795410156,31.015548153383282,30.601202006334848,30.71668280648986,27470000
2015-09-14,30.88965606689453,31.01950979796881,30.700820710704235,31.011580289835184,34046000
2015-09-15,31.47945213317871,31.655895960804934,30.916415517427204,31.061139425032795,41688000
2015-09-16,31.521085739135742,31.618724181897374,31.339684546487028,31.49580925214298,25730000
2015-09-17,31.864065170288086,32.260567051002155,31.473507584723436,31.610797358253915,45494000
2015-09-18,31.18752670288086,31.720329490426156,31.0770013915687,31.561232636337827,102668000
2015-09-21,31.49432373046875,31.546364672830652,31.023476568905114,31.442778146032325,35770000
2015-09-22,30.86239242553711,31.103268693984013,30.50256409645272,31.076008886143732,51258000
2015-09-23,30.846040725708008,31.1716705036965,30.729071969894317,30.830677066998184,29418000
2015-09-24,31.016538619995117,31.091872730977673,30.352394080726075,30.562541178269054,44802000
2015-09-25,30.331079483032227,31.213302490645543,30.283003294985946,31.213302490645543,43480000
2015-09-28,29.484542846679688,30.461677938380966,29.211451269234626,30.25029245417172,62554000
2015-09-29,29.488508224487305,29.985624454454772,29.253082765850714,29.602998291446877,46190000
2015-09-30,30.155128479003906,30.171980100377755,29.773990293262628,29.900374617548106,48268000
2015-10-01,30.297378540039062,30.337027971894692,29.73037710627432,30.152654616009638,37352000
2015-10-02,31.071556091308594,31.092867828465682,29.892946315115363,30.09466856249839,53696000
2015-10-05,31.793188095092773,31.869514803728755,31.076010089149605,31.323825158615424,36072000
2015-10-06,31.989948272705078,32.17878548704346,31.548342432049324,31.6628324850566,43326000
2015-10-07,31.837303161621094,32.2461474270196,31.33126474729989,32.17829851095292,41854000
2015-10-08,31.67869758605957,31.94088560875111,31.00464026386581,31.787736826614154,43642000
2015-10-09,31.89925193786621,32.017211398648726,31.488275050700075,31.720329424455528,32974000
2015-10-12,32.0509147644043,32.141614416179955,31.671262644920933,31.823916065340484,25504000
2015-10-13,32.3299560546875,32.6031440390908,31.8764540177931,31.8764540177931,36154000
2015-10-14,32.27345275878906,32.68135920127251,32.15896457954985,32.375057850976454,28310000
2015-10-15,32.79783248901367,32.866725052045446,32.4370115187598,32.446926239670354,37714000
2015-10-16,32.82062530517578,32.957915052448925,32.57281025911599,32.915291590547284,32222000
2015-10-19,33.0139274597168,33.04961213784447,32.69077636211026,32.7700752266875,29546000
2015-10-20,32.229835510253906,32.94552552736628,31.928245760825416,32.91182228581185,49964000
2015-10-21,31.84969139099121,32.50689521677086,31.806073424866916,32.42164827890297,35822000
2015-10-22,32.304683685302734,32.60255642961929,31.919083420888885,32.05240656328502,81420000
2015-10-23,34.79323196411133,36.180997774868516,34.76845272760065,36.057090248242254,133078000
2015-10-26,35.3275260925293,35.64324301521567,34.75655994277987,34.77093288450111,54332000
2015-10-27,35.114898681640625,35.36915718095505,34.919621801486024,35.05988370682615,44916000
2015-10-28,35.33594512939453,35.3374312028396,34.84675848959426,35.057402783057206,43578000
2015-10-29,35.53271484375,35.59912682879097,35.190233496762254,35.21452115718007,29120000
2015-10-30,35.229888916015625,35.58624788720972,35.19221902636,35.473737357515546,38176000
2015-11-02,35.740386962890625,35.76566534166486,34.98405484487909,35.24228000690058,37726000
2015-11-03,35.79243087768555,35.915839283766346,35.423680389139555,35.62887201028088,31308000
2015-11-04,36.08732986450195,36.334649612416605,35.77954619534037,35.78449977487968,34134000
2015-11-05,36.242958068847656,36.65086075197428,36.15473519822296,36.15473519822296,37232000
2015-11-06,36.36735916137695,36.449138593369184,36.032807283350394,36.255347771240835,30232000
2015-11-09,35.927738189697266,36.414448184459076,35.65712526967264,36.19091695893912,41396000
2015-11-10,36.097740173339844,36.210246931330886,35.61103018304303,35.90345397613016,32160000
2015-11-11,36.44864273071289,36.72619441264312,36.192402782833874,36.30292809769952,27328000
2015-11-12,36.24197006225586,36.567597975714726,36.11385007057258,36.230569266112624,36744000
2015-11-13,35.53668212890625,36.23799928214832,35.523299902389816,36.13986547526657,41510000
2015-11-16,36.129459381103516,36.155724695007635,35.255663133340214,35.467294406486175,38118000
2015-11-17,35.948062896728516,36.27245433040271,35.83540487181268,36.1458204030907,30218000
2015-11-18,36.676639556884766,36.74652284938202,36.03231870077434,36.06106837194238,33686000
2015-11-19,36.59782791137695,36.77575593014827,36.54925258666203,36.61418228467542,26542000
2015-11-20,37.499385833740234,37.564807119720655,36.825328403747854,37.000284305703936,44246000
2015-11-23,37.46864700317383,37.802106046821564,37.2624646840273,37.54150620658716,28290000
2015-11-24,37.08702087402344,37.43391137016452,36.559173460904134,37.27139235783964,46662000
2015-11-25,37.0805778503418,37.27139277137137,36.97699131103134,37.08008249235648,22442000
2015-11-27,37.185150146484375,37.34127486228603,37.04786037568873,37.09593656336317,16770000
2015-11-30,36.80549621582031,37.41660526005682,36.73957580218402,37.113279848466796,41952000
2015-12-01,38.016815185546875,38.111477698076285,37.00870140018088,37.02902241729094,42692000
2015-12-02,37.785850524902344,38.45866754000911,37.61634737467936,38.1090015915803,44608000
2015-12-03,37.29814529418945,38.113704689079874,36.95566774934167,37.96575907858888,51812000
2015-12-04,38.00541687011719,38.08868237550326,37.17226267698711,37.32590681935073,55146000
2015-12-07,37.828975677490234,38.10058309976564,37.42454425461831,38.05300226507038,36246000
2015-12-08,37.78535842895508,37.90579847053418,37.38042789953561,37.563317072591865,36590000
2015-12-09,37.25205993652344,37.87754193030857,36.52799415764429,37.62675470331284,54000000
2015-12-10,37.14550018310547,37.46220784756317,36.866462410037265,37.313521057829526,39768000
2015-12-11,36.62062454223633,36.95963461905122,36.515551951196926,36.73412199860253,44488000
2015-12-14,37.061737060546875,37.109317889147135,35.89204956861974,36.76535043362824,48250000
2015-12-15,36.84514236450195,37.57272855110206,36.825815844603646,37.320950620969214,53324000
2015-12-16,37.57322311401367,37.69713064495258,36.64862442237772,37.17225928167209,39866000
2015-12-17,37.144012451171875,37.80072091790262,37.12270071674166,37.78783404938982,31068000
2015-12-18,36.64243698120117,37.37696207263929,36.584945207806065,36.99929133787327,62974000
2015-12-21,37.061737060546875,37.17226237558757,36.67663221057973,36.98045298746484,30514000
2015-12-22,37.17226028442383,37.4126412034384,36.950714308898505,37.2540397108125,27308000
2015-12-23,37.187625885009766,37.38092134608272,36.87488488568468,37.344245954303965,31318000
2015-12-24,37.09296417236328,37.23917796236743,37.00474507802453,37.14996437073715,10544000
2015-12-28,37.792293548583984,37.81608585237255,37.14847199301345,37.31698442563168,30306000
2015-12-29,38.49064254760742,38.658164282062074,37.98658370772345,37.99947057673662,35300000
2015-12-30,38.21308517456055,38.54020290030438,38.00987877210357,38.49064063980449,25866000
2015-12-31,37.61238479614258,38.138742313104174,37.585620341875604,38.138742313104174,30018000
2016-01-04,36.767826080322266,36.87785603403571,36.24335173225523,36.82532162799609,65456000
2016-01-05,36.80450439453125,37.27138486873444,36.609223730321816,36.99630999086298,39014000
2016-01-06,36.85605239868164,37.03249814002496,36.12747540543091,36.181004313631504,38940000
2016-01-07,36.002079010009766,36.6022864052153,35.638781257239195,36.19636518488541,59274000
2016-01-08,35.411285400390625,36.34108725721312,35.33842997918611,36.25286439780986,49018000
2016-01-11,35.48860549926758,35.62862162734855,34.8695631445088,35.5173551649746,41812000
2016-01-12,35.98622131347656,36.11904908138234,35.552393655085744,35.768638183887745,40490000
2016-01-13,34.72187042236328,36.41593414404551,34.62522268113223,36.223134019543465,50034000
2016-01-14,35.42367935180664,35.780779465293946,34.15387661866478,34.9607617136645,44516000
2016-01-15,34.419044494628906,35.02817604217277,33.96901362412435,34.31198666056267,72162000
2016-01-19,34.78282928466797,35.18875050510696,34.36749248276595,34.85766992254598,45362000
2016-01-20,34.61729049682617,35.033618032609944,33.36879568468027,34.12958982536648,68900000
2016-01-21,35.02072525024414,35.64522022982427,34.419527214486294,34.80215522154501,48244000
2016-01-22,35.945579528808594,36.08832201880023,35.691370162344114,35.86380009541833,40236000
2016-01-25,35.27250671386719,36.16513775104034,35.1902319369798,35.86280309200669,34234000
2016-01-26,35.340415954589844,35.60012720608414,35.015283422962426,35.38056263577436,26634000
2016-01-27,34.6936149597168,35.59789267790252,34.416063287210484,35.37163512579877,43884000
2016-01-28,36.22858810424805,36.363896459615916,35.3062202037616,35.795407005238,53528000
2016-01-29,36.822845458984375,36.923955201373595,36.022403730471986,36.25683660750197,69486000
2016-02-01,37.271385192871094,37.56182751163079,36.83870331543385,37.195058483707264,102784000
2016-02-02,37.89836502075195,39.14834607669651,37.89836502075195,38.88219136352837,126962000
2016-02-03,36.02983856201172,38.386558888343274,35.71015873505965,38.174432240535026,123420000
2016-02-04,35.09111022949219,36.03230909769311,34.78629497561751,35.82464070757348,103374000
2016-02-05,33.879791259765625,34.89186793462399,33.71028432679044,34.885919858563355,102114000
2016-02-08,33.838661193847656,33.90259640796725,32.863259698570296,33.10066852772127,84948000
2016-02-09,33.60917663574219,34.68915522089765,33.14625898564619,33.32220936324984,72178000
2016-02-10,33.90705108642578,34.75903641004436,33.80841814552043,34.042850994673515,52760000
2016-02-11,33.85699462890625,34.166268159839646,33.151120873677556,33.45504000096497,60480000
2016-02-12,33.821800231933594,34.38434150854735,33.63346213703149,34.2113670709542,42828000
2016-02-16,34.248043060302734,34.594986438692096,33.95314251214708,34.34617686326903,50400000
2016-02-17,35.110443115234375,35.177354253992014,34.26688253435795,34.59944923357215,49852000
2016-02-18,34.562767028808594,35.30621221543583,34.49734197683195,35.18973883368894,37664000
2016-02-19,34.73921585083008,34.84681439553333,34.39921125601237,34.44778280079231,31786000
2016-02-22,35.0142936706543,35.350327867538844,34.818517620089395,35.063360577444,38996000
2016-02-23,34.488426208496094,35.110440733693224,34.375919456508555,34.76597790398513,40186000
2016-02-24,34.67230224609375,34.69410933669441,33.741509672376864,34.144950301883725,39272000
2016-02-25,34.97909927368164,34.990500068880266,34.227478689392726,34.69460878387444,32844000
2016-02-26,34.945396423339844,35.35974249752264,34.73673353123249,35.11936157527872,44870000
2016-02-29,34.58358383178711,35.233848808530794,34.57912182957413,34.7099681537909,49622000
2016-03-01,35.62639236450195,35.62639236450195,34.68271280727269,34.87353149086692,43028000
2016-03-02,35.62837219238281,35.6853685973345,35.288862989265475,35.63580634166531,32580000
2016-03-03,35.30968475341797,35.6581142325892,34.992481731085995,35.61994898326992,39160000
2016-03-04,35.23385238647461,35.51140785909642,34.992480730388245,35.43706257569132,39442000
2016-03-07,34.4542236328125,35.095122187227005,34.044834929158064,35.03609519176175,59702000
2016-03-08,34.3952522277832,34.88195844567212,33.9675200773798,34.12860216899403,41526000
2016-03-09,34.953826904296875,34.97563399885868,34.39673826092621,34.61828427502052,28430000
2016-03-10,35.32950973510742,35.508927620260785,34.86064400311226,35.096562942893044,56670000
2016-03-11,36.02339172363281,36.02834908412697,35.54287942200406,35.68537234000677,39416000
2016-03-14,36.20529556274414,36.45360604330633,35.94062692452419,36.022901726724264,34366000
2016-03-15,36.09823226928711,36.294499880589406,35.921786537193476,36.028348990070135,34420000
2016-03-16,36.48283767700195,36.551234874817354,35.90889564478075,36.00108514515334,32488000
2016-03-17,36.56660842895508,36.82879649776404,36.47838554891438,36.50068800258032,37216000
2016-03-18,36.55768585205078,36.77576057613157,36.271705492641274,36.76882178334684,59614000
2016-03-21,36.78022003173828,36.80054105072603,36.35526721542598,36.50316369749686,36730000
2016-03-22,36.713809967041016,36.9244543399129,36.55075021320874,36.55075021320874,25394000
2016-03-23,36.58047866821289,36.9601307877063,36.48581237194575,36.79359978360784,28642000
2016-03-24,36.44368362426758,36.56496311565799,36.23056251260809,36.28062012826693,31898000
2016-03-28,36.35595703125,36.62657369629743,36.304908698548154,36.517534457646285,26026000
2016-03-29,36.913047790527344,37.035964620267166,36.1195448971051,36.40849738417114,38076000
2016-03-30,37.19852828979492,37.562816732439295,37.10981007433143,37.17721655753202,35648000
2016-03-31,36.92197036743164,37.21439034865636,36.723222187982365,37.13509148885365,34376000
2016-04-01,37.16779708862305,37.189108820824735,36.527938420635735,36.607241055081055,31534000
2016-04-04,36.938819885253906,37.311037863391654,36.797068116610134,37.175234170936335,22684000
2016-04-05,36.56759262084961,36.815407700992374,36.44715636745381,36.57750734161582,22646000
2016-04-06,36.95865249633789,36.98591231153628,36.456578807507,36.46698888813416,21074000
2016-04-07,36.69050598144531,37.02356796567387,36.49225317977503,36.942783040253126,29064000
2016-04-08,36.63450241088867,36.94674803915525,36.45607525720551,36.87339725868762,25816000
2016-04-11,36.483333587646484,36.92444409377491,36.48085679832495,36.8263102976338,24402000
2016-04-12,36.82978439331055,36.86646356997937,36.23106300796437,36.57751106635587,27060000
2016-04-13,37.25750732421875,37.3893481476687,36.88781909082784,37.13062764229253,34142000
2016-04-14,37.33086395263672,37.534569493661024,37.30633050142613,37.37101063135171,22706000
2016-04-15,37.61833572387695,37.717460258678976,37.30579130869704,37.369529889555466,36186000
2016-04-18,37.99549865722656,38.066867996364685,37.534067179196114,37.69068343904684,31176000
2016-04-19,37.36705017089844,38.158571737513725,37.139060710564905,38.13924143181945,40610000
2016-04-20,37.304588317871094,37.575303257935644,37.17275129159231,37.568761509607455,30584000
2016-04-21,37.62526321411133,37.6901891220716,37.14995414138039,37.438906573342194,61210000
2016-04-22,35.624412536621094,36.48433126499302,35.36866791960347,35.99762127297448,119038000
2016-04-25,35.84149932861328,35.88015615511827,35.46680074745256,35.492079128083084,39184000
2016-04-26,35.09755325317383,35.9711489960616,34.84408506009895,35.954000538547994,54892000
2016-04-27,34.983558654785156,35.1391880056397,34.31569898769138,35.055423363412864,61972000
2016-04-28,34.24904251098633,35.396427826029104,34.17618706770767,35.103508634762285,57346000
2016-04-29,34.34767150878906,34.57615631679775,34.148923304285276,34.23317953512153,49754000
2016-05-02,34.60539627075195,34.72583631689697,34.24804655862855,34.57665038425563,32906000
2016-05-03,34.315452575683594,34.587056201128505,34.29760834567991,34.538980011201225,30876000
2016-05-04,34.480987548828125,34.68171714387604,34.14941163139599,34.22276619047848,33870000
2016-05-05,34.764984130859375,34.80909745231482,34.4819797416627,34.58011354231517,33670000
2016-05-06,35.24525451660156,35.28192991109127,34.60029091357624,34.61382061369833,36586000
2016-05-09,35.33347702026367,35.62143879854122,35.189743810093255,35.28886833645161,30206000
2016-05-10,35.842987060546875,35.85884607823854,35.47324582309067,35.524297944658436,31392000
2016-05-11,35.45193099975586,35.90741450231404,35.328518812026076,35.85438473485004,33842000
2016-05-12,35.35379409790039,35.648199277888175,35.14017762888836,35.539655400118036,27214000
2016-05-13,35.23088073730469,35.51993154291782,35.15306794733717,35.285400360482434,26290000
2016-05-16,35.51140594482422,35.6100351052191,34.974143039206574,35.1466221211025,26342000
2016-05-17,35.00289535522461,35.760713667461346,34.897822741509046,35.486629446064825,40024000
2016-05-18,35.0227165222168,35.26904553925618,34.72533916951538,34.876007386882314,35336000
2016-05-19,34.7099723815918,34.99149072330061,34.53551185517211,34.81108212032505,33404000
2016-05-20,35.17686080932617,35.416746424614246,34.719891171779345,34.7744108016793,36568000
2016-05-23,34.904258728027344,35.26299236833942,34.901282799379146,35.017756184667206,26614000
2016-05-24,35.6898307800293,35.73344496022163,35.03410931540533,35.03410931540533,38590000
2016-05-25,35.94656753540039,36.05758820324032,35.670747727717135,35.72303634470932,32584000
2016-05-26,35.88957595825195,36.09823509641996,35.699252626991694,35.827622182137986,31526000
2016-05-27,36.312835693359375,36.37607890116353,35.883621341704135,35.88411669956496,39500000
2016-05-31,36.46450424194336,36.66325243541222,36.2434535970841,36.26724590365385,42590000
2016-06-01,36.38669204711914,36.53835476923448,36.21371758914458,36.40552699323604,25072000
2016-06-02,36.200828552246094,36.33068417277864,35.89205040771197,36.30491043556802,26836000
2016-06-03,35.80134963989258,36.15572339010867,35.71312677542662,36.14482173487506,24526000
2016-06-06,35.514381408691406,35.92872753025222,35.41822902879938,35.92872753025222,31306000
2016-06-07,35.51933288574219,35.783502317035406,35.51437552577847,35.67743901450118,26724000
2016-06-08,36.09575653076172,36.110129473353474,35.714119171115456,35.88164468430738,31674000
2016-06-09,36.11062240600586,36.15820323328432,35.801148507402694,35.8276180131604,19778000
2016-06-10,35.65613555908203,35.977301469756476,35.508435692468616,35.65910770693554,24328000
2016-06-13,35.604095458984375,35.95500178197408,35.51240506878777,35.51240506878777,25178000
2016-06-14,35.599632263183594,35.80779604061354,35.34437923016172,35.51091403346404,26122000
2016-06-15,35.6318473815918,35.833072376191346,35.552053153722966,35.63581402669816,24290000
2016-06-16,35.207584381103516,35.519334652020866,34.855683651976946,35.43309322233755,39650000
2016-06-17,34.283729553222656,35.131260493421266,34.12175885581634,35.12283184597955,68048000
2016-06-20,34.382362365722656,34.81702948982449,34.36749406531406,34.63314960369292,41650000
2016-06-21,34.49288558959961,34.83140031705296,34.29810027827305,34.61480791436088,29312000
2016-06-22,34.5682258605957,34.736738317650044,34.35123638847457,34.64752472822173,23686000
2016-06-23,34.78679275512695,34.790759399756325,34.04979093926148,34.567727337287735,43428000
2016-06-24,33.4659423828125,34.16874561075396,33.378214873460074,33.463461811858394,88980000
2016-06-27,33.120975494384766,33.321213504692274,32.874351570407995,33.256779171202076,52580000
2016-06-28,33.704830169677734,33.71920311064483,33.35590916078588,33.651800408003815,43476000
2016-06-29,33.90655517578125,34.071051806869896,33.77273291992572,33.85154019978685,38652000
2016-06-30,34.30256271362305,34.31346815012243,33.88375462592348,33.97395892123997,31954000
2016-07-01,34.65495681762695,34.7263299537394,34.30405055759522,34.30752184442707,26894000
2016-07-05,34.443817138671875,34.54244629395022,34.14296853141426,34.498832113181884,29252000
2016-07-06,34.58358383178711,34.77737463806938,34.15337497265737,34.19748829284096,28238000
2016-07-07,34.464141845703125,34.60489912320933,34.11001386924348,34.59895104676625,26084000
2016-07-08,34.9731559753418,34.977118838926785,34.5174228817103,34.66933139201521,31504000
2016-07-11,35.442020416259766,35.51239905587499,35.05294890394035,35.09309558440428,22236000
2016-07-12,35.71709442138672,35.831087244101354,35.48266156031596,35.64175842301401,26738000
2016-07-13,35.53569030761719,35.883624404862736,35.52924687351867,35.86478946047031,18718000
2016-07-14,35.732460021972656,35.794909155173436,35.58773609372601,35.76368269789387,19004000
2016-07-15,35.67793655395508,35.96986116872306,35.638534804160614,35.969365810832166,25586000
2016-07-18,36.368350982666016,36.48482437892032,35.744355028621165,35.81969102867228,25910000
2016-07-19,36.525962829589844,36.52744890341782,36.131442369807466,36.1755519148542,24550000
2016-07-20,36.73561477661133,36.78220110923474,36.53289994661063,36.5443007414856,25794000
2016-07-21,36.60873031616211,36.76039302545407,36.4700036328123,36.69447639165589,20526000
2016-07-22,36.812442779541016,36.837222023604426,36.506141374555796,36.76882480605232,25196000
2016-07-25,36.665225982666016,36.80598701597886,36.55271925266852,36.70983465721247,20648000
2016-07-26,36.598323822021484,36.760392827838515,36.392636851153135,36.62905113749674,23734000
2016-07-27,36.76435852050781,36.897681639013214,36.52794045892762,36.591384082567174,30250000
2016-07-28,36.96955490112305,37.1053548266164,36.64194178763159,37.02556060091092,70604000
2016-07-29,38.103553771972656,38.587291609081284,38.003438526752426,38.29784374835355,76830000
2016-08-01,38.30626678466797,38.68046621352397,37.72191837230696,37.72191837230696,54010000
2016-08-02,38.216552734375,38.452967000532574,38.05696053170421,38.09859328022703,35690000
2016-08-03,38.321136474609375,38.322622548446745,38.00591487860215,38.02375910872568,25748000
2016-08-04,38.24332046508789,38.36524279258813,38.10379969723824,38.27355242267138,22806000
2016-08-05,38.76918411254883,38.80982615043671,38.2795020075578,38.350871362144325,36024000
2016-08-08,38.74637985229492,38.78949867262128,38.564530585583135,38.758272221840336,22158000
2016-08-09,38.87029266357422,39.10224494958363,38.68740349865791,38.7136725932424,26378000
2016-08-10,38.891109466552734,38.99677573791071,38.796840208574125,38.84501471104695,15728000
2016-08-11,38.899539947509766,39.14239770794384,38.806359707219904,38.906974098650494,19502000
2016-08-12,38.81874465942383,38.827419094741636,38.67897810396746,38.733497724025085,14810000
2016-08-15,38.78009033203125,39.03038221741594,38.664607650403106,38.8450162535622,18764000
2016-08-16,38.51741027832031,38.70773363807046,38.33422612430823,38.67403038555808,20560000
2016-08-17,38.654685974121094,38.69929464963021,38.33847372687397,38.52632022795614,18484000
2016-08-18,38.53524398803711,38.80090329002842,38.51046096810613,38.65964688286612,14388000
2016-08-19,38.43215560913086,38.51542111697214,38.318658142379896,38.41133923217054,17230000
2016-08-22,38.27008056640625,38.38853916817266,38.16599868771947,38.325594683063855,19028000
2016-08-23,38.2666130065918,38.48270627136332,38.25199049526361,38.435125443837464,18564000
2016-08-24,38.14567184448242,38.38654809304595,38.01829682002657,38.192261949167616,21440000
2016-08-25,38.134281158447266,38.25719798290104,37.825748811875656,38.01483183931633,18538000
2016-08-26,38.140724182128906,38.464865971202364,37.95783502112604,38.113959730208585,23334000
2016-08-29,38.27008056640625,38.41084161760026,37.99575060691603,38.101072771023674,16952000
2016-08-30,38.1184196472168,38.384873050504964,38.00690361349266,38.13031580001243,22600000
2016-08-31,38.01731491088867,38.118420868817275,37.93454475930294,38.015329697786996,24972000
2016-09-01,38.10305404663086,38.214074716775606,37.88101270634136,38.12635099311457,18502000
2016-09-02,38.23588562011719,38.35780794540113,38.08471827223157,38.312707688797786,21454000
2016-09-06,38.66312026977539,38.75827814747495,38.21308571159798,38.33451646568364,28856000
2016-09-07,38.67649459838867,38.79445404161025,38.47080766413517,38.65914573076564,17874000
2016-09-08,38.42719650268555,38.67650143831531,38.34095885120713,38.58926928967216,25406000
2016-09-09,37.65104293823242,38.324355339922306,37.65104293823242,38.16848019700802,37710000
2016-09-12,38.11495590209961,38.17790039636937,37.370519846177075,37.426525547524506,26220000
2016-09-13,37.652530670166016,37.97617712277829,37.459730557076384,37.889935685171935,27900000
2016-09-14,37.79130935668945,38.04854005232207,37.62378761091701,37.64856685339019,21748000
2016-09-15,38.250755310058594,38.35186126334885,37.66591155713623,37.81113083420105,26102000
2016-09-16,38.10801696777344,38.151135799053904,37.898862464942134,38.151135799053904,40986000
2016-09-19,37.950401306152344,38.36177524762953,37.88800133572991,38.28346332256296,23456000
2016-09-20,38.23340606689453,38.32856772430112,38.09066358078464,38.11396052790703,19572000
2016-09-21,38.4718017578125,38.5183918660846,38.07931195355874,38.295356044624235,23356000
2016-09-22,39.016502380371094,39.14734871310558,38.581835272090636,38.659152700216,29724000
2016-09-23,39.001136779785156,39.101747368509876,38.86483773552678,38.985769341420166,28238000
2016-09-26,38.37218475341797,38.794959524744144,38.315683696818034,38.794959524744144,30664000
2016-09-27,38.80834197998047,38.95603805699175,38.37704402437922,38.436123967727085,23064000
2016-09-28,38.73646545410156,38.7488569629485,38.409846910261734,38.552589378208964,22196000
2016-09-29,38.411834716796875,38.94662086649316,38.37327620697589,38.73052380664714,26294000
2016-09-30,38.52483367919922,38.70574140462583,38.36623218412024,38.477256633897646,31706000
2016-10-03,38.290409088134766,38.46412848961775,38.138746352132515,38.37417374675454,25576000
2016-10-04,38.48221969604492,38.595225605218765,38.30676842685445,38.46239403160462,24028000
2016-10-05,38.484195709228516,38.76174738232227,38.443553674045795,38.624952977338076,29224000
2016-10-06,38.50352096557617,38.68293883141532,38.438099693933886,38.609588052424684,21414000
2016-10-07,38.41530990600586,38.64230864467405,38.20069889814137,38.64230864467405,18664000
2016-10-10,38.953556060791016,39.12405370605252,38.454454634765455,38.545653424013764,23498000
2016-10-11,38.81131362915039,39.26778786299042,38.687901437248364,38.98924544549227,27450000
2016-10-12,38.96346664428711,39.06209958221931,38.76125097100845,38.84550718642807,18748000
2016-10-13,38.56944274902344,38.71961938018556,38.312212092812075,38.71961938018556,27306000
2016-10-14,38.5862922668457,38.8549237158054,38.460898656410144,38.74093089953959,17050000
2016-10-17,38.65717315673828,38.94909779410566,38.53524704169737,38.64924364851223,21860000
2016-10-18,39.415489196777344,39.73021544395654,38.93497685000692,39.04822853631391,41138000
2016-10-19,39.72475814819336,39.87840228802149,39.55277442187757,39.56318071920005,35336000
2016-10-20,39.50023651123047,39.847179895079755,39.453646398507914,39.813972008550294,35150000
2016-10-21,39.61918640136719,39.62562983546321,39.35303551589275,39.40259777569119,25324000
2016-10-24,40.3001823425293,40.40277814836706,39.889307542635464,39.89327040584193,33950000
2016-10-25,40.03055953979492,40.47712278964781,39.90516592842475,40.47712278964781,31528000
2016-10-26,39.60430908203125,39.996352631366086,39.468013843965075,39.96463460737044,32954000
2016-10-27,39.41994857788086,39.82338924939333,39.2291298978811,39.69997706107412,54984000
2016-10-28,39.420936584472656,40.418144962393754,39.33271372183856,40.06426279607105,85398000
2016-10-31,38.88417053222656,39.494784239516065,38.85740607953772,39.425891676145326,48546000
2016-11-01,38.838077545166016,39.12950682782281,38.438104373075426,38.802392867075554,48128000
2016-11-02,38.09908676147461,38.74092682693229,37.83888020534493,38.56993383915114,37448000
2016-11-03,37.77345657348633,38.161041954107745,37.61981244832013,38.02721970588882,38864000
2016-11-04,37.768009185791016,38.181364535937035,37.200064364720234,37.20497256718735,42696000
2016-11-07,38.7840461730957,38.9163785632234,38.289902144935425,38.386549863511085,31702000
2016-11-08,39.1800537109375,39.433964292728355,38.66856084939131,38.82765767756592,27338000
2016-11-09,38.922332763671875,39.21559977886774,38.24629398510223,38.65618186800215,52142000
2016-11-10,37.79477310180664,39.212771066880286,37.28031176173138,39.212771066880286,94904000
2016-11-11,37.37150573730469,37.7065529675542,37.19109714461574,37.496403993781655,48636000
2016-11-14,36.48234558105469,37.561333404940186,36.05907548932524,37.44981359410824,73088000
2016-11-15,37.59305191040039,37.8867613358734,37.02208574842265,37.02208574842265,47680000
2016-11-16,37.88993453979492,37.983114766973166,37.19754139565375,37.42998904296732,29452000
2016-11-17,38.224491119384766,38.297346555541935,37.87754768642391,38.01087460932139,26080000
2016-11-18,37.69466018676758,38.41134104257891,37.66789573207738,38.23142779170228,30942000
2016-11-21,38.123870849609375,38.148653870055035,37.69762861117852,37.797252269503424,26612000
2016-11-22,38.07778549194336,38.508486014990666,38.014837215745885,38.293878790426994,31862000
2016-11-23,37.71696090698242,38.07842472032421,37.43247042151026,38.05101743596583,29568000
2016-11-25,37.75115966796875,37.91570925283458,37.693667897394704,37.87903385933303,11748000
2016-11-28,38.07628631591797,38.635855402222454,37.657977407319244,37.667888345718126,43764000
2016-11-29,38.20515823364258,38.58481039285467,38.07629332259798,38.23935683851617,32332000
2016-11-30,37.57075500488281,38.31172357237673,37.41165812191221,38.16699963355622,47858000
2016-12-01,37.069175720214844,37.66046297226429,36.52918637798961,37.541017419004135,60358000
2016-12-02,37.19704818725586,37.37051800175234,36.83027911505376,36.90412904371025,29050000
2016-12-05,37.792789459228516,37.86118666158422,37.315994255655234,37.554393748120845,27884000
2016-12-06,37.62378692626953,38.10553955744927,37.53605940987756,37.90232935353097,33814000
2016-12-07,38.222503662109375,38.23092852774335,37.45972812544589,37.71745414295716,35220000
2016-12-08,38.481719970703125,38.56895212806862,38.026236442355106,38.28644305923454,29762000
2016-12-09,39.119598388671875,39.12653718155968,38.61063509433258,38.659157486886414,36438000
2016-12-12,39.11860275268555,39.216736556704994,38.87500010462216,38.90894913716249,42082000
2016-12-13,39.457115173339844,39.867498375325326,39.320320772678016,39.348075939110394,42904000
2016-12-14,39.50519561767578,39.84866773000165,39.353532901689675,39.52154999203102,34084000
2016-12-15,39.54385757446289,39.7991068265835,39.299509978498605,39.518579193816,32530000
2016-12-16,39.194435119628906,39.69284081116653,39.16915674043578,39.67023963353941,48876000
2016-12-19,39.36294937133789,39.53443775240373,38.96991498779655,39.165691033336955,24642000
2016-12-20,39.47297668457031,39.58350199941512,39.31685575419303,39.489830197460364,19020000
2016-12-21,39.38079071044922,39.48566667569199,39.01104952128615,39.44423055428834,24226000
2016-12-22,39.21722412109375,39.31932454941374,39.08439638339527,39.271743730571835,19444000
2016-12-23,39.15031433105469,39.29058000330762,39.01996337796515,39.199381224976996,12468000
2016-12-27,39.23160171508789,39.54434646998627,39.038654154863906,39.18848289273783,15782000
2016-12-28,38.90945053100586,39.364438727158884,38.817760146873695,39.3381734100943,23076000
2016-12-29,38.79743576049805,38.953065124256575,38.60562636047736,38.82420021458078,14886000
2016-12-30,38.253726959228516,38.79693795222395,38.183843680807655,38.79545187850394,35400000
2017-01-03,38.96346664428711,39.13644107737907,38.45098677877279,38.60016890832735,33146000
2017-01-04,39.001136779785156,39.22119668212002,38.81577083586534,39.073496843897466,21460000
2017-01-05,39.35402297973633,39.376820785460986,38.90795511569442,38.960493299927016,26704000
2017-01-06,39.95521926879883,40.04195604844259,39.264013576871776,39.415479635177235,32804000
2017-01-09,39.98000717163086,40.144356335216045,39.79067457561332,39.96761566140219,25492000
2017-01-10,39.887821197509766,40.10292754884583,39.82438134840164,40.03998305768209,23536000
2017-01-11,40.042457580566406,40.054353733275214,39.71831577943742,39.898229018386054,21318000
2017-01-12,39.965633392333984,40.016681724522456,39.6092744387211,40.00429021455345,27062000
2017-01-13,40.04096984863281,40.20670676905062,39.981988226805825,40.0211441887252,21984000
2017-01-17,39.87889099121094,40.004284584207184,39.66874583463624,40.001312437284746,27242000
2017-01-18,39.951263427734375,39.957952650428474,39.699481690545724,39.93837655891499,25888000
2017-01-19,39.75821304321289,40.120270523815584,39.73962766788221,39.904177249345075,18386000
2017-01-20,39.89921951293945,39.99289509762506,39.73417457511309,39.99289509762506,33400000
2017-01-23,40.607479095458984,40.684796531859575,39.83578324261034,40.009748419851284,39272000
2017-01-24,40.83348083496094,40.934091424006624,40.53367209428833,40.755668052558484,29480000
2017-01-25,41.4183349609375,41.42329232236081,40.89246895146604,41.11847698724782,29890000
2017-01-26,41.24386215209961,41.53380912472004,40.989108278858126,41.524389761815456,59478000
2017-01-27,40.80573272705078,41.72958668077286,40.66348558180926,41.37075088155868,59316000
2017-01-30,39.76539993286133,40.435490605301304,39.64050167763337,40.37700812224482,64932000
2017-01-31,39.49131393432617,39.71236455093537,39.18055438432143,39.49478143946543,43212000
2017-02-01,39.437042236328125,39.70939074199774,39.213760627936765,39.63455011076075,40594000
2017-02-02,39.57755661010742,39.78423431182817,39.25391015146024,39.34312373831458,30642000
2017-02-03,39.72425842285156,39.947785816017294,39.668748092946586,39.79860369507648,29268000
2017-02-06,39.71683120727539,39.73318558184971,39.41499184504508,39.635547129622296,23690000
2017-02-07,39.99586486816406,40.17082451658102,39.73863421603818,39.84816881016587,24824000
2017-02-08,40.06575012207031,40.237238492409205,39.80851945724102,39.99735291709821,23106000
2017-02-09,40.124237060546875,40.178756682275605,39.875431257349,40.121756489604024,19794000
2017-02-10,40.327938079833984,40.406250005563805,40.1351379756724,40.23029963298369,22700000
2017-02-13,40.604007720947266,40.68920550025757,40.41814640770505,40.443421005233354,24266000
2017-02-14,40.663978576660156,40.79036669687534,40.443423290405036,40.592113861943496,21094000
2017-02-15,40.59112548828125,40.79036905058768,40.565847106507924,40.60995665376086,26272000
2017-02-16,40.84785842895508,40.859754582192586,40.59112310662169,40.638204798916746,25752000
2017-02-17,41.041648864746094,41.041648864746094,40.723700917188914,40.79135697938571,32220000
2017-02-21,41.21957778930664,41.30829601085876,41.05552357218795,41.07088722976899,25246000
2017-02-22,41.17497634887695,41.298388551840226,41.06990373547068,41.070894451442626,19658000
2017-02-23,41.203224182128906,41.25922987660692,40.784416086955915,41.143251843028146,29456000
2017-02-24,41.069889068603516,41.08773329380202,40.849829197941894,41.024788819834164,27844000
2017-02-27,41.101619720458984,41.16208741839446,40.83992704937385,40.867186860168474,22030000
2017-02-28,40.8007698059082,41.06493925828434,40.65158388809146,40.91971998502668,45216000
2017-03-01,41.39701461791992,41.44732180530893,41.0014996921727,41.08030697512327,29930000
2017-03-02,41.16853332519531,41.36083430469596,41.119462637731345,41.32812555486447,18850000
2017-03-03,41.09170913696289,41.2047150362035,40.92671712084893,41.165063710808255,17928000
2017-03-06,41.02727508544922,41.08179470789861,40.76062504964231,40.98613768965043,22180000
2017-03-07,41.231971740722656,41.30631702489326,40.96482634445164,41.008440530282655,20752000
2017-03-08,41.40345764160156,41.54124276456532,41.22602119860383,41.311268133454675,19796000
2017-03-09,41.567508697509766,41.73205827488387,41.34596271008511,41.43468093290778,25230000
2017-03-10,41.79401397705078,41.87628876954053,41.60815265705555,41.7955038321956,34080000
2017-03-13,41.90751647949219,42.0633916333422,41.794015227297685,41.83118976122373,24472000
2017-03-14,41.911476135253906,41.99176949228472,41.67258505850065,41.813342330899395,15598000
2017-03-15,41.98978805541992,42.06066204951621,41.6710989795814,42.00911835781656,27630000
2017-03-16,42.06809616088867,42.17069196764626,41.936754470194366,42.080487671236035,19552000
2017-03-17,42.23363494873047,42.297074790564125,41.985324518159395,42.20836035238928,34246000
2017-03-20,42.049259185791016,42.13946725920301,41.8881809031282,42.129057180979366,24630000
2017-03-21,41.16010284423828,42.302035205126636,41.08873348969208,42.19795332084751,49270000
2017-03-22,41.116981506347656,41.41237740903881,40.997535971020675,41.23196882063657,28030000
2017-03-23,40.52173614501953,40.769055891045284,40.2579107695862,40.691239316571405,69742000
2017-03-24,40.365604400634766,40.73732699196281,40.09102488966171,40.645636629469706,39620000
2017-03-27,40.61738967895508,40.722466066875775,39.817443304094574,39.994879766840754,37886000
2017-03-28,40.68727111816406,40.93855369484349,40.345632994409925,40.661992740587394,32410000
2017-03-29,41.20718765258789,41.274344573024464,40.75963366671899,40.88948928635369,35726000
2017-03-30,41.21165084838867,41.31969559744225,41.087743301509185,41.31077537334896,21106000
2017-03-31,41.115501403808594,41.218592580918504,41.00794822365465,41.086260158436076,28038000
2017-04-03,41.56106948852539,41.67506230984372,41.098643424973346,41.098643424973346,33430000
2017-04-04,41.36380386352539,41.39403581897391,41.0895230769765,41.20470701630325,20908000
2017-04-05,41.20718765258789,41.75436529982064,41.172989049635845,41.410397838638644,31106000
2017-04-06,41.032230377197266,41.4540106116705,40.96185174202831,41.2562531507815,25088000
2017-04-07,40.87313461303711,41.062217643719116,40.667099753970426,41.03619433724056,21146000
2017-04-10,40.8761100769043,41.105090235529886,40.82852924400882,40.908822608524645,19578000
2017-04-11,40.807708740234375,41.00977695061392,40.49397702724419,40.87511522846795,21594000
2017-04-12,40.85578918457031,40.97176722878085,40.69223030731549,40.737334350592306,18010000
2017-04-13,40.81812286376953,40.9578894331055,40.71304647643368,40.747740439792196,22448000
2017-04-17,41.49266815185547,41.52141403327852,40.86321578228919,40.8899802322645,17900000
2017-04-18,41.47532272338867,41.5798999612982,41.27162096586096,41.346457822798605,16734000
2017-04-19,41.54421615600586,41.74296433866785,41.449054497617894,41.62252430126361,19084000
2017-04-20,41.7147102355957,41.890656813722984,41.59922756858502,41.70430015759045,19180000
2017-04-21,41.79104232788086,41.825240932171305,41.66267277696844,41.77567866918647,26472000
2017-04-24,42.760986328125,42.795184928696855,42.12162299547449,42.18803876509458,27450000
2017-04-25,43.233821868896484,43.36764035247224,42.76346629131528,42.87201017701542,33440000
2017-04-26,43.205570220947266,43.41968585802452,43.008213564223325,43.329477772440406,24744000
2017-04-27,43.33047103881836,43.38746745210578,43.13866164029091,43.298253866310645,40536000
2017-04-28,44.9021110534668,45.44185076387207,44.892695471810256,45.13505783755085,65526000
2017-05-01,45.22972106933594,45.38386055890628,44.67857682030261,44.70286448169922,42320000
2017-05-02,45.421531677246094,45.63614266505492,45.07523488817848,45.08351228140046,31744000
2017-05-03,45.946895599365234,45.99943000201001,45.22838091437663,45.34321696662734,29990000
2017-05-04,46.175880432128906,46.38751548197845,45.82546954020035,45.8988241058813,28442000
2017-05-05,45.951358795166016,46.3364636499716,45.855701778856435,46.26905716016116,38226000
2017-05-08,46.30672836303711,46.43682977413283,45.85867900829314,45.90130247820743,26596000
2017-05-09,46.2011604309082,46.465329898031115,46.070314092166214,46.438070086569944,31636000
2017-05-10,46.03314208984375,46.19273432260295,45.8537241948086,46.19174360669292,23478000
2017-05-11,46.12334060668945,46.21899761902039,45.74815048847431,45.86164794766367,16700000
2017-05-12,46.203636169433594,46.264103867471995,45.98704753781309,46.16943756640318,21012000
2017-05-15,46.44451141357422,46.50249853935991,46.0608926388133,46.239815157939596,22162000
2017-05-16,46.73793411254883,46.74338305046564,46.46930260765772,46.58924352492579,19390000
2017-05-17,45.57914733886719,46.556182352075325,45.50579654358651,46.37463554146493,47242000
2017-05-18,46.10550308227539,46.25072236260164,45.53602297458624,45.64753900927276,31938000
2017-05-19,46.29235076904297,46.47796250023445,46.143164857974696,46.166461803659224,27860000
2017-05-22,46.68141555786133,46.682557527859615,46.341414788337474,46.341414788337474,22408000
2017-05-23,47.02638244628906,47.157572881104834,46.7168593863408,46.981773765839364,25416000
2017-05-24,47.33070373535156,47.33714717010377,47.060087038475686,47.23256614020834,20496000
2017-05-25,48.05332565307617,48.2064252705238,47.355971416016416,47.448160920891276,33210000
2017-05-26,48.148983001708984,48.322948153107596,47.829794800285086,48.06125549850402,25040000
2017-05-30,48.367557525634766,48.383420323479264,48.050849865690594,48.09149190412508,29334000
2017-05-31,47.82136917114258,48.53557313248777,47.58941311874371,48.3249288128547,48962000
2017-06-01,47.924964904785156,48.15047756680212,47.58099740440435,48.0240894381718,28210000
2017-06-02,48.353675842285156,48.367553425873886,47.877871355803876,48.04935971910973,35020000
2017-06-05,48.754146575927734,48.91423793380342,48.32889882537049,48.40076353605919,25042000
2017-06-06,48.40175247192383,48.98064812486584,48.33087847966367,48.728374828507924,36292000
2017-06-07,48.618343353271484,48.7690153378648,48.37052828570366,48.57175324329371,29078000
2017-06-08,48.74077224731445,48.79826402072081,48.43298479742074,48.68823405343731,29638000
2017-06-09,47.07644271850586,48.79479021068471,46.37264876318791,48.79479021068471,66188000
2017-06-12,46.73297119140625,47.05290057064277,45.36171077207696,46.567430889017366,75270000
2017-06-13,47.253379821777344,47.57950684168715,46.79194824250927,47.17953367735536,40266000
2017-06-14,47.12253189086914,47.63749235950655,46.7007516480157,47.5765293045561,29794000
2017-06-15,46.703739166259766,46.75473835532726,45.818046569053315,46.29038368663314,42662000
2017-06-16,46.57832336425781,46.690338518242,46.17265176618429,46.58922879936197,61894000
2017-06-19,47.45014190673828,47.57999751613828,47.037777272153136,47.082881308404936,30666000
2017-06-20,47.116092681884766,47.66078975558676,47.08536158448684,47.45757957050439,22520000
2017-06-21,47.55323028564453,47.585447452512554,47.122526090738255,47.265268559294704,24044000
2017-06-22,47.4362678527832,47.61618109058411,47.31037887838552,47.51606585310503,18828000
2017-06-23,47.85755157470703,47.8778725927268,47.293028853979536,47.423379827775136,30558000
2017-06-26,47.1973762512207,48.24018413904854,47.12402546141998,48.07117254502167,31968000
2017-06-27,45.961273193359375,47.00011435773135,45.93748088824838,46.71116187917815,51598000
2017-06-28,46.613529205322266,46.7255406085787,45.39972823308199,46.04404904350925,54428000
2017-06-29,45.48843765258789,46.156051502368896,45.13306942536807,46.08963573349618,65984000
2017-06-30,45.039398193359375,45.897830713913386,45.018581818261254,45.897830713913386,41804000
2017-07-03,44.54228591918945,45.29762356545093,44.34849131099383,45.210395194292744,34196000
2017-07-05,45.187095642089844,45.32587148035085,44.532368631421164,44.69394605836648,36278000
2017-07-06,44.938289642333984,45.34738341739918,44.59184540617162,44.81091459900095,28490000
2017-07-07,45.52809143066406,45.67430142030106,45.04534813896028,45.04534813896028,32756000
2017-07-10,46.03412628173828,46.112438203833584,45.577652100203814,45.68570062081952,23856000
2017-07-11,46.09806442260742,46.16447641018356,45.69709680098249,46.07080461400773,22264000
2017-07-12,46.7790641784668,46.90148186650026,46.31515203790036,46.523811160757425,30642000
2017-07-13,46.94411087036133,47.30542343434026,46.73842388730899,46.90098826065954,25894000
2017-07-14,47.38175582885742,47.4273552336898,46.98599504362138,47.18399833039788,21076000
2017-07-17,47.254371643066406,47.617170254321906,47.04724775901405,47.43180430415977,23310000
2017-07-18,47.848140716552734,47.978987061165924,47.11460634518379,47.23356031763825,23080000
2017-07-19,48.12023162841797,48.226794071521695,47.780230845206894,47.969064289148335,24490000
2017-07-20,47.984432220458984,48.368542545918416,47.655333088293354,48.32393764929389,32490000
2017-07-21,48.22085189819336,48.236215556662785,47.5879319397995,47.69201382495111,34220000
2017-07-24,48.58860397338867,48.879046293890184,48.1142893426539,48.18615404992949,64966000
2017-07-25,47.11956024169922,47.56562815221149,46.856876855885915,47.273699742705546,93220000
2017-07-26,46.975826263427734,47.33268058595168,46.7021882876569,47.31682157026201,41766000
2017-07-27,46.29631805419922,47.17309023744918,45.597976820636,47.17309023744918,64260000
2017-07-28,46.66506576538086,46.779062364442815,45.96969672076949,46.06386765993554,36928000
2017-07-31,46.11838912963867,46.767168088592406,45.897334714541444,46.68291186667283,39402000
2017-08-01,46.13473892211914,46.46269608042647,46.05692614218546,46.21156098632036,25554000
2017-08-02,46.112937927246094,46.22247253188592,45.433427848405486,46.02471505774454,36488000
2017-08-03,45.77888488769531,46.20463182773029,45.70900160040959,46.11046087450462,24050000
2017-08-04,45.99250030517578,46.10882623536595,45.74815648444864,45.932531741417826,21646000
2017-08-07,46.061885833740234,46.17786387291178,45.92013783803143,46.0470175330646,20644000
2017-08-08,45.934505462646484,46.38176068441881,45.876019201220934,45.949373761600725,21232000
2017-08-09,45.74170684814453,45.89436026832788,45.46167460427289,45.628205608109276,23842000
2017-08-10,44.96554946899414,45.56129863656655,44.910534491818716,45.476543278919294,36480000
2017-08-11,45.31992721557617,45.48794429529092,44.88327490130388,45.0017297218009,24136000
2017-08-14,45.73030090332031,45.82932709399409,45.508259589880424,45.72336211227532,21290000
2017-08-15,45.708003997802734,45.92261118837936,45.58905381994797,45.807623873683575,17668000
2017-08-16,45.942935943603516,46.22742643408011,45.76872120475541,45.86016579213091,20134000
2017-08-17,45.15092086791992,45.9379803745084,45.15092086791992,45.88445524591465,25544000
2017-08-18,45.13555145263672,45.36378665572154,44.961287571557754,45.11770722447546,26854000
2017-08-21,44.93680191040039,45.25103274639191,44.77522449016071,45.10234219364993,18868000
2017-08-22,45.830421447753906,45.888408567238294,45.17544492736729,45.23715290277424,23334000
2017-08-23,45.944915771484375,46.09013504994346,45.56625434752815,45.69363317822737,21804000
2017-08-24,45.66141128540039,46.13523431960995,45.37493940280447,46.027185802954556,25406000
2017-08-25,45.39426803588867,45.873294240680586,45.37494151547368,45.77094800676313,21068000
2017-08-28,45.29117965698242,45.56055605023377,45.19502728145819,45.39972354322684,21730000
2017-08-29,45.66191101074219,45.76302074557757,44.85453054987556,44.85948791037406,23712000
2017-08-30,46.07229995727539,46.1342045787727,45.58063258780702,45.60045825090093,26024000
2017-08-31,46.556026458740234,46.687368146670835,46.18083633902578,46.18083633902578,31652000
2017-09-01,46.45740509033203,46.71215900124446,46.34886119143278,46.64524786064101,18948000
2017-09-05,46.01678466796875,46.44054635431601,45.69511965261337,46.24626017077665,26528000
2017-09-06,45.98506164550781,46.13895535687137,45.56179532820769,46.10103967934809,30554000
2017-09-07,46.38850784301758,46.41130565177966,45.77739497692764,46.179349575302105,24254000
2017-09-08,45.92013931274414,46.44005340194773,45.83984594888718,46.41527416047864,20230000
2017-09-11,46.048004150390625,46.50894033710075,45.94095012623949,46.30424787002615,25340000
2017-09-12,46.196205139160156,46.26608842369006,45.789342319747604,46.22197887799224,22688000
2017-09-13,46.345882415771484,46.45293644406891,46.086666538769016,46.12631785948276,22052000
2017-09-14,45.85124588012695,46.23089803575689,45.79623089808235,46.15556203415715,27952000
2017-09-15,45.61235046386719,45.91964254323317,45.41756891830365,45.82894288390046,50108000
2017-09-18,45.350154876708984,45.70106108388463,45.13207641917999,45.598465288530264,26138000
2017-09-19,45.68768310546875,45.71791506257082,45.22872834257332,45.47009998556757,18734000
2017-09-20,46.17191696166992,46.28591357199067,45.69710313713863,45.74567468520544,33396000
2017-09-21,46.21503448486328,46.41725016333993,45.78780153954089,46.24229429424186,25812000
2017-09-22,46.02074432373047,46.32803637520705,45.91914301774236,45.982087501700754,21054000
2017-09-25,45.64605712890625,45.915183979465695,45.087482406951835,45.86809850282929,37136000
2017-09-26,45.8388557434082,46.134251682043676,45.654480488067925,45.78235468585381,33338000
2017-09-27,46.811763763427734,47.079899815794505,45.98158565572977,45.98158565572977,44788000
2017-09-28,47.06008529663086,47.119066923124365,46.61649793784598,46.656644618733374,20406000
2017-09-29,47.536380767822266,47.56988359642812,47.15970082746419,47.183984706166996,31620000
2017-10-02,47.24694061279297,47.706386983320456,46.977810002605956,47.57950728885465,25668000
2017-10-03,47.4709587097168,47.48136878792949,47.04223969863051,47.28311597622832,17766000
2017-10-04,47.16813278198242,47.59982775939296,47.11906587799448,47.43180688918642,19048000
2017-10-05,48.07414245605469,48.12122792467321,47.34159889613479,47.356966334655965,24276000
2017-10-06,48.51673889160156,48.54498941640617,47.747024586073344,47.91256487183107,23478000
2017-10-09,48.423065185546875,48.84063677225755,48.37895564404075,48.57175574629303,17828000
2017-10-10,48.204994201660156,48.649572281740504,47.88184310023559,48.57175949004959,19368000
2017-10-11,49.030216217041016,49.102576286008215,48.187642656867574,48.2605018651065,33866000
2017-10-12,48.959835052490234,49.271589130605555,48.819573132185404,48.94100388857472,25248000
2017-10-13,49.05152893066406,49.424737640396145,49.01782568507562,49.16651247064535,23396000
2017-10-16,49.16651153564453,49.2610303632792,48.77000966697402,49.171468896143374,18210000
2017-10-17,49.17543029785156,49.38656618747908,48.99749851035921,49.081754723065714,25804000
2017-10-18,49.20665740966797,49.40044822892653,48.917459145177055,49.155113717941035,21152000
2017-10-19,48.79231262207031,49.01187718373608,48.49195934327737,48.86913469448574,26272000
2017-10-20,48.97816848754883,49.11694431664275,48.798750625454865,49.039626894912956,23664000
2017-10-23,47.999305725097656,49.04359964099293,47.88382304532027,49.04359964099293,29568000
2017-10-24,48.10289001464844,48.186650876494284,47.63005766180701,48.07612556247269,24244000
2017-10-25,48.241172790527344,48.37796720532662,47.606271402091835,47.99533913022962,24226000
2017-10-26,48.20301055908203,48.94844109480928,48.18517010990528,48.57176107260869,40842000
2017-10-27,50.51809310913086,51.9613655334579,49.969429437235796,50.01849633597602,103354000
2017-10-30,50.41103744506836,50.80060428564215,49.93473759708611,50.25689795075826,41702000
2017-10-31,50.387752532958984,50.75253641324434,50.07946971248791,50.31737388717774,26614000
2017-11-01,50.82687759399414,51.03355529286578,50.40311211693818,50.41599898591662,27468000
2017-11-02,50.83083724975586,50.955240147574855,50.20783204485709,50.641508434566965,20980000
2017-11-03,51.17282485961914,51.18124972557102,50.56964151477446,50.658855097540474,21528000
2017-11-06,50.84669494628906,51.29127676102343,50.80209004812788,50.999847505234825,22504000
2017-11-07,51.21495056152344,51.24667237352775,50.80853398834285,50.914597298023274,22246000
2017-11-08,51.538108825683594,51.720105610147506,50.97309067633461,51.07568649507707,21774000
2017-11-09,51.112361907958984,51.24767025910412,50.53772776376287,51.24767025910412,24904000
2017-11-10,50.95425033569336,51.087573459469546,50.815969851452294,50.87445611713515,14400000
2017-11-13,50.839263916015625,51.12821640008872,50.68165690775591,50.723785019056805,17716000
2017-11-14,50.85165786743164,50.89180454898171,50.26433728926857,50.68265005619678,19184000
2017-11-15,50.5993766784668,50.75698366978709,50.3272739556161,50.515116683563,17080000
2017-11-16,51.1738166809082,51.34332362623275,50.679177210992655,50.679177210992655,22594000
2017-11-17,50.50917434692383,51.268977772842796,50.44276235308797,51.2486567539466,27942000
2017-11-20,50.47398376464844,50.68363738271475,50.4303695804125,50.567163990757486,19070000
2017-11-21,51.272438049316406,51.30316914296821,50.68586250599802,50.71832546145522,21940000
2017-11-22,51.345306396484375,51.53096730900263,51.12078446443518,51.297725564650385,14926000
2017-11-24,51.57576370239258,51.70304420167708,51.29771669131447,51.34083551286353,10740000
2017-11-27,52.24983215332031,52.31178593071417,51.468225354778404,51.54554279169077,26158000
2017-11-28,51.91279983520508,52.65451325005542,51.545539199447106,52.29344647906179,28488000
2017-11-29,50.636558532714844,51.74775991107035,50.33868579140826,51.6783719810049,49188000
2017-11-30,50.62416076660156,50.97506701873586,50.30646240147298,50.67174159581961,34480000
2017-12-01,50.06707763671875,50.6776951937487,49.66314157430516,50.34611920819445,38192000
2017-12-04,49.49759292602539,50.360982877391976,49.343453422383455,50.190485218247375,38128000
2017-12-05,49.81827163696289,50.58451478308485,48.98214520405974,49.36179738067996,41346000
2017-12-06,50.47398376464844,50.800606132582104,49.61951783926049,49.63736206809779,25440000
2017-12-07,51.09600067138672,51.26005488780716,50.45866790750982,50.57558749657793,29164000
2017-12-08,51.399330139160156,51.647145235981114,51.1749065247143,51.42113723241221,25816000
2017-12-11,51.60005569458008,51.73387417251591,51.15151100971334,51.32250401805657,23856000
2017-12-12,51.56932067871094,52.05652593064586,51.23279118718279,51.52719257253752,25590000
2017-12-13,51.57576370239258,51.875867372779254,51.465238398958626,51.84885713491861,25654000
2017-12-14,51.99904251098633,52.46245553460276,51.69967993629424,51.79335552570975,31174000
2017-12-15,52.74446487426758,52.91446716710913,52.016383298681994,52.269651094623576,65518000
2017-12-18,53.38630676269531,53.4532178946438,52.63592271311894,52.8381421827059,31092000
2017-12-19,53.066131591796875,53.37143844638195,52.71274855007785,53.29015437224075,26774000
2017-12-20,52.78213882446289,53.19995244580861,52.61213651853888,53.120653581145326,25372000
2017-12-21,52.716712951660156,52.99922200638514,52.625714565854096,52.782138011756416,19914000
2017-12-22,52.542755126953125,52.74497084927778,52.50905187633923,52.59182203820254,15102000
2017-12-26,52.37522506713867,52.54274679629412,52.05107948304172,52.441141702564565,15212000
2017-12-27,52.009944915771484,52.456012855241546,51.944523634707004,52.407441307049346,25438000
2017-12-28,51.948978424072266,52.276587704566154,51.78194828558828,52.12046678344896,16742000
2017-12-29,51.86273956298828,52.02629842307168,51.788394282826914,51.87859857855192,17750000
2018-01-02,52.78460693359375,52.880759296335384,51.80474750285295,51.95888698540908,24752000
2018-01-03,53.650978088378906,53.83981155981523,52.69589773110589,52.75041735526322,28604000
2018-01-04,53.84526062011719,54.20062886887323,53.726408755055296,53.92456326127012,20092000
2018-01-05,54.62984085083008,54.72995986366835,54.12280991551092,54.22193821258216,25582000
2018-01-08,54.863285064697266,55.07789225850775,54.599610969049294,54.62984292652392,20952000
2018-01-09,54.82958221435547,55.043198693895555,54.58033021645551,54.9852115680415,18050000
2018-01-10,54.648685455322266,54.74731463058786,54.32652505026522,54.37559195891247,20856000
2018-01-11,54.79290771484375,54.842715764024604,54.49899787346576,54.8315645389233,19566000
2018-01-12,55.622589111328125,55.72320348549452,54.57631381700976,54.638762944691585,34410000
2018-01-16,55.59780502319336,56.4973711106383,55.4031218225708,56.130605884300856,31506000
2018-01-17,56.104347229003906,56.13507832865972,55.362387992020274,55.818866014445625,24052000
2018-01-18,55.99580001831055,56.13061299973147,55.38667237503244,56.07609337765902,23964000
2018-01-19,56.37842559814453,56.395774468654906,55.921951404290716,56.096907276299035,35564000
2018-01-22,57.285438537597656,57.487158892691255,56.25948410758153,56.37744358865124,32360000
2018-01-23,57.98724365234375,58.069367187512455,57.43114578640239,57.48566540745692,26662000
2018-01-24,57.7032470703125,58.47741961947956,57.54514092953581,58.35202600677758,28332000
2018-01-25,58.0070686340332,58.283134241450966,57.62989329362075,58.114122661888125,29610000
2018-01-26,58.27817153930664,58.27817153930664,57.399418040422916,58.24050543518737,40376000
2018-01-29,58.265289306640625,58.82584916178378,58.086862147686844,58.30989798705807,27578000
2018-01-30,57.675994873046875,58.31188702537185,57.66756622494809,57.88118272938803,31126000
2018-01-31,57.985755920410156,58.13741862666092,57.44997908820798,58.01697859333108,30774000
2018-02-01,57.87473678588867,58.18698623193474,57.37018636160835,57.62246346442768,48242000
2018-02-02,55.1091194152832,55.662736707888655,54.88003718000331,55.60970316079875,97158000
2018-02-05,52.32863235473633,55.01494687100167,52.14178033195127,54.053423166104565,75966000
2018-02-06,53.557796478271484,53.612811458951754,50.709756878725884,50.91014239465068,68960000
2018-02-07,51.970787048339844,53.61627899295201,51.95492425173527,53.60438284083807,47384000
2018-02-08,49.63835525512695,52.46840320077334,49.59573178458921,52.309306332479785,57182000
2018-02-09,51.43550491333008,51.74230160535539,49.19426383391903,50.41797553410827,70118000
2018-02-12,52.13731384277344,52.611136862569275,51.59152402426443,51.94203697123362,41154000
2018-02-13,52.14524841308594,52.45600797730068,51.74809994370887,51.79335145504905,25302000
2018-02-14,53.01755905151367,53.11767428721167,51.88008873687723,51.98912419621217,31116000
2018-02-15,53.999900817871094,54.0969947514831,52.751901368974934,53.48196440860326,36868000
2018-02-16,54.26158905029297,54.7507757533945,53.94007153587972,53.94488142307242,33590000
2018-02-20,54.64124298095703,55.210719274386996,53.95033215729679,54.05193724627006,28462000
2018-02-21,55.081363677978516,56.202974975028226,54.833053239420366,54.83999203142783,30258000
2018-02-22,54.84792709350586,55.650350258112816,54.647692820819394,55.3217502109681,26344000
2018-02-23,55.847110748291016,55.87139462936793,54.752955904159975,55.145793624078706,25220000
2018-02-26,56.68770217895508,56.69811225810057,55.842406021155504,55.89717143207605,31182000
2018-02-27,55.42582702636719,56.702073191572595,55.411454084309334,56.56329735007741,35482000
2018-02-28,54.75374984741211,55.883785994677325,54.67989992586077,55.660753937691084,37652000
2018-03-01,53.008644104003906,55.02090155263478,52.883794992882564,54.90938551132032,50318000
2018-03-02,53.47452926635742,53.62713353500574,51.94774165232952,52.19382109309138,45432000
2018-03-05,54.06978225708008,54.3755844628587,52.9828649216791,53.287181053749336,24044000
2018-03-06,54.27447509765625,54.61100840247611,54.012536643329454,54.48065742735588,30656000
2018-03-07,54.99709701538086,55.124971184806114,53.79975660584363,53.98353436579386,25850000
2018-03-08,55.807960510253906,55.887263158366714,55.15372878875679,55.27862705631191,27102000
2018-03-09,57.49508285522461,57.532752745817845,56.128186141581224,56.303588224000215,42560000
2018-03-12,57.71613311767578,58.33815141546873,57.365226858454356,57.6839197272049,43446000
2018-03-13,56.41114044189453,58.32377786701753,56.171254861797024,57.98873062755065,38144000
2018-03-14,56.972190856933594,57.4232161241988,56.57320842102902,56.760064230931356,25828000
2018-03-15,56.97665023803711,57.54662566044222,56.23122358979444,56.99548518180523,27908000
2018-03-16,56.29020690917969,57.28890144499152,56.103354871041766,57.202663788016295,61840000
2018-03-19,54.510398864746094,55.60920859990042,53.97462201188917,55.511074793568646,56118000
2018-03-20,54.40583419799805,54.77705777466789,53.699559524942195,54.46976941612882,36638000
2018-03-21,54.06730270385742,54.831564335095464,53.7833075845306,54.15949221452513,37578000
2018-03-22,51.995567321777344,53.67179039581671,51.838455677143266,53.62123742036332,53340000
2018-03-23,50.632083892822266,52.7033225417325,50.61473880531419,51.89396075184159,43134000
2018-03-26,52.20026397705078,52.32020865456647,49.97934382497017,51.842914296746095,53302000
2018-03-27,49.815792083740234,52.77663723445827,49.41036618994751,52.685491373783385,61906000
2018-03-28,49.78902053833008,50.76392263593137,48.603474124781194,49.46388805317368,67386000
2018-03-29,51.13862991333008,51.69423246833874,49.70675426542857,50.13943998371609,54536000
2018-04-02,49.883689880371094,51.287810202970185,49.08572502676013,50.694042462794755,53608000
2018-04-03,50.22765350341797,50.603338954957984,49.26910201122169,50.25243274051377,45502000
2018-04-04,50.80903244018555,50.98637057702776,49.21607857825465,49.236399597219005,49694000
2018-04-05,50.94136047363281,51.68381496687097,50.56076680355845,51.611454902583404,27260000
2018-04-06,49.91193771362305,51.12028194187466,49.71318954778857,50.554273181319715,34928000
2018-04-09,50.32876205444336,51.52570930571634,50.26086021046486,50.3956731826496,35032000
2018-04-10,51.131187438964844,51.36115827640821,50.12505888044368,50.8734576538971,39490000
2018-04-11,50.55278778076172,51.11750710582636,50.34957761002071,50.95028411772291,29678000
2018-04-12,51.17430877685547,51.579734636234946,50.62539928862839,50.8040722349106,27140000
2018-04-13,51.013729095458984,51.8637330489473,50.70197501630287,51.58915350253646,24460000
2018-04-16,51.44541931152344,51.706121268252005,50.888334502503376,51.39684776600565,24224000
2018-04-17,53.238609313964844,53.42298454979377,51.95492523649208,52.1090685149295,46406000
2018-04-18,53.13551712036133,53.400677283848125,52.845324367249404,53.400677283848125,26882000
2018-04-19,53.90969467163086,54.23011941134341,52.942226587596124,53.002694288187875,34954000
2018-04-20,53.179134368896484,54.1401627657886,53.011117281443425,53.62718371679614,37794000
2018-04-23,52.90604019165039,53.66286762054974,52.57148833754096,53.42199134437114,46826000
2018-04-24,50.553287506103516,52.38810837039409,50.08788928606203,52.14029328107083,95206000
2018-04-25,50.61275863647461,51.173318493398014,50.32182473179223,50.82786496878673,47822000
2018-04-26,51.54751968383789,51.941049407918,50.46456896040149,51.025620413264804,41590000
2018-04-27,51.052391052246094,52.01639170914986,50.83134039069989,51.842921882976675,32396000
2018-04-30,50.42194366455078,51.39684582487442,50.39815135992986,51.050401585035885,33426000
2018-05-01,51.412208557128906,51.46970031910282,49.969923115660194,50.24004061926744,28558000
2018-05-02,50.771366119384766,51.56481985116006,50.69652547821156,50.95573758170909,32062000
2018-05-03,50.738651275634766,51.033797612491554,49.87476600572886,50.50471378090705,36302000
2018-05-04,51.95245361328125,51.96732191450506,50.40063706545984,50.40063706545984,38774000
2018-05-07,52.27857208251953,52.6200627468886,51.89743387896932,52.00300183308082,29322000
2018-05-08,52.23495101928711,52.564050129974866,51.89965804492499,52.464426483842644,24354000
2018-05-09,53.664859771728516,53.79768755533443,52.356642043052005,52.442633919015854,40656000
2018-05-10,54.39889144897461,54.54113482048859,53.80760416502669,53.826930689518484,28860000
2018-05-11,54.43307113647461,54.5852329696281,54.06878648139239,54.20210959057047,25074000
2018-05-14,54.529232025146484,55.052122028626194,54.475211540844874,54.51932108511047,30362000
2018-05-15,53.48989486694336,54.02616709148211,53.20441366446133,54.02369030183979,29898000
2018-05-16,53.61578369140625,53.98750630381493,53.342690238537934,53.39473306807265,21946000
2018-05-17,53.45817565917969,53.86855511506313,53.205898568882155,53.52260622068786,20876000
2018-05-18,52.852020263671875,53.029456713802176,52.57050193028702,52.6289844155337,31304000
2018-05-21,53.50724411010742,53.92456615162336,53.21333425808394,53.23365527736673,20464000
2018-05-22,53.01904296875,53.85467390587507,52.86837098206895,53.70450105843614,21800000
2018-05-23,53.5126953125,53.566719576412765,52.62155019961464,52.791057141479094,21214000
2018-05-24,53.490394592285156,53.55135386901981,52.8416118277872,53.47849843915525,15336000
2018-05-25,53.31295394897461,53.65493618305184,53.21952793743815,53.479484954279414,17988000
2018-05-29,52.55266189575195,53.19945947866934,52.29989320825482,52.77916526739839,37302000
2018-05-30,52.92339324951172,52.99327653439582,52.37968684832429,52.68697893999174,22770000
2018-05-31,53.7753791809082,54.3800486056248,52.91149387122182,52.91149387122182,61766000
2018-06-01,55.48579788208008,55.51058090395549,54.44497524640256,54.48710335850418,48432000
2018-06-04,56.466651916503906,56.595516823717695,55.60995495800922,55.62606354408072,37792000
2018-06-05,56.48499298095703,56.78623489244599,56.16431866900186,56.55090961939393,33560000
2018-06-06,56.347206115722656,56.65053154633762,55.79522235021428,56.60939415031114,33964000
2018-06-07,55.7018928527832,56.2946661102567,55.33809973466942,56.07163404717826,30400000
2018-06-08,55.5536994934082,55.84116590795264,55.12150915573811,55.42037636531361,25816000
2018-06-11,56.005714416503906,56.36603625293798,55.441191677435604,55.441191677435604,21586000
2018-06-12,56.468135833740234,56.49142899956438,56.04263851485035,56.05924245821623,18240000
2018-06-13,56.243614196777344,56.82399972722205,56.17373091759782,56.55734969757525,30128000
2018-06-14,57.1025390625,57.26857470671609,56.53355813865307,56.69265499111493,26868000
2018-06-15,57.10948181152344,57.16697736244102,56.674568902034096,56.94096936620341,42450000
2018-06-18,58.16021728515625,58.202345395136014,56.67977023422767,56.68274238165107,28274000
2018-06-19,57.892574310302734,58.051671162550875,57.1962145650299,57.418751258751804,32420000
2018-06-20,57.980796813964844,58.79591009903436,57.947093571217664,58.251905048229595,32970000
2018-06-21,57.37711715698242,58.3502874029841,57.108088674226615,58.229106229244536,24762000
2018-06-22,57.269073486328125,57.616860118989855,56.86166618002844,57.450476579905455,26220000
2018-06-25,55.74897384643555,56.695625425073544,55.15272935011788,56.68026176837302,43146000
2018-06-26,55.43424987792969,56.165303590115855,55.34498714236288,55.9070822190074,31264000
2018-06-27,54.716575622558594,56.097202276140905,54.69873139533571,55.57698954638176,25878000
2018-06-28,55.224098205566406,55.62506581932752,54.321556173580426,54.62290013589441,21448000
2018-06-29,55.29497528076172,55.91832831769754,55.26275811308285,55.510573171885916,26302000
2018-07-02,55.88032150268555,55.907085955984414,54.212027862324454,54.469757674127855,24346000
2018-07-03,54.66255569458008,56.294665455983434,54.520308567467175,56.294665455983434,13580000
2018-07-05,55.72221755981445,55.88230514666363,54.93961629287693,55.04122139157868,21334000
2018-07-06,56.5102653503418,56.54793524055513,55.5471080449797,55.68801657628963,19922000
2018-07-09,57.19820022583008,57.228931323748604,56.67134737214596,56.922134609275616,18180000
2018-07-10,57.13822937011719,57.47278126231693,56.977151070233326,57.34342099566059,15968000
2018-07-11,57.190765380859375,57.705725856815306,56.551402003692765,56.72933381063122,22400000
2018-07-12,58.65684127807617,58.7029360350934,57.29162725970162,57.48764908980958,25038000
2018-07-13,58.921504974365234,59.24847143191528,58.48435730943104,58.732172382776085,24438000
2018-07-16,58.67566680908203,59.029545163743116,58.44866812864543,58.94975095484149,21114000
2018-07-17,59.41614532470703,59.62629430833079,58.01846835171621,58.098761712368784,32208000
2018-07-18,59.27141189575195,59.69864480547718,58.99683239328446,59.305115136249555,27872000
2018-07-19,58.829315185546875,59.47561731723963,58.64890659954036,59.02954943108875,25534000
2018-07-20,58.72770690917969,59.319984748212065,58.693508310076005,58.82931199077145,24948000
2018-07-23,59.74821853637695,59.79728543921802,58.53392235044559,58.53441770835806,52384000
2018-07-24,61.85860824584961,62.7467774004112,61.23807983102735,62.57776960342834,66364000
2018-07-25,62.63278579711914,62.73983982627809,61.415022109278226,61.415022109278226,42556000
2018-07-26,62.86225891113281,62.93367741885268,61.90519721240359,62.00333101408444,48112000
2018-07-27,61.383792877197266,63.137828691379845,61.01207026738619,62.99459085304526,42612000
2018-07-30,60.45399856567383,61.20616747223429,60.04411444031612,60.863886472389936,36998000
2018-07-31,60.33108139038086,60.842967655759224,59.753176389030685,60.46738045321975,32894000
2018-08-01,60.46738052368164,61.13449911408935,59.98166503909137,60.86339084329772,31344000
2018-08-02,60.771690368652344,60.95656096089804,59.71302357153577,59.76803854896639,30626000
2018-08-03,60.6507568359375,60.96250710437515,60.222034043072966,60.94367216081239,21792000
2018-08-06,60.70329284667969,60.76861958701255,60.25856355417632,60.71469364096677,21634000
2018-08-07,61.568172454833984,62.0117598033927,61.26831453128713,61.309451927096234,29880000
2018-08-08,61.73619079589844,62.27593431296022,61.35941247629502,61.48143690773993,27406000
2018-08-09,61.9091682434082,62.22845100642535,61.75601567261233,61.94881578438877,16972000
2018-08-10,61.33968734741211,61.74040543601889,61.06163651802856,61.60683273981663,22174000
2018-08-13,61.210819244384766,61.9177365557053,61.14296655682279,61.30845768874152,19946000
2018-08-14,61.56222915649414,61.74908120487013,60.7201546532178,61.219747736785926,26962000
2018-08-15,60.18833923339844,61.22222305736102,59.946963797670456,60.925836423052814,36576000
2018-08-16,59.79728698730469,60.764259689698456,59.602006305351615,60.701315200962505,26864000
2018-08-17,59.52320098876953,59.92267878317328,58.892757842029816,59.57623453602742,27792000
2018-08-20,59.86072540283203,60.020812980112794,59.20926924491662,59.72442634947118,17416000
2018-08-21,59.555912017822266,60.33107528198587,59.493164163203,59.8721242990493,24112000
2018-08-22,59.83891677856445,60.06244419526699,59.42605676574438,59.47561902532721,17748000
2018-08-23,59.74226760864258,60.53031772667809,59.68576655845311,59.82949597337091,19852000
2018-08-24,60.49909973144531,60.54866199366497,59.79079461603556,59.91276988821223,18932000
2018-08-27,61.54833984375,61.61128432516497,60.75017840868393,60.84355525742004,23126000
2018-08-28,61.01950454711914,61.58427682446163,60.897582223168115,61.52207348640393,26080000
2018-08-29,61.9190788269043,61.986485318220595,61.27768484861021,61.33175827090478,25978000
2018-08-30,61.414527893066406,62.1339350662551,61.0908814473015,61.66779191921428,26628000
2018-08-31,60.37717819213867,61.39173180549414,60.034946340296216,61.20934175917881,36328000
2018-09-04,59.32693099975586,60.11944695447001,59.103898931425825,59.68725662098215,36620000
2018-09-05,58.80553436279297,59.42655819815607,57.5922287973233,59.16833301385626,41226000
2018-09-06,58.06010055541992,58.79660703493991,57.09659536215591,58.79660703493991,37770000
2018-09-07,57.73249435424805,58.249436298080994,57.35506940985668,57.42718369585925,28026000
2018-09-10,57.72307205200195,58.21374865542585,57.498553908567864,58.09727525998911,22308000
2018-09-11,58.353515625,58.41893690376522,57.30674491389054,57.5738903102379,24186000
2018-09-12,57.63286209106445,58.41546325241793,57.4118114748171,58.123538646291955,25910000
2018-09-13,58.252899169921875,58.415467317224135,57.634355956503995,58.02540510409571,28624000
2018-09-14,58.11412811279297,58.505430643596426,57.905964332418314,58.43975979212019,18880000
2018-09-17,57.297325134277344,58.34756327394448,57.197206119713535,57.995666321331925,26130000
2018-09-18,57.55357360839844,58.29008015049336,57.348877327891266,57.348877327891266,24072000
2018-09-19,58.042755126953125,58.14782772647716,57.224469218542694,57.739925057752345,23828000
2018-09-20,58.82485580444336,58.97453708272249,58.15526047817231,58.48386427677112,24508000
2018-09-21,57.79493713378906,59.08952285248988,57.7924565629529,59.07911277396556,88112000
2018-09-24,58.1557502746582,58.385229530576076,56.84431491584311,57.35283190194944,25420000
2018-09-25,58.71482849121094,58.825357592896836,57.88960755459375,58.29354358707383,19554000
2018-09-26,58.50864791870117,59.18964026545712,58.22489858664744,58.739609491383504,29246000
2018-09-27,59.2099609375,59.57970213242328,58.664273150228794,58.81791729250863,25216000
2018-09-28,59.151973724365234,59.24812609796649,58.70739189059745,59.07267108242856,27612000
2018-10-01,59.243167877197266,59.966292100346735,58.99485743887795,59.47016658161115,27152000
2018-10-02,59.48107147216797,59.96926747861509,58.81296223325491,59.02756942540632,33758000
2018-10-03,59.621826171875,59.79331453131451,59.16981399965564,59.723431257058124,25124000
2018-10-04,57.89901351928711,59.35220059795915,57.2738265380115,59.24415208523357,44190000
2018-10-05,57.361759185791016,58.16220086772443,56.75560368739669,57.86482351599098,23686000
2018-10-08,56.9464225769043,57.889606752460466,55.875560841761654,57.00292363111253,38648000
2018-10-09,56.443355560302734,57.2130661105167,56.381500105826774,56.806649531984974,26174000
2018-10-10,53.58852767944336,56.113764077040386,53.58406567674025,56.05973981210883,53514000
2018-10-11,53.494361877441406,54.83652863821831,52.94669258792066,53.178149547001844,58980000
2018-10-12,55.0189208984375,55.262769362643034,53.84536495054754,54.9158297222371,42026000
2018-10-15,54.13520431518555,55.185741220105506,53.974126023213124,54.96092435614643,27448000
2018-10-16,55.57402038574219,55.719735024388996,54.64322771811983,54.74681424494196,38570000
2018-10-17,55.296966552734375,55.95615563398429,54.627866531166,55.83076200868842,29344000
2018-10-18,53.92307662963867,55.6017766067806,53.38383225045247,55.6017766067806,41890000
2018-10-19,54.34386444091797,55.03279003637101,53.91216949784041,54.19071188332953,25352000
2018-10-22,54.57680892944336,55.125472631441305,54.073249265691764,54.670979869122036,30284000
2018-10-23,54.702213287353516,54.910377071856935,53.03243344559896,53.57217321142392,36974000
2018-10-24,52.076358795166016,54.82264583442164,51.978720344396166,54.7299647442869,39648000
2018-10-25,54.299747467041016,55.063513646636,53.010119224006054,53.12113988442584,50916000
2018-10-26,53.10528564453125,54.84296332962751,51.25261686315183,51.39833527441024,83752000
2018-10-29,50.558250427246094,54.37262027811554,49.356345599295246,53.65048666539436,77614000
2018-10-30,51.357696533203125,51.421136380164455,49.600189294103124,49.98232201237046,64254000
2018-10-31,53.36796569824219,54.119835747470134,52.38810246494219,52.52737743352516,50596000
2018-11-01,53.03242492675781,53.725067592949486,52.658720890604066,53.3198913151951,29640000
2018-11-02,52.42726135253906,53.67550652173571,52.26965057143219,53.217296689644186,36780000
2018-11-05,51.54999542236328,52.46096232900265,50.615731570342625,52.28897861372403,48828000
2018-11-06,52.329132080078125,52.75215263161339,51.44988308853361,51.51976637103047,24666000
2018-11-07,54.191707611083984,54.29430342306366,52.82921995130654,52.98286788098995,41168000
2018-11-08,53.64701461791992,54.18576745680703,53.1417192393663,54.09209186177523,29764000
2018-11-09,52.84160614013672,53.30799503808962,52.19530401623175,53.23018225590334,26864000
2018-11-12,51.47763442993164,52.6418691835281,51.0994683785179,52.60568915013151,29436000
2018-11-13,51.34976577758789,52.368531723431836,51.10690427005026,51.708601539106446,30274000
2018-11-14,51.7269287109375,52.267364106654576,51.09946159092641,52.041159519454716,31318000
2018-11-15,52.77024459838867,53.124123026719516,51.1381346744034,51.7789841750691,36722000
2018-11-16,52.61064529418945,52.883734963032985,51.990612255004436,52.50755413326892,33162000
2018-11-19,50.55427932739258,52.575956050082574,50.36891336426768,52.398024237291274,37172000
2018-11-20,50.83975601196289,51.13614640852687,49.36575244349293,49.56301454215784,48982000
2018-11-21,51.427085876464844,51.969801549508574,51.22189424801215,51.38495776330342,30686000
2018-11-23,50.746578216552734,51.42608821681462,50.67317449855005,51.04990361544537,13830000
2018-11-26,51.97277069091797,52.00696929368195,51.24369837743777,51.46375829411763,38856000
2018-11-27,51.76411437988281,52.41686001532033,51.47069988125706,51.59510278853573,36064000
2018-11-28,53.83683776855469,53.86706972734443,51.33538991232638,51.979710661046624,49508000
2018-11-29,53.93943405151367,54.23408504756655,53.32980725891788,53.33377390370189,29378000
2018-11-30,54.243247985839844,54.299749033382234,53.42298073667072,53.97758869691664,51604000
2018-12-03,54.8380126953125,55.74105025022439,54.70097248381831,55.66621338519082,39824000
2018-12-04,52.081809997558594,54.73838801690913,52.040177244695364,54.67395367460309,46904000
2018-12-06,52.969486236572266,53.091907711191304,51.08807520104398,51.26104965463389,55384000
2018-12-07,51.376033782958984,53.29313329986907,50.97556524739914,52.53729648958089,42024000
2018-12-10,51.52323532104492,51.9643458706168,50.7173409354567,51.300199475335404,36154000
2018-12-11,52.127899169921875,52.566529101746795,51.5376027616442,52.362827361825346,27894000
2018-12-12,52.71919250488281,53.609842325001765,52.675082958817065,52.93330814452506,30476000
2018-12-13,52.63096618652344,53.51615938489344,52.23594663255058,52.936768381989275,26596000
2018-12-14,51.649627685546875,52.665671206396524,51.584701756611835,52.040185319213506,33732000
2018-12-17,50.382293701171875,52.19729265751431,49.954565377956875,51.42212558794701,47708000
2018-12-18,50.98596954345703,52.015391293689426,50.625643948827204,50.85611393169102,43850000
2018-12-19,50.70346450805664,52.635923835569606,49.96200066647579,51.24766623634039,49586000
2018-12-20,50.0294075012207,51.25906360184627,49.382609957773965,50.461597839826865,53470000
2018-12-21,48.5489616394043,50.75352379411164,48.25901842707017,50.321333444284065,91920000
2018-12-24,48.3844108581543,49.73846986489305,48.081580784109164,48.26942353566396,31806000
2018-12-26,51.518768310546875,51.54553276068468,48.7204425738441,49.018315249056826,47466000
2018-12-27,51.73784637451172,51.73834173246172,49.41433020576456,50.41302477198598,42196000
2018-12-28,51.400814056396484,52.31673840406217,51.20355194681608,52.02233320411581,28296000
2018-12-31,51.32795715332031,52.17498897525523,50.73221171585902,52.08875131786357,29866000
2019-01-02,51.83548355102539,52.156157860611046,50.341654171796584,50.38427764259571,30652000
2019-01-03,50.359004974365234,52.387121452867376,50.26037202059053,51.59510458172131,36822000
2019-01-04,53.067623138427734,53.07406657332823,50.921940409770706,51.17828248450039,41878000
2019-01-07,52.95262908935547,53.23067990801265,52.27708569594955,53.10677236808774,39638000
2019-01-08,53.34368896484375,53.754072242610874,52.563072874105046,53.33526409805486,35298000
2019-01-09,53.26339340209961,53.65840919450115,52.85400088620758,53.60983764972594,23986000
2019-01-10,53.04878234863281,53.08942438541833,52.42330034372342,52.91644994080382,29128000
2019-01-11,52.397525787353516,52.72389858062898,51.96583082875611,52.69440776932155,30416000
2019-01-14,51.777984619140625,52.116994688260064,51.60773654777698,51.88850992571477,22886000
2019-01-15,53.38680648803711,53.53053970332726,51.909335215399075,52.0495971436503,29272000
2019-01-16,53.57613754272461,54.141405235258304,53.49534882221873,53.52806135304468,26636000
2019-01-17,54.018733978271484,54.11290492550258,53.20590075971615,53.50179204709301,24854000
2019-01-18,54.43307113647461,54.93326156803222,54.068287342178266,54.51931256114488,39112000
2019-01-22,53.058197021484375,54.09852416811929,52.708776876413324,53.92455902306227,32270000
2019-01-23,53.30849075317383,53.77239908347452,52.52440350605867,53.39671361415901,19340000
2019-01-24,53.22572326660156,53.50203844565543,52.57149159821509,53.35359745282718,27226000
2019-01-25,54.07275390625,54.221939823493685,53.6182611439437,53.77587192681532,22382000
2019-01-28,53.03639602661133,53.676750129890245,52.72513730827126,53.533512281520316,25686000
2019-01-29,52.56752014160156,53.28767215949223,52.33185080213348,53.16525070282579,20436000
2019-01-30,53.97709655761719,54.073248928288876,52.87630165520224,52.95461357893241,25596000
2019-01-31,55.33066940307617,55.378250235251905,54.29182816639636,54.668012820943794,30766000
2019-02-01,55.05211639404297,55.75839085744712,54.761677857464,55.133895821063504,29244000
2019-02-04,56.14498519897461,56.14498519897461,54.96637746841487,55.14678606424278,51530000
2019-02-05,56.79872512817383,56.84134859959495,55.37418533771361,55.75046830800429,71044000
2019-02-06,55.27416229248047,56.848776459240455,55.15223618704957,56.480525134854716,42112000
2019-02-07,54.455387115478516,54.75920791561168,53.82543928224784,54.725504668550975,40896000
2019-02-08,54.27447509765625,54.465293769549156,53.85269485668211,53.87499730653298,21516000
2019-02-11,54.272003173828125,54.81397392939921,54.16544449408186,54.36815555525425,21304000
2019-02-12,55.57847595214844,55.77301168412448,54.80925702858792,54.856342495574,32182000
2019-02-13,55.51850509643555,56.240638572241764,55.436230311825284,55.75789530068717,20996000
2019-02-14,55.593353271484375,55.91848580961329,55.03700957482537,55.413935378771384,18952000
2019-02-15,55.19585418701172,56.088980743446164,55.04716740115293,56.01017723851757,28996000
2019-02-19,55.439208984375,55.60425391964567,55.01494817269266,55.01494817269266,20928000
2019-02-20,55.20328903198242,55.67959269845235,54.78101341218188,55.51008575220036,21756000
2019-02-21,54.369144439697266,55.1111036533985,54.14858915565908,55.056584029806295,28302000
2019-02-22,55.03329086303711,55.076409691433845,54.30124258936897,54.56392598593693,20990000
2019-02-25,54.98521423339844,55.43821716961816,54.8796424925966,55.31232819097371,28262000
2019-02-26,55.26920700073242,55.486290986858606,54.51535167215848,54.80430414999004,29426000
2019-02-27,55.3148078918457,55.410461128470004,54.568882051022804,54.86378261308226,19368000
2019-02-28,55.506614685058594,55.889738123060084,55.065008760138255,55.07938170290164,30850000
2019-03-01,56.550907135009766,56.64904094212092,55.74600345454249,55.753437604695876,29006000
2019-03-04,56.888431549072266,57.407854035626556,56.04040903571643,56.84828486915797,28920000
2019-03-05,57.59371566772461,57.96940116877115,56.80888342681641,57.00044325246175,28864000
2019-03-06,57.38703536987305,57.86809217703382,57.26957126371163,57.616510863901865,21986000
2019-03-07,56.66539764404297,57.33226660893111,56.24956169724898,57.28096870537371,23332000
2019-03-08,56.616825103759766,56.85274402950425,55.67413633522036,55.844134846916056,24248000
2019-03-11,58.274208068847656,58.295523583402826,56.72239172039307,56.72239172039307,34384000
2019-03-12,59.13858413696289,59.47561276052685,58.39811112454784,58.39811112454784,40262000
2019-03-13,59.144535064697266,59.52171038033161,59.07613786471738,59.5075832275715,28718000
2019-03-14,58.75943374633789,59.370546580395434,58.706400199957315,59.203516433463335,23456000
2019-03-15,58.70541000366211,59.305617406470596,58.613719633322276,59.14751126309181,49236000
2019-03-18,58.69550323486328,58.97999372903545,58.35654227390637,58.647922402960994,25852000
2019-03-19,59.41862487792969,59.47562128955189,58.775294850588864,58.92100948748009,30414000
2019-03-20,60.66364288330078,60.820754519419516,59.28578793900421,59.344274200426824,44548000
2019-03-21,61.03884506225586,61.05123657428764,60.12738261133957,60.268635260697884,24080000
2019-03-22,59.74821853637695,60.962510940950196,59.615636558308694,60.78012091385122,34284000
2019-03-25,59.128684997558594,59.79272934220905,58.833289062476595,59.32346654893545,29936000
2019-03-26,58.71333694458008,59.615879010591605,58.321788678228636,59.402757898054944,38024000
2019-03-27,58.138404846191406,58.85899927576923,57.46186701514433,58.75695177559335,28004000
2019-03-28,57.91389083862305,58.06629848136679,57.464899927219825,58.065058195873185,19234000
2019-03-29,58.15278625488281,58.434304595080015,57.6358443315302,58.23158976076885,25398000
2019-04-01,59.19955825805664,59.3100835806881,58.58348801483636,58.68757368423161,25050000
2019-04-02,59.499908447265625,59.54253191614005,58.76736484296315,59.24366471338741,16558000
2019-04-03,59.7690315246582,60.28349282913665,59.50040007836228,59.8463489495595,20286000
2019-04-04,60.21906280517578,60.25227069051327,59.68031383416024,59.77002276968136,19000000
2019-04-05,59.829994201660156,60.27953339801473,59.72492160381938,60.218570342543146,18144000
2019-04-08,59.66594314575195,59.90632407841192,59.46868103919112,59.86667275766514,17204000
2019-04-09,59.339324951171875,59.58912148299306,59.132647248481135,59.27737117615889,17528000
2019-04-10,59.58267593383789,59.66321507711349,59.298926613576,59.50932137069392,14492000
2019-04-11,59.7046012878418,59.87014158518939,59.4820645790108,59.67189253979353,14204000
2019-04-12,60.36131286621094,60.38510139010391,59.87757506680601,59.97125065135546,18668000
2019-04-15,60.521400451660156,60.67504459455519,59.92714111722747,60.367756308765124,23748000
2019-04-16,60.82026290893555,61.00315207259089,60.472827949546364,60.71469495477498,17126000
2019-04-17,61.27674102783203,61.485895505001324,60.85446164752751,61.111200734559006,24438000
2019-04-18,61.27823257446289,61.557270354912255,61.19100041752136,61.41750378571234,26636000
2019-04-22,61.89628219604492,61.90866992575175,60.87875271663691,61.259395584609635,16146000
2019-04-23,62.67490768432617,62.89546293630365,61.77434709145403,61.98796355200767,26398000
2019-04-24,62.25114822387695,62.846402051048344,62.20158596344463,62.653601946320876,20376000
2019-04-25,62.62039566040039,62.81656496019718,62.0543868421965,62.68581693831751,22146000
2019-04-26,63.05308151245117,63.09719105576355,62.465261818752396,62.89547072164077,24828000
2019-04-29,63.81634521484375,63.90010985699133,62.76139927523634,63.14328239979059,49988000
2019-04-30,58.9046516418457,59.1192588304985,58.236542413824424,58.73217256202719,124140000
2019-05-01,57.8935661315918,58.88334036194835,57.848961232961855,58.88334036194835,52784000
2019-05-02,57.62246322631836,58.1964015737132,57.245386174498876,57.87771247573592,38896000
2019-05-03,58.75199890136719,58.82138682040963,57.93916575142036,58.16963195794889,39614000
2019-05-06,58.94975662231445,59.02211668905423,57.80336231663417,57.80336231663417,31278000
2019-05-07,58.19193649291992,59.001793690531514,57.5446398703877,58.50764962468374,31028000
2019-05-08,57.80385971069336,58.50537349070838,57.77759061572323,58.088350190048196,26186000
2019-05-09,57.61105728149414,57.97187824163804,57.03959577487918,57.445021633796486,23714000
2019-05-10,57.704734802246094,58.11759482483498,56.62574695353702,57.67103155740638,26290000
2019-05-13,56.10681915283203,56.89536460367926,55.615151884982694,56.59897799719662,37212000
2019-05-14,55.532386779785156,56.52265641550844,55.4882772369349,56.36355955259529,36732000
2019-05-15,57.701759338378906,58.05465080553552,55.34533794832857,55.4050115611527,45786000
2019-05-16,58.43381118774414,58.8887993527514,57.6338610423413,57.71663119579235,30628000
2019-05-17,57.607093811035156,58.491791659603145,57.49359257099884,57.912896009295316,24172000
2019-05-20,56.444847106933594,56.83872474046471,56.07773392805656,56.72487560218764,27066000
2019-05-21,56.979129791259766,57.13168490232964,56.39973875954603,56.922628738572726,23196000
2019-05-22,57.067848205566406,57.419745172617205,56.793764025697904,56.83639127566904,18290000
2019-05-23,56.540008544921875,56.79788206035803,55.96775289456048,56.52662631764859,23978000
2019-05-24,56.178192138671875,56.98582215469314,56.088483200184136,56.86662240473744,22240000
2019-05-28,56.21189880371094,57.07612823968521,56.16084668550884,56.204464653323164,27300000
2019-05-29,55.33512496948242,55.96160144200786,54.92672318925826,55.88328951959348,30764000
2019-05-30,55.408973693847656,55.66571278280788,55.120021215308476,55.28952815446277,19038000
2019-05-31,54.69923400878906,54.995125291985566,54.52824098864662,54.58325596985079,30156000
2019-06-03,51.35868453979492,52.809394984041006,50.80209132640567,52.809394984041006,102612000
2019-06-04,52.19233703613281,52.341027604898166,51.232798475605584,51.68927269842352,56670000
2019-06-05,51.65556716918945,52.21711774999619,51.07419470935783,52.117494090173736,43368000
2019-06-06,51.76064682006836,51.916771553512355,51.23329855117426,51.79286399525105,34064000
2019-06-07,52.836151123046875,53.078021887124606,51.96185962731214,52.07238871295394,36048000
2019-06-10,53.54689407348633,54.1555263579392,53.147514587046906,53.180125019842954,29284000
2019-06-11,53.46461868286133,54.617948035013306,53.40925581862067,54.22095080866961,28734000
2019-06-12,53.380859375,53.57415484503207,52.9105037874115,53.42893556354391,21220000
2019-06-13,53.96272277832031,54.230363510510585,53.53548983513398,53.70846427180745,21154000
2019-06-14,53.7932243347168,54.15701368655716,53.536583550260474,53.84625410282075,22230000
2019-06-17,54.1475944519043,54.47867503254493,53.83931167861761,53.83931167861761,18832000
2019-06-18,54.69774627685547,55.331656936314054,54.46926149278042,54.99958562743178,27734000
2019-06-19,54.63479995727539,54.8662568810849,54.19616620944039,54.79686896159618,26776000
2019-06-20,55.085323333740234,55.516522910260605,54.75424276827395,55.51007947653185,25240000
2019-06-21,55.603755950927734,55.7142812604912,54.91978393704294,54.977279483654605,38952000
2019-06-24,55.28853225708008,55.609698095099,55.06500107582581,55.49124328263543,27912000
2019-06-25,53.84278106689453,55.230543183615964,53.71639296171417,55.146782325614225,30938000
2019-06-26,53.51814651489258,54.170888321899376,53.143447964900915,53.85021781564812,36218000
2019-06-27,53.330299377441406,53.87995379511097,53.29461470198583,53.726309656813726,20086000
2019-06-28,53.573158264160156,53.57761648502597,53.19945045250001,53.34913172031366,33864000
2019-07-01,54.41771697998047,54.89501137409098,54.207223886466956,54.420197551053384,28726000
2019-07-02,55.076908111572266,55.10268185099983,54.428624450342774,54.63034480003508,19832000
2019-07-03,55.588890075683594,55.845629179170096,55.20626577286032,55.382212374798975,15340000
2019-07-05,56.08501052856445,56.14894951033111,55.31926285326499,55.40153763978571,25286000
2019-07-08,55.32967758178711,55.80696818648391,55.074923693170014,55.766821505635356,24728000
2019-07-09,55.74996566772461,55.9083175910341,54.87468341865667,55.10415890204755,26608000
2019-07-10,56.525630950927734,56.603447523637755,56.0542884186506,56.0666799298402,24190000
2019-07-11,56.710506439208984,57.14963561781369,56.48103090891702,56.66292560346987,23910000
2019-07-12,56.74469757080078,56.86563296682123,56.44137214627522,56.69959731226986,17280000
2019-07-15,57.01431655883789,57.03810886292043,56.47210008283613,56.84183747967121,18076000
2019-07-16,57.174903869628906,57.42271894540434,56.74965235257408,56.79921461145757,24776000
2019-07-17,56.816566467285156,57.411816525774675,56.787820582503734,57.045546611055094,23400000
2019-07-18,56.81557083129883,56.87876110214634,56.14151354563453,56.58807678098896,25814000
2019-07-19,56.01116943359375,57.053973519275836,55.98737712715875,56.90776351917799,32944000
2019-07-22,56.40618133544922,56.464667600247296,55.72072700089969,56.177201199362855,26030000
2019-07-23,56.80962371826172,56.843822319137246,56.095419744316004,56.700089123882975,21874000
2019-07-24,56.39329147338867,56.70008816028389,55.857019304686524,56.100376151119775,31796000
2019-07-25,56.11128234863281,56.586096146822264,55.556178972951216,56.39379139700167,44196000
2019-07-26,61.97409439086914,62.724478463696286,60.66513564183836,60.66711707355508,96116000
2019-07-29,61.42890548706055,61.82342595887892,60.874789000236696,61.5101895684366,44474000
2019-07-30,60.72163391113281,61.20388184917977,60.630438898689924,60.73501613732327,29066000
2019-07-31,60.30233383178711,61.16076644353545,59.860429178217736,60.61557398865646,34510000
2019-08-01,59.922183990478516,61.166216782670645,59.75912048388502,60.170989792645315,33970000
2019-08-02,59.1777458190918,59.81760452976905,58.92745017111262,59.51229390441422,32902000
2019-08-05,57.11245346069336,58.24843765179403,56.508774800123355,57.990707861212805,51950000
2019-08-06,57.98625183105469,58.48237734810616,57.49309846141145,57.65715267935828,34188000
2019-08-07,58.18648910522461,58.407290174533784,56.97883672980897,57.29484861779425,28886000
2019-08-08,59.71352767944336,59.72393397750418,58.13841422074413,58.62462505321443,29360000
2019-08-09,58.8813591003418,59.667923155589015,58.66293273785472,59.37599853800081,21314000
2019-08-12,58.222171783447266,58.73019346179288,57.87334528078848,58.445203846448706,20060000
2019-08-13,59.340309143066406,59.71252711016429,58.061090883328056,58.061090883328056,25888000
2019-08-14,57.705726623535156,58.59835781757994,57.51986530612275,58.301472042555524,31574000
2019-08-15,57.85292434692383,58.27817586622445,57.597675120035774,57.66656768121431,24374000
2019-08-16,58.36540603637695,58.619169180979,58.07843500705162,58.462053761911285,26266000
2019-08-19,59.39879608154297,59.82206238540756,58.98445000111891,58.98445000111891,24632000
2019-08-20,58.6176872253418,59.28034759139572,58.58894133901906,59.24020090958981,18310000
2019-08-21,59.04194641113281,59.42606056483261,58.85261380291131,59.13611735731113,14814000
2019-08-22,58.956695556640625,59.37708803360675,58.41397992934954,59.18170904649308,18950000
2019-08-23,57.0614013671875,59.18220240602126,56.885950142720574,58.58298574755069,33740000
2019-08-26,57.933712005615234,57.962457888514656,57.14417203486627,57.35729314853298,24522000
2019-08-27,57.881675720214844,58.603313928396865,57.56496805191356,58.51063283532703,21544000
2019-08-28,58.039283752441406,58.306924502089544,57.35928211340689,57.57785217813176,16040000
2019-08-29,59.121246337890625,59.28034319812611,58.53987009442708,58.53987009442708,21768000
2019-08-30,58.88582229614258,59.401278153040195,58.672852415231965,59.401278153040195,22596000
2019-09-03,57.908931732177734,58.82585056926789,57.65170106618783,58.3371591927275,29598000
2019-09-04,58.55424499511719,58.65684080621897,58.0382937920509,58.32129820361215,21378000
2019-09-05,60.03964614868164,60.12192093617758,59.05581998537994,59.05581998537994,28162000
2019-09-06,59.719966888427734,60.07112272499381,59.600619658430446,59.87857218007612,21442000
2019-09-09,59.69419479370117,60.46688129808596,59.10984639436575,59.67387377503842,29438000
2019-09-10,59.77299880981445,59.971251637615396,59.20698999262251,59.23524051955419,25202000
2019-09-11,60.47530746459961,60.59574750541587,59.58466147377675,59.644633815221155,26140000
2019-09-12,61.17315673828125,61.550328312023936,60.61656349926696,60.68000334580243,34518000
2019-09-13,61.43634033203125,61.50176161542251,60.81432198437914,61.02942834395346,26028000
2019-09-16,61.026939392089844,61.43633189512205,60.74492571396243,60.93872031042301,21066000
2019-09-17,60.920379638671875,61.21032281931621,60.64976675967541,60.982333406707625,19102000
2019-09-18,61.08196258544922,61.24056410452599,60.29490306696755,60.839104836535085,22702000
2019-09-19,61.39420700073242,61.6782021253124,61.062631046202114,61.06461247788724,19920000
2019-09-20,60.959041595458984,61.62269265312403,60.619536128059586,61.117147745807635,45400000
2019-09-23,61.162254333496094,61.413041584525516,60.67356291946621,60.764262581768186,21248000
2019-09-24,60.40542221069336,61.79219748074978,60.004953699621225,61.45814096201009,31664000
2019-09-25,61.781288146972656,61.869511007268294,59.97570867430264,60.259703775226015,29060000
2019-09-26,61.52703094482422,61.7059534585976,61.07491666376665,61.55528147001392,30760000
2019-09-27,60.71915817260742,61.657384970466936,60.19180618643834,61.60732735154188,27078000
2019-09-30,60.41731262207031,60.76425219489275,60.08524134788915,60.51495106032478,28082000
2019-10-01,59.7283935546875,61.023474690010424,59.65305755619692,60.417319196659065,25470000
2019-10-02,58.31733322143555,59.325938642958356,58.0526646254769,59.325938642958356,32302000
2019-10-03,58.872440338134766,58.93340339695351,57.61353918250188,58.484363315215205,32424000
2019-10-04,59.921688079833984,60.04261969303953,58.938852609463005,59.07366558823178,23248000
2019-10-07,59.85626220703125,60.37786273542078,59.66148067290139,59.69369784342393,16858000
2019-10-08,58.93687057495117,59.776963550036776,58.930922498730084,59.35617402563609,20786000
2019-10-09,59.590110778808594,59.889469548238445,59.35815471587371,59.44340165080906,17354000
2019-10-10,59.90532684326172,60.2190623268281,59.343780069749414,59.40523847969053,16932000
2019-10-11,60.24136734008789,60.882712136654966,60.15661576187793,60.57641457103841,25454000
2019-10-14,60.325130462646484,60.780617746247394,60.058484207662076,60.087230092715,17350000
2019-10-15,61.60732650756836,61.82143834603065,60.48670591565954,60.48670591565954,27634000
2019-10-16,61.638553619384766,62.188703445795504,61.38132293623529,61.51613214278811,21892000
2019-10-17,62.10593032836914,62.61419780542895,61.95080010944567,61.999867013059344,19048000
2019-10-18,61.73024368286133,62.39438629404651,61.51166984062889,62.125259475380226,27056000
2019-10-21,61.76295471191406,62.183199741197264,61.48787980679595,62.065784786508665,20544000
2019-10-22,61.59691619873047,61.983507121770174,61.52653756244173,61.84721185170832,20476000
2019-10-23,62.40627670288086,62.44394280744448,61.575104018218624,61.575104018218624,18230000
2019-10-24,62.498470306396484,62.64765623258682,62.13789889251468,62.49400830368682,20562000
2019-10-25,62.70366287231445,62.92520887289785,61.95426950595528,62.00482248487281,24262000
2019-10-28,63.93628692626953,64.39771845742389,63.07091562814339,63.21514417783108,52264000
2019-10-29,62.579261779785156,63.51947007519184,62.31122397131435,63.25381452250988,37728000
2019-10-30,62.51333236694336,62.91330549364164,62.052891546848414,62.10096773056708,28178000
2019-10-31,62.45485305786133,62.82954782635203,61.99555040315627,62.512840183452255,29114000
2019-11-01,63.130393981933594,63.17400816389511,62.47418091418429,62.6972129655502,33402000
2019-11-04,64.00419616699219,64.1409905911147,63.26000969405415,63.264717485353145,30020000
2019-11-05,64.03691101074219,64.37889706319929,63.99720674768602,64.07953448247258,25654000
2019-11-06,64.02550506591797,64.12116586833079,63.564572613909384,63.90953080668794,23060000
2019-11-07,64.87104797363281,65.60854133409582,64.14668348786616,64.14841534979327,40600000
2019-11-08,64.99545288085938,65.32406047607147,64.64826369117452,64.69361730210377,25028000
2019-11-11,64.39177703857422,64.7503632159557,64.30355039415088,64.58952693557245,20238000
2019-11-12,64.3724594116211,64.9275628725997,64.2222789684588,64.43193262166382,21718000
2019-11-13,64.33280181884766,64.64504370388111,64.11026131677691,64.13801648712285,16534000
2019-11-14,64.99990844726562,65.27448796851884,64.21632034149845,64.30801070742442,23870000
2019-11-15,66.16018676757812,66.16068590686736,65.1396813653001,65.37064672731977,35652000
2019-11-18,65.4578857421875,66.19285325473848,65.29928044421132,66.02884817692467,29748000
2019-11-19,65.19817352294922,65.80482440961757,65.06633268187899,65.80482440961757,25384000
2019-11-20,64.58308410644531,65.17536577534396,63.99329057112177,65.01378834728304,26172000
2019-11-21,64.49883270263672,65.05592509542322,64.08498572494014,64.50527613717854,19910000
2019-11-22,64.20095825195312,64.86460930370674,64.00618049121658,64.71046601815705,27714000
2019-11-25,64.76350402832031,64.99248039499663,64.33924319685832,64.39128224891432,20724000
2019-11-26,65.1034927368164,65.1654465022368,64.68419310104939,64.92060358774883,21394000
2019-11-27,65.07574462890625,65.34189930455516,64.90921361541525,65.17536829106415,19912000
2019-11-29,64.67776489257812,64.93771817383892,64.62869798282861,64.78482271847426,11740000
2019-12-02,63.93233108520508,64.72087284190351,63.490229806631056,64.48149017792761,30218000
2019-12-03,64.19799041748047,64.35565037674574,63.391105244366344,63.41935577335543,22876000
2019-12-04,65.44994354248047,65.71064548256966,64.67329044032628,64.779357529841,30750000
2019-12-05,65.82613372802734,65.88699847018114,65.24673889379686,65.81969029359456,24254000
2019-12-06,66.44517517089844,66.61269691061699,66.08931153212563,66.08931153212563,26296000
2019-12-09,66.59088134765625,67.37843984161813,66.30737783532972,66.31729255522355,27086000
2019-12-10,66.64540100097656,66.90882550405723,66.2181680821653,66.48877716488329,21882000
2019-12-11,66.66323852539062,66.96953604869532,66.54676515050073,66.95169560383036,17008000
2019-12-12,66.92343139648438,67.19627899062866,66.43920594723913,66.70882426252373,25620000
2019-12-13,66.80253601074219,67.06338170439045,66.60626080018717,66.80848030679645,30992000
2019-12-16,67.46369934082031,67.63766451566093,67.04241063805671,67.23223483005337,27946000
2019-12-17,67.16382598876953,67.65351181758994,66.97563537619243,67.54893458761421,37080000
2019-12-18,67.03993225097656,67.42900379279364,66.95964644667826,67.2371981627434,30452000
2019-12-19,67.20944213867188,67.31153881767335,66.85977235716727,67.00028763834115,29398000
2019-12-20,66.8897476196289,67.58610735857236,66.86050259790282,67.57173819868626,66300000
2019-12-23,66.85258483886719,67.39579208630782,66.73710215591484,67.2010143194815,17662000
2019-12-24,66.59088134765625,66.9229526183033,66.55222074651417,66.83572425884071,6950000
2019-12-26,67.42552185058594,67.47147291217487,66.63598943982866,66.72024565726814,13350000
2019-12-27,67.00374603271484,67.63022633066673,66.87587562447503,67.55389583443036,20768000
2019-12-30,66.2231216430664,67.05875631910052,66.11804527522003,66.91006577150964,21018000
2019-12-31,66.26675415039062,66.31532948487586,65.87347015237792,65.92427648852485,19236000
2020-01-02,67.7709732055664,67.80913466646909,66.49125591559677,66.49125591559677,28132000
2020-01-03,67.43840789794922,68.02523682826747,66.68921502272471,66.80400192271014,23728000
2020-01-06,69.10124969482422,69.21474336586192,66.91006632852127,66.91006632852127,34646000
2020-01-07,69.05814361572266,69.53642498183466,68.9114344632416,69.2861368535105,30054000
2020-01-08,69.60234832763672,69.96217484856959,68.93423520338499,68.9956898432282,30560000
2020-01-09,70.37106323242188,70.74278588083082,69.89723634662342,70.40774240813768,30018000
2020-01-10,70.86173248291016,71.11940933755874,70.29770513436324,70.7541755380049,36414000
2020-01-13,71.33258056640625,71.39651576711137,70.67785355781335,71.17893642901268,33046000
2020-01-14,70.91871643066406,71.4599421246704,70.7943173327711,71.32166544487984,31178000
2020-01-15,71.33108520507812,71.43987486572964,70.88551270340243,70.88551270340243,25654000
2020-01-16,71.95062255859375,71.96499928046134,71.41633184502126,71.73948667163988,23474000
2020-01-17,73.37258911132812,73.41744357732868,72.27377947912142,72.50622710464711,47924000
2020-01-21,73.57134246826172,73.94058451893751,72.91710702422064,73.3096498031885,40734000
2020-01-22,73.64816284179688,74.50381608391433,73.5976060858591,73.89845848794742,32216000
2020-01-23,73.682861328125,74.12248961695181,73.45735623933868,73.73193579727567,27024000
2020-01-24,72.69457244873047,74.12124099421078,72.62220482005385,74.02682048589982,35692000
2020-01-27,71.06842041015625,71.27510191258449,70.4389678824895,70.9246909669403,35104000
2020-01-28,71.99324035644531,72.16374176044135,70.99751820728025,71.51942115204702,31548000
2020-01-29,72.29410552978516,72.63113040957518,71.70479600398232,72.3025303955083,21554000
2020-01-30,72.15581512451172,72.22718447016892,71.19231005135077,71.36875576540486,26788000
2020-01-31,71.08477020263672,72.86408075479662,70.80225736659668,72.80311769742113,48344000
2020-02-03,73.64766693115234,73.84889568522331,72.31194754918978,72.46112969000473,60736000
2020-02-04,71.72114562988281,72.83284207461523,70.69172396369856,72.21677573255147,78660000
2020-02-05,71.77865600585938,72.55233709583732,70.90287823434342,72.48195845003045,39724000
2020-02-06,73.16641235351562,73.4523889015102,71.84506215282106,71.88273204189814,33588000
2020-02-07,73.31510162353516,73.6427109180894,72.6767252029664,72.72381067280398,23446000
2020-02-10,74.77472686767578,74.81536890259102,73.07174695248267,73.07174695248267,28398000
2020-02-11,74.78018951416016,75.81308269234749,74.62396647234627,74.92987080590535,26892000
2020-02-12,75.25003051757812,75.37022475164733,74.74647468285445,75.06218779525945,23352000
2020-02-13,75.07112121582031,75.69164964573635,74.57251889706814,74.97347898649164,18590000
2020-02-14,75.3724594116211,75.3724594116211,74.70830928551949,75.11770177206863,23956000
2020-02-18,75.31941986083984,75.91219305907202,74.96851742753617,75.08796295506043,22414000
2020-02-19,75.66736602783203,75.9357970788645,75.40517421771641,75.5870726692697,18986000
2020-02-20,75.24408721923828,75.81356725066304,74.68254047625544,75.43490209119055,21932000
2020-02-21,73.60653686523438,74.94994003166151,73.37507992314244,74.74251740298138,34634000
2020-02-24,70.45828247070312,71.2205663958412,69.95274517956983,70.682305234039,57342000
2020-02-25,68.81578063964844,71.27856437528617,68.51592646479,71.02381424589812,49566000
2020-02-26,69.0501937866211,70.16635983694513,68.34739063828509,69.19690290396287,44048000
2020-02-27,65.32852172851562,67.98578802291699,65.28291854846519,67.5078016566272,59566000
2020-02-28,66.38123321533203,66.47094215283121,62.99459225856542,63.31675261719457,75782000
2020-03-02,68.84848022460938,68.93571615606943,65.76095595636879,66.98986708931484,48630000
2020-03-03,66.48333740234375,69.89128630935762,66.0179354211205,69.359476118753,48046000
2020-03-04,68.72010803222656,68.79792837900952,66.56858341836565,67.36753897867062,38266000
2020-03-05,65.37559509277344,67.3516720272383,64.68468057346615,66.9199771281479,51226000
2020-03-06,64.35311889648438,64.74020140242247,62.501444542496785,63.29494741982993,53212000
2020-03-09,60.24681854248047,62.18968782779454,59.475618148162745,59.73830152329986,67308000
2020-03-10,63.459991455078125,63.49766134419455,60.40591710624182,62.44940082210287,52228000
2020-03-11,60.23938751220703,62.49698311924457,59.280839687857686,61.93890381231204,52170000
2020-03-12,55.25830078125,59.17179836592744,55.17850656413521,55.807955202896686,84534000
2020-03-13,60.4535026550293,60.45498872886775,55.36898231596983,58.4348018023556,74002000
2020-03-16,53.7426643371582,57.10982752740816,53.252486896686605,54.32106464165543,85048000
2020-03-17,55.500667572021484,56.04883214500453,52.33904005536376,54.177827514795204,77230000
2020-03-18,54.3607177734375,54.841479648454055,51.41072524600877,52.36382413008673,84668000
2020-03-19,55.27714157104492,57.392490196183,52.54215686570364,54.17486046377706,73022000
2020-03-20,53.14741897583008,56.69960054519647,52.80890421315586,56.28971264356785,72036000
2020-03-23,52.36928176879883,53.097858799896,50.23390702670371,52.602228578073,80882000
2020-03-24,56.227264404296875,56.25402885916051,54.0544202316855,54.70617516815012,66890000
2020-03-25,54.64273452758789,56.94295372514576,53.82593465218512,55.8312570552732,81630000
2020-03-26,57.579830169677734,57.987237428770534,54.198638436799364,55.10415638194276,71434000
2020-03-27,55.050140380859375,57.03067970808296,54.812240007345835,55.79160423373836,64170000
2020-03-30,56.83985900878906,57.07825851313109,54.34485841625442,55.76037579808513,51482000
2020-03-31,57.63237762451172,58.251915409078705,56.40966021245805,56.86365768249395,49728000
2020-04-01,54.7978630065918,55.99084749909321,54.3929362594595,55.60970549529063,46884000
2020-04-02,55.55221176147461,55.85057982285931,54.34089150567365,54.43307723494934,39298000
2020-04-03,54.41424560546875,55.686029766496816,53.51864228971632,55.461757419127935,46268000
2020-04-06,58.827335357666016,59.21095412834922,56.05279794593743,56.40271347262754,53294000
2020-04-07,58.80702209472656,60.71470233973841,58.59489166343489,60.51644949419409,47746000
2020-04-08,59.98512649536133,60.42078431371202,58.88879358791911,59.797779113055796,39502000
2020-04-09,60.043113708496094,60.74294476074586,59.313795626488265,60.66909483882037,43508000
2020-04-13,60.34593963623047,60.492153396380765,58.860936164408365,59.93060286359777,34796000
2020-04-14,62.90686798095703,63.543259223120884,61.30598460772417,61.71041977475409,49408000
2020-04-15,62.57181930541992,63.463459714988765,61.477963219862154,61.736184587589065,33434000
2020-04-16,62.62138748168945,63.391101860135684,61.58799899251611,63.14824412657125,50362000
2020-04-17,63.601749420166016,64.1558621562838,63.00600392514162,63.68105207409784,38980000
2020-04-20,62.777015686035156,63.51996559709824,62.51730444354043,62.994595035692214,33910000
2020-04-21,60.28548049926758,62.16540534208037,59.95687670334583,61.80507973347536,43060000
2020-04-22,62.608497619628906,63.71885560288447,61.55726495113354,61.732719965515294,41848000
2020-04-23,63.25777816772461,64.10034801842497,62.73042991944269,63.021859214545856,31324000
2020-04-24,63.406463623046875,63.46048410538203,61.92651189430437,62.507389005769944,32792000
2020-04-27,63.236454010009766,64.24110024889634,62.89546251679197,64.23366609966023,32012000
2020-04-28,61.1444091796875,63.839644176053085,61.07155374872042,63.83369988075645,59026000
2020-04-29,66.48780059814453,67.40521111133538,65.68785420566297,66.4868098822153,75872000
2020-04-30,66.8436508178711,67.04983313048379,65.54658460829853,65.66504698385387,53378000
2020-05-01,65.45340728759766,67.01265760689374,64.97710749950754,65.84446015267488,41450000
2020-05-04,65.76020050048828,65.80283152737923,64.38234937590765,64.83981803239747,30080000
2020-05-05,66.96509552001953,68.0966217498569,66.28856506321704,66.31136665648367,33030000
2020-05-06,66.77625274658203,67.95684572349685,66.77576117001276,67.48946984686522,24308000
2020-05-07,68.02821350097656,68.27801001953853,67.17126699442817,67.70010505538738,27952000
2020-05-08,68.81181335449219,69.32677386200999,68.17294529608483,68.55210209929821,27738000
2020-05-11,69.54981231689453,70.20751160025047,68.25581624048802,68.31172741039177,28242000
2020-05-12,68.18582153320312,70.1316628678856,68.13774535045275,69.74110911146037,27812000
2020-05-13,66.87686157226562,68.66866558117604,65.83950653107041,68.25074990483664,36252000
2020-05-14,67.21390533447266,67.27784054481307,65.61698468036194,66.16762611221502,32062000
2020-05-15,68.05943298339844,68.12336818023643,66.36487044671806,66.91006660712154,34154000
2020-05-18,68.59223937988281,69.00782575553094,67.12071633016467,67.49243895237782,36448000
2020-05-19,68.07405090332031,68.99171079119714,68.07405090332031,68.74375204104206,25612000
2020-05-20,69.72128295898438,69.90467125700027,68.7562955347511,68.87177064392694,33108000
2020-05-21,69.52700805664062,70.15596142694586,69.06359500164365,69.78473789379126,27700000
2020-05-22,69.90467071533203,70.02064496285904,68.98328991815492,69.22516069640135,26188000
2020-05-26,70.23178100585938,71.42030718004885,69.98941865059295,71.2354365907741,41212000
2020-05-27,70.27243041992188,70.46572589496532,68.9565328469883,70.24319295732482,33716000
2020-05-28,70.21741485595703,71.41237695257436,69.18997448560607,69.23259795403807,33844000
2020-05-29,70.82158660888672,71.00249434659077,70.049894595694,70.22782262315786,36418000
2020-06-01,70.96531677246094,71.26963288623324,70.28035405617894,70.2996843572998,24342000
2020-06-02,71.33208465576172,71.35141495862413,70.32149400204533,70.90237111560423,25562000
2020-06-03,71.19132232666016,71.69547564757107,70.86406092744652,71.28648397910636,25124000
2020-06-04,69.99189758300781,71.31919199950062,69.6226555523486,70.89493121222486,29686000
2020-06-05,71.29093933105469,71.62102915517137,69.68559424307446,70.04095866091346,34698000
2020-06-08,71.69835662841797,71.76675383659853,70.49546119007576,70.49546119007576,28084000
2020-06-09,72.17168426513672,72.75851325245145,71.52984407795438,71.63640275352967,28184000
2020-06-10,72.65194702148438,73.0687207220939,72.17712947772439,72.33919847560246,30504000
2020-06-11,69.57855224609375,72.08817174329805,69.4873534445087,71.49366657764574,39826000
2020-06-12,70.04145050048828,71.22204326441117,68.69532502876405,70.80026308135248,38928000
2020-06-15,70.3720474243164,70.61738192945275,68.78950373730005,68.93224243797648,30078000
2020-06-16,71.50555419921875,72.11517716296441,70.67190090318964,71.62946173606959,34184000
2020-06-17,71.92189025878906,72.36201012401604,70.94351671550973,71.72562263313831,30992000
2020-06-18,71.1705093383789,71.93626463737485,70.72692576333685,71.82474481950105,31638000
2020-06-19,70.96037292480469,71.75734721634312,70.44640308339683,71.56900530067941,63158000
2020-06-22,71.95856475830078,72.00267051964485,70.53858158688,70.82554885611887,30848000
2020-06-23,72.58056640625,73.1520808040368,71.63044735341488,72.14589934243108,28596000
2020-06-24,70.97274780273438,73.12626123131635,70.8627178580367,72.43683654311894,35120000
2020-06-25,71.43666076660156,71.5144735533797,70.37948379720302,70.87016038569092,24610000
2020-06-26,67.4007568359375,71.04611501327899,67.00871314752982,70.94401833329859,85354000
2020-06-29,69.138916015625,69.17014246960055,66.76187877923489,67.31549227169604,36204000
2020-06-30,70.06278228759766,70.31258640111008,68.59324044771837,68.91441392392694,40848000
2020-07-01,71.27360534667969,71.51943901367736,69.87493384370946,69.93837747357605,35504000
2020-07-02,72.59495544433594,73.49947903988135,71.68894199361698,71.71471573184778,37182000
2020-07-06,74.13140869140625,74.67114462627491,72.99938350629786,73.35623783628768,31280000
2020-07-07,73.61000061035156,75.17717683821971,73.52920811699985,73.84889167840304,29164000
2020-07-08,74.14627838134766,74.63595670639309,73.63230861118267,74.0630128736371,24994000
2020-07-09,74.88922119140625,75.47059742715096,73.7539818810069,74.66420769995123,28466000
2020-07-10,76.41328430175781,76.51687082641804,74.17304136477138,74.64934123504234,37126000
2020-07-13,74.90657043457031,78.16741699280199,74.60438698675745,76.82267531493576,36928000
2020-07-14,75.36454010009766,75.48200422143529,73.52674691609714,73.86427097837495,31700000
2020-07-15,75.02056884765625,76.09559389813933,74.24540551349456,75.49092444878848,32214000
2020-07-16,75.2366714477539,75.27087005509156,73.6660160814746,74.34453550910125,30386000
2020-07-17,75.11522674560547,75.50627967555506,74.26621353536854,75.41607915928081,29134000
2020-07-20,77.60179901123047,77.82830232967356,74.52294205058384,75.10084692800716,31146000
2020-07-21,77.239990234375,78.6560104507891,77.03479862955464,78.6560104507891,24324000
2020-07-22,77.73909759521484,77.81393823638598,76.62938240905412,77.34309107807213,18640000
2020-07-23,75.12167358398438,77.90662126752933,74.7108970715364,77.66376731348763,32552000
2020-07-24,74.93284606933594,75.2186260252601,73.76960185528488,74.29150496628111,30880000
2020-07-27,75.84133911132812,76.37513080634258,75.09838535078683,75.11771565557355,24920000
2020-07-28,74.36137390136719,75.65695035604615,74.22854991882359,75.59252357774581,34044000
2020-07-29,75.43589782714844,75.89346482671394,74.41043892859656,74.6577624263866,22130000
2020-07-30,75.90328216552734,76.22147587784752,73.95892301141564,74.1958326523374,33428000
2020-07-31,73.49996948242188,74.78811172594841,72.06610883236047,74.59283484328614,68798000
2020-08-03,73.07818603515625,73.87218039831582,72.64152997408158,73.68235624207601,46604000
2020-08-04,72.60832214355469,73.62882739604274,72.29508959738531,73.18325489320192,38070000
2020-08-05,73.03656005859375,73.47271706605423,72.53349569496385,72.82294355781818,39590000
2020-08-06,74.34947967529297,74.46298092118843,72.65938652970529,72.9443723671972,39908000
2020-08-07,74.07142639160156,75.17940198998609,73.4345398891453,74.34451603944747,31556000
2020-08-10,74.15122985839844,74.54649522053427,73.01028824176667,73.70912859484278,25786000
2020-08-11,73.36912536621094,74.84015688416908,73.25414182698161,73.96983192507606,29088000
2020-08-12,74.67263793945312,74.95841787515722,73.61347191385521,73.62983006990814,28740000
2020-08-13,75.25897216796875,76.19075941163035,74.74128905970367,74.85701375617232,29104000
2020-08-14,74.72764587402344,75.42995752240962,74.48726493670631,75.12068023967929,27096000
2020-08-17,75.23567962646484,75.6138457335389,74.7395502576889,75.0716216038915,27566000
2020-08-18,77.24890899658203,77.44071458143696,75.51965633492257,75.64207400711116,40542000
2020-08-19,76.70025634765625,77.99632436295043,76.52281990512735,76.98672446659548,33212000
2020-08-20,78.39630126953125,78.60050216390114,76.23783406234583,76.49803686860079,34138000
2020-08-21,78.33039093017578,79.18782904954237,77.71506561987452,78.1623700555895,28930000
2020-08-24,78.71598052978516,80.00313203222413,78.33781450025491,79.00244863298842,28198000
2020-08-25,79.70824432373047,79.87675677924446,78.41216860841672,78.41216860841672,44942000
2020-08-26,81.89694213867188,82.23594845929871,79.47925517999639,79.69733366707075,79868000
2020-08-27,81.00232696533203,82.02679521825979,80.57707542164758,81.96137015860455,37232000
2020-08-28,81.50191497802734,81.63870938398742,80.82488552146178,80.96068921163345,29980000
2020-08-31,80.9948959350586,81.67811932449237,80.80309031410222,81.67440603059246,36468000
2020-09-01,82.30980682373047,82.55861265262209,80.89775679412432,81.11632688016938,36506000
2020-09-02,85.65876007080078,85.9016139788011,82.58832798209582,82.95732797833246,50224000
2020-09-03,81.37454223632812,84.73858191778625,80.04724023633713,84.73858191778625,62156000
2020-09-04,78.85674285888672,81.53661398264525,76.70437118026386,80.50322177215533,52172000
2020-09-08,75.94988250732422,77.50988203476054,75.73279470494846,76.00539285288905,52218000
2020-09-09,77.16763305664062,77.76436916839293,76.13132163585225,77.19588736388992,35494000
2020-09-10,75.9315185546875,78.51181858131216,75.62348917465712,77.3500116221075,32372000
2020-09-11,75.37146759033203,78.07165954816749,74.213668779552,76.12879036219425,31942000
2020-09-14,75.30009460449219,77.51655270347293,75.12464715744498,76.27772689380606,33932000
2020-09-15,76.39840698242188,77.29698613461295,75.92235673798739,76.12878861674386,26622000
2020-09-16,75.3803939819336,77.41743437074386,75.32686507424741,77.09725920321029,26234000
2020-09-17,74.12297058105469,74.75579594200235,72.85762993050274,74.1462713081013,37596000
2020-09-18,72.36150360107422,74.49335761422685,71.22849530358066,74.24589042128498,62078000
2020-09-21,70.93260192871094,71.78508637625292,69.7128568777239,71.37371245169476,57776000
2020-09-22,72.63261413574219,72.83383530574261,71.09962902571115,71.87082937109481,31664000
2020-09-23,70.14207458496094,72.40958107535472,69.7698603849799,72.30154011266035,33148000
2020-09-24,70.79035949707031,71.55457197671512,69.87642036060207,69.93490284556094,29004000
2020-09-25,71.61659240722656,71.86638897366228,70.04940822679536,71.00547943879165,26460000
2020-09-28,72.58602905273438,73.19466134063238,71.83173128486416,73.06629935571112,40158000
2020-09-29,72.82443237304688,73.18788141530649,72.30277885879447,72.8769705664086,19564000
2020-09-30,72.83780670166016,73.83650110382452,72.35605415830874,72.69902330857305,34032000
2020-10-01,73.85335540771484,74.296946515864,73.31411106734559,73.56489829328257,35590000
2020-10-02,72.28369140625,73.51186893191004,71.91196878639863,72.46261770554736,25682000
2020-10-05,73.65164184570312,73.7601819559869,72.57364464252869,72.66979702283442,22266000
2020-10-06,72.036865234375,73.68830524840186,71.79648431039487,73.13419261920257,24908000
2020-10-07,72.37639617919922,72.80610223882874,71.17250982931193,72.57464526220188,34924000
2020-10-08,73.64717864990234,73.84889898955566,72.61428550594289,72.61428550594289,23756000
2020-10-09,75.09886932373047,75.1632960972914,73.82163254950706,74.08183533987412,28706000
2020-10-12,77.77182006835938,78.99652657301667,75.95880975366572,76.47575175946628,49652000
2020-10-13,77.89720153808594,78.8051963648727,77.47691115058741,78.49443679542112,32020000
2020-10-14,77.71878051757812,78.69041567757723,76.84894708776223,78.23968532194326,38586000
2020-10-15,77.27518463134766,78.06695565034373,76.57635183280779,76.68142065018904,30800000
2020-10-16,77.96312713623047,78.36558468531405,77.46700533681992,77.60826176537117,28694000
2020-10-19,76.05989837646484,78.71350415841394,75.73228908306467,78.33236596132978,32142000
2020-10-20,77.11658477783203,78.18565788540742,75.61680742686896,75.68520463108308,44834000
2020-10-21,78.96924591064453,80.22914146850881,77.89472008631533,77.97897630602544,51366000
2020-10-22,80.06063079833984,80.39072067384082,78.55738212962937,78.95636078731329,28672000
2020-10-23,81.33292388916016,81.40032282434593,80.31737198021858,80.59294226750532,27516000
2020-10-26,78.82748413085938,81.19610370067106,78.13607806077923,80.54038608146988,37066000
2020-10-27,79.511962890625,79.64008286570224,78.44735176899124,79.08621978236853,24580000
2020-10-28,75.16825866699219,77.38520826366579,75.0691341527172,77.30541405064103,36680000
2020-10-29,77.67713928222656,78.98907386464616,75.44680360327452,75.45274789799177,40062000
2020-10-30,80.3421401977539,83.61280300361643,79.52187292207024,82.87481051257774,86582000
2020-11-02,80.59093475341797,82.31275313374333,80.09530468308431,80.69650268786296,50708000
2020-11-03,81.78939819335938,82.35887838362412,80.12457937708963,80.8759504858821,33234000
2020-11-04,86.6921615600586,87.79420062336693,84.55599662853186,84.76664097405978,71418000
2020-11-05,87.39793395996094,88.8982028100579,86.76054828175141,88.27173013058658,41316000
2020-11-06,87.31764221191406,87.84697181809538,86.25699400528886,86.93105130425639,33218000
2020-11-09,87.37960815429688,90.10854647633424,87.23190829361201,88.76241312239341,45366000
2020-11-10,86.25897979736328,87.37960039714777,85.11456689238351,85.79803980710659,52722000
2020-11-11,86.86959075927734,87.4400615503718,86.60467638154313,86.73527692363946,25280000
2020-11-12,86.72735595703125,87.64080360989345,86.51721073849816,86.6178251260666,24950000
2020-11-13,88.07445526123047,88.27370254840902,86.4651473406672,87.1134308259869,29998000
2020-11-16,88.29055786132812,89.16732614514456,87.61203859885991,87.81078675942418,24936000
2020-11-17,87.73397064208984,88.46998171686484,87.57784593490788,88.0705039372308,22942000
2020-11-18,86.57569885253906,87.89853915312447,86.54398081519167,87.49013728072737,23470000
2020-11-19,87.42520141601562,87.7062244050139,86.09121382137086,86.15936146134673,24998000
2020-11-20,86.34819793701172,87.9247975374825,86.33184734298754,87.48913966543991,46270000
2020-11-23,85.98487854003906,86.92856168545612,85.13537388501621,86.71544437562648,43232000
2020-11-24,87.67102813720703,87.80584111400744,85.62952587105482,85.76880085034104,31560000
2020-11-25,87.79740905761719,88.14980134711068,87.05941659505291,87.8697691191219,20916000
2020-11-27,88.87590789794922,89.41168097360304,87.84747679243661,87.87969396400068,17698000
2020-11-30,87.26758575439453,88.62189423457153,86.98309150662794,88.28084599709793,36476000
2020-12-01,89.1192626953125,90.44408424193811,87.69531662385147,87.94313171729829,34738000
2020-12-02,90.59870910644531,90.98034642579326,88.69167204248289,89.11925285934463,24440000
2020-12-03,90.54023742675781,91.55280954460262,90.33603651739992,90.4034430099412,24546000
2020-12-04,90.60069274902344,90.85693268659581,90.05550412793687,90.42870902845401,27564000
2020-12-07,90.17891693115234,90.81778494437627,89.49990602036944,90.15512462600529,26418000
2020-12-08,90.1328125,90.29885191621968,89.02532845940745,89.71400444755577,21926000
2020-12-09,88.4268569946289,90.91195025673247,87.6179942968796,89.8086785984891,30152000
2020-12-10,87.99070739746094,88.28709022602335,86.25550278018567,87.71661945480314,27256000
2020-12-11,88.30990600585938,88.4427375658863,87.23091805709134,87.38258078225532,24414000
2020-12-14,87.23387908935547,89.08406729782526,87.09287225030265,87.97435217160282,32004000
2020-12-15,87.61602783203125,87.79693560142904,86.73281584887337,87.44999592829149,29646000
2020-12-16,87.37960815429688,87.87523836780655,87.03663138102911,87.86928650962123,30270000
2020-12-17,86.63119506835938,87.81496436307795,86.17323478264711,87.65269115937011,32494000
2020-12-18,85.79408264160156,86.98855324450007,85.25930025475854,86.94245848614152,80328000
2020-12-21,86.20842742919922,86.28178578016737,84.20756706246826,84.92672847160367,36568000
2020-12-22,85.4218521118164,86.11101966609807,84.88037682401522,85.96356940650618,18734000
2020-12-23,85.86198425292969,86.6356576990246,85.49818734526555,85.65034919837969,20676000
2020-12-24,86.18265533447266,86.53703667813929,85.69991199959722,85.99184042843427,6936000
2020-12-28,88.02836608886719,88.75387250214287,86.55362146140624,86.81630481793708,27860000
2020-12-29,87.16746520996094,88.83873472055463,87.03711423486459,88.60826850942175,25988000
2020-12-30,86.21585845947266,87.48343777931248,85.52594210037674,87.3305347807353,26122000
2020-12-31,86.8284683227539,87.1778885337173,86.0126629205713,86.0126629205713,20238000
2021-01-04,85.65679931640625,87.2631355215254,84.6462085761229,87.10899222469797,38038000
2021-01-05,86.2852554321289,86.61980734911019,85.15001596611494,85.4962144674521,22906000
2021-01-06,86.0062026977539,86.63614664535898,84.20755451533383,84.38747151631257,52042000
2021-01-07,88.58151245117188,88.63850508527564,86.09344667537114,86.24262882775052,45300000
2021-01-08,89.57076263427734,89.70111359080991,87.90173192534922,88.6176714706073,41012000
2021-01-11,87.56397247314453,88.9316670211408,87.25668418595048,88.52301564787511,24194000
2021-01-12,86.56429290771484,88.1250334528433,85.51157786068451,86.92957212703958,27140000
2021-01-13,86.95335388183594,87.4804524876278,86.14101232276558,86.169266629138,21882000
2021-01-14,86.24857330322266,87.97485402671433,85.91253157193304,86.91469734544232,23590000
2021-01-15,86.05081176757812,87.03265647624049,85.32520699682466,86.1499362840226,26844000
2021-01-19,88.76042938232422,89.6731358453659,86.31201498122367,86.84680492883547,34692000
2021-01-20,93.52046203613281,94.35361626696925,90.47877525553571,90.77268510860287,49806000
2021-01-21,93.73606872558594,95.89750844156228,93.53087708111225,94.07062064865032,41278000
2021-01-22,94.2217788696289,94.71245549966504,93.26570777188785,93.9556241765622,25442000
2021-01-25,94.14000701904297,95.63581415131576,92.56043523187854,95.19421197287292,38546000
2021-01-26,95.02420043945312,95.40880994433348,93.3888688975051,93.61661253896268,26262000
2021-01-27,90.73947143554688,93.67410021365589,89.6594928936985,93.30386744882472,54966000
2021-01-28,92.34134674072266,94.11173307436628,91.32679332444133,91.39122009820021,35462000
2021-01-29,90.98482513427734,92.05240852092608,89.71898512071952,91.50176709406162,32252000
2021-02-01,94.23664093017578,95.2795470733854,91.73767745120871,91.86852000625667,32044000
2021-02-02,95.53321838378906,96.93337215978379,94.88790690755727,95.28787629677852,45474000
2021-02-03,102.59891510009766,104.90012104789055,100.03699963965283,102.74413437494876,82364000
2021-02-04,102.21727752685547,103.01920525379813,101.23692263899956,102.5404323857468,37046000
2021-02-05,103.98320770263672,104.20673889839169,102.06660372125187,102.59544176048313,30702000
2021-02-08,103.73094177246094,105.24940673511249,102.69457731619762,104.37526255371743,24838000
2021-02-09,103.26504516601562,104.33659891229057,103.01871992503064,103.01871992503064,17798000
2021-02-10,103.85335540771484,104.4971845872037,102.25297115951753,103.79537206045246,22710000
2021-02-11,103.8786392211914,104.18295537452418,102.95824904805707,104.05805710984835,18914000
2021-02-12,104.28604125976562,104.51948719245617,103.24621311834564,103.59909703260224,17114000
2021-02-16,105.16777038574219,106.69332155041313,104.2984361284602,104.2984361284602,22676000
2021-02-17,105.48546600341797,105.75062997057648,104.02881117156582,104.08234007920224,21418000
2021-02-18,104.93482208251953,105.70478223440843,104.26621745519222,104.59729805168953,22432000
2021-02-19,104.13883972167969,105.59549453377072,103.95396911848377,105.03741900005683,29148000
2021-02-22,102.34169006347656,103.65708847520821,102.20588636272302,102.44675888424668,27350000
2021-02-23,102.63806915283203,103.19069951762096,99.22614971508457,100.36560904756054,33348000
2021-02-24,103.84294891357422,104.1209997472014,101.01587693201483,101.19925768090762,24966000
2021-02-25,100.68032836914062,103.8285736072965,100.18122692543716,102.46905439934443,36568000
2021-02-26,100.95293426513672,102.64550805459477,99.92202255132347,101.62996378091994,41670000
2021-03-01,103.1659164428711,103.4142231054919,101.41088982185654,101.92733258910441,28090000
2021-03-02,102.8848876953125,104.29891892398913,102.65789277982302,102.90223656541521,22692000
2021-03-03,100.44987487792969,103.51326683016703,99.62167417907527,102.4571712179315,29684000
2021-03-04,101.55908203125,103.54903688521117,100.13067398858652,100.28432569581507,42360000
2021-03-05,104.50559997558594,104.9799183848455,101.42649317847557,102.75007432070196,43904000
2021-03-08,100.323974609375,105.51024332195891,100.1970873582059,104.13834392847765,32948000
2021-03-09,101.73800659179688,102.99393174208866,101.49663494225143,102.5954446639398,33946000
2021-03-10,101.85348510742188,102.84325554682282,100.77995002705202,102.68266883805308,25372000
2021-03-11,104.81439208984375,105.35611705729985,102.71341642240814,102.79668193443077,24782000
2021-03-12,102.19497680664062,103.59959252868136,101.48275800600537,103.33889057491976,34516000
2021-03-15,102.42149353027344,102.44974027906763,101.2825331924145,102.2138213155777,25962000
2021-03-16,103.71159362792969,105.2500314609477,102.59543513895282,103.04100764666047,29832000
2021-03-17,103.6402359008789,104.56706191181523,101.80243533242133,102.89431006441217,25980000
2021-03-18,100.92118835449219,102.86802784699768,100.7888559660005,102.14936572097187,27228000
2021-03-19,101.26716613769531,101.75783519576785,100.00231689872311,101.21016594209277,46298000
2021-03-22,101.03866577148438,102.00018949373312,100.41813735450914,101.19975162396116,39096000
2021-03-23,101.75089263916016,102.70953497146553,101.06989274095093,101.68843972946398,27340000
2021-03-24,101.3593521118164,103.00236750073037,101.18563650283075,102.36597999246194,23080000
2021-03-25,101.32466125488281,102.04381513297412,99.65785356944589,101.34696370710267,28378000
2021-03-26,100.88799285888672,101.65324896648085,99.82090119262763,101.05205085728613,29870000
2021-03-29,101.89908599853516,102.02200282592527,99.90020715173766,100.50784871516063,24596000
2021-03-30,101.87876892089844,102.63411036211758,101.30829808583088,101.98235544953243,20732000
2021-03-31,102.52754974365234,103.75160564552316,101.93848976245499,102.05620344338112,29198000
2021-04-01,105.95333099365234,106.21056920952837,103.92818695157311,103.98072513836945,33980000
2021-04-05,110.30497741699219,110.88784356380243,106.6407881863789,106.70621324945134,43298000
2021-04-06,110.26532745361328,110.90518619827041,109.77217028127119,110.15380763789219,27060000
2021-04-07,111.50093078613281,111.76460489071017,110.29407251541852,110.3337238370964,25798000
2021-04-08,112.28205108642578,113.2021841353743,111.89744156751495,112.90257955182129,27166000
2021-04-09,113.29512023925781,113.45174410899212,111.70087680074504,111.84887161034573,20888000
2021-04-12,111.75420379638672,112.77172951134852,110.94508386482231,112.32219406950345,31318000
2021-04-13,112.37274932861328,112.86539981163503,111.81862908528325,112.08528290894333,23310000
2021-04-14,111.75666809082031,112.90405312433464,111.47664340235018,112.76379499182681,20220000
2021-04-15,113.82939910888672,114.3219058784051,112.30979984718752,112.8539977821875,27472000
2021-04-16,113.8839111328125,114.31411621726856,113.22423056487837,114.14362235379001,22596000
2021-04-19,114.11389923095703,114.90938357924048,113.39250681745641,113.59744887529862,24688000
2021-04-20,113.6792221069336,114.4707435221753,112.59280014549097,114.38598816439529,21774000
2021-04-21,113.66236877441406,113.76298315107185,111.94154076185467,113.26388169380104,23930000
2021-04-22,112.40496063232422,114.18139728635546,111.8364712571868,113.65939592756725,21096000
2021-04-23,114.75325012207031,115.27465401742874,112.91495804362314,113.17565999130237,28670000
2021-04-26,115.32025909423828,116.0399196498966,114.68089946418847,114.98273504922908,20834000
2021-04-27,114.34783172607422,115.85107284381077,114.20657531113694,115.77921191358622,31972000
2021-04-28,117.95551300048828,121.54724339641946,117.70472577961708,119.3053594674717,59728000
2021-04-29,120.43267059326172,120.7612705910687,119.06423499825172,119.4632211912161,39554000
2021-04-30,119.45281219482422,120.29638022814062,119.05829555078574,119.17377822445188,39142000
2021-05-03,118.71185302734375,119.92763531145077,118.18301495953615,119.08605623347472,33788000
2021-05-04,116.6837387084961,117.92330575704455,114.57482983512415,117.45146787437508,35120000
2021-05-05,116.80714416503906,118.06902119538977,116.54297848423748,117.38603984790878,21806000
2021-05-06,118.02689361572266,118.09430010868064,116.093341428123,116.50481371229871,20618000
2021-05-07,118.88631439208984,119.76457262276101,118.45561014258537,118.95124031054598,23272000
2021-05-10,116.05973815917969,117.86085958370218,115.71626982884389,117.70671629699916,26006000
2021-05-11,114.42911529541016,115.08532462261648,113.15236997359824,113.59149909326351,32110000
2021-05-12,110.9755630493164,113.2698340293174,110.52800906394731,112.09717437194975,34934000
2021-05-13,112.11005401611328,112.83520501768086,111.15596448276851,112.06643227155425,26670000
2021-05-14,114.7958755493164,115.04269991725702,113.16822777322855,113.59000801725882,26624000
2021-05-17,115.05609893798828,115.15175218304141,113.7471363109293,114.45688217918885,19842000
2021-05-18,114.1649398803711,116.13358294994576,114.15155387284486,115.82410904374173,17302000
2021-05-19,114.4266357421875,114.82561440477434,112.18688436270966,112.2304985477718,19350000
2021-05-20,116.7749252319336,116.98556956621273,115.04021964116737,115.38468623858044,23832000
2021-05-21,116.230224609375,117.41478037408469,116.09492005799999,117.26559823890925,22832000
2021-05-24,119.28182983398438,119.86716894384901,116.97417285799465,117.31565974611614,21244000
2021-05-25,119.40079498291016,120.58138810897766,119.09945094515857,119.94251999340516,18838000
2021-05-26,120.61309051513672,121.07967986773825,119.57152295812017,119.58738197446492,21856000
2021-05-27,119.07565307617188,120.93376716169931,119.05037091467051,120.78210444355736,38962000
2021-05-28,119.52417755126953,120.34592706940155,119.33236440333397,120.03962953738491,24108000
2021-06-01,120.42871856689453,120.83320289058072,119.19311439951414,120.04162849091753,19166000
2021-06-02,120.00595092773438,121.03289221557198,119.1594106818003,120.70132003144454,17158000
2021-06-03,119.17973327636719,119.43424138164984,118.10025378200626,118.70442409415732,18346000
2021-06-04,121.5166244506836,121.62065717875939,119.83197641288334,120.0674037773061,25948000
2021-06-07,122.22686004638672,122.3215301300515,120.98694513290819,121.49481935151405,23850000
2021-06-08,123.05753326416016,123.63468949007834,122.333418343053,122.91132327784437,25060000
2021-06-09,123.4813003540039,124.15535768827324,123.27958002417898,123.88275958200325,20126000
2021-06-10,124.97810363769531,125.06037842620621,123.61015954854648,123.61065868780943,31234000
2021-06-11,124.59796142578125,125.24525432465263,123.82279055486855,125.14265851362227,25240000
2021-06-14,125.24771881103516,125.30670043242567,123.95412381716069,124.5711884964935,22550000
2021-06-15,124.93151092529297,125.75326810236375,124.55037271812343,125.41624321865433,22182000
2021-06-16,124.59796142578125,125.41772963545601,123.06492317913772,125.1441408060417,26316000
2021-06-17,125.26656341552734,126.08484931551105,124.41804177591209,124.42597506527514,25756000
2021-06-18,124.47008514404297,125.28440820894977,123.51401408324529,124.6068795606078,53306000
2021-06-21,125.34981536865234,125.92647998430324,124.04060344652949,124.64106036498085,26256000
2021-06-22,125.88957214355469,126.15770826428835,124.92507619416746,125.34487503567935,20984000
2021-06-23,125.35628509521484,126.67911774531923,125.14861288544515,125.44401261281602,19694000
2021-06-24,126.16960144042969,126.42088782241761,125.85041698947713,125.94309808049533,18934000
2021-06-25,125.8851089477539,126.39064627337538,125.33892202267674,125.84743905847228,33484000
2021-06-28,125.71114349365234,126.22411496807746,124.8728315327348,125.89006223256858,28110000
2021-06-29,124.9171371459961,125.89005785803987,124.34071450301751,125.66454523269739,20950000
2021-06-30,124.22079467773438,124.70056587830835,123.66717354614626,124.55539196374131,24006000
2021-07-01,125.26407623291016,125.35725645510558,123.75859663616014,123.75859663616014,17120000
2021-07-02,127.59403228759766,127.72191781721544,125.6610776740547,125.73096473373523,21160000
2021-07-06,128.63685607910156,128.74937418354727,127.28675982922613,128.31816318211662,21350000
2021-07-07,128.94068908691406,129.49816724878073,128.62595903313536,129.2018902258368,16680000
2021-07-08,128.0480499267578,128.89607249479124,126.92097823166611,127.12914957622154,19780000
2021-07-09,128.4420623779297,128.7146680593955,127.81658034132889,127.81757861991606,15106000
2021-07-12,129.42294311523438,129.6271516300932,128.46737855448168,128.69882798003312,16944000
2021-07-13,129.8496856689453,130.8880316902982,129.49529671527813,129.73766669366321,16618000
2021-07-14,130.9281463623047,131.83366061386502,130.74524963572966,130.74872848514352,17912000
2021-07-15,130.11924743652344,131.43614298083816,129.45660235760047,131.34197205499078,16586000
2021-07-16,130.69322204589844,131.02776636602835,129.6781693838314,130.49051099705218,14856000
2021-07-19,128.1243438720703,130.09992170202037,127.41361502692072,130.00922962184168,25710000
2021-07-20,129.9557342529297,130.84771135969666,128.0593526868454,128.86782227128887,19084000
2021-07-21,131.4416046142578,131.4582123382449,129.4600823112968,129.64396218425753,14742000
2021-07-22,132.1632843017578,132.33774107066662,131.2428864480323,131.49070157737182,13608000
2021-07-23,136.6115264892578,137.59536022147253,133.52326113538885,134.0778653549156,26378000
2021-07-26,138.42404174804688,138.49193980760833,136.44796469537042,137.04172861297883,23052000
2021-07-27,135.60093688964844,138.78735119655704,133.91927620849248,138.78735119655704,42164000
2021-07-28,135.1895751953125,138.45527713118932,135.15835630210034,137.3510146618387,54688000
2021-07-29,135.34716796875,135.95283560896715,134.94818934542886,135.1886685755518,19284000
2021-07-30,134.03921508789062,134.58475921565164,133.6359710364847,134.32668907292518,23954000
2021-08-02,134.80101013183594,134.8317298874316,133.49253912392356,134.30041878215883,20140000
2021-08-03,135.08895874023438,135.14396993832906,133.01078481298242,134.81140705339433,19064000
2021-08-04,134.8396759033203,135.34471414980803,134.23152757218728,135.05873756620986,16528000
2021-08-05,135.74317932128906,135.75308647850733,134.41489423335804,134.83964658298203,11866000
2021-08-06,135.83836364746094,135.88203077609694,134.85750948819918,135.103842310148,13560000
2021-08-09,136.79591369628906,137.1126251384003,135.2364210496758,135.7521226886644,12374000
2021-08-10,136.88958740234375,137.3406126959752,136.02719570102272,136.87273766972007,16034000
2021-08-11,136.48614501953125,137.63427126577432,136.14961925968484,137.0744638632989,15204000
2021-08-12,137.18003845214844,137.20829276400184,135.58362445612704,136.50945230866833,14646000
2021-08-13,137.19639587402344,137.46204386602918,136.79889947648823,137.14831212030333,12580000
2021-08-16,137.70191955566406,137.77576191562815,134.97571165727643,136.7939247357123,18040000
2021-08-17,136.1005401611328,137.50614652818902,135.5920231476772,136.98324522919515,21272000
2021-08-18,135.37644958496094,137.085381666416,135.22874971794076,135.91716873970796,14934000
2021-08-19,135.71690368652344,136.25069525641123,134.17302073841807,134.28354225951892,18296000
2021-08-20,137.22711181640625,137.4030659817041,135.27432762789584,135.88494136924143,15564000
2021-08-23,139.86634826660156,140.93443073430424,137.53535262573024,137.7837122394055,21090000
2021-08-24,141.1540069580078,141.75769331518939,140.11814154982028,140.30648346502434,15126000
2021-08-25,141.70066833496094,142.06050238718717,141.19463184688692,141.63425255844453,12838000
2021-08-26,140.88092041015625,141.88387289466314,140.8497015118465,141.3720886683021,14922000
2021-08-27,143.2871856689453,143.74365609869835,140.77879905574363,140.87048942802775,24562000
2021-08-30,144.19813537597656,145.20922509931688,143.33624290952181,143.4398218648292,16916000
2021-08-31,144.1907196044922,144.83503278631727,143.73275175343582,144.6095277103083,26756000
2021-09-01,144.5673828125,145.53733139824254,144.3418777449803,144.37705950009808,15824000
2021-09-02,142.9585723876953,145.0461694938564,142.84706769727865,144.6739477186985,21844000
2021-09-03,143.50970458984375,144.10644825452738,142.2508148929482,142.886204036132,19104000
2021-09-07,144.24722290039062,144.54956519502716,143.27777335151706,143.48444727787225,15170000
2021-09-08,143.6172637939453,144.27892582273876,142.9397351868411,144.12280111222998,15486000
2021-09-09,143.64700317382812,144.39639272351542,143.171701585184,143.61726657367302,14798000
2021-09-10,140.6806640625,144.74284095381356,140.50272847516052,144.17237014353682,32896000
2021-09-13,142.21115112304688,142.93080402260333,141.0389906929406,141.94946603476788,20176000
2021-09-14,142.15267944335938,143.46261745773057,141.65655015741294,142.90107067958212,18916000
2021-09-15,143.9369354248047,144.309157172922,141.0127205934312,142.50259073895944,20648000
2021-09-16,143.11175537109375,143.93102456816243,142.1629670724927,143.85272019018356,20292000
2021-09-17,140.22715759277344,142.98880441337624,139.82866295123725,142.54174200846145,60040000
2021-09-20,137.80203247070312,138.14451762607175,135.85519274968732,137.78537937013954,34918000
2021-09-21,138.426025390625,139.58094281514855,137.6915042008074,138.89241806160283,18130000
2021-09-22,139.70677185058594,140.34612396837156,138.25283945592915,138.82653206239922,22068000
2021-09-23,140.5869903564453,141.00921679756655,139.86335942697647,140.37187645905587,17272000
2021-09-24,141.38644409179688,141.65458778145347,139.6195211710892,139.71419126097865,14950000
2021-09-27,140.26434326171875,141.25460537170252,139.27208459455582,140.34809278521013,18844000
2021-09-28,134.99378967285156,138.38637843573628,134.51401100635712,137.87290030931277,42190000
2021-09-29,133.3453369140625,136.1976911462074,133.07670921673036,135.91141206808774,26338000
2021-09-30,132.10081481933594,134.40499306888503,131.83763228088753,133.1510492766443,35294000
2021-10-01,135.26988220214844,135.87306942967507,132.2118519785501,132.38730702605153,28388000
2021-10-04,132.59593200683594,134.51401824675966,130.0201466219527,134.5135191075148,31530000
2021-10-05,134.98687744140625,136.1615186650787,132.82890148642568,132.82890148642568,24126000
2021-10-06,136.15359497070312,136.64724377561527,133.31114769726767,133.4489404053214,19764000
2021-10-07,137.9690704345703,138.92955054248768,137.35201327826417,137.6493944124473,18250000
2021-10-08,138.8319549560547,139.09067547228446,138.2107837101895,138.68327195842016,18924000
2021-10-11,137.63401794433594,139.53342429384222,137.5933759090817,138.57819277376515,16584000
2021-10-12,135.51817321777344,138.47412137248665,135.0592222183902,138.4171136172655,22536000
2021-10-13,136.69480895996094,137.3391373227963,135.77938744359855,136.54612594377107,16380000
2021-10-14,140.1761016845703,140.41351045841066,138.12122105390935,138.72885501616014,21426000
2021-10-15,140.43679809570312,140.95720367363785,139.83162960261564,140.95720367363785,21250000
2021-10-18,141.7110595703125,141.74897902693485,139.97933379921162,139.97933379921162,16564000
2021-10-19,142.5650634765625,142.84756120327143,141.84539533731044,142.0391975203335,15316000
2021-10-20,141.1703338623047,142.98707979248542,140.67173911038583,142.9620472019495,17940000
2021-10-21,141.53265380859375,141.60105101625186,140.3991387402378,140.94929611178756,14850000
2021-10-22,137.41346740722656,140.321331851396,135.97168090763168,139.12438073155542,30182000
2021-10-25,137.56016540527344,137.98918316834994,135.5533684178351,137.59734371798118,21082000
2021-10-26,138.45130920410156,139.60860139837445,137.7906303254033,139.3771520347792,28258000
2021-10-27,145.14776611328125,147.8147426272006,138.6797838884467,138.6797838884467,51850000
2021-10-28,144.8518829345703,146.13606242469905,143.49832308448276,146.0116557404477,32418000
2021-10-29,146.9746551513672,147.3141757246461,143.8977943869837,144.24820527134028,28954000
2021-11-01,142.51748657226562,147.1025654400898,142.32468265744112,146.87010263574854,32272000
2021-11-02,144.5882110595703,145.63646401123387,143.37689082359583,143.54381509311216,21150000
2021-11-03,145.50709533691406,145.62655599955562,143.78577578885168,144.996596878467,17886000
2021-11-04,147.38356018066406,148.63948534062936,145.35345488499934,145.9135193986106,24700000
2021-11-05,147.93667602539062,149.25481203480683,147.35281923055575,148.04819583441935,20408000
2021-11-08,148.04623413085938,149.71452410990813,147.81675104825396,148.68906507013762,18388000
2021-11-09,147.9441375732422,149.06425157905812,146.21785667934202,148.43728721939198,16876000
2021-11-10,145.34454345703125,147.40040732815328,144.05490373069406,146.71619327679934,22708000
2021-11-11,145.46548461914062,147.20439521771485,145.41245484895987,145.82134069530798,12464000
2021-11-12,148.33761596679688,148.549750119701,145.174011321298,146.5394746216597,17048000
2021-11-15,148.08241271972656,149.16189979870177,147.35333656368175,148.68906361526297,16248000
2021-11-16,147.7731170654297,148.5230056867814,147.05346418077735,147.8667888600166,17254000
2021-11-17,147.75924682617188,148.31832819103784,147.26461492957674,147.9247946858818,15290000
2021-11-18,149.39186096191406,150.28498753659937,147.69631503494537,147.8425174714531,26658000
2021-11-19,148.64195251464844,150.52287550030653,148.57751817812073,149.6802982349045,19766000
2021-11-22,145.79310607910156,149.4270672411088,145.72073087708617,148.82958234455467,24608000
2021-11-23,145.4744110107422,146.40321852668484,143.6232242882398,145.82730250771252,18126000
2021-11-24,145.43524169921875,145.7152739629577,143.93001912396514,145.07096077451914,16464000
2021-11-26,141.55792236328125,144.02714918182764,141.24022778382184,143.7481152072577,16992000
2021-11-29,144.8369903564453,145.5784540702984,143.03735154577328,143.03735154577328,26276000
2021-11-30,141.20700073242188,145.34699758510342,140.82437270365327,144.17905717725165,41590000
2021-12-01,140.38031005859375,145.21880000592998,140.26334508376559,142.95213283952668,28476000
2021-12-02,142.5199432373047,143.41058917879428,139.74985648419104,140.5845080761902,21250000
2021-12-03,141.27488708496094,143.94385992163345,139.91636635870955,143.23263196267476,26688000
2021-12-06,142.5397491455078,143.08990645341717,139.4177845250743,142.3192052336329,22198000
2021-12-07,146.74270629882812,147.00390738431344,144.4291050922199,144.67443959952038,23258000
2021-12-08,147.4207305908203,147.85290954970407,145.91351157654643,147.03512283602444,18964000
2021-12-09,146.81161499023438,148.29750730560878,146.23966185587122,146.88099535272772,18580000
2021-12-10,147.37564086914062,148.09429557351376,146.0696504708413,147.79692955815005,21634000
2021-12-13,145.42236328125,147.2641268443899,145.08087636400703,147.14666272606996,24104000
2021-12-14,143.70350646972656,144.17088231447653,140.99933638390345,143.5047582949688,24778000
2021-12-15,146.08055114746094,146.22799386482097,141.45830968573367,143.10428951631962,27280000
2021-12-16,143.57264709472656,147.2531938210688,142.833164778369,146.78283829658994,27400000
2021-12-17,141.55494689941406,143.1975688935225,140.54881823987355,141.4672193895998,43404000
2021-12-20,141.15695190429688,141.36412493491144,139.02425098514053,139.45009237405213,20264000
2021-12-21,142.96006774902344,143.42748899134267,140.49628603975955,141.89891277709864,19548000
2021-12-22,145.6647186279297,146.0156135297722,142.7048076732995,142.84061892911416,18438000
2021-12-23,145.8565216064453,147.27412246393868,145.6665461813083,145.80397585589387,13818000
2021-12-27,146.7699737548828,147.12930867126624,145.96309239573011,146.1747274569768,13256000
2021-12-28,145.16812133789062,147.0777831913671,144.66010333723548,147.0777831913671,18624000
2021-12-29,145.22409057617188,145.89739914887926,144.23283031286846,145.14974908151038,17022000
2021-12-30,144.7265167236328,145.77725045644945,144.48464588927064,145.17010036188802,12978000
2021-12-31,143.41505432128906,145.0858247087784,143.41307288964566,144.272000818909,17298000
2022-01-03,143.8065948486328,144.27794871002374,142.24834251386997,143.21283085983964,25214000
2022-01-04,143.15435791015625,145.32868427702041,142.55924774964294,144.27844983820376,22928000
2022-01-05,136.45045471191406,143.03688457937403,136.32158603124802,142.92090276677456,49642000
2022-01-06,136.34884643554688,138.46519694933468,135.56823799024903,136.29581666924227,29050000
2022-01-07,135.80714416503906,137.04646173915694,134.6022672045253,136.69977166255623,19408000
2022-01-10,137.3629150390625,137.42833253415026,131.97689981922537,133.91827931737623,34096000
2022-01-11,138.79380798339844,139.10307772603082,135.61781479375114,136.97285702161864,23502000
2022-01-12,140.41000366210938,141.56607041736433,139.87869273328582,140.31733016135775,23642000
2022-01-13,137.91505432128906,141.93412416959123,137.69995552290015,140.60087765508536,26566000
2022-01-14,138.56483459472656,139.96647839052636,136.29831843474676,136.29831843474676,23826000
2022-01-18,135.09938049316406,136.19075620188337,134.4317740759864,135.40618480160649,27382000
2022-01-19,134.46644592285156,137.1899465221498,134.31578148430233,135.74171655907278,20796000
2022-01-20,132.33970642089844,136.70670639851258,131.98087064123405,135.32092932478682,21930000
2022-01-21,128.95504760742188,133.58274972471543,128.86485464530188,131.84952625845187,41920000
2022-01-24,129.23257446289062,129.63553106890961,123.55261212969484,124.92604663652044,55148000
2022-01-25,125.62787628173828,128.20813146423592,125.2735025113892,127.31302346323335,36008000
2022-01-26,128.11048889160156,131.64679978934083,126.04222218187327,129.4511618159636,39630000
2022-01-27,127.9925308227539,131.45099126137504,127.81807408194668,130.2129443436922,30248000
2022-01-28,132.12460327148438,132.2048890688023,127.56976068807809,128.86384734239766,30518000
2022-01-31,134.51255798339844,134.6562949840222,131.11798705043088,133.0251681664628,34056000
2022-02-01,136.67349243164062,136.99218531478255,133.3921808953898,136.63038494626073,51204000
2022-02-02,146.74270629882812,150.7706995972964,144.28536811177133,150.53625540104753,89750000
2022-02-03,141.40377807617188,147.8144656178996,140.9621759586774,144.02516672471867,56930000
2022-02-04,141.76609802246094,143.2720617327576,138.59555018877185,141.76708117558874,49224000
2022-02-07,137.72372436523438,142.58931855501405,137.48681473123284,142.45302329152761,44610000
2022-02-08,137.996337890625,138.61498326859876,135.67679207771616,137.77653508304783,34256000
2022-02-09,140.21676635742188,140.93295565764288,139.15016612756583,139.61878232396384,28628000
2022-02-10,137.3911590576172,140.1949454330574,136.84349738235358,138.28082189669502,33018000
2022-02-11,132.957763671875,138.06597045201428,132.12361113942117,137.53738192726018,38808000
2022-02-14,134.11753845214844,134.9764664569521,132.13699903508123,132.19993596480086,26792000
2022-02-15,135.23316955566406,136.69477007791176,134.35491148044764,136.27001776122827,26578000
2022-02-16,136.28590393066406,136.74039290746853,133.64533628581003,135.23813501422367,25610000
2022-02-17,131.1521759033203,135.64356735886216,131.04660038088105,134.96009441724854,30968000
2022-02-18,129.3272705078125,132.65444247359721,129.16822656940113,131.8748171039847,31858000
2022-02-22,128.2715606689453,130.74798718397395,126.62458260578833,128.84897404379853,38906000
2022-02-23,126.46996307373047,130.59756545949242,126.38917813047516,129.93293876194863,26432000
2022-02-24,131.5139617919922,131.8742949430465,123.67409527557949,123.90753362032183,43166000
2022-02-25,133.34385681152344,134.2057645230196,130.6134286532408,132.35854068682184,26236000
2022-02-28,133.71209716796875,134.45504324053616,131.6644011185735,132.11963123209497,29676000
2022-03-01,132.99542236328125,134.9214345115887,132.2128173296256,133.30469209373015,24640000
2022-03-02,133.57382202148438,134.4302694393548,132.26634930376272,133.43182445231696,23966000
2022-03-03,133.1342010498047,135.51898276008464,132.264866764264,134.79010324923786,19780000
2022-03-04,130.96728515625,133.02614377496047,129.2687596936275,132.2167819321083,24446000
2022-03-07,125.35924530029297,130.75121246260815,125.30522481766135,130.75121246260815,39178000
2022-03-08,126.16613006591797,130.0994533159502,124.76076566466169,125.14711457764885,35250000
2022-03-09,132.69607543945312,133.02567379084607,128.95109339121586,130.25162365819858,32258000
2022-03-10,131.5224151611328,132.37142083460813,130.25260481926114,130.31356031380258,24266000
2022-03-11,129.33517456054688,133.02712599916651,129.15773812413866,132.82837782983705,26600000
2022-03-14,125.63331604003906,129.8808699548852,125.30818732798454,129.4318261455542,30254000
2022-03-15,128.52732849121094,129.37657621240996,125.46184929767844,126.62509345801459,30292000
2022-03-16,132.5220947265625,132.60188138163636,128.07182955074146,129.85510288658125,32058000
2022-03-17,133.4241485595703,133.5619412663242,131.5590917539729,132.15583551462714,23994000
2022-03-18,135.60589599609375,135.71691666702154,131.7702225681311,132.7138982710172,45900000
2022-03-21,135.2857208251953,136.38007608151847,133.43503346696508,135.65149914733792,26632000
2022-03-22,139.05152893066406,140.26334841545287,135.30704635130257,135.30704635130257,29776000
2022-03-23,137.29299926757812,138.80120127518398,136.9589541446957,137.9224591649689,25302000
2022-03-24,140.0769805908203,140.16074523739468,136.83298365244158,138.05531524933818,20544000
2022-03-25,140.28465270996094,140.71882825685037,138.4785701624108,140.51511892866688,19270000
2022-03-28,140.7094268798828,140.73569976062188,138.60612925355323,139.4549837958434,23774000
2022-03-29,141.99803161621094,142.902562649628,141.23871984723044,141.9093209625373,28678000
2022-03-30,141.3978271484375,142.22651928702973,140.92549017494042,141.62135077448912,21046000
2022-03-31,138.42901611328125,141.3978359849294,138.39878037391185,141.20354980573987,29516000
2022-04-01,139.4703369140625,139.71815201701054,137.58396847142558,138.7863648098566,23480000
2022-04-04,142.38711547851562,142.78485385057047,139.59373548576164,139.59373548576164,19076000
2022-04-05,139.83013916015625,142.33504651157247,139.71167679170833,142.14622064235596,19256000
2022-04-06,135.9771270751953,138.6262710120673,135.22586195086694,137.94527864876952,23574000
2022-04-07,135.2723388671875,136.49804341172066,133.6786476764237,135.42400157842738,19448000
2022-04-08,132.8393096923828,135.05923945791363,132.58356884645184,135.05923945791363,16434000
2022-04-11,128.66213989257812,131.77737452775276,128.48470341216816,131.73851728470672,24188000
2022-04-12,127.25255584716797,131.26616524949836,126.46103435019731,131.26616524949836,23004000
2022-04-13,129.1473388671875,129.51385834220412,127.31608765557743,127.50234222867724,19542000
2022-04-14,126.14085388183594,129.5678912671287,126.00059574301706,129.50767691895246,23484000
2022-04-18,126.84266662597656,127.58711018129883,125.47220409203968,126.29648724480126,14918000
2022-04-19,129.39019775390625,129.7596817845817,126.3376059393954,126.9576351733672,22720000
2022-04-20,127.12468719482422,130.7705368579504,126.7763106432585,130.13662993181907,22610000
2022-04-21,123.84559631347656,129.16865982514074,123.56061046081629,128.2195388817747,30158000
2022-04-22,118.56861114501953,124.35559395394596,118.09925385745434,123.90754083767837,46410000
2022-04-25,122.17283630371094,122.20059147209088,117.73124552858638,118.38572298678801,34522000
2022-04-26,118.4615478515625,121.67719946960811,118.12040886881375,121.67719946960811,49394000
2022-04-27,114.01526641845703,116.47309638579071,112.13559101242998,113.37342622036772,62238000
2022-04-28,118.36788177490234,119.38590655600973,114.13757819172884,116.09145128046437,36790000
2022-04-29,113.96173095703125,117.92032887391979,113.69161342251412,116.55041089872682,33694000
2022-05-02,116.13308715820312,116.31399489564099,112.40842667530683,112.91099942660051,30280000
2022-05-03,117.09707641601562,118.25734820675407,115.60770550361262,115.74449989906874,21216000
2022-05-04,121.50374603271484,122.06678275205267,114.72699950546513,116.97220380859316,33232000
2022-05-05,115.72618103027344,120.173723977847,114.17585435453648,119.1698187102124,43090000
2022-05-06,114.649169921875,116.47159538863771,113.14542217818914,114.5093958063995,35310000
2022-05-09,112.0956802368164,114.55291253289992,111.5678329131017,112.3132595752208,34520000
2022-05-10,113.58306884765625,115.6711573964267,112.39236460513584,115.0263375504496,31158000
2022-05-11,112.96501159667969,115.65132605460367,112.65673261342113,112.71670494954066,36502000
2022-05-12,112.17200469970703,113.85268210440806,109.1511384703225,110.95969383245578,41464000
2022-05-13,115.49720001220703,117.05297934413852,113.00368165888769,113.8417894542764,29738000
2022-05-16,113.78925323486328,115.58838556706614,113.33574740484215,114.37558304668512,23282000
2022-05-17,115.68156433105469,116.20296821909585,114.32948684915958,116.20296821909585,21576000
2022-05-18,111.41866302490234,114.68451639671322,111.16192391499435,114.23037525290574,27982000
2022-05-19,109.77761840820312,112.59478308047197,109.5025472995803,110.86354880760791,29192000
2022-05-20,108.35765838623047,111.56636801754841,105.44335020802826,111.10592710946052,37586000
2022-05-23,110.69056701660156,111.02660874276785,108.20027805318017,109.14172276402795,31558000
2022-05-24,105.00023651123047,105.465131763809,101.31472857496544,105.44779045696747,60386000
2022-05-25,104.91448974609375,105.61352666861697,103.30047012160159,104.22308360354745,37900000
2022-05-26,107.34953308105469,108.00302742382456,104.5660752306155,105.123659201264,30288000
2022-05-27,111.81317901611328,111.88156865908103,108.59257361671678,108.82898412641175,29924000
2022-05-31,113.04235076904297,115.41592461864047,111.5886679993041,112.09074165417034,51302000
2022-06-01,113.13948059082031,116.37297279514891,112.55810435393131,113.92703915653709,28630000
2022-06-02,116.71694946289062,116.86762146749506,112.3177322900557,113.19004628388664,27472000
2022-06-03,113.56275177001953,115.34751497130216,112.67457882092386,114.97876449382875,25052000
2022-06-06,115.98786163330078,118.35499171853519,115.50987529854974,115.72220611092368,23786000
2022-06-07,116.20496368408203,116.71957631535234,114.11935544276633,114.63728810673697,26414000
2022-06-08,116.21337127685547,117.60907046541111,115.67684953459752,115.85503467998663,22544000
2022-06-09,113.91365814208984,117.31566293550569,113.863101382796,115.32471733517964,23142000
2022-06-10,110.45367431640625,112.50509161785027,109.8921274361139,111.79559530024768,31324000
2022-06-13,105.94242858886719,108.2639553646083,105.65649744140255,106.50694748705006,36756000
2022-06-14,106.25714111328125,107.50959474735596,105.42249722063418,105.95579717965843,25480000
2022-06-15,109.42572784423828,111.08361137362326,107.1738307675372,107.94775377156097,33192000
2022-06-16,105.70404052734375,108.33533641404719,104.86791417451977,107.20430950132291,35314000
2022-06-17,106.92279052734375,108.29468989789292,104.70538707070985,105.60392092138662,43516000
2022-06-21,111.0360107421875,111.68825711046627,108.33829949490989,108.74322995229004,39010000
2022-06-22,111.05484771728516,112.77518399925673,109.7565941527568,110.19146542219151,23922000
2022-06-23,111.69967651367188,112.20720283218014,110.05864273499675,111.96285147318207,24710000
2022-06-24,117.50200653076172,117.6006319014921,112.61013217844159,112.61013217844159,39122000
2022-06-27,115.6032485961914,118.20778737969994,114.9869326433724,117.89553797409964,32840000
2022-06-28,111.5876693725586,116.82647649394194,111.4612812553494,115.33413322079865,28232000
2022-06-29,111.2754135131836,112.67110518961518,110.57905374866324,111.16835570538423,18628000
2022-06-30,108.41661834716797,110.35681805344817,106.37214391042723,109.53376765338862,38046000
2022-07-01,108.12767028808594,108.84668040612429,106.16894191565952,107.39016932891914,31028000
2022-07-05,112.89165496826172,113.05580370571984,105.32090041557629,106.5748515656209,36398000
2022-07-06,114.20658111572266,115.33512751203715,111.26947909025056,113.09488445216735,28852000
2022-07-07,118.2633056640625,118.81444617007978,114.52426852238395,114.9941325173665,32184000
2022-07-08,119.11827087402344,119.38243655131538,116.48696745959862,116.52265591740397,29082000
2022-07-11,115.50414276123047,117.75628960845495,115.21865776030408,117.61305175003365,26718000
2022-07-12,113.84576416015625,116.81954536823508,113.61330893709128,115.81737952806745,24970000
2022-07-13,111.2065200805664,114.15056449579689,110.84570289041565,111.6545732021443,38958000
2022-07-14,110.466064453125,111.00878014216154,108.37004234326388,109.8574245610098,32366000
2022-07-15,111.78144836425781,113.00417314535842,110.84520682412304,111.97573453570028,34330000
2022-07-18,108.94943237304688,113.796695043009,108.34476293413641,112.448580316525,33354000
2022-07-19,113.61825561523438,113.80658992512305,109.53426055346856,110.75351402116091,30992300
2022-07-20,113.69755554199219,115.31331470178468,112.27014582555807,113.06314954297346,26780100
2022-07-21,114.03457641601562,114.20308883806796,110.93193465544316,114.08413488929939,27267800
2022-07-22,107.41297149658203,112.19084605285283,106.65961151747119,110.83281665879618,44455300
2022-07-25,107.26427459716797,109.61356419661585,106.0747652795352,107.92841717346766,28289900
2022-07-26,104.51850128173828,106.79839571396627,103.84444389248894,106.49110740331565,36626600
2022-07-27,112.607177734375,113.40018906401737,107.47244865986777,108.64213621159618,41474600
2022-07-28,113.5885238647461,113.69756311209201,110.87346324380916,111.814174431135,23303800
2022-07-29,115.62060546875,115.87833527474658,112.24041164148979,112.40892408426146,31336200
2022-08-01,114.47074890136719,116.0964152754024,113.6876523149074,114.52030738139145,22856200
2022-08-02,114.88706970214844,116.05675715274796,113.26140342337837,113.42991585847524,17911000
2022-08-03,117.74189758300781,118.3763035719251,115.13488570863572,115.32322002356321,25302800
2022-08-04,117.83112335205078,118.45561466494495,116.6812576883792,117.26610524151326,15757700
2022-08-05,117.1867904663086,117.82119643483232,115.68998533929994,115.90806380898916,15615700
2022-08-08,117.10750579833984,119.8037353596284,116.80021748720014,118.07894434072524,17061100
2022-08-09,116.47309112548828,117.16697034540468,115.54130397641516,116.95880657942975,15424300
2022-08-10,119.59556579589844,120.71568729744143,118.316839004199,118.54482465540326,20497000
2022-08-11,118.77281188964844,121.27078458211875,118.50517492937938,121.01306234266443,16671600
2022-08-12,121.57808685302734,121.57808685302734,119.34775100291655,120.1011110076257,16121100
2022-08-15,121.80606842041016,122.18275219149204,120.50751978906892,121.14192580458801,15525000
2022-08-16,121.43930053710938,122.15102016338842,120.47282326458145,121.25095866148799,15626200
2022-08-17,119.26844024658203,121.08244842969269,119.14948628675452,119.87310964095225,17589200
2022-08-18,119.80372619628906,120.62647409971393,118.50517756121542,119.17923489998142,15652000
2022-08-19,117.0876693725586,118.95123601420339,116.64159769987579,118.82237489776573,20187000
2022-08-22,114.0643310546875,115.48183369352006,113.66782539212353,115.08532803095609,19316000
2022-08-23,113.7669448852539,114.91681049956001,113.30105888226727,113.32088076129634,14390700
2022-08-24,113.69755554199219,114.70567315488582,112.78559786374227,113.44974046229062,16051200
2022-08-25,116.67134094238281,116.75064358595978,114.04450704766384,114.14363157077688,14874700
2022-08-26,110.3272933959961,115.58096935221859,110.2479907433009,114.79787267296729,31698700
2022-08-29,109.37565612792969,110.98150051090263,108.85028938734106,109.81181307304436,20386100
2022-08-30,108.94943237304688,110.3966716253307,107.84913274242072,110.05963916235143,20548200
2022-08-31,108.1960678100586,110.79316506519726,108.09694328843096,110.65438922237533,25898000
2022-09-01,109.58383178710938,110.24797438879705,107.24445681865134,108.24562430022252,22784400
2022-09-02,107.73017883300781,110.69900640559354,107.18498259673446,110.36692752177106,20618100
2022-09-06,106.54066467285156,107.92842309870538,105.57914093299841,107.1899389855295,20565100
2022-09-07,109.51443481445312,110.01997209249039,106.67446877724649,106.81820574739244,22987200
2022-09-08,108.46370697021484,109.61357261997608,107.11559227318544,108.22580660094977,21660700
2022-09-09,110.8030776977539,111.02115617885408,109.03863553280313,109.08820157404084,21732900
2022-09-12,110.89228820800781,111.65555528198423,109.96050114186475,111.01123459928353,19732900
2022-09-13,104.3896255493164,108.41414773265961,104.08233725938175,107.93833943473582,33015000
2022-09-14,104.94474029541016,105.17272595017033,103.58671083745124,104.51849802486223,22115800
2022-09-15,102.99195098876953,105.28175995744031,102.40710345470403,104.09225057279176,26494900
2022-09-16,102.72430419921875,103.12080983960833,100.96482318207336,102.07007632088461,64540100
2022-09-19,102.94239044189453,103.11090289388399,101.47532929336089,101.64384174535034,19738600
2022-09-20,100.94004821777344,102.26833352196824,100.23625424220083,101.9808670988104,24001700
2022-09-21,99.13594055175781,102.58552201557725,99.11611111147076,101.34644669268208,26596800
2022-09-22,99.69104766845703,100.79134720205909,98.54118965768339,98.58083341433431,21272700
2022-09-23,98.30327606201172,99.23506310650781,97.15341811767111,99.18549706948401,25657000
2022-09-26,97.94644165039062,99.5622010076315,97.5201993587078,97.74819258748944,22437900
2022-09-27,97.23274230957031,99.58203250158522,96.48929690784989,99.03684374462087,24225000
2022-09-28,99.85955810546875,100.5137935178554,96.9452580361271,97.16332894420692,24617000
2022-09-29,97.23274230957031,98.43217421287083,95.67646357114427,98.43217421287083,21921500
2022-09-30,95.30967712402344,98.62445324409393,95.19072316823332,96.87587017637254,26277800
2022-10-03,98.43215942382812,99.0963020678613,96.17207938948326,96.37033600445206,24840000
2022-10-04,101.51496887207031,101.82225713870189,100.15693956633187,100.15693956633187,22580900
2022-10-05,101.3266372680664,101.84208933814455,98.868308197721,99.81001009648504,18475500
2022-10-06,101.34646606445312,102.82344957681597,100.61293545064956,100.61293545064956,17156200
2022-10-07,98.69979095458984,100.53362105624399,98.34293663005306,99.77035392820018,24249900
2022-10-10,97.84729766845703,99.11610956932579,97.01464269453021,98.97733374033798,16529900
2022-10-11,97.19308471679688,99.24499343113513,96.4000733760206,97.39133377063263,21617700
2022-10-12,97.4408950805664,98.77711360406128,96.81639622216805,97.41115091749141,17343400
2022-10-13,98.83856201171875,99.65139514210331,94.43736393061825,95.09159934817245,32812200
2022-10-14,96.3306884765625,100.40476943139834,96.18199790015713,99.74558034075083,22624800
2022-10-17,99.89920806884766,100.88055361139934,98.64031086276343,98.65021802023557,23311600
2022-10-18,100.50389099121094,103.30915972822098,99.7703604153974,103.03160802724919,21610500
2022-10-19,99.41349029541016,100.77052126723233,98.76421604877831,99.81990306086405,21573700
2022-10-20,99.65140533447266,102.09981969645133,99.09630193871659,99.93887175376535,25125100
2022-10-21,100.59308624267578,100.73186206264982,97.37149066252192,97.59947626845857,28988700
2022-10-24,102.07008361816406,102.198944746349,99.42342019062397,101.19776963439958,24680800
2022-10-25,104.01295471191406,104.18146716589473,102.1196437062076,102.39720297259052,29910200
2022-10-26,93.99129486083984,97.67878413254543,93.74347980293183,95.91434213027489,71504300
2022-10-27,91.79071044921875,94.33824934478491,91.09683120245622,93.48576480578146,54036500
2022-10-28,95.73593139648438,96.01348309888293,91.5161321159903,91.72132374513139,35696900
2022-10-31,93.83271026611328,95.50793514897694,93.55515100979653,94.94291704051449,29868700
2022-11-01,89.70905303955078,95.32454328927615,89.63966512423875,94.75456410526293,43220600
2022-11-02,86.30903625488281,90.50207076012538,86.24956305541087,90.11547983812552,43553600
2022-11-03,82.76032257080078,85.79358431359609,82.72067125020101,85.59037413154081,48510400
2022-11-04,85.94226837158203,85.9720125344355,83.14691451793607,84.76267371074536,40173300
2022-11-07,87.87522888183594,88.1626952821661,86.19999652094215,86.5766727199699,26899900
2022-11-08,88.13296508789062,89.61489453387718,86.88397487633817,88.38078018590487,30172000
2022-11-09,86.63615417480469,88.70788463010285,86.596502854161,87.7711439227049,26743900
2022-11-10,93.34698486328125,93.72366863447803,90.84901212175248,91.53297661707984,42371200
2022-11-11,95.8846206665039,96.50911198841588,93.33708177164883,93.88227044746247,30569100
2022-11-14,95.19073486328125,96.33068583416379,94.28174925931076,94.66536806208133,24170100
2022-11-15,97.85722351074219,99.54236309010463,96.17207636866341,97.80765746787775,31831000
2022-11-16,98.1248550415039,98.97733950506039,97.0463663754943,97.1633313398612,24660200
2022-11-17,97.6391372680664,98.61057566695783,96.25137136795684,96.33067400515527,21818700
2022-11-18,96.94525909423828,98.29337368958322,95.89451804736555,98.14468313398922,24969900
2022-11-21,94.99247741699219,97.85721911072903,94.8338721371305,96.70735351987976,18696900
2022-11-22,96.4793701171875,96.69545960633542,93.58489175714192,95.31959734153253,18868900
2022-11-23,97.95633697509766,98.2031613202823,96.48926848689915,96.48926848689915,17568900
2022-11-25,96.74702453613281,98.07531755588964,96.67763660274595,97.60446276213855,8567800
2022-11-28,95.4088134765625,96.97500672322975,95.05195912763283,96.3505078312445,19974500
2022-11-29,94.60588836669922,95.5475826556247,93.56506199454695,95.16099173173183,20220000
2022-11-30,100.56336212158203,100.56336212158203,93.84261798223852,94.28868968907493,39888100
2022-12-01,100.39485168457031,101.69340038310222,99.79018223806692,100.51380565465377,21771500
2022-12-02,99.94879150390625,100.26599454068582,98.30329555124437,98.50155217592969,18821500
2022-12-05,98.99717712402344,100.86074392056751,98.48667863204723,98.94265750047664,19955500
2022-12-06,96.45953369140625,99.3341899642338,95.91434508484375,98.79890851513773,20877600
2022-12-07,94.31842803955078,96.45954655883867,94.19452049025098,95.92426503833754,26647900
2022-12-08,93.12891387939453,95.0321396425634,92.98023086585677,94.85371246360121,25593200
2022-12-09,92.25659942626953,93.66418729226271,92.20703338424484,93.07934732249565,21885300
2022-12-12,92.74231719970703,93.05456663431485,91.09682892871942,92.27642361877358,27380900
2022-12-13,95.01229858398438,98.92778132068837,94.54640503127514,97.21289766792911,34788500
2022-12-14,94.47701263427734,96.37032335444273,93.11899092290493,94.70500582088489,26452900
2022-12-15,90.4029312133789,93.2081995185058,89.63966415321475,92.72248411658316,28298800
2022-12-16,90.06591033935547,90.94813139033161,89.22334060741055,90.40293520704711,48485500
2022-12-19,88.37085723876953,90.40293631570829,88.14782518386009,90.08573332228431,23020500
2022-12-20,88.84666442871094,88.99535499706917,87.27056406717645,87.95453614399445,21976800
2022-12-21,89.46125030517578,90.12043937284517,88.13296501108101,88.94579822935069,20336400
2022-12-22,87.48863220214844,88.40058982147039,86.18016896838178,88.15277475778188,23656100
2022-12-23,89.02508544921875,89.31255184479825,86.85423052690912,86.85423052690912,17815000
2022-12-27,87.16152954101562,88.71780810697568,86.76998500042941,88.52946620600879,15470900
2022-12-28,85.7043685913086,87.74636248361041,85.61515879028939,86.73528025847817,17879600
2022-12-29,88.172607421875,88.58398138544919,86.22973799240216,86.26938931496893,18280700
2022-12-30,87.95452880859375,88.05365332499343,86.26938177893565,86.60145306836833,19190300
2023-01-03,88.91605377197266,90.74989153981103,88.24199640567358,89.04492246254179,20738500
2023-01-04,87.9346923828125,90.44257950582457,87.03264952369622,90.21459389248633,27046500
2023-01-05,86.01165008544922,87.43906729075256,85.80348633679509,87.30029145831648,23136100
2023-01-06,87.38951873779297,87.6968070355479,84.82215042077799,86.59650740864384,26612600
2023-01-09,88.02391815185547,90.03617536194864,87.80583967461496,88.4154626449257,22996700
2023-01-10,88.46006774902344,88.6930145263698,85.94226565972788,85.9620951010045,22855600
2023-01-11,91.45368194580078,91.64201626952446,88.95570163039389,89.27290463966756,25998800
2023-01-12,91.10674285888672,91.81053680341643,89.77845005056355,91.59245831528006,22754200
2023-01-13,91.98895263671875,92.16737978114648,90.13529327864818,90.72806647440073,18630700
2023-01-17,91.35455322265625,92.15747164861544,90.04608236151395,91.969129770836,22935800
2023-01-18,90.97787475585938,92.77007215816556,90.60119854111935,92.1277404051443,19641600
2023-01-19,93.08926391601562,93.5749793742201,90.58136885581224,90.59128357695987,28707700
2023-01-20,98.4123306274414,98.55110647747289,95.07178794247635,95.11143170301396,53704800
2023-01-23,100.32545471191406,100.51379659021549,97.88695526548462,98.26363145937151,31791800
2023-01-24,98.34294128417969,100.20650807395339,97.83739637337473,98.67997374562184,27391400
2023-01-25,95.8846206665039,96.86596633314176,94.42944811773769,96.35050669621924,31000900
2023-01-26,98.29338073730469,98.34293921757886,95.97382756678526,97.42106678205593,24542100
2023-01-27,99.82982635498047,100.69222555971872,98.10503550822004,98.1843381492177,29020400
2023-01-30,97.09395599365234,98.54020459652595,96.66771370668161,97.88201378235749,24365100
2023-01-31,98.99717712402344,99.0368284468499,96.9353537133471,97.00474163761426,22306800
2023-02-01,100.54353332519531,101.29689327670276,97.55983768108167,98.868300984902,26392600
2023-02-02,107.84913635253906,107.86895823327592,105.60888569343385,105.85670079758701,46622600
2023-02-03,104.30042266845703,107.07594730858385,102.39720447590433,102.60536825671008,36823400
2023-02-06,102.56570434570312,103.78495027833009,101.31671425142534,101.78756138089861,25573000
2023-02-07,107.09577178955078,107.72026310303056,102.6430258302971,102.72430990704285,33738800
2023-02-08,99.12602996826172,102.67474365617731,97.59453462030389,101.79252259447705,73546000
2023-02-09,94.6257095336914,99.73070171009665,93.03969452930662,99.6613137899897,97798600
2023-02-10,94.03095245361328,96.1720707642328,93.70383474028993,94.90325879309295,49325300
2023-02-13,94.16973876953125,94.51667839982301,93.22804440692262,94.17965349117293,43116600
2023-02-14,94.12017059326172,94.34321023020831,91.84027624387532,93.83271173661112,42513100
2023-02-15,96.25137329101562,96.48927364464832,93.5353221957877,93.91199838593245,36964500
2023-02-16,94.94290924072266,97.02455433442913,94.13999082695258,94.70500888899741,35642100
2023-02-17,93.76329803466797,94.91316348876038,92.6332620195579,94.23910625494779,31095100
2023-02-21,91.24552917480469,92.5985975971066,91.19596312627961,92.42512398998605,28367200
2023-02-22,90.9977035522461,91.55280693059963,90.07583112021393,91.13052753908565,29891100
2023-02-23,90.27408599853516,91.324819621939,89.22335237513131,91.324819621939,32423700
2023-02-24,88.5691146850586,89.34229658228895,88.0833992095938,88.8466663853242,31295600
2023-02-27,89.31254577636719,89.65948534652242,88.82683037814985,89.30263105644406,22724300
2023-02-28,89.51081085205078,90.650754181734,88.73762144172767,88.7574508834549,30546900
2023-03-01,89.71897888183594,90.40294339963894,89.06474340260571,89.37203926226681,26323900
2023-03-02,91.50324249267578,91.67176250353135,88.98544024100104,89.07465760706769,23328600
2023-03-03,93.19829559326172,93.28751295815329,91.85018846318832,91.92948354421638,30242500
2023-03-06,94.74465942382812,95.458368035812,93.47584747484157,93.53532067160164,28288200
2023-03-07,93.34698486328125,95.250202910419,93.02383756044904,94.58606029439431,24101500
2023-03-08,93.82280731201172,95.3989078680791,93.57994576829378,93.57994576829378,25395200
2023-03-09,91.85018920898438,95.08169255928668,91.54785449463071,93.66418993238995,24438900
2023-03-10,90.21461486816406,92.36564821044425,90.00645108304504,91.69159080794205,32850100
2023-03-13,90.85892486572266,92.26651270978687,89.15395589957565,89.7734936016514,31508600
2023-03-14,93.4262924194336,94.00122526475903,91.96913842577487,92.25660484843759,32303900
2023-03-15,95.70618438720703,96.40006356774973,92.2268586385638,92.72248878544168,38367300
2023-03-16,100.18667602539062,101.07881178840482,95.03212560331085,95.72600477303536,54499500
2023-03-17,101.56453704833984,102.58553402388534,99.86948271572791,99.95869251931546,76140300
2023-03-20,101.03916931152344,101.68349006134584,99.9091331003897,100.17677007135657,26033900
2023-03-21,104.91497802734375,105.03393197629025,100.96976658789289,101.08872053683939,33122800
2023-03-22,103.30915832519531,106.57040589275658,103.29924360380478,104.22111606249364,32336900
2023-03-23,105.33132934570312,106.16497514472252,104.48875954125111,104.96456028513902,31385800
2023-03-24,105.13307189941406,105.23220398609433,103.82460852002833,104.81586888509983,25236200
2023-03-27,102.1592788696289,104.47883178553123,101.73303665993447,104.39952915053794,25393400
2023-03-28,100.47415161132812,102.09981801154315,99.40358859770853,102.09981801154315,24913500
2023-03-29,101.0094223022461,101.92137992906409,100.14702315094382,101.82225541531703,26148300
2023-03-30,100.43450927734375,100.72197571761909,99.41351221588965,100.55346325485264,25009800
2023-03-31,103.09107208251953,103.27941396120094,100.55344811286508,100.82108506856122,28108000
2023-04-03,103.99312591552734,104.03276967394318,101.4852309022593,101.77269730842954,20719900
2023-04-04,104.20127868652344,105.17270948226911,103.68581912890231,103.92371946788067,20377200
2023-04-05,104.03278350830078,105.6088915913481,103.1921950515813,105.1925640081723,21864200
2023-04-06,107.94824981689453,108.67186561172926,103.89895233761352,104.84560019078181,34684200
2023-04-10,106.01529693603516,107.0263867808839,104.67709690629225,106.45145393284965,19741500
2023-04-11,105.19255065917969,106.28293552743423,104.3598880357762,105.98555439849378,18721300
2023-04-12,104.30042266845703,106.64673287749031,104.05260756330016,106.45145596616659,22761600
2023-04-13,107.24445343017578,107.31879492700234,105.50974791887448,105.53948451760512,21650700
2023-04-14,108.50336456298828,108.62231853585376,106.64970485676449,106.74883694884414,20758700
2023-04-17,105.48992156982422,105.7773879705057,104.39953672901878,104.50857596937094,29043400
2023-04-18,104.20127868652344,106.11441124369735,103.86424627381494,106.06484520683229,17641400
2023-04-19,104.1021499633789,104.80099026700557,102.89281878973186,103.30418514554717,16732000
2023-04-20,104.9744644165039,105.9538285376357,103.7254743550437,103.73538907533346,22515300
2023-04-21,104.98439025878906,105.70800609957132,104.56310157307371,105.1628098666122,22379000
2023-04-24,105.84678649902344,106.38206803366026,104.43919851685818,105.12317062712471,21410900
2023-04-25,103.69573974609375,106.50100818736911,103.64617370640983,105.67826032999733,31408100
2023-04-26,103.53714752197266,106.0846864909426,102.36745992750103,104.63744718976871,37068200
2023-04-27,107.42289733886719,108.1960792773118,103.50741403650187,104.31034014103184,38235200
2023-04-28,107.2741928100586,107.34358072980093,105.11324501459067,106.85786529160453,23957900
2023-05-01,106.76866149902344,107.73018533958785,106.56049771334203,106.77857622102266,20926300
2023-05-02,105.05376434326172,106.78846977614923,103.58669584956776,106.71908186134235,20343100
2023-05-03,105.19255065917969,107.18497850984541,104.69692048608978,105.29167518125442,17116300
2023-05-04,104.29049682617188,105.37097450205701,103.78495194799751,105.2321986629842,19780600
2023-05-05,105.28670501708984,105.50974462604046,103.82360692856399,104.3995304108784,20710600
2023-05-08,107.29402923583984,107.47245641975663,104.86544415287206,104.87039773255525,17266000
2023-05-09,106.99664306640625,109.62843804792274,106.78351816159666,107.82929811837514,24782400
2023-05-10,111.29872131347656,112.51797498578098,107.53193616826617,107.60132409675718,47533500
2023-05-11,115.87833404541016,117.4048758605547,113.9255499860193,114.84742239507685,57115100
2023-05-12,116.88941192626953,117.22644435847515,115.53139016510502,115.97745427183342,31293800
2023-05-15,115.93779754638672,117.75675919155348,115.46199686309188,115.47190402040371,22107900
2023-05-16,119.04045867919922,120.14075833628856,115.8089551966483,115.8089551966483,32370100
2023-05-17,120.41830444335938,121.21130814488535,118.41595440437081,119.12966302964531,26659600
2023-05-18,122.44047546386719,122.81715923811149,120.42821815749417,120.49760607968923,27014500
2023-05-19,122.17283630371094,125.37361223521239,121.64746953613118,123.11453059698978,30268900
2023-05-22,124.76993560791016,125.93962305433467,122.3710799549271,122.43056071506113,29760200
2023-05-23,122.21248626708984,124.32386803486708,121.97458590686387,123.83815259361351,24477900
2023-05-24,120.576904296875,121.67720385323314,119.69468322018656,120.8148046552801,23087900
2023-05-25,123.26322174072266,124.87898093472371,121.82589727310922,124.11570623796197,33812700
2023-05-26,124.33378601074219,124.89880410776867,122.21248946662755,122.98071775046859,25154700
2023-05-30,123.55068969726562,125.27548059258994,121.81598408085841,125.18627079099284,27230700
2023-05-31,122.29179382324219,123.80842097005295,122.02414928985417,122.61890399568163,41548800
2023-06-01,123.28304290771484,123.94718547574615,122.22239471783708,122.42064374740245,25017700
2023-06-02,124.13553619384766,125.63729500983469,123.26322225107968,123.401998094208,19367500
2023-06-05,125.5232925415039,126.8714071918434,123.29295680475761,123.52095000766454,22672500
2023-06-06,126.79210662841797,127.75363031447755,124.8690592562988,125.49355051299511,19450100
2023-06-07,121.86554718017578,128.41777855519717,121.55825133575857,126.46003335664938,34179300
2023-06-08,121.59791564941406,122.64865685232354,120.94368769544867,121.5136594200323,24815000
2023-06-09,121.7961654663086,123.1987998098432,121.35009375821657,121.48886960623192,20304500
2023-06-12,123.26322174072266,123.65972738918312,121.28070106113655,122.31656630116841,22255700
2023-06-13,123.34252166748047,124.7600242246858,122.7626352889941,124.55186046543808,19287700
2023-06-14,123.29296112060547,123.69938149918744,121.0923694693327,122.71803585822775,24659600
2023-06-15,124.69064331054688,125.05741237137997,122.06380180779765,122.79733236674737,24517100
2023-06-16,122.97575378417969,125.59268044322187,122.70811682340506,125.59268044322187,56699200
2023-06-20,122.76758575439453,124.08101018002317,121.75650358330338,122.4553439048,22698000
2023-06-21,120.20024108886719,122.33145251224933,119.80373540686544,122.15797891302455,22612000
2023-06-22,122.78741455078125,122.85184132683017,118.55472888749837,119.60546993502844,20781900
2023-06-23,121.94485473632812,122.36118986447458,120.79499657046789,120.97342375032582,29573100
2023-06-26,118.0491943359375,121.64747433450019,117.95006981105865,120.40443600328874,23185000
2023-06-27,117.96989440917969,118.84715435918481,115.88824922134144,116.81011407130286,27221700
2023-06-28,120.02181243896484,120.21014677450165,116.57222287936405,116.92907723251989,19753100
2023-06-29,118.96115112304688,119.85328690860845,118.16813985527747,119.04044619965106,18517500
2023-06-30,119.91275787353516,120.96349135545263,119.82354051528257,120.04161898799354,23871800
2023-07-03,119.50634765625,119.96232651842465,118.6588242759494,119.26844728527114,13888300
2023-07-05,121.55825805664062,122.29179618528852,119.0107191745893,119.0107191745893,17830300
2023-07-06,119.87310791015625,120.09118638533329,118.2077903101958,119.58564151676069,17732500
2023-07-07,119.09001922607422,120.68594901311299,119.04045318291247,119.83346449720223,20997700
2023-07-10,115.84860229492188,118.02937208629082,115.62060908196992,118.02937208629082,32960100
2023-07-11,116.6812515258789,117.1917499863888,114.81768484420216,115.73955724562396,18286600
2023-07-12,118.57456970214844,119.90285498487366,117.95998554229132,118.25736668219044,22059600
2023-07-13,123.73902130126953,124.23960501496954,120.00196584878881,120.47777410591495,31535900
2023-07-14,124.60142517089844,125.97927647671978,123.80842141452044,124.03640706392649,20499800
2023-07-17,123.96702575683594,126.16762510018847,123.41192234147378,124.95828617724938,20675300
2023-07-18,122.99559020996094,123.89763322640836,122.22240832080129,123.81337700132984,21045800
2023-07-19,121.70693969726562,124.37343235223162,121.39965142111987,123.69937503867098,22313800
2023-07-20,118.4853515625,123.61016589263339,117.64773533453855,121.05271986958647,27541700
2023-07-21,119.2585220336914,120.23987515742064,118.02936140233102,119.81363293391527,56514600
2023-07-24,120.81481170654297,122.27196566691242,120.31918151935425,120.86041488691326,22276100
2023-07-25,121.71687316894531,122.60900909825948,120.4678828679055,120.81482251743957,31820800
2023-07-26,128.52682495117188,130.22187173666762,127.58513061195944,129.22070419451614,46216900
2023-07-27,128.73495483398438,132.4323661984949,128.05098288919743,130.64809484805724,35931600
2023-07-28,131.84754943847656,132.8982982402,129.7758186899116,129.82538473841163,26971000
2023-07-31,131.94667053222656,132.66037921989317,130.9752395894599,131.8475384434933,18381900
2023-08-01,130.73731994628906,131.75831684200816,129.60728381289942,129.71136190894757,22154300
2023-08-02,127.51573181152344,129.28017403822267,126.73263522140212,128.70524121569568,22705800
2023-08-03,127.64459228515625,128.63585257909145,126.65828557011301,127.24807909232312,15018100
2023-08-04,127.41661071777344,130.77698301531052,127.19358619330679,128.46735949296328,20521900
2023-08-07,130.78689575195312,130.90584215631836,128.29882254080576,128.37812518552687,17621000
2023-08-08,130.68775939941406,130.7868914834383,128.99271269079944,129.83527490327583,16836000
2023-08-09,129.01251220703125,131.31224318876477,128.3731602523479,131.03469153585635,17745200
2023-08-10,129.072021484375,131.48771953535993,128.89854789178122,130.81663431814823,17855700
2023-08-11,129.03237915039062,129.30002372399804,127.62479103711121,128.072836674828,15205500
2023-08-14,130.6778564453125,130.7571590899967,128.45742777045336,128.71516514703526,17526200
2023-08-15,129.13148498535156,130.83645393078487,128.68442259185096,130.43994073101433,14769200
2023-08-16,127.98165893554688,129.75402735354686,127.33734558432084,128.1501714254762,17548400
2023-08-17,129.31982421875,131.33306455250042,128.71515483622414,129.30990193556374,23665600
2023-08-18,126.99037170410156,128.69534081898695,125.89007204420963,127.93206606832193,23627200
2023-08-21,127.80319213867188,128.1303098755545,126.04867217552805,126.73263668761777,21851100
2023-08-22,128.5565643310547,129.80554699606782,127.79825072632644,128.00146092438217,15557900
2023-08-23,132.04580688476562,132.89829144892593,129.36939165687684,129.70643169419316,26497000
2023-08-24,129.2801513671875,133.79038822894879,129.16120498525896,133.54951575537146,18680400
2023-08-25,129.54782104492188,130.25160744210342,126.92097197153018,129.00262481267583,20678100
2023-08-28,130.63821411132812,132.07555393086145,129.7064419504628,130.92568812540873,16715500
2023-08-29,134.30587768554688,136.09509545592343,131.8178043893319,131.8356524007701,30803300
2023-08-30,135.73329162597656,136.050502242963,133.8409787387966,134.3851918800884,21773400
2023-08-31,136.1496124267578,137.19042367330252,135.62424566169528,135.85223130255977,28147900
2023-09-01,135.60440063476562,137.36884261000333,134.75191624360568,137.22014450227826,16671600
2023-09-05,135.51519775390625,136.16941803478468,134.37523937162146,135.24755324670113,17730200
2023-09-06,134.18692016601562,136.2784802876392,133.51287033082474,135.81754781574244,15814300
2023-09-07,135.00965881347656,135.3863425926654,132.78924527408853,133.4236513032612,16976000
2023-09-08,136.00091552734375,136.3131649542935,134.6825374610183,134.6825374610183,17810700
2023-09-11,136.53619384765625,137.05561628167808,135.35659171654487,136.17933954854215,17180800
2023-09-12,134.8808135986328,136.4370846042188,134.7420226183988,135.93154723146802,15212900
2023-09-13,136.29827880859375,136.49652782541105,133.75073280992834,134.7122564231943,16394900
2023-09-14,137.7752685546875,138.3303718784946,135.86212839360462,137.18050635036207,19064600
2023-09-15,137.09130859375,138.14204213827068,135.98108672322883,137.58693876572636,48958800
2023-09-18,137.7455291748047,138.70703768920123,136.42715124467608,136.42715124467608,16233600
2023-09-19,137.61666870117188,137.95865471330762,136.2982906925125,137.04173591447164,15479100
2023-09-20,133.4137420654297,137.62659903255962,133.34436169825574,137.61669187308746,21473500
2023-09-21,130.21197509765625,132.02598356101475,129.94433053737467,131.23297216508357,22058400
2023-09-22,130.10293579101562,131.84754876103784,129.36939760311375,130.52917052997012,17348700
2023-09-25,131.014892578125,131.06445862598295,128.89359580853846,129.62713399070734,14650000
2023-09-26,128.31863403320312,130.2565496022058,127.06965158578622,129.76984349027143,20378800
2023-09-27,130.31109619140625,130.5688184450136,128.24927278624833,128.30874598897057,18764200
2023-09-28,131.96649169921875,133.00730293848116,129.54781408996493,129.54781408996493,18201400
2023-09-29,130.6976776123047,133.71110229233557,130.17231085929086,132.90818386321752,23237300
2023-10-02,133.98867797851562,134.17701989078594,130.91081840688267,131.0000282204524,19210400
2023-10-03,132.135009765625,134.0580572950464,131.65424788326965,133.75075387633277,19628700
2023-10-04,135.07907104492188,135.37645221665107,132.26387976137815,132.49188056411685,22848000
2023-10-05,134.801513671875,135.3070510548357,133.27992525518349,134.94028952947798,15922900
2023-10-06,137.51756286621094,137.96958648068158,133.76069228278004,133.76069228278004,20826700
2023-10-09,138.2808074951172,138.74670103147935,135.50527571744075,136.78400993441136,16599100
2023-10-10,137.98342895507812,139.50997826762912,137.2201542988026,138.29071722404535,19554900
2023-10-11,140.46157836914062,140.97703794882742,138.617833647022,138.62775593007828,20146300
2023-10-12,139.06390380859375,141.13564937526945,138.23124876887368,140.91757089456675,18173100
2023-10-13,137.36886596679688,140.10473918421,136.7641965269364,139.42076709849843,19438700
2023-10-16,139.2621612548828,139.67352761315328,138.10238855005858,138.508793766824,17345600
2023-10-17,139.75779724121094,140.01551947792626,137.3183070583131,138.80618068372837,17424000
2023-10-18,138.062744140625,140.74906641830466,137.4927724487628,139.51989810529398,18304900
2023-10-19,137.76535034179688,139.7726614966231,137.38868171833207,138.578191036693,21831200
2023-10-20,135.54495239257812,137.82483920973235,135.05426820982132,137.37877505530798,24970300
2023-10-23,136.69480895996094,137.80503094076985,133.92919898079168,135.03940583616657,20780700
2023-10-24,138.89537048339844,139.48022548030156,137.53734888767212,137.9437691883623,26535200
2023-10-25,125.56295776367188,128.9629889284556,124.98802489505022,128.63587116913118,58796100
2023-10-26,122.36117553710938,124.36351804308872,121.25096126324286,123.38217245013502,33907400
2023-10-27,122.32152557373047,123.35243721888715,120.39847812385011,122.94601685567899,37367700
2023-10-30,124.6509780883789,125.44398932396777,122.79731867375142,123.37225144141757,24165600
2023-10-31,124.2049331665039,125.45391584567491,122.84195009432155,125.16644941747043,21123400
2023-11-01,126.45508575439453,126.62359820311676,123.8332053897384,124.24457179023194,26536600
2023-11-02,127.45626068115234,128.9530584004685,126.99036709542112,128.4276916123772,24091700
2023-11-03,129.2305908203125,129.58744510668097,127.88247630796835,127.96177894109807,19529400
2023-11-06,130.30117797851562,130.41021722872426,128.79445791893266,129.0819319083161,15360400
2023-11-07,131.2428436279297,132.11515743873753,129.99386122871593,130.8265161615251,19223800
2023-11-08,132.0953369140625,132.37288857706253,131.0049597023999,131.20320872948116,15093600
2023-11-09,130.53907775878906,132.78924298577664,130.36064303077296,132.1944807262997,17976500
2023-11-10,132.8883514404297,133.09652275555325,129.72622870994,130.3804641284065,20872900
2023-11-13,132.47201538085938,132.9379088949447,131.60962382839233,132.19446372890604,16409900
2023-11-14,134.2463836669922,136.0405776289328,133.91928105766561,134.46446215683176,22317300
2023-11-15,135.18809509277344,135.64406639607702,134.14726867154909,135.4458173457088,15840900
2023-11-16,137.48780822753906,137.66624295668237,134.89071093731067,135.76302488993875,17615100
2023-11-17,135.74317932128906,136.7939127527996,134.29593271958436,136.61549317028536,25565300
2023-11-20,136.71463012695312,137.21522146020882,134.30587465790438,134.31578181657258,19569400
2023-11-21,137.40850830078125,137.75049434008739,136.5015117131212,136.73445850619305,17648100
2023-11-22,138.79627990722656,139.8668429115791,137.7851901044326,137.88432219065203,17306400
2023-11-24,137.01199340820312,138.45626032314533,136.26854821829843,138.3204490772112,8828600
2023-11-27,136.843505859375,138.4096991592382,136.3379533580507,136.3677050864526,17886400
2023-11-28,137.40850830078125,137.44816718601172,135.84231509370323,136.4271702101053,17046900
2023-11-29,135.20790100097656,138.44932646818887,135.103822902957,137.7703155720554,21014700
2023-11-30,132.74957275390625,135.76301242702735,131.62944381532944,135.2078939737662,29913500
2023-12-01,132.15484619140625,132.33326580644277,130.9970396237393,132.15484619140625,24268000
2023-12-04,129.48834228515625,130.30116789390306,128.2690811838875,130.14654059904797,24117100
2023-12-05,131.23294067382812,132.37288388319715,128.59618484339447,129.23059078281761,19235100
2023-12-06,130.28134155273438,132.14491586535502,130.16239514994845,131.73849548859283,16360600
2023-12-07,137.239990234375,138.7764467773536,135.03939108258524,135.4061676915051,38419400
2023-12-08,135.44583129882812,136.78403899617842,134.38519045110684,134.47440026414765,23016100
2023-12-11,133.5227508544922,133.61196064568915,131.72857224618667,132.65045213151473,24502900
2023-12-12,132.47201538085938,133.36414352993353,131.66909702160652,132.10525393908478,26584000
2023-12-13,132.7991485595703,133.6020670124811,131.7880587806967,133.3691202282659,25414500
2023-12-14,132.035888671875,133.85485824946784,129.91459191779703,133.59217483571874,29619100
2023-12-15,132.67030334472656,133.6516566971238,131.47088659500946,131.75834548840365,58594000
2023-12-18,135.9910125732422,137.17061483354962,132.6009039230718,132.69011372626323,25699800
2023-12-19,136.89306640625,137.5572090549096,136.24873807515044,136.79393431671676,20661000
2023-12-20,138.43942260742188,141.82754972090044,138.19160752261357,139.10356521965628,33507300
2023-12-21,140.5607147216797,140.78870035743472,139.24531640687348,139.53971781431304,18101500
2023-12-22,141.47265625,141.99802294335112,140.8134597500395,140.88781636501372,18513500
2023-12-26,141.57180786132812,142.68697573470902,141.25459729491448,141.73039801910264,11170100
2023-12-27,140.203857421875,142.06743160168645,139.81824966799448,141.58170861587152,17288400
2023-12-28,140.04525756835938,141.0266107357022,139.59721201537732,140.61028321406857,12192500
2023-12-29,139.6983184814453,140.19890981487515,138.67732149724236,139.45050338575658,14881000
2024-01-02,138.3402862548828,139.38607374573135,136.53620035836758,138.37994513747063,20071900
2024-01-03,139.13330078125,139.85691658836782,137.2201604755854,137.38868804237762,18974300
2024-01-04,136.83358764648438,139.40590975780026,136.80385104263146,138.62778178973699,18253300
2024-01-05,136.1892547607422,137.59684260010025,135.65398084312855,137.14285275474793,15439500
2024-01-08,139.3018035888672,139.41084282284535,136.6749699413446,136.79391633280034,17645300
2024-01-09,141.31407165527344,141.55197958203743,138.56827627825632,138.83592080518676,19579700
2024-01-10,142.5432586669922,143.26191343276338,141.2149732667755,141.2744464749293,16641900
2024-01-11,142.41439819335938,145.37827261620907,140.9721123105669,143.62869838991273,17471100
2024-01-12,142.97940063476562,143.4750308177579,142.1070866725607,143.07851759610438,13998700
2024-01-16,142.82080078125,144.56541364661942,141.80574807079444,142.17647244358,19198900
2024-01-17,141.64120483398438,142.15666450215429,139.28200012720103,141.6610342780693,17884500
2024-01-18,143.72283935546875,144.31264045636914,142.09717303440206,142.1863828331688,18876800
2024-01-19,146.67678833007812,146.74616868610383,144.52575528637146,145.02633145438332,27181000
2024-01-22,146.41908264160156,148.70393063932232,146.29021394743646,147.41034305718892,21829200
2024-01-23,147.3805694580078,147.55900417155925,145.90360133824257,146.42896807050465,14113600
2024-01-24,149.03599548339844,150.24533428643957,148.53044303883223,148.97650715870722,19245000
2024-01-25,152.29727172851562,153.40747871481173,149.8984229900197,150.41388271598677,21495100
2024-01-26,152.44593811035156,152.76314871489296,151.46459994409915,151.53398031044625,19494500
2024-01-29,153.4867706298828,153.8436250112732,151.58355230427898,152.29726106705976,20909300
2024-01-30,151.71241760253906,153.68501625293163,151.43981189866818,152.66401918126252,26578900
2024-01-31,140.5607147216797,144.3175846344028,140.31289964464057,144.11933559785788,43908600
2024-02-01,141.4627685546875,143.35606429240525,141.0166893051946,142.43419944437557,25526900
2024-02-02,142.28549194335938,142.62253192916722,136.9624291544448,139.6586582883197,42136100
2024-02-05,143.66336059570312,145.3881591138549,142.65228589150018,142.78113945648695,29254400
2024-02-06,144.13917541503906,145.45755353484284,143.2569542822901,144.68437164885762,21517700
2024-02-07,145.39805603027344,145.7152665919054,143.9409172797519,144.8429526728496,21436100
2024-02-08,145.93333435058594,146.3199252407787,145.1403231301972,145.6855192895539,18241300
2024-02-09,148.90716552734375,149.37802035298563,146.14154003909067,146.65699977577714,21877700
2024-02-12,147.43014526367188,149.27389009021647,147.26163282191752,148.23306371426781,17236100
2024-02-13,145.09075927734375,146.74616209490932,143.84177679609311,144.79339329997302,18138500
2024-02-14,145.85403442382812,146.53800642504368,144.28288025252638,146.08202004908955,16651800
2024-02-15,142.6820068359375,143.49483239867624,140.64001308331868,143.19746641562028,26724300
2024-02-16,140.52108764648438,143.21731750500442,140.2831947989555,142.94968805153442,21865100
2024-02-20,140.9571990966797,142.07632969777012,139.5694408502944,139.70821667493294,18625600
2024-02-21,142.58287048339844,142.7216463131413,140.66974546441276,141.3933612105411,16440800
2024-02-22,144.04995727539062,144.92225607359086,142.751393548008,144.8429534327668,23024700
2024-02-23,144.02023315429688,144.67942986511667,143.52460289822457,143.70303765563685,14519400
2024-02-26,137.53736877441406,142.58288015016095,137.52746161641468,142.19628923213662,33513000
2024-02-27,138.8755645751953,139.26215546071884,137.28954215357376,138.1915925949389,22364000
2024-02-28,136.22889709472656,138.06273471774827,135.44580810529465,137.88431512221896,30628700
2024-02-29,138.55836486816406,138.72687730574705,136.36768805415343,137.14086988561976,35485000
2024-03-01,136.8732452392578,138.7764634949942,136.76916712675813,138.38987252313265,28551500
2024-03-04,133.0271453857422,135.43591607241564,131.69886005257868,135.34669113925463,43571500
2024-03-05,132.6107940673828,132.84870197080213,130.40028796113228,131.57989007009436,28447600
2024-03-06,131.40147399902344,133.5624294999881,130.79680456015242,133.06679930830475,23175200
2024-03-07,134.0580596923828,134.63299252979053,131.50060608823114,132.7198521246574,24107300
2024-03-08,135.098876953125,137.7703310643451,133.6219085970361,133.85485540242,26495200
2024-03-11,137.72572326660156,138.756627433927,135.87207114702375,135.87207114702375,22536400
2024-03-12,138.39974975585938,139.05398514382955,137.00208431392602,137.0417280683041,19019700
2024-03-13,139.53973388671875,140.94732187137737,138.78636628546928,138.8359323316726,19637000
2024-03-14,143.07850646972656,143.46509737738032,140.24846258003785,141.05634213556044,36117900
2024-03-15,140.92747497558594,143.07850801061278,139.8965709192175,142.15664319221491,41039500
2024-03-18,147.18234252929688,151.59344836130646,146.84531761751043,148.06456369569878,47676700
2024-03-19,146.62721252441406,148.31235190317517,145.72516207813356,147.67794595615578,17748400
2024-03-20,148.37185668945312,148.45115934039495,146.37446749049823,147.48963549519738,17730000
2024-03-21,147.44007873535156,149.98264898003012,146.71644774619688,149.0062719972135,19843900
2024-03-22,150.44358825683594,151.22667728180076,148.77826299583788,148.9269611242915,19252900
2024-03-25,149.82899475097656,150.13232017384,147.49954202085928,149.63074570752036,15114700
2024-03-26,150.37417602539062,151.8610663917434,149.71003347680477,149.91820478328378,19312700
2024-03-27,150.61209106445312,151.35553628285044,148.81791235745666,150.81530123920018,16622000
2024-03-28,150.92929077148438,151.33571113250116,150.00742593474266,150.6715685336219,21105600
2024-04-01,155.1322479248047,155.62787810986796,150.3246290795178,150.50306381136565,24469800
2024-04-02,154.50775146484375,154.62671299641144,152.11882543085358,153.3975446730995,17598100
2024-04-03,155.00338745117188,155.18182219247618,152.7849552165056,153.56606286340192,17266200
2024-04-04,150.61209106445312,154.81502501884967,150.5526178670504,153.7246477737926,24184800
2024-04-05,152.59461975097656,153.4867480102606,149.7605977156856,150.35436169361876,16297300
2024-04-08,154.77537536621094,155.28587379171236,152.64417187149968,152.6689473276631,16641500
2024-04-09,156.75794982910156,158.49265586969665,155.2710589371629,155.97486061453918,21521500
2024-04-10,156.28211975097656,156.77774995559685,154.83487289829455,156.50019825104417,16339200
2024-04-11,159.38475036621094,159.7118681077326,156.54974506512292,156.95616545235586,17841700
2024-04-12,157.7987518310547,160.2868100897842,157.21391180167973,158.0118691955065,16989800
2024-04-15,154.96371459960938,159.42438566421956,154.78527989180094,158.87918950901437,21140900
2024-04-16,154.63662719726562,155.85587329196875,153.69493281313825,154.27977283717766,15413200
2024-04-17,155.5089111328125,157.29416574108782,154.7704119694723,155.8161993868303,16237800
2024-04-18,156.08383178710938,157.0998674031398,154.8447565844236,155.5535039702567,14016100
2024-04-19,154.3590545654297,156.6092196733784,152.56487584901492,156.37131175708697,21479900
2024-04-22,156.569580078125,157.79378729999874,154.2996003749343,154.64653244615164,17243900
2024-04-23,158.5223388671875,159.07744219237898,156.5844232450211,157.20396090714215,16115400
2024-04-24,159.69204711914062,159.97950596308132,157.43197474980064,157.69960415178363,19485700
2024-04-25,156.569580078125,156.8966978312844,151.43287693866006,152.01969838728104,36197800
2024-04-26,172.1719970703125,174.87813334641962,169.9020026034733,174.4518986946017,56500800
2024-04-29,166.4326171875,169.8822143128753,165.5999620712095,169.27754485630953,35914600
2024-04-30,163.20111083984375,168.38539847095555,163.0623349895508,165.91716976750044,29420800
2024-05-01,164.1230010986328,167.3346752985053,163.45884328217022,164.72765545688625,25223200
2024-05-02,166.98773193359375,167.05711229565978,164.24193641851772,165.21336736547428,17041100
2024-05-03,167.51307678222656,168.36556121084215,163.53811345935839,168.05825782488054,22767100
2024-05-06,168.34573364257812,168.4151139963253,166.42268629672802,167.74106427223794,15147900
2024-05-07,171.46820068359375,171.9539236707203,168.5142492552982,168.63319564992852,21102400
2024-05-08,169.66412353515625,170.40657051209982,169.03169895380995,169.2577031653874,14569900
2024-05-09,170.08045959472656,170.93294413546204,168.44487087535623,169.65420976164222,11937700
2024-05-10,168.8017120361328,169.84253838981095,166.4425227766186,168.2069649236253,18740500
2024-05-13,169.40638732910156,169.45595337156058,164.31130974822378,164.39755496461115,19648600
2024-05-14,170.42738342285156,171.26996076413488,168.93058575085828,170.09035853651122,18729500
2024-05-15,172.3603515625,172.52490114080777,170.52651389606083,170.79415842112346,20958200
2024-05-16,173.8968048095703,174.79885540418152,172.52887574209583,173.07407198748905,17247300
2024-05-17,175.7405548095703,175.94376501257588,173.45074563855394,174.0157713433158,16546400
2024-05-20,176.9003448486328,178.3773132245482,175.6761375997238,175.76038626691462,17495100
2024-05-21,177.9708709716797,178.2484377763249,175.7603646960069,176.84083481333153,14706000
2024-05-22,176.44435119628906,177.28891001821344,175.23501229827983,176.84084930610737,16189400
2024-05-23,173.530029296875,178.33764790175584,173.01456969506367,177.21751889938662,14928400
2024-05-24,174.78895568847656,175.7544423917056,173.66882654800892,174.97729759267207,11403600
2024-05-28,176.46417236328125,176.9498802562141,174.14461164078753,174.20409996736032,15655300
2024-05-29,175.8495635986328,176.67231142726126,174.71952751030375,175.2647236769167,15023800
2024-05-30,172.04315185546875,175.14580173410954,171.71603410983985,175.14580173410954,18826300
2024-05-31,172.4396514892578,172.89562276507053,169.47577769474688,171.88453300608919,28085200
2024-06-03,172.89566040039062,174.32307798838966,170.94287593978578,172.3603863676087,20742800
2024-06-04,173.5994110107422,173.65888420518954,171.70610031853715,172.92534618100026,14066600
2024-06-05,175.52244567871094,176.41457378213167,173.75798865954332,174.99211785730546,15233900
2024-06-06,176.79129028320312,177.1481446158565,175.6612540840396,175.87931744664135,14255800
2024-06-07,174.41229248046875,177.8519678331821,174.2536871607882,176.9003661659704,14716300
2024-06-10,175.28553771972656,177.1115284267045,173.0526642046573,175.10689996434684,17099800
2024-06-11,176.8336944580078,177.03216911288987,174.10462631110417,176.36727069057991,14402400
2024-06-12,178.19325256347656,180.6940754855594,176.42680248353363,178.38180877582633,18600400
2024-06-13,175.3947296142578,177.15124616299806,175.31533672588867,176.48634775838215,15956900
2024-06-14,177.01229858398438,177.3695589824505,174.51347462372152,174.51347462372152,12361600
2024-06-17,177.419189453125,178.55051157567502,175.14662677579585,175.63288737998164,15272900
2024-06-18,175.10691833496094,177.54820029698303,174.2832342014271,177.42910340002112,15640300
2024-06-20,176.35733032226562,177.37948905328443,175.11684495523858,175.36494202864398,16753200
2024-06-21,178.88790893554688,181.12276628974172,176.70465771104568,177.13139255285805,58903200
2024-06-24,179.41390991210938,180.69409955456464,178.8581747759864,179.90018572754036,18198300
2024-06-25,184.1674346923828,184.33613889740573,179.72649069957316,179.76619471407545,18797000
2024-06-26,183.95901489257812,184.5147499194687,182.58952933135316,182.79792239511522,13375700
2024-06-27,185.4376983642578,186.07282633912286,184.0384270759527,184.23195008381518,13025700
2024-06-28,182.02386474609375,185.15981548718554,181.92958664381152,184.30636092201863,23032400
2024-07-01,183.0857391357422,183.92926017987347,181.33912588173848,183.0758055605703,11815900
2024-07-02,185.18959045410156,185.5269988586025,181.66660878583306,182.07349164324893,12555500
2024-07-03,185.96365356445312,186.19189864656363,183.9739100635362,184.88195388983746,7409100
2024-07-05,190.49888610839844,190.79659051769158,185.89420448537044,185.89420448537044,14303400
2024-07-08,189.03013610839844,190.22001487481134,187.87897708549795,189.9084095240103,12097600
2024-07-09,188.9904327392578,191.39201063945714,188.78202453077694,190.29045900638715,10198500
2024-07-10,191.1935577392578,191.83860415893716,189.16907687084597,189.2980922118401,12052900
2024-07-11,185.8743438720703,190.94544902508252,185.39800169660828,189.88358620561152,16452000
2024-07-12,185.35830688476562,187.2537723910623,184.72317890506855,185.4972406571167,14449100
2024-07-15,186.757568359375,188.45454397934785,185.07051117167492,185.07051117167492,12186000
2024-07-16,184.08802795410156,188.8911836476183,183.71091555792967,187.52169810323235,12760100
2024-07-17,181.22998046875,183.82011502293128,180.2375919827441,183.2742983270987,17376600
2024-07-18,177.85585021972656,182.64908800777448,176.85354338730252,182.14296023259445,17877200
2024-07-19,178.02455139160156,180.584915236441,177.49858676010902,178.9970877668422,14485900
2024-07-22,181.95440673828125,182.89717262519915,180.5154315426945,180.96201840623203,16303900
2024-07-23,182.2025146484375,183.8101789962444,181.9345655429213,182.44067817098954,23772600
2024-07-24,173.04275512695312,176.5955073065291,172.2488565455475,174.05499550368356,31250700
2024-07-25,167.87240600585938,173.86642458738928,167.76324268875095,172.92365874471295,28967900
2024-07-26,167.3960418701172,168.54721586835882,164.60248168072974,167.48536832056084,25150100
2024-07-29,169.82742309570312,170.84958188427728,168.42815188867243,169.20221358987143,13768900
2024-07-30,170.5518798828125,171.63357966072712,168.82511852582647,170.52210944067878,13681400
2024-07-31,171.83204650878906,174.57104820170923,170.41293835612595,173.58857822803412,15650200
2024-08-01,171.1373748779297,174.3427851386435,169.2121389779332,170.6709511230792,17177800
2024-08-02,167.11819458007812,168.91443024023945,165.12349941812474,166.90980150334516,18907800
2024-08-05,159.4172821044922,164.6769439873793,155.4080393763875,156.17216759025874,34907800
2024-08-06,159.31800842285156,161.11424393639928,156.92636416723713,159.7199396090336,36146500
2024-08-07,159.52642822265625,163.53567051802347,159.0203156124621,161.99748068038102,19334200
2024-08-08,162.5928955078125,164.2402637207567,160.79667510686167,161.1082804298322,15733600
2024-08-09,164.13111877441406,164.26013411355729,159.7050597963025,160.41462901894477,13549200
2024-08-12,162.7020721435547,165.4311401931017,162.3051228479513,164.7315045669186,12435000
2024-08-13,164.6669921875,165.27234968869269,163.5158332061315,163.92766770996963,12717600
2024-08-14,160.79669189453125,163.70439779253212,158.3157208844414,162.96010648950516,22515900
2024-08-15,161.92800903320312,162.27535102087091,160.26080383474527,160.97532467484004,18392500
2024-08-16,163.48605346679688,165.67922312285262,161.8386852598682,162.1661752149307,16853100
2024-08-19,167.11819458007812,167.18766903408562,164.82577988014722,165.72885692637598,13100800
2024-08-20,167.6739501953125,169.1129103422226,167.37623064772708,167.45562353659287,12622500
2024-08-21,166.35409545898438,167.35640243094142,165.30216603160133,165.71896740041458,15269600
2024-08-22,164.23036193847656,168.13044108607062,163.77385661123697,167.7533286480312,19123800
2024-08-23,166.1555938720703,166.67164011519517,164.39907718701505,165.2823023175278,14281600
2024-08-26,166.65176391601562,168.0907390993711,165.05403325193555,166.8750573458864,11990300
2024-08-27,165.11358642578125,166.9643810958716,164.89525976691422,166.3342199147958,13718200
2024-08-28,163.24789428710938,166.11589620109805,162.03717920925232,165.51053866216952,15208700
2024-08-29,162.15625,166.35406361458502,160.74904404943624,164.7960066398147,17133800
2024-08-30,163.85324096679688,164.02194516906894,162.16618380143169,162.97001594158164,18498800
2024-09-03,157.40272521972656,162.136422142404,156.6534671297475,162.07191447337993,26533100
2024-09-04,156.6088104248047,159.1790927374386,156.24163156375562,156.8717927441646,17410700
2024-09-05,157.39279174804688,159.78940284974598,156.3210105580023,156.57902606679968,14139500
2024-09-06,150.9720458984375,158.00807572942523,150.77852289996548,157.48211111057333,24999100
2024-09-09,148.5970916748047,153.66494046797735,147.26554447937025,152.6613143274025,28057700
2024-09-10,149.0641326904297,151.33970198649348,148.60008200807764,150.4950554479833,20401800
2024-09-11,151.19065856933594,151.51857967461174,147.76241452338604,150.1373445016751,18991500
2024-09-12,154.5592803955078,154.6288463085895,152.53214970291273,153.8338874470031,20980800
2024-09-13,157.37142944335938,158.27072196046186,155.12568481343916,155.37609479354282,16733900
2024-09-16,157.98753356933594,158.23595725653453,156.61622996397466,157.33169139611283,14157600
2024-09-17,159.26939392089844,160.5711316223217,158.4048843371456,159.08058949166997,12064800
2024-09-18,159.7960205078125,160.6108573288234,158.65327782354925,159.83577678143905,16756500
2024-09-19,162.2107391357422,163.94970497705023,161.49726398871067,163.7807786862612,17548200
2024-09-20,163.60191345214844,163.7112204881126,162.15111235322257,163.48267492658013,46362700
2024-09-23,162.04180908203125,165.55948180208398,161.92255540227154,164.2974852324615,15648400
2024-09-24,162.6082000732422,163.51246588910374,161.00835100001706,163.21435444664,18774100
2024-09-25,161.9622802734375,163.18153329786793,161.74862442148446,161.9424021369028,13607900
2024-09-26,162.7969970703125,164.4564653238597,162.46907601481004,163.98942762322687,18234500
2024-09-27,164.247802734375,165.91721784138522,162.79701685351148,162.8765142550433,13604300
2024-09-30,166.1358184814453,166.30474476008433,163.60189397670442,163.74101062749995,14070100
2024-10-01,167.35806274414062,169.3653303219186,164.85394780689333,167.79529084648613,18629500
2024-10-02,166.2550506591797,167.81515854891808,165.20173674862934,166.70221022237482,12745000
2024-10-03,166.15570068359375,166.85128395457937,164.32729087654542,164.77446563028727,11004300
2024-10-04,167.49717712402344,168.48094034094336,165.90727469285602,168.27225778126535,11422100
2024-10-07,163.3534698486328,168.82872214427357,163.09511468718185,168.0735196367093,14034700
2024-10-08,164.65518188476562,165.05266879744005,163.2739470836946,164.38688011403232,11723900
2024-10-09,162.0318603515625,165.2116804570834,160.10409014811532,163.8155405735455,19666400
2024-10-10,162.15109252929688,163.2749731131795,160.62080937546463,161.08784709361515,12900500
2024-10-11,163.48265075683594,164.227921756614,161.47538328524539,162.3001516778424,10946000
2024-10-14,165.30111694335938,166.5630982764717,163.7410090096024,163.8701941706996,9981800
2024-10-15,165.84762573242188,168.02381937255288,165.00299440439662,166.08611789934602,14829300
2024-10-16,165.68865966796875,166.22524813421248,164.1742668836848,164.98312975972647,9968500
2024-10-17,163.4727325439453,166.87116707461786,163.33361587295568,166.3246470431028,15113400
2024-10-18,164.00930786132812,165.32097693755154,163.7111964286391,163.8304349366838,13091300
2024-10-21,164.75457763671875,165.1719275743492,163.26899380968084,163.54226893868767,11384000
2024-10-22,165.76815795898438,166.41405345217532,163.6317052457798,163.6615148739223,11958600
2024-10-23,163.44288635253906,166.54322386801542,162.60122689067086,165.38058782310145,12754300
2024-10-24,163.4925994873047,164.00932501383429,161.743702148577,163.55221874756216,12764400
2024-10-25,165.9370880126953,166.34449132743282,164.188175588151,164.3223340804208,14566400
2024-10-28,167.278564453125,169.53028310313923,164.7446399008579,169.51437755878808,20858300
2024-10-29,170.06089782714844,170.7763591714636,167.596539398161,168.3169589050581,28916100
2024-10-30,175.02938842773438,182.63114701645532,174.6368747654501,181.25985860515516,49698300
2024-10-31,171.6011505126953,177.29501724138538,171.47196534188345,173.61834966228074,32801900
2024-11-01,171.5614013671875,172.72403762769548,169.23615917133026,170.4583995313199,21752900
2024-11-04,169.6038055419922,170.8359924388659,168.41634825006253,170.1602873152299,16194000
2024-11-05,170.32919311523438,171.01185778006243,169.29574225177902,169.75284843418737,12518300
2024-11-06,177.20559692382812,177.51363988828442,173.93633251458024,174.244390641616,27061500
2024-11-07,181.1306610107422,181.42877244059756,177.76203672730395,177.98065076502607,16730400
2024-11-08,178.72593688964844,181.20024225557705,178.43777208602387,180.85244303087092,15021500
2024-11-11,180.82261657714844,180.93689692036529,178.8551054167185,178.93460280818536,12503400
2024-11-12,182.1641387939453,182.86468028787473,179.84882808052313,180.23636844767915,14065800
2024-11-13,179.35195922851562,181.46356043501584,178.98428188436048,181.00148088274037,13969700
2024-11-14,176.23178100585938,179.30726766257513,174.92009657573834,178.6166424900691,17925800
2024-11-15,172.79356384277344,174.77102167495158,171.65577921140778,174.53252949799358,21708900
2024-11-18,175.68524169921875,175.79454873249418,173.32024324975703,173.8518736008048,18662800
2024-11-19,178.44769287109375,179.03396909464578,174.01183532108044,174.13008826339362,15392900
2024-11-20,176.2118682861328,177.9806434917281,174.2244790517492,177.70241021192052,15729800
2024-11-21,168.1728973388672,174.47291812977846,164.26766926353412,174.34870629164894,38839400
2024-11-22,165.51974487304688,167.20404962117405,164.66516676560292,166.10602114746408,24497000
2024-11-25,168.36170959472656,169.38522923029993,166.34451028095663,166.93080176057555,21395700
2024-11-26,169.54417419433594,170.41365700212847,168.36167514972576,168.42130956453894,14937500
2024-11-27,169.74293518066406,170.06090959871608,168.60017718317584,169.60380336720524,12433400
2024-11-29,169.41500854492188,169.79260220629044,167.68597437286056,168.98771195531307,9250700
2024-12-02,171.8893280029297,172.5054291100734,169.19642349597865,169.24611127015507,16593400
2024-12-03,171.92906188964844,173.2208680370488,171.42226788668225,172.02842226247745,15721500
2024-12-04,174.9796905517578,175.31754310005746,171.66075399770924,171.69056362476053,18239800
2024-12-05,173.21090698242188,176.58947779179547,172.9127955635688,176.2019374960595,16145500
2024-12-06,175.37718200683594,175.72398048464535,172.45571718039272,172.78363824893,13319500
2024-12-09,176.18299865722656,177.11811867317988,174.49178895611797,174.8051603440267,19887800
2024-12-10,185.5641632080078,187.05639634280428,181.72414933394035,183.57949799625823,34317400
2024-12-11,195.69146728515625,195.8705279817249,185.2955639139752,185.73328807862885,41664500
2024-12-12,192.62741088867188,195.68648585481125,192.27921707668364,195.28358411282017,25197800
2024-12-13,190.3890380859375,193.33370268775937,190.26964912439732,191.71215315964693,18883200
2024-12-16,197.13394165039062,199.60109609130157,193.10490930009604,193.358593781121,32248600
2024-12-17,196.09930419921875,201.82948852957173,195.6715380333291,197.50200683673464,24129500
2024-12-18,189.1654052734375,197.66119401544614,188.29991495415683,195.81082440955737,27638400
2024-12-19,188.7177276611328,193.59236449918322,188.53866698999136,192.2791921916972,26981200
2024-12-20,191.96084594726562,193.12974956909466,185.40495790370446,186.04164333057025,45319700
2024-12-23,194.97515869140625,195.47256966448316,190.6377343989845,193.02530099784235,15235900
2024-12-24,196.54701232910156,196.64648543262288,194.18728504562904,195.15425226177604,6809800
2024-12-26,196.07943725585938,197.13394622767794,194.8557951729105,195.72130070130024,7907900
2024-12-27,193.03526306152344,195.7809816226149,190.9779778716318,195.45268852597223,14693000
2024-12-30,191.6922607421875,192.7766131193924,189.37432357435688,189.87671356058155,12209500
2024-12-31,189.4539031982422,192.24935057604253,188.59835567516282,191.44852615618527,14355200
2025-01-02,189.64292907714844,192.199613809401,187.73287259466875,190.49349766533388,17545200
2025-01-03,192.1300048828125,193.492906357984,190.35922268682373,191.7271031302285,12875000
2025-01-06,196.9349822998047,198.52668849297285,194.0499892088086,194.13951955134468,19483300
2025-01-07,195.69146728515625,201.09334414857855,194.92544999701238,197.24338737454207,16966800
2025-01-08,194.37828063964844,196.6166302624817,192.74677307730784,192.94573445227036,14335300
2025-01-10,192.16976928710938,196.59672427483025,190.60790659696045,194.40811884964256,20753800
2025-01-13,191.29432678222656,191.49330333757615,187.6831330352865,190.3592067990712,13169100
2025-01-14,190.0607452392578,192.2692512832205,188.65804258272874,191.5032340964964,13651200
2025-01-15,195.96005249023438,196.77581389637504,192.32895790673442,193.34368069639362,12894900
2025-01-16,193.40335083007812,195.96003550523864,193.29391980166088,194.81101729674714,13449600
2025-01-17,196.527099609375,197.7805699314551,194.29869274589717,197.02451063588327,22109100
2025-01-21,198.59632873535156,202.78452102376292,198.40731011895576,199.4717618084452,19005200
2025-01-22,198.9942626953125,201.07343723329433,198.1685585338646,199.51157443569275,15477400
2025-01-23,198.54656982421875,200.8943502715053,195.80086666238674,198.94449253876417,15170800
2025-01-24,200.85458374023438,201.5211279313994,198.74954276629634,198.81521049963683,12732400
2025-01-27,192.7666778564453,197.64129995540554,191.70221094916442,193.18450130666076,24970200
2025-01-28,196.04959106445312,196.20875105775642,191.6126779883814,193.64210831596336,15939200
2025-01-29,196.1590118408203,197.43239807765912,194.17932560262406,196.34803046612717,12287800
2025-01-30,201.58078002929688,202.18563348536375,198.43912752144243,198.7256306617779,14571500
2025-01-31,204.53543090820312,206.00776337361216,202.5258860052901,202.66018152477574,17060300
2025-02-03,201.59072875976562,204.15737133226068,200.61580745355215,201.1679263753053,16719500
2025-02-04,206.63449096679688,207.61935506351793,203.20234281222488,203.44110556464975,28285400
2025-02-05,192.2991180419922,193.5426456868838,188.92667167623742,192.1001566547657,43666400
2025-02-06,192.3090362548828,192.82634793947418,189.5036461395329,190.00105713400717,20816600
2025-02-07,186.17100524902344,192.01558502568938,184.14157486525048,191.7420150229491,29565700
2025-02-10,187.22549438476562,189.0062342371054,186.63855305725247,188.08104189834265,16606000
2025-02-11,186.10137939453125,187.82241739440514,185.11650004096026,185.86759559150192,13028100
2025-02-12,184.46983337402344,185.86259326075307,182.6791659450235,184.27087201299886,17632300
2025-02-13,186.90716552734375,187.01659655647276,183.92269947449384,184.96725044916784,12729300
2025-02-14,185.90240478515625,187.17577588491002,185.146345438359,185.86261857944308,12714200
2025-02-18,184.8379364013672,186.8076797724687,182.62943027809777,186.46944392506552,19796000
2025-02-19,186.16104125976562,186.38984606394857,184.53947658106588,185.2209272059834,13120500
2025-02-20,185.67361450195312,186.15112490684555,183.64418389632377,185.53434000136858,12063800
2025-02-21,180.63978576660156,186.4992869075997,180.1921188897077,186.32021104897444,19520800
2025-02-24,180.25181579589844,184.13161585087974,179.94342337867946,182.84830204185678,18734000
2025-02-25,176.45156860351562,179.82401448689754,175.8546845272106,179.22215144319523,20832500
2025-02-26,173.79539489746094,177.15789800922562,172.6911419050031,176.02878053946148,23637200
2025-02-27,169.3286590576172,175.67561308631582,168.8730228102201,175.0289848591496,25930500
2025-02-28,171.32826232910156,171.60681130117902,167.5180918855945,169.418205729236,30049800
2025-03-03,167.7866973876953,174.09386579684514,166.77197460528376,172.83043749186666,24122000
2025-03-04,171.7162322998047,174.25799531635866,166.67247728926768,167.07041521167136,30711400
2025-03-05,174.0839385986328,174.83999799008473,170.0449478001638,171.4277652018082,18848000
2025-03-06,173.30796813964844,175.81490895167096,171.6147698411596,171.6565597779171,19082400
2025-03-07,174.83998107910156,175.9840204025861,171.35810378876383,172.34497166683056,16395300
2025-03-10,167.1312713623047,169.7605929808429,164.89535637752135,169.47177260480427,28990700
2025-03-11,165.3086700439453,167.9728537301256,162.5797620234785,166.00583577190864,23705900
2025-03-12,168.31646728515625,168.84432244608345,164.8106999243913,167.78861212422908,19880100
2025-03-13,164.063720703125,167.44000873488667,163.40640172128795,167.30057559363973,15206200
2025-03-14,166.94204711914062,167.56950391364919,163.84462507190284,164.64637710900536,18611100
2025-03-17,165.8962860107422,167.7786409697292,165.13935023656245,166.64822194815466,17839100
2025-03-18,162.01205444335938,165.76681035604642,158.157712114234,165.28875604475374,24616800
2025-03-19,165.6074676513672,167.45296990179511,162.39053586829408,163.25202758894378,24955700
2025-03-20,164.3824462890625,166.35443377962133,162.4801677759252,163.16239481198508,19981500
2025-03-21,165.5775909423828,165.7967023536815,162.37061322836445,162.71920370917795,29882100
2025-03-24,169.24269104003906,169.81039290328442,166.76277186100938,168.58038739665923,18742800
2025-03-25,172.0911407470703,172.210665738712,169.8602101974201,170.48765181597193,13841600
2025-03-26,166.46397399902344,171.24456264399703,166.18609553083533,170.6071518378054,22498000
2025-03-27,163.41635131835938,166.76276181350596,163.1872858491138,166.0357186824652,21571200
2025-03-28,155.4287872314453,163.147441081811,154.7107103643924,161.70330888470545,34866500
2025-03-31,155.59811401367188,156.49448302721146,151.5943840899133,154.1838591136328,33591600
2025-04-01,158.2373809814453,159.43252428733598,154.62704306333646,154.6718592276368,20111400
2025-04-02,158.21746826171875,159.62673840196246,155.8968904615282,156.32515916654373,17113300
2025-04-03,152.01268005371094,154.0613519562659,151.56448795871475,152.2168527377023,28416100
2025-04-04,147.1424560546875,152.47080831875712,146.94325281731616,149.29370816580848,39832200
2025-04-07,148.63638305664062,154.30335627650962,142.08299497921362,142.81003813516674,47823000
2025-04-08,145.98715209960938,153.8153625667436,144.62269799229472,152.95385562909811,35304400
2025-04-09,160.40858459472656,161.2153060890066,145.22026376925504,145.73816486569785,46479500
2025-04-10,154.74159240722656,159.3827484216451,151.58441547470102,158.1178807531074,35270500
2025-04-11,158.75527954101562,159.21342569689412,154.95572257857876,154.95572257857876,22582000
2025-04-14,160.8169403076172,163.3665840275383,159.2732061999395,161.6535393037647,18255900
2025-04-15,158.03819274902344,161.3945727209648,157.00739047824726,160.91651839270097,15690800
2025-04-16,154.87106323242188,157.5402163845334,153.28749780872553,154.84118578647085,16921500
2025-04-17,152.73973083496094,156.4347322995979,150.2896737025087,155.97658609864118,19513400
2025-04-21,149.25387573242188,150.44901916404316,147.7997741726159,150.35440218598697,16147800
2025-04-22,153.27752685546875,153.98466186176083,150.25978327077377,150.45898650437022,15910300
2025-04-23,157.0821075439453,159.3728083043521,155.71765332972305,157.2713415263419,18575700
2025-04-24,160.8169403076172,161.05597510526303,157.45060576021262,157.883843983322,30787500
2025-04-25,163.18728637695312,167.55952965377435,162.34071827033415,166.4241411890917,35148100
2025-04-28,161.76307678222656,164.28284276799292,159.73133442106317,163.59563109967962,20871200
2025-04-29,161.40452575683594,162.02201322671587,158.74532672732573,161.38958703408312,15955200
2025-04-30,160.23924255371094,160.72127846014467,156.5193490176874,159.2134098428408,20639500
2025-05-01,162.13157653808594,163.27693439217705,160.27909884439842,161.8626795159106,21904300
2025-05-02,165.13937377929688,166.02577353826536,162.99807560112598,164.2878361090193,16844900
2025-05-05,165.37840270996094,166.42415895415783,163.80479130197324,163.84960747281502,15309300
2025-05-06,164.53184509277344,166.0656250687744,162.47022511611416,163.29687000241276,10691900
2025-05-07,152.18197631835938,166.31458477625367,148.88536663239546,165.39830770319665,78729800
2025-05-08,155.12005615234375,156.77334579137747,153.47673579360423,155.28936674953536,38387500
2025-05-09,153.75558471679688,155.79728093263435,153.20780626010335,154.9208505989966,22871000
2025-05-12,158.93455505371094,159.7910772543865,157.25138809680772,158.45650074547206,31884900
2025-05-13,160.23924255371094,161.40450839429923,156.94263304624755,159.2731647274241,24944300
2025-05-14,166.13531494140625,167.65912546103155,160.27909242860437,160.65756033705904,31769200
2025-05-15,164.7310028076172,166.83246912741302,163.17731494977232,166.46397052440602,22717600
2025-05-16,166.7528076171875,169.9597852649903,166.27475327380358,168.2467407377016,36271400
2025-05-19,167.19102478027344,167.2707030343235,164.74595249868466,165.04474215210416,21374700
2025-05-20,164.6513671875,168.99371848950767,163.59564161354652,167.08148579226153,33563300
2025-05-21,169.37216186523438,173.82408342915107,164.2230746061224,164.28282949470022,45567600
2025-05-22,171.28440856933594,177.40954350959885,171.1848221457587,172.64887782629978,45024100
2025-05-23,168.90408325195312,170.51255679496953,168.5754161256522,169.5912949526665,24963600
2025-05-27,173.27630615234375,173.5850498768435,170.51752079679463,170.60715313028052,24341300
2025-05-28,172.6787567138672,175.76620941784861,172.3152275122392,173.27632085153758,25999200
2025-05-29,172.26046752929688,174.69058614936878,171.08523215344704,174.2922100338356,21174700
2025-05-30,172.15087890625,172.73848888329863,167.84336009554892,171.7126561446979,36258300
2025-06-02,169.680908203125,170.3701106430195,167.96786378448402,168.32640831855008,24742900
2025-06-03,167.0316925048828,169.11323571442114,166.0058444266652,168.18201981526315,25386700
2025-06-04,168.7048797607422,168.8941137128479,167.11632972752577,167.59936869055824,18508700
2025-06-05,169.12318420410156,171.66287351594346,168.6650532300248,170.92586104829266,25375400
2025-06-06,174.21250915527344,175.11883217708964,171.603110984008,171.603110984008,22258100
2025-06-09,177.12420654296875,177.40838344678272,175.15981486637153,175.36920837444498,18817600
2025-06-10,179.49742126464844,181.92550045360693,175.97249863835316,177.25382807443742,32908000
2025-06-11,178.28089904785156,181.23247731258908,177.49315522223304,180.71395372243103,18994400
2025-06-12,176.46609497070312,177.62279562613722,175.60854313516973,176.97463731379557,17345900
2025-06-13,175.3791961669922,177.83518035272527,173.0757762003859,173.08574224840902,20873200
2025-06-16,177.43331909179688,177.73744330231764,175.3193606510868,175.40411009338223,18132500
2025-06-17,176.72535705566406,178.20612932570185,175.43903685261162,176.49601621014995,17656100
2025-06-18,173.48458862304688,177.31765222631788,172.34783537554478,176.77519493381817,32531800
2025-06-20,167.2523956298828,174.86566520888314,165.79656140415713,174.36708892589806,55402600
2025-06-23,165.53729248046875,168.00026054280318,162.8649308992626,166.84357512657374,36975600
2025-06-24,167.2623748779297,168.76806975687913,166.4347364323062,167.2075235754851,27310300
2025-06-25,171.001708984375,172.86637952253207,168.08104809632795,168.16978396827236,23627400
2025-06-26,173.93331909179688,174.15269387897735,170.37349225498832,172.89129646036014,25909100
2025-06-27,177.76239013671875,178.330759180761,172.21822436859895,174.13275544724416,74053100
2025-06-30,176.8848876953125,181.0629592542579,175.00027001149462,180.27022481423467,43964600
2025-07-01,176.40625,176.71536483629342,174.16265690586334,176.3015380338959,25778500
2025-07-02,179.24813842773438,179.42264316852956,175.58859036409876,176.04229660403004,19325900
2025-07-03,180.03590393066406,180.25527871862118,177.68262319967587,179.3079867971742,13287400
2025-07-07,177.05442810058594,179.82651134431492,176.13704945733355,179.6220932182954,20991400
2025-07-08,174.66123962402344,178.28089293698707,173.42476501767194,178.27092688927698,24108600
2025-07-09,177.1541290283203,179.76666388972083,173.38489353540632,175.6085395035805,31288000
2025-07-10,178.191162109375,179.07862729251107,175.23959900796677,176.16694359935292,24693700
2025-07-11,180.79371643066406,182.0900177172081,177.0354514767008,177.4034040338624,23975700
2025-07-14,182.28944396972656,184.20397492161146,180.19642187035925,181.55156086612874,20990400
2025-07-15,182.57862854003906,184.88204837684916,181.8706435714378,183.41623298699918,23911600
2025-07-16,183.24671936035156,184.8072654587967,182.55868170023993,183.7951562789434,21152600
2025-07-17,184.17408752441406,184.6597003678229,180.98320215483517,182.59360912811604,21654400
2025-07-18,185.41055297851562,186.8265078148914,184.20399166314442,186.08860942888958,21033400
2025-07-21,190.60569763183594,190.7153850173733,186.51738143933608,186.5672421082785,24665000
2025-07-22,191.56297302246094,192.80941368415117,187.95826115133036,191.87208787210568,26212900
2025-07-23,190.9646759033203,192.80941417343925,189.6384612100756,191.8122616415566,34068100
2025-07-24,192.64987182617188,198.40344636594713,191.40343112437813,197.54589455449943,45252100
2025-07-25,193.52737426757812,194.71896368694811,191.5829297825064,192.38063967306033,31101800
2025-07-28,192.86923217773438,194.2652547885067,191.3086861013837,193.85641861722297,25553500
2025-07-29,195.87066650390625,196.10002254359046,192.44047454062365,192.74958939416115,31891600
2025-07-30,196.87779235839844,197.91482426535532,195.00314078640517,195.7410391151416,21150500
2025-07-31,192.3108367919922,196.26953353783088,191.53305903886246,196.0401927171234,27852000
2025-08-01,189.40911865234375,191.07236832994607,188.1626779989125,189.2396045493179,21236700
2025-08-04,195.19261169433594,195.52167386173045,190.37636305120955,190.63064182040998,23386000
2025-08-05,194.7638397216797,198.13420493112548,194.12067207868012,194.98818991202364,19010200
2025-08-06,196.35928344726562,196.81798032699237,193.91326525690266,194.6940404711256,15383700
2025-08-07,196.71826171875,197.80515439006194,194.6641298180053,197.14704524438545,14660600
2025-08-08,201.51454162597656,202.85072230143678,197.33647028799717,197.41624431247322,24379900
2025-08-11,201.0558624267578,201.58435203185698,199.23107153514874,200.9810638173645,16690200
2025-08-12,203.57867431640625,204.54591353591007,200.82652345870838,201.51955180494028,19854000
2025-08-13,202.45187377929688,204.845033727696,198.07437484974005,204.39631813928864,19573000
2025-08-14,203.23963928222656,204.8350742270395,201.74888587913532,201.98321733612022,17777100
2025-08-15,204.32652282714844,206.7396300560372,201.50957005219533,204.13706141732277,21111400
2025-08-18,203.70828247070312,205.55302072657867,202.83079859585285,204.48607543767912,13000200
2025-08-19,201.91343688964844,203.70829941015938,200.3578660416823,203.3244011339479,13476600
2025-08-20,199.61996459960938,201.59432232086678,196.89774249140027,201.10571211053593,13971700
2025-08-21,200.04873657226562,202.78093999390543,199.82936179748154,200.14845791183663,11768900
2025-08-22,206.13137817382812,208.6342256189113,201.55445158058532,203.37924258904317,25723700
2025-08-25,208.56442260742188,210.4889196480279,205.3635563561227,206.41056953451064,22788800
2025-08-26,207.3578643798828,207.86642190508059,205.86213559347055,207.77666661423743,23051000
2025-08-27,207.61712646484375,208.97325445872858,205.8023016311913,205.87210960879617,15249000
2025-08-28,211.76527404785156,212.29376366184292,207.00886752192932,207.2481743869278,20915700
2025-08-29,212.92198181152344,214.72682548432343,210.36927372964016,210.66842253634155,24682200
2025-09-02,211.38638305664062,211.76430169728624,206.3707067455743,208.39492528628656,28900100
2025-09-03,230.4419708251953,231.13997459873178,224.47898735115547,225.8351154891725,72250300
2025-09-04,231.9975128173828,232.10720020502256,226.11430372222992,229.49964084428723,32196000
2025-09-05,234.50035095214844,235.45762404425668,231.71830217957384,231.99750366157633,26127700
2025-09-08,233.70193481445312,237.9336306885174,233.2727680706754,235.32873581763147,23128800
2025-09-09,239.4706268310547,240.11934919599457,232.92346207577276,233.73187510033893,22854800
2025-09-10,239.0913543701172,241.60642884273986,237.6441940022725,238.78196324935013,19990100
2025-09-11,240.30897521972656,242.09548207762805,236.1171944751673,239.670227822736,21308600
2025-09-12,240.90780639648438,241.94876530170674,238.03343550952394,240.32893919125266,14536600
2025-09-15,251.2675018310547,252.25557067635967,244.5007660792978,244.66045674238666,29935200
2025-09-16,250.9281768798828,252.73463376812833,249.22651032925336,251.83640041639592,24493500
2025-09-17,249.3612518310547,251.45713469310198,246.0976443107254,250.96810297309426,20491300
2025-09-18,251.83639526367188,253.64285211495618,249.6207367971961,251.36731345678214,21166400
2025-09-19,254.74070739746094,256.1978580599402,251.5749001290136,252.90429521414327,41616800
2025-09-22,252.38531494140625,255.80859778310395,250.31935701525043,254.28159202417987,20079000
2025-09-23,251.8463592529297,254.2716135136843,250.59880455040593,253.15878923661495,17521100
2025-09-24,247.34518432617188,252.4651536356117,246.73637702967133,251.65672540601142,16958500
2025-09-25,246.08766174316406,246.83119948479083,241.1772729521053,244.36103504174346,17379800
2025-09-26,246.6964569091797,249.6307080908706,246.15751996286122,247.30028436747259,16594600
2025-09-29,243.88197326660156,251.15571056924117,242.72423885260133,247.7893078776783,23157200
2025-09-30,243.0735626220703,243.19831809300865,239.10234257255226,242.58451569357382,22541200
2025-10-01,245.05967712402344,246.6665283113266,238.73208285012265,240.70820538398718,23967700
2025-10-02,245.94793701171875,247.15058167045217,242.6294442783024,245.15948907619045,20657500
2025-10-03,245.9678955078125,246.6345880461835,241.9956853826143,244.75028083348028,19941400
2025-10-06,251.0179901123047,251.7066427694446,245.20938312792492,245.29920341478498,18309000
2025-10-07,246.64657592773438,251.0579278171748,246.32719459308916,248.4430426338229,13811200
2025-10-08,244.97982788085938,246.7762944646119,244.61054133420603,245.71837051628768,14136500
2025-10-09,241.73619079589844,245.07463323132637,239.21112602039744,244.5806064331981,19375700
2025-10-10,237.0254364013672,244.36104946811375,236.22200319329653,241.68629929405725,22449100
2025-10-13,244.1614227294922,244.51074413405232,240.2790331457649,240.55848417783739,12465000
2025-10-14,245.70840454101562,247.53980637822448,240.7062003860947,241.28208274297785,17705400
2025-10-15,251.2176055908203,252.26553937260695,246.3072168107861,247.59969690234325,16048100
2025-10-16,251.3872833251953,257.0761148486886,250.17964359711988,251.97113043417468,18946000
2025-10-17,253.2935333251953,254.38141265847207,248.1037085285355,250.8583192068179,17653800
2025-10-20,256.5172119140625,257.3755454382386,254.10196292360385,254.730720175168,13726800
2025-10-21,250.84832763671875,254.88043315871175,244.1913772492023,254.75068259010632,27836400
2025-10-22,252.03599548339844,256.6768929861004,249.96106769580882,254.51113980291018,19650200
2025-10-23,253.233642578125,255.35948069055303,252.27353409197949,253.20370248321245,13241300
2025-10-24,260.0003967285156,261.99648430275073,255.59901997238168,256.7966542421952,18406000
2025-10-27,269.4019470214844,270.27024022649704,264.421718365036,264.8408796912386,22987700
2025-10-28,267.9049072265625,270.84914880986616,266.6473926687049,269.6714643596973,20101200
2025-10-29,274.6317138671875,275.430136689206,267.9048782372746,268.084518803547,26287900
2025-10-30,281.3485412597656,291.3589193601236,279.9013960238178,291.149338690232,48570000
2025-10-31,281.2687072753906,285.72496912802427,276.98011604793214,282.650977208601,29932800
