Price,Close,High,Low,Open,Volume
Ticker,GOOGL,GOOGL,GOOGL,GOOGL,GOOGL
Date,,,,,
2004-08-19,2.488940715789795,2.581215643676131,2.380294273451942,2.4805075283482223,893181924
2004-08-20,2.6866366863250732,2.7057372587171695,2.492909466416938,2.5055603107366164,456686856
2004-08-23,2.713675022125244,2.8148796552037263,2.7049932225903865,2.7471622332717414,365122512
2004-08-24,2.6013073921203613,2.768246221493962,2.5690613501000383,2.759316282910154,304946748
2004-08-25,2.629338026046753,2.678948141810194,2.5767514214990292,2.6035407658497633,183772044
2004-08-26,2.6767148971557617,2.677707217635574,2.5960987246582845,2.6032919256024436,141897960
2004-08-27,2.6330580711364746,2.694326950083828,2.6216483940352813,2.6814282014123236,124235640
2004-08-30,2.5303657054901123,2.6166871890330734,2.5303657054901123,2.6114783927246803,103935960
2004-08-31,2.539295196533203,2.5725335578651247,2.5340864006589863,2.537558694918769,98357544
2004-09-01,2.4867091178894043,2.554178884074125,2.4723217688875696,2.5474812517143843,182765052
2004-09-02,2.517962694168091,2.5392953388357276,2.4542138446513238,2.460414961270305,302373324
2004-09-03,2.4807558059692383,2.5236682941217823,2.463639635054266,2.50407214892123,103048848
2004-09-07,2.5196990966796875,2.5301176338939166,2.470833401618393,2.505560362286617,116950932
2004-09-08,2.5375587940216064,2.555666101506073,2.4929095735081352,2.4988627871550624,99712188
2004-09-09,2.537806749343872,2.5477287732177833,2.5053130369086882,2.5432643942014193,81234684
2004-09-10,2.6127185821533203,2.6432290716723448,2.5127539249630697,2.5201959746547438,173977848
2004-09-13,2.6665453910827637,2.6891182612420055,2.6407481290304275,2.6449646051486178,156882960
2004-09-14,2.765517234802246,2.778168078844331,2.6489329433895286,2.6653049297443734,216579204
2004-09-15,2.7781684398651123,2.8334838679678773,2.7335192164472892,2.742449155660075,214261524
2004-09-16,2.8270339965820312,2.8724273990045237,2.7694862638214994,2.7866014874428915,185326488
2004-09-17,2.9143478870391846,2.9143478870391846,2.8166164903165263,2.8381960931706742,189450360
2004-09-20,2.960733652114868,3.01629674643716,2.8964882851927563,2.9009536092563835,212575212
2004-09-21,2.923029661178589,2.9870271186010955,2.9148441404801404,2.9718953551596408,144575280
2004-09-22,2.9364240169525146,2.9684233394741373,2.89748034162045,2.9121155917547994,151624224
2004-09-23,2.9969494342803955,3.041846323735094,2.9026891497167817,2.9478348873436437,170713116
2004-09-24,2.9723920822143555,3.0783099437347357,2.9706555804852894,2.9999258437755603,182469348
2004-09-27,2.9334475994110107,2.998437148579839,2.9220376859794475,2.965694589271973,141322536
2004-09-28,3.1467716693878174,3.160165986399802,2.9818174815668614,3.0088556727164284,338581080
2004-09-29,3.2514491081237793,3.3491814602202896,3.1311448303638874,3.1428033565200293,610329060
2004-09-30,3.2147371768951416,3.2817113653435395,3.1998542602296576,3.222179226035506,275160564
2004-10-01,3.2886569499969482,3.3298329363742702,3.1973743284372413,3.2445035292641093,302497200
2004-10-04,3.350173234939575,3.395070124506872,3.324623877241176,3.3548864618703216,260455284
2004-10-05,3.4322779178619385,3.4362467268051162,3.280222245797728,3.3402508946285936,299464236
2004-10-06,3.4002790451049805,3.4342627737380336,3.3734896993788133,3.4119378069329316,267628104
2004-10-07,3.4441847801208496,3.4697341386245153,3.3871326126230605,3.3963102186010263,282301416
2004-10-08,3.416403293609619,3.4647724818337533,3.398791553069954,3.4409596239122946,221390388
2004-10-11,3.3551342487335205,3.444432455342151,3.3201593836752306,3.398294398705991,209442348
2004-10-12,3.408216953277588,3.413426931894204,3.308996708236028,3.3347939719468336,233310456
2004-10-13,3.4950344562530518,3.5607674705910126,3.474694842071353,3.5550631053044586,395324280
2004-10-14,3.5223207473754883,3.5317460192911514,3.43699040469946,3.497763474706827,208842948
2004-10-15,3.5746583938598633,3.609137688430384,3.521079471552419,3.594999190179741,263895840
2004-10-18,3.699924945831299,3.700917029993303,3.5027244681664986,3.552086917787017,280726992
2004-10-19,3.6696622371673584,3.780293087899399,3.655026987527331,3.7331631837234776,362197440
2004-10-20,3.4848647117614746,3.6957071668520562,3.4627876495216023,3.671894311870324,454453092
2004-10-21,3.705381393432617,3.723985215275879,3.5128941557387954,3.5818527442683044,582996420
2004-10-22,4.277139663696289,4.4691313946169196,4.070017109297025,4.230258357663669,1474200324
2004-10-25,4.648470878601074,4.822850340931522,4.280115102212012,4.375614187769379,1309257432
2004-10-26,4.509562969207764,4.7784494574222665,4.464913980648042,4.62217752481712,891391716
2004-10-27,4.612999439239502,4.701057660938855,4.5088183138768345,4.532383502984642,533725740
2004-10-28,4.794820785522461,4.821858981180498,4.603822585714822,4.630611696851799,593278128
2004-10-29,4.72883939743042,4.959774756600075,4.727847313257655,4.933480981176024,845653500
2004-11-01,4.862538814544678,4.903219465764455,4.744467088261272,4.801022504585252,488507004
2004-11-02,4.833764553070068,4.942410286368203,4.7958120192467115,4.930751525853362,453398148
2004-11-03,4.754388332366943,5.000702155921628,4.731567562546491,4.915868332158325,554992452
2004-11-04,4.581496715545654,4.722885962199443,4.548009738954377,4.674268165825293,575807616
2004-11-05,4.20073938369751,4.521964819152569,4.18089533587813,4.514027200024818,792530676
2004-11-08,4.280115604400635,4.351801843616002,4.201979636034263,4.23993170269396,447224328
2004-11-09,4.184615612030029,4.345847935436466,4.0995341269270735,4.318562552579261,442125432
2004-11-10,4.1637797355651855,4.279370529094037,4.12582720209182,4.233481322950309,425334240
2004-11-11,4.53982400894165,4.557931552124494,4.156585096051174,4.195281101582811,598820580
2004-11-12,4.514524459838867,4.70800406604207,4.4004201085655135,4.594644132509279,669174156
2004-11-15,4.585712909698486,4.671290672170322,4.433906095202175,4.476075101172399,475583940
2004-11-16,4.279867172241211,4.451765704722566,4.237450025136758,4.402900247558989,835859304
2004-11-17,4.27887487411499,4.40290051363266,4.192056879188014,4.192553630216504,724590684
2004-11-18,4.155842304229736,4.326500625440901,4.110944234861436,4.2240560048754805,664518816
2004-11-19,4.201980113983154,4.2163674639529525,4.13054153321656,4.194538772395621,350421228
2004-11-22,4.095317363739014,4.204459845382827,4.00130617288823,4.079690267234673,494233272
2004-11-23,4.155346393585205,4.2374511792172385,4.130045643642007,4.166508405740232,496035468
2004-11-24,4.334933757781982,4.395707059698433,4.279122766757662,4.336422592843436,610628760
2004-11-26,4.449782371520996,4.465657610024554,4.348825156314378,4.360731585192046,258944796
2004-11-29,4.490958213806152,4.538087644399832,4.403148135648459,4.473843226831126,426237336
2004-11-30,4.514027118682861,4.539328810923536,4.471114631910177,4.482524781958412,307692000
2004-12-01,4.463921070098877,4.526925738460032,4.453750671651777,4.513282336583743,314249436
2004-12-02,4.450030326843262,4.5023692730442075,4.428946053878029,4.462433034971233,250185564
2004-12-03,4.4748358726501465,4.491206916760156,4.405380996046463,4.463672916280074,234533232
2004-12-06,4.37288761138916,4.482277319182707,4.366189742173497,4.443333636025232,249909840
2004-12-07,4.252334117889404,4.370653992988339,4.23050542788773,4.365693098950196,274561164
2004-12-08,4.216366291046143,4.308144229700203,4.185359291785036,4.225543659530097,301370328
2004-12-09,4.301944255828857,4.30368123054868,4.178911618708294,4.223064807116904,305853840
2004-12-10,4.257791519165039,4.3379111821720775,4.248861815878613,4.301943757163319,172515312
2004-12-13,4.228024959564209,4.295742856799682,4.203219074333048,4.270689777658571,192551256
2004-12-14,4.432419300079346,4.43564369207847,4.206940620874667,4.24166782371015,443092464
2004-12-15,4.459456443786621,4.482029077826734,4.382064420607338,4.415055120720406,458381160
2004-12-16,4.377350807189941,4.477067789038277,4.364452295346693,4.389257234886653,342569088
2004-12-17,4.466898441314697,4.477316035171006,4.379336015026428,4.384544575631506,295152552
2004-12-20,4.589434623718262,4.674764266445175,4.5112986551743575,4.514523992403323,392986620
2004-12-21,4.557932376861572,4.660377956134141,4.549251285117208,4.621433331728391,220431348
2004-12-22,4.621184349060059,4.634827750190147,4.5395763352748695,4.56165221473801,156123720
2004-12-23,4.660871982574463,4.6782360517795905,4.613743030735742,4.649709974344611,144439416
2004-12-27,4.760341644287109,4.7948197555866505,4.690638640931405,4.691878391516606,243919836
2004-12-28,4.781425476074219,4.801021854041909,4.738016244707718,4.765302573943691,165666168
2004-12-29,4.78489875793457,4.800278664405267,4.7571170885294976,4.7571170885294976,107016876
2004-12-30,4.901482105255127,4.917109675209765,4.758853115946473,4.786634779821494,235935828
2004-12-31,4.78217077255249,4.958038147062338,4.7764654610085175,4.941915241968476,306433260
2005-01-03,5.0282368659973145,5.051305305628755,4.8483992676239955,4.8965217332759545,633134232
2005-01-04,4.824586868286133,5.033694043355298,4.799286591230775,4.995742446156826,549685764
2005-01-05,4.800029754638672,4.884117740859748,4.768279283541724,4.798540919579196,329134536
2005-01-06,4.676995754241943,4.859312824667889,4.656408237478933,4.838973447082539,415068516
2005-01-07,4.808464050292969,4.8183863116088235,4.682702353969311,4.7288401837510685,386129484
2005-01-10,4.838476657867432,4.913884026455971,4.758357008170804,4.824585590488623,301282416
2005-01-11,4.8007731437683105,4.904211267695114,4.791843441209244,4.852367663487266,278069652
2005-01-12,4.846414566040039,4.860057495060712,4.7253661244801375,4.820369403951552,326784888
2005-01-13,4.845174789428711,4.896273979492664,4.813424313614183,4.846415012849834,273702024
2005-01-14,4.960269927978516,4.961262484765021,4.815408628218558,4.861794115374558,385226388
2005-01-18,5.0577545166015625,5.085536180588213,4.927774953781766,4.985075256102213,526377096
2005-01-19,4.894041061401367,5.092482494110938,4.879406991206266,5.076358170594825,449857692
2005-01-20,4.810199737548828,4.867995375639497,4.762574025651084,4.774976259387307,359703936
2005-01-21,4.670299053192139,4.845918737357004,4.666330244100017,4.825578413517602,369965664
2005-01-24,4.482773780822754,4.696345094204758,4.472851992558358,4.680469854864792,560347092
2005-01-25,4.393474578857422,4.520477431015143,4.372887058540473,4.513035144984777,425941632
2005-01-26,4.694112300872803,4.698329249507487,4.443828695272626,4.4468054205025345,491823684
2005-01-27,4.66533899307251,4.684686290963073,4.593900416657618,4.682206316564486,264830904
2005-01-28,4.721397399902344,4.829547331949631,4.622177170352978,4.713459781538394,487839672
2005-01-31,4.8523688316345215,4.870725464857389,4.755629970084222,4.80449544304917,383484132
2005-02-01,4.7600932121276855,4.878165410328432,4.728591821324713,4.821609994353528,752806440
2005-02-02,5.108852863311768,5.377739831241538,5.051802111657316,5.346733772177839,1310660028
2005-02-03,5.2303972244262695,5.292658416993986,5.10513136704168,5.109596454351135,519004476
2005-02-04,5.069164752960205,5.153254171786467,5.025507847587181,5.121503695151541,592179228
2005-02-07,4.862538814544678,5.119767010354365,4.849640302034073,5.091490011161548,517897584
2005-02-08,4.927279472351074,4.961510863726538,4.825330188425688,4.8856067413026345,458740800
2005-02-09,4.752155780792236,5.000702893658039,4.699569172155672,4.979866761578816,686173140
2005-02-10,4.662858009338379,4.767783564708548,4.59514057706685,4.761830113765996,758548692
2005-02-11,4.648470878601074,4.770511404725592,4.61547923699359,4.630114722830324,524115360
2005-02-14,4.787131309509277,4.789363617057379,4.489718748712561,4.535607958927504,1540945512
2005-02-15,4.842694282531738,4.957045327140335,4.789363263351572,4.802261774570845,1030280688
2005-02-16,4.921574115753174,4.944394412929103,4.8196248327791675,4.829547091563275,660630708
2005-02-17,4.908924102783203,4.954813789383186,4.8818868528602914,4.907188546148755,416159424
2005-02-18,4.9101643562316895,4.932240710254954,4.8781652699920075,4.924055425100914,339096564
2005-02-22,4.746945858001709,4.933727520741167,4.7226372017681335,4.874195394282416,538808652
2005-02-23,4.810944080352783,4.824090731496417,4.6797247628243355,4.794820231454205,622816560
2005-02-24,4.685430526733398,4.709243384613732,4.520228411623214,4.548506830244554,1031539428
2005-02-25,4.610517978668213,4.710978894808178,4.601588277004453,4.69187832297544,398541060
2005-02-28,4.663105010986328,4.709739582309529,4.610022601764022,4.613743744395576,312423264
2005-03-01,4.615231513977051,4.706761789288971,4.514523397215093,4.695352113081129,372075552
2005-03-02,4.5934038162231445,4.655168273072676,4.573064433376714,4.612503448152694,291128580
2005-03-03,4.638797283172607,4.657152495726654,4.571822853557029,4.616968594191119,304039656
2005-03-04,4.611262321472168,4.644749292976268,4.590673860234079,4.631106365206813,270693036
2005-03-07,4.683446407318115,4.70304231653303,4.639292749647133,4.657897047247651,346349304
2005-03-08,4.593899726867676,4.709242860360043,4.588194415933734,4.690639037671709,321522156
2005-03-09,4.4984002113342285,4.580257324162495,4.468882987069189,4.569342979432573,453961584
2005-03-10,4.46441650390625,4.494679084885876,4.4004188114531955,4.489965858523521,437981580
2005-03-11,4.410341739654541,4.488477705122619,4.394218835313478,4.475827804448833,320810868
2005-03-14,4.340640068054199,4.425225297515557,4.280612587780391,4.423489268169434,445418136
2005-03-15,4.430433750152588,4.4649132793358515,4.321291742744615,4.348328987260028,416467116
2005-03-16,4.355770587921143,4.430434496664591,4.341136518524962,4.383056921501367,283967748
2005-03-17,4.447301864624023,4.455982956134788,4.360731526397688,4.39372317171997,330093576
2005-03-18,4.465906143188477,4.47483584652782,4.422992710436009,4.435395417540636,283316400
2005-03-21,4.486741542816162,4.51873968061287,4.396699161173069,4.44680484191113,299048652
2005-03-22,4.430185794830322,4.513034987525314,4.411582916280267,4.494183024471184,225042732
2005-03-23,4.43961238861084,4.4708670594247,4.414559307703503,4.414559307703503,193606200
2005-03-24,4.4463090896606445,4.4862448457537285,4.4450683937562685,4.482276036797901,148059792
2005-03-28,4.500136375427246,4.5839781231150045,4.488477613897639,4.506586104207925,349170480
2005-03-29,4.45424747467041,4.546274514045692,4.417039352574839,4.4909588456726235,258661080
2005-03-30,4.476075649261475,4.50088058849315,4.454990434725466,4.480788876029605,249194556
2005-03-31,4.477563858032227,4.499392073769804,4.406372954218585,4.4140629065831005,270473256
2005-04-01,4.465906143188477,4.538088187558413,4.464664974450367,4.5085709640764176,247032720
2005-04-04,4.596132278442383,4.596876696071262,4.46094509174579,4.4636727324672245,322732944
2005-04-05,4.677492618560791,4.719413020163396,4.652687677962251,4.656656487363862,349118532
2005-04-06,4.693615436553955,4.7042816400912475,4.652934790546299,4.694111714912362,209893896
2005-04-07,4.806230545043945,4.827562479898766,4.679228656775273,4.682701187415345,387300312
2005-04-08,4.763813495635986,4.839468527400547,4.74893034486016,4.804493666620287,204459336
2005-04-11,4.793085098266602,4.8320287767364265,4.770511991402831,4.789611621804744,216203580
2005-04-12,4.811192512512207,4.8226021899499845,4.698329344518551,4.78737965548362,292491216
2005-04-13,4.785642623901367,4.820122158249297,4.706266907398873,4.799037887547079,261969768
2005-04-14,4.748931407928467,4.821114398129775,4.715444429348162,4.794077148691416,245861892
2005-04-15,4.5889387130737305,4.721397303245094,4.580504343846336,4.71544385327097,462632904
2005-04-18,4.6378045082092285,4.660377613787876,4.551483258512819,4.578520506602624,261749988
2005-04-19,4.747690677642822,4.762573356033788,4.6640966090789355,4.69634383019747,336862800
2005-04-20,4.913885116577148,4.973418208172585,4.859562948827467,4.925791545837774,617441940
2005-04-21,5.065691947937012,5.085039241896781,4.94414675891565,4.971432616156513,709365924
2005-04-22,5.353182792663574,5.556336472555836,5.314734925303327,5.529050142182193,1326875796
2005-04-25,5.544677257537842,5.574691225932576,5.3955980816495765,5.403040366086972,792806400
2005-04-26,5.426109790802002,5.506726676145229,5.414699640835298,5.462573493615939,690189120
2005-04-27,5.451659202575684,5.478200645665311,5.376251822024559,5.407257880400886,410181408
2005-04-28,5.4434733390808105,5.5087107860571,5.400311772271458,5.444713089732273,346964688
2005-04-29,5.457116603851318,5.512927600967431,5.403041163224851,5.504493231262166,366441192
2005-05-02,5.513920307159424,5.548895177423224,5.462325780106441,5.507967328822542,390305304
2005-05-03,5.610658168792725,5.659275957676697,5.489858350407655,5.50300499981325,710496792
2005-05-04,5.667958736419678,5.702190129845646,5.630752035826068,5.636456401545888,482856660
2005-05-05,5.630255222320557,5.670935398614585,5.602970308854596,5.670935398614585,300083616
2005-05-06,5.6560516357421875,5.686562355478938,5.617603771077405,5.66547808833819,270285444
2005-05-09,5.606442451477051,5.667958758915825,5.591806965089171,5.655556997981494,221250528
2005-05-10,5.650597095489502,5.650597095489502,5.57419714906383,5.592800502696925,253578168
2005-05-11,5.7371649742126465,5.754280434538842,5.653820452725847,5.679617476491552,458692848
2005-05-12,5.6734161376953125,5.760482271112092,5.660517626317299,5.7252583223965745,357570072
2005-05-13,5.686314582824707,5.732203789680742,5.638689346956599,5.684826220352881,296323380
2005-05-16,5.7312116622924805,5.745350396698938,5.669695358916014,5.697228882821669,227028744
2005-05-17,5.782806873321533,5.7907444922996865,5.710128079093202,5.719058254928216,312043644
2005-05-18,5.9323811531066895,5.952473338894594,5.792480742847816,5.794713050386661,491987520
2005-05-19,5.9328765869140625,5.982238797400103,5.910304428445096,5.961651279788209,388271340
2005-05-20,5.993153095245361,5.994641930361477,5.944535302690106,5.983230836327067,326213460
2005-05-23,6.336456298828125,6.402189556139702,6.020439440028137,6.031601450487747,854676468
2005-05-24,6.35009765625,6.584258330614574,6.28808554786229,6.373910510053978,1160562276
2005-05-25,6.469411373138428,6.473628321832307,6.216895456394184,6.268986730710465,721593684
2005-05-26,6.429474353790283,6.542586600090792,6.407150333276631,6.473132201241704,541322136
2005-05-27,6.59814977645874,6.59938952714564,6.430715372690556,6.460728871878087,486876636
2005-05-31,6.877703666687012,6.905733000635829,6.68174315974501,6.683231049788867,888582528
2005-06-01,7.143860816955566,7.26515787312808,6.995526986605679,7.02479654090322,1406260332
2005-06-02,7.14138126373291,7.188014420116677,7.059523682912099,7.161968310605201,718245036
2005-06-03,6.951870918273926,7.176108428714841,6.881175816469279,7.1138476973627744,750540708
2005-06-06,7.216788291931152,7.286490361116188,6.990814289505998,7.004704886441545,900134964
2005-06-07,7.270862579345703,7.431351929306864,7.2009128456152265,7.369587480913453,971947080
2005-06-08,6.934505939483643,7.2725991356168045,6.895809932017588,7.264165711556798,1027007964
2005-06-09,7.101940631866455,7.156263738995693,6.959311162847922,7.062500205208491,656986356
2005-06-10,7.0074334144592285,7.126000939477187,6.945916635506959,7.118807738662194,507356136
2005-06-13,7.01363468170166,7.049353965285439,6.859098786060771,6.940955891172268,511615872
2005-06-14,6.904492378234863,6.976178613912437,6.889609697487086,6.910445828650864,403272324
2005-06-15,6.816434860229492,6.878446981729792,6.633620997248303,6.821396226972291,834488676
2005-06-16,6.881919860839844,6.903251798132482,6.773521781950662,6.803039004733605,497997504
2005-06-17,6.95286226272583,6.95286226272583,6.843719299245695,6.9206155102871145,416958624
2005-06-20,7.11161470413208,7.135675226456152,6.740282186907838,6.848432594672574,840147012
2005-06-21,7.139891624450684,7.2009121217324035,7.068700729191303,7.145596935073806,604686708
2005-06-22,7.176107883453369,7.251018510530875,7.1604807851577865,7.185285725594241,418541040
2005-06-23,7.186277866363525,7.312783961613197,7.106654011661985,7.143861186286593,561693744
2005-06-24,7.373309135437012,7.391912014980802,7.183053938188069,7.215796499746952,710137152
2005-06-27,7.543222427368164,7.552400269403167,7.289219102900909,7.414236360469588,711403884
2005-06-28,7.4911322593688965,7.67096842241502,7.4911322593688965,7.597298022660827,760698540
2005-06-29,7.2609405517578125,7.550167821709113,7.246801816484411,7.503534194786931,731216052
2005-06-30,7.296412467956543,7.414980944756187,7.219268587170739,7.3011256950051715,603172224
2005-07-01,7.224477291107178,7.3482538417041905,7.174122997648517,7.318487538040303,368734896
2005-07-05,7.335108280181885,7.341806148514118,7.199176670645137,7.2455626346557,299460240
2005-07-06,7.231174468994141,7.381989225381276,7.227702410676258,7.374548357684785,319691988
2005-07-07,7.3308916091918945,7.3373403928413214,7.156512132061246,7.178340347781085,426457116
2005-07-08,7.3480072021484375,7.37950953919924,7.293932703981747,7.34850348058242,298005696
2005-07-11,7.276568412780762,7.357184351830358,7.218772773381105,7.352223458223511,335276388
2005-07-12,7.2376251220703125,7.302613493488822,7.216540850471186,7.277560884909573,234361404
2005-07-13,7.413243770599365,7.422669278549561,7.245561706011317,7.25573115887745,457058484
2005-07-14,7.463598251342773,7.608955355035324,7.443257927164672,7.573980490192031,426281292
2005-07-15,7.471039772033691,7.5258596292865585,7.436064433698089,7.472280468031354,337198464
2005-07-18,7.430111408233643,7.488651462517676,7.385710089124753,7.4415220301698035,248063688
2005-07-19,7.687092304229736,7.698255260166286,7.486171858816931,7.493612726600364,504351144
2005-07-20,7.739182949066162,7.754313768830257,7.486171707811728,7.579686157653526,571843584
2005-07-21,7.787304401397705,7.8830521032800975,7.719586503898975,7.790032987339748,790784424
2005-07-22,7.501054286956787,7.6709686688757515,7.350487673090465,7.599530101632935,934536528
2005-07-25,7.338581562042236,7.523130965730607,7.316504261816134,7.5008059989380635,385965648
2005-07-26,7.344533920288086,7.391911017983753,7.2453136920935615,7.3177448131601235,392283324
2005-07-27,7.365370750427246,7.397616557537613,7.253002922770809,7.385462463232924,288427284
2005-07-28,7.280289173126221,7.377277574746827,7.2748315283865574,7.377277574746827,236786976
2005-07-29,7.1379075050354,7.263917317792147,7.118807876245617,7.246554190763653,334197468
2005-08-01,7.233407020568848,7.25548337289511,7.1463413618879255,7.146836694962301,226269504
2005-08-02,7.421428680419922,7.429613964666089,7.221251735907046,7.233158162483164,291316392
2005-08-03,7.37454891204834,7.434577808300723,7.332379895665324,7.391912040819639,236986776
2005-08-04,7.385214328765869,7.416715716282469,7.323697552957746,7.331138419942605,209250540
2005-08-05,7.251762866973877,7.40456226297143,7.225965842572663,7.379509183539207,237350412
2005-08-08,7.224477291107178,7.333619774346681,7.205625330296453,7.282768257231276,179092728
2005-08-09,7.232415199279785,7.259948251407698,7.156511547272545,7.24208837396349,230940828
2005-08-10,7.086312770843506,7.251267199103714,7.066468725048625,7.225717842440905,274884840
2005-08-11,7.045880317687988,7.108637792441965,6.96079976825631,7.091521859702106,300295404
2005-08-12,7.186525821685791,7.198432250384985,6.986101174905757,7.028765995906069,263172564
2005-08-15,7.04464054107666,7.2621815734606425,7.038934757538286,7.188509755542318,326661012
2005-08-16,7.085568904876709,7.1386522632374145,7.0282700157735185,7.0664692751756455,284083632
2005-08-17,7.071927070617676,7.108389828952653,7.044641209540262,7.082096997394096,155176668
2005-08-18,6.945173263549805,6.95782411064889,6.821396214713391,6.843968849987922,474437088
2005-08-19,6.945420265197754,6.981387214088903,6.935993811741177,6.96997753767285,221494284
2005-08-22,6.796838283538818,6.981884436177909,6.780467240096973,6.9761786522927585,272247480
2005-08-23,6.935002326965332,6.938972081749939,6.799566998442314,6.8501694376314575,232635132
2005-08-24,7.009169101715088,7.063244541665378,6.857362265071141,6.885143930002862,343380276
2005-08-25,7.0096659660339355,7.044640832480072,6.944676181363045,7.0086734092143335,174888936
2005-08-26,7.034223556518555,7.069942842188229,7.01140278362362,7.0317421643577855,150061788
2005-08-29,7.155023097991943,7.171642753017199,7.000983950877909,7.000983950877909,235883880
2005-08-30,7.125752925872803,7.181316251993032,7.091273395424252,7.12872965079076,191488320
2005-08-31,7.0942511558532715,7.156264219229488,7.053570975738888,7.149566823509533,201158640
2005-09-01,7.100452423095703,7.1314594280848205,7.069446363398874,7.092018997947145,109574316
2005-09-02,7.155023097991943,7.193223301571023,7.10516507820839,7.106901580001832,137242620
2005-09-06,7.1217851638793945,7.178340582404796,7.114095211269783,7.1686664613222195,168323508
2005-09-07,7.314271450042725,7.329899020249563,7.076391037895043,7.0915218570648815,299680020
2005-09-08,7.327169895172119,7.423661538163865,7.2768155995031485,7.313279299459687,264267468
2005-09-09,7.418949127197266,7.4191967937400625,7.356191654132504,7.374051058686123,175444380
2005-09-12,7.683123588562012,7.7247958517097866,7.46632790280372,7.484930781458485,415044540
2005-09-13,7.731245040893555,7.826744128155075,7.594569026493359,7.664767368693662,411584004
2005-09-14,7.515937328338623,7.770933203354005,7.448963377139325,7.658070043107849,450580968
2005-09-15,7.506511211395264,7.608955838436467,7.389679236676194,7.429614997342868,618029352
2005-09-16,7.446484088897705,7.553145196951283,7.438297385188735,7.541238768157756,302888808
2005-09-19,7.535533428192139,7.590353289984065,7.459133961883819,7.466328108681551,230245524
2005-09-20,7.637730598449707,7.721820024814206,7.5712533865205485,7.5940736891630385,373665960
2005-09-21,7.736701965332031,7.7828397871485135,7.589360687676682,7.650132578079071,404383212
2005-09-22,7.723555564880371,7.918275366692214,7.693789730397209,7.726779956687605,519735744
2005-09-23,7.822527885437012,7.868417095434578,7.753818376365366,7.763987829885889,339012648
2005-09-26,7.795738220214844,7.9611884589148625,7.753073875028758,7.925220090976844,395380224
2005-09-27,7.787304401397705,7.898182922916786,7.77341333248438,7.812357953282312,274649076
2005-09-28,7.590352535247803,7.816077907939242,7.580430275954218,7.794249221081008,319576104
2005-09-29,7.68014669418335,7.70743255411607,7.592337081921428,7.607220235280539,224327448
2005-09-30,7.8498125076293945,7.875610003537532,7.746375802741023,7.794249179292267,365685948
2005-10-03,7.904880523681641,7.940352139729476,7.758779001702528,7.779615131722286,366045588
2005-10-04,7.7143778800964355,7.969373758091413,7.7079281514532125,7.936383060502597,365406228
2005-10-05,7.7071852684021,7.811117789905557,7.63996317207963,7.756298873415708,332802864
2005-10-06,7.757787704467773,7.8007001921875965,7.691805358989509,7.792265821941757,319432248
2005-10-07,7.763740062713623,7.8550226757652615,7.7029672277664645,7.80838904876214,270541188
2005-10-10,7.705696105957031,7.809132817275424,7.668487985977147,7.77167797602438,222665112
2005-10-11,7.592832088470459,7.7553051169877065,7.562073700804883,7.704703157126862,341362296
2005-10-12,7.465583801269531,7.619870626192807,7.416716916807171,7.570509353867522,371875752
2005-10-13,7.378020286560059,7.491132533481202,7.210338211417238,7.491132533481202,422285292
2005-10-14,7.3457746505737305,7.447227193202548,7.256476202712626,7.439041435190414,340423236
2005-10-17,7.565547466278076,7.570508359516775,7.306581371409972,7.379508770720017,302365332
2005-10-18,7.522882461547852,7.63897000724223,7.509487199376115,7.564554719942319,282828888
2005-10-19,7.6573262214660645,7.686349056988029,7.539750770534642,7.540742854758412,280147572
2005-10-20,7.52089786529541,7.717601815848656,7.471535655105779,7.68932434681224,555911532
2005-10-21,8.431243896484375,8.593220648296983,8.26008835808692,8.577594024091614,914780304
2005-10-24,8.64828872680664,8.66441257659426,8.488047512246716,8.517318486548978,376890732
2005-10-25,8.605127334594727,8.61728284713167,8.504667350198494,8.577098475256292,274856868
2005-10-26,8.816715240478516,8.830606310009738,8.587268235168176,8.589501015449413,355943700
2005-10-27,8.75767707824707,8.857641712251274,8.723447107921526,8.845488092398867,205170624
2005-10-28,8.884431838989258,8.903780077811854,8.806295884103676,8.812497945610177,235903860
2005-10-31,9.23095989227295,9.295701064909595,8.917672094497217,8.935779166712129,573142284
2005-11-01,9.410548210144043,9.522667425951699,9.153319081175372,9.224014648022527,653589756
2005-11-02,9.417990684509277,9.549953476570531,9.355729958604389,9.468095897927665,422193384
2005-11-03,9.573517799377441,9.589145370267738,9.460158357013269,9.48570866027929,297638064
2005-11-04,9.684643745422363,9.718378382894445,9.561113925313808,9.673480791576207,352643004
2005-11-07,9.798748970031738,9.859273195736552,9.727310400222283,9.80048452656873,383276340
2005-11-08,9.67149829864502,9.8126389341341,9.638755266864814,9.779399623940456,315584100
2005-11-09,9.404844284057617,9.63156223907303,9.377062143964041,9.59137786427283,418257324
2005-11-10,9.701263427734375,9.707465489815553,9.362178610316763,9.385246575713344,364782852
2005-11-11,9.683900833129883,9.845133659676542,9.645452961632191,9.800980949477783,282273444
2005-11-14,9.846871376037598,9.877876965511359,9.711931836653758,9.726566853002318,312003684
2005-11-15,9.743432998657227,9.84761365221794,9.697543788720699,9.782623868051779,344651004
2005-11-16,9.876138687133789,9.89350181245428,9.775926380868768,9.827769035591748,347460192
2005-11-17,10.007607460021973,10.016537636533977,9.910371856491285,9.966679138603501,368119512
2005-11-18,9.927238464355469,10.033652843540217,9.918308288912348,10.008598818988037,280742976
2005-11-21,10.154202461242676,10.169582362954781,9.760546929024725,9.901438928445904,412990596
2005-11-22,10.33056640625,10.351403478707738,10.076563598981862,10.13659058887157,383456160
2005-11-23,10.489072799682617,10.535210621157184,10.31345357973897,10.34470683030429,402996600
2005-11-25,10.631950378417969,10.635174770231407,10.54959746420076,10.561504365192276,193410396
2005-11-28,10.5044527053833,10.696939719293011,10.478655681365877,10.661716241501246,439895664
2005-11-29,10.00984001159668,10.576883939224519,9.975112811846632,10.528761003631644,858972168
2005-11-30,10.043821334838867,10.131630464468968,9.811893915016224,10.027698432566623,623240136
2005-12-01,10.271533012390137,10.305019044117481,10.127663317133393,10.150235950139752,389406204
2005-12-02,10.361079216003418,10.406472146898853,10.265827793913713,10.34222725388664,301438260
2005-12-05,10.067138671875,10.356118273727855,10.028194524473808,10.343715094980075,411164424
2005-12-06,10.034643173217773,10.329079915165181,9.964197171361628,10.137832202223835,604406988
2005-12-07,10.02670669555664,10.088223475396461,9.897472019111486,10.07482773977389,466169364
2005-12-08,10.18620491027832,10.18620491027832,9.987514871572184,10.053497217897286,356043600
2005-12-09,10.150235176086426,10.313453100128028,10.13435993969462,10.294103915079566,305430264
2005-12-12,10.234820365905762,10.299313865099066,10.16883897693832,10.284926519252583,277725996
2005-12-13,10.35586929321289,10.368519192770387,10.21075938577962,10.232091793739116,326225448
2005-12-14,10.392332077026367,10.411432650273198,10.306259445312177,10.344706367765662,264950784
2005-12-15,10.481383323669434,10.496019283395954,10.331313454368678,10.39605462918944,241590168
2005-12-16,10.669902801513672,10.72819424655487,10.486344066721008,10.550589907486108,652566780
2005-12-19,10.532234191894531,11.06827159929311,10.420858917008085,10.720752874432694,876594528
2005-12-20,10.659730911254883,10.720751406412738,10.533968305970827,10.613096816453442,402984612
2005-12-21,10.575146675109863,10.836344150073716,10.435742540582227,10.754239848860385,448427124
2005-12-22,10.716784477233887,10.73712338456738,10.56522483084579,10.710086136586687,301562136
2005-12-23,10.689249992370605,10.728194141064245,10.635919441449467,10.71951257735721,183620196
2005-12-27,10.53322696685791,10.712319199067226,10.48659380999725,10.712319199067226,267843888
2005-12-28,10.584077835083008,10.611115085724387,10.449385969754065,10.525785439514468,284431284
2005-12-29,10.42185115814209,10.634678969013821,10.3975429693901,10.616074673356506,277554168
2005-12-30,10.290632247924805,10.373730048240867,10.262851055829877,10.350412525854752,303180516
2006-01-03,10.795910835266113,10.806825177968678,10.373976866071759,10.480638901308545,524323152
2006-01-04,11.044211387634277,11.13648609048395,10.908031641004898,11.010973021588073,610844544
2006-01-05,11.193039894104004,11.200729845762659,10.951439289952337,11.06306222316793,431899668
2006-01-06,11.550732612609863,11.67078852492666,11.24265332119184,11.332695255429437,709565724
2006-01-09,11.581487655639648,11.742720463551374,11.433649637297288,11.569333089352924,511164324
2006-01-10,11.65243148803711,11.6645851096605,11.460936087770863,11.519971475312587,363520116
2006-01-11,11.698817253112793,11.785138501624413,11.63804441709308,11.689887077628608,359935704
2006-01-12,11.50037670135498,11.782162657732052,11.447542425341954,11.750659847268834,404606988
2006-01-13,11.565364837646484,11.581240073897366,11.450268902181515,11.517241905226577,305957736
2006-01-17,11.58669662475586,11.655903355073889,11.473090466525635,11.486236644727745,330481188
2006-01-18,11.036026954650879,11.344849229674226,10.994850021119552,11.095310962603524,818608572
2006-01-19,10.826172828674316,11.248852647285124,10.740596476421524,11.191304207019598,580910508
2006-01-20,9.908634185791016,10.914976197048313,9.791554074473924,10.881985499100967,1643023332
2006-01-23,10.604169845581055,10.626246201811629,10.064163115088558,10.105092380827678,908746344
2006-01-24,10.989392280578613,11.037017995866822,10.777309342130025,10.81575721474162,617965416
2006-01-25,10.74059772491455,11.26720869449783,10.6468341865275,11.193538288200255,748842408
2006-01-26,10.772100448608398,10.913985990942416,10.50643832903955,10.902823033858514,516526956
2006-01-27,10.752750396728516,10.870078169978065,10.64087979516212,10.790206653574742,337749912
2006-01-30,10.587300300598145,10.747541497314215,10.542155983979736,10.647080575383999,343212444
2006-01-31,10.732163429260254,10.904311555176873,10.51660842625238,10.680321708982405,881757360
2006-02-01,9.96618366241455,9.971639889585887,9.612462845072729,9.64991816198366,1083815100
2006-02-02,9.823800086975098,10.083261981205565,9.822311251864768,10.016784311914192,471835692
2006-02-03,9.464376449584961,9.770719225155071,9.241627765232902,9.763774162415576,730540728
2006-02-06,9.552434921264648,9.671499213603557,9.41501399764529,9.557643481867938,357258384
2006-02-07,9.126282691955566,9.517707427281884,9.012924187433239,9.500095686875813,664542792
2006-02-08,9.15505599975586,9.19499365121555,8.797615484394601,9.140173318873913,831331836
2006-02-09,8.899314880371094,9.287017945748737,8.833334433987304,9.207642709679446,476019504
2006-02-10,8.99456787109375,9.041450588484619,8.759663677430684,8.978197298874719,608331060
2006-02-13,8.575113296508789,8.696658968033304,8.480606763172851,8.598430819292233,787923288
2006-02-14,8.516077995300293,8.723696305254041,8.493257695981455,8.56593648779326,585573840
2006-02-15,8.49276065826416,8.582555858146826,8.379897491997625,8.465227131367344,517362120
2006-02-16,9.090068817138672,9.103462663807601,8.545100240992783,8.574370271923458,851767380
2006-02-17,9.146869659423828,9.230959065410175,9.01962010574059,9.174404128347456,572235192
2006-02-21,9.093291282653809,9.265686094369165,9.056578973184212,9.08956966763767,347092560
2006-02-22,9.06600570678711,9.15183162445418,9.025574612710052,9.107182636435624,258788952
2006-02-23,9.378053665161133,9.456685904160139,9.063525654457285,9.0689818808918,501561936
2006-02-24,9.361433029174805,9.427663031236062,9.264446057285435,9.358953527934398,259112628
2006-02-27,9.683402061462402,9.716145085828499,9.432871322166061,9.457428117794633,408079512
2006-02-28,8.9948148727417,9.861006766437656,8.396763574135571,9.75335312762764,1575926496
2006-03-01,9.048890113830566,9.164232767728832,8.962072594945447,9.14215641555833,481965552
2006-03-02,9.337870597839355,9.453213262876236,8.984397481272614,9.035991530164686,732478788
2006-03-03,9.380782127380371,9.605515874796746,9.320753242202521,9.532588478709934,478001520
2006-03-06,9.13074779510498,9.510265609896125,9.10693493855748,9.448500215635727,357230412
2006-03-07,9.040207862854004,9.139428562467954,8.883936891590986,9.054347542787175,414736848
2006-03-08,8.778018951416016,8.930570200762563,8.695169765037724,8.779259174734534,469354176
2006-03-09,8.508139610290527,8.893362222441217,8.470931966837952,8.8154748775497,555859584
2006-03-10,8.371711730957031,8.545347725076962,8.224121372278134,8.52054231297635,772250976
2006-03-13,8.360797882080078,8.585036325164502,8.320862120980541,8.456794199242957,545150304
2006-03-14,8.710550308227539,8.740563336622955,8.250663746324326,8.362782967487274,737289972
2006-03-15,8.545348167419434,8.738826799709184,8.446872349449643,8.700875207294006,510241248
2006-03-16,8.403213500976562,8.650767531864682,8.381633428458338,8.647295474115353,400267332
2006-03-17,8.428515434265137,8.477877647506773,8.307963265658067,8.40395863356824,341725932
2006-03-20,8.636877059936523,8.68400743488632,8.471923583488618,8.491768101145183,415887696
2006-03-21,8.431741714477539,8.722952242469376,8.410904636245341,8.682024866924246,392850756
2006-03-22,8.439181327819824,8.535424353349256,8.371711103514842,8.42752209494308,303536160
2006-03-23,8.480607032775879,8.576353792526634,8.4386861580951,8.492016710034703,297090612
2006-03-24,9.07369613647461,9.180110524564503,8.99208810845556,9.143646820068936,606616776
2006-03-27,9.170186996459961,9.220292204371777,9.053850842653729,9.105692552158489,280667052
2006-03-28,9.356471061706543,9.3728435194086,9.206897506152487,9.220291348714866,357474168
2006-03-29,9.797507286071777,9.897224267741674,9.413772541930044,9.424439218909066,760338900
2006-03-30,9.635281562805176,9.76079460594,9.515472411927863,9.653883965147827,587879532
2006-03-31,9.673978805541992,9.720364294872786,9.525892161928905,9.642723663515635,1459395144
2006-04-03,9.666537284851074,9.735248691317299,9.622633184128482,9.662321281207566,324583092
2006-04-04,10.029684066772461,10.043575136397381,9.627841276266574,9.671498653575682,627999372
2006-04-05,10.120222091674805,10.28344003001685,9.991979966001617,10.125430651885761,535883580
2006-04-06,10.199348449707031,10.26657005680759,10.056719006494065,10.083012304411461,343596060
2006-04-07,10.074828147888184,10.240775143833343,10.021746208108265,10.229860799767044,280754964
2006-04-10,10.328337669372559,10.347933579257706,10.052256538395891,10.097650421106682,372431196
2006-04-11,10.161645889282227,10.395806100819033,10.076316256583752,10.329328429667349,443843712
2006-04-12,10.144035339355469,10.203071677539382,10.050768077463875,10.145275562814668,240439320
2006-04-13,9.975607872009277,10.164126546083198,9.9344318899606,10.136096742375413,261853884
2006-04-17,10.09119987487793,10.232091890062168,9.942864629230876,10.007605798641247,330049620
2006-04-18,10.027202606201172,10.165863744350125,9.959237984419724,10.118733363633284,325178496
2006-04-19,10.18248176574707,10.260369111332173,10.088965905269578,10.233829089308417,270996732
2006-04-20,10.294103622436523,10.318909033078102,10.125429476891735,10.195132482283226,490369140
2006-04-21,10.842297554016113,11.180142156749058,10.819228642735116,11.134997836307877,901149948
2006-04-24,10.9266357421875,11.03081639904402,10.827911312092398,10.899349881919253,353102544
2006-04-25,10.595736503601074,10.940030880929266,10.566962749959066,10.905056009514281,382377240
2006-04-26,10.566217422485352,10.667173686264228,10.505693197530341,10.610121519632422,290820888
2006-04-27,10.418875694274902,10.589534041060228,10.40300045525802,10.49031426985087,333182484
2006-04-28,10.367032051086426,10.560263959968346,10.326352345747656,10.384147511997886,296555148
2006-05-01,9.894742965698242,10.40423938633266,9.886062347514207,10.38017886421154,414033552
2006-05-02,9.79304313659668,9.983793655021866,9.634290760045186,9.948818787926305,523647828
2006-05-03,9.77741527557373,9.959237503526163,9.695807254770688,9.831490715798425,322565112
2006-05-04,9.791802406311035,9.89399983423333,9.728797737370964,9.798748413233236,185893920
2006-05-05,9.7806396484375,9.93889668686477,9.718131256628823,9.86249722622343,242357400
2006-05-08,9.792546272277832,9.850590047400878,9.675218498704517,9.800732502471236,204539256
2006-05-09,10.140315055847168,10.145275949873227,9.766999272755534,9.8153679895096,365258376
2006-05-10,9.995949745178223,10.21249730097878,9.96816760503077,10.128160214225618,247240512
2006-05-11,9.599564552307129,10.038862691914751,9.549458387356811,10.006864546731785,355356288
2006-05-12,9.28032112121582,9.546727123741896,9.265933775360084,9.513736429236957,403100496
2006-05-15,9.331668853759766,9.42964839479986,9.1344676576716,9.324971458214478,343260396
2006-05-16,9.210124015808105,9.348040261956257,9.175149148495082,9.326459240286582,259384356
2006-05-17,9.289498329162598,9.421957376510539,9.18333257995548,9.193006698710583,425326248
2006-05-18,9.202434539794922,9.470825705527767,9.195489477402734,9.395666461517916,233166600
2006-05-19,9.178373336791992,9.289499998605017,8.943965445908999,9.259237413742378,455472072
2006-05-22,9.20144271850586,9.25303677005443,9.060053464599244,9.12454602903496,343831824
2006-05-23,9.316289901733398,9.522172661951362,9.26618279574127,9.282307590844063,358960680
2006-05-24,9.456933975219727,9.511258028260409,9.217813801677616,9.360194660469302,381769848
2006-05-25,9.500094413757324,9.500343025592763,9.235176288731093,9.4031064938793,327456216
2006-05-26,9.4594144821167,9.571782313780282,9.4266714501479,9.538790669957224,146533320
2006-05-30,9.225998878479004,9.450733590006905,9.213844311446705,9.38326241435771,172467360
2006-05-31,9.223021507263184,9.382518757423457,9.098004732761048,9.272135105061576,318932748
2006-06-01,9.490917205810547,9.500095047907145,9.217565165975595,9.265687156665834,250868880
2006-06-02,9.412035942077637,9.601548116702094,9.362674675444856,9.595594666603407,255200544
2006-06-05,9.288010597229004,9.461895198372154,9.280817869229253,9.331171691688281,222117660
2006-06-06,9.673730850219727,9.673978516774483,9.334148809006157,9.341094816045665,409981608
2006-06-07,9.587408065795898,9.794530080284614,9.587159453964297,9.754346656902184,356095548
2006-06-08,9.755837440490723,9.779898913641514,9.390954568006805,9.61816883422889,413965620
2006-06-09,9.588897705078125,9.808670582645657,9.558634174826226,9.728301838556435,246053700
2006-06-12,9.464126586914062,9.686132219980937,9.450732743015621,9.632800729751404,200563236
2006-06-13,9.587657928466797,9.599563884465072,9.37929471822055,9.44825284320015,306057636
2006-06-14,9.534820556640625,9.701262870032677,9.389215317870756,9.669761009497165,310569120
2006-06-15,9.698785781860352,9.729791371737189,9.500345280186728,9.590138602820895,271156572
2006-06-16,9.6913423538208,9.69704813792017,9.624369342280678,9.651654258159436,211971816
2006-06-19,9.627840995788574,9.793043100595506,9.599067245805923,9.695062616366332,305018676
2006-06-20,9.603780746459961,9.720364584963827,9.587409229979526,9.625112211376958,161434404
2006-06-21,9.97486400604248,10.021250443347995,9.667778247647608,9.700272669656066,349426224
2006-06-22,9.920787811279297,10.07085860629902,9.624367836296877,9.961220790917096,236239524
2006-06-23,10.042582511901855,10.16387863153352,9.940386022068173,9.990491237482278,212379408
2006-06-26,10.02670669555664,10.127911567987928,10.002645228155826,10.089463698749563,141905952
2006-06-27,9.979576110839844,10.120469072944175,9.947081692486329,10.063665521139635,164119716
2006-06-28,10.073588371276855,10.082765267773675,9.95005853430653,10.021497100329826,148271580
2006-06-29,10.363808631896973,10.373481808078505,10.066396039684069,10.120222874251528,266061672
2006-06-30,10.401511192321777,10.401511192321777,10.227876142976475,10.308987884032437,250069680
2006-07-03,10.497509002685547,10.51164679459302,10.404489402720912,10.419124418387634,86181732
2006-07-05,10.454345703125,10.487585012919851,10.309979732326733,10.455834538347448,199224576
2006-07-06,10.497258186340332,10.55158223875279,10.467244213552904,10.501971413272338,147336516
2006-07-07,10.42929458618164,10.61384400130798,10.31593418864353,10.568202453336125,241434324
2006-07-10,10.373480796813965,10.547860742343477,10.32833647649081,10.503460366993716,177278544
2006-07-11,10.531243324279785,10.543396947236372,10.245240415854019,10.381171556393122,238613148
2006-07-12,10.349916458129883,10.486095240978198,10.337017947148588,10.46997233857461,196071732
2006-07-13,10.141057968139648,10.376954693984501,10.09144808763897,10.269300090588612,276703020
2006-07-14,10.008846282958984,10.20703905941716,9.887549237239025,10.178265313345557,301781916
2006-07-17,10.1177396774292,10.194884023584255,10.014302975725656,10.036876552000118,232243524
2006-07-18,9.997685432434082,10.184219960740531,9.865970294821128,10.163879161165717,341130528
2006-07-19,9.897224426269531,9.950307309586726,9.789569824425016,9.798251387961392,340399260
2006-07-20,9.602540969848633,10.032164974028138,9.566324931475506,10.02819569168504,501046452
2006-07-21,9.676706314086914,9.717386013049621,9.368627120676186,9.578229567348542,469713816
2006-07-24,9.69630241394043,9.770470038517276,9.455942025605236,9.743928124639266,323120556
2006-07-25,9.658102989196777,9.706473589295005,9.520186752864332,9.550448390951972,230213556
2006-07-26,9.562355995178223,9.72135698496545,9.500343879276414,9.629329950021031,221054724
2006-07-27,9.485458374023438,9.61171630636716,9.375075676327866,9.608739581709127,225418356
2006-07-28,9.627344131469727,9.663062937735443,9.468839447273913,9.475536841610243,163180656
2006-07-31,9.589642524719238,9.653391146905042,9.50803354980087,9.624369727976154,183628188
2006-08-01,9.314554214477539,9.56905432236776,9.314554214477539,9.552682804557456,218309472
2006-08-02,9.10916805267334,9.35573052445492,9.05881327906683,9.31678542847387,283628088
2006-08-03,9.311577796936035,9.374086199414961,9.013172631758422,9.053357009905884,252826920
2006-08-04,9.273377418518066,9.442796475769526,9.221286144085518,9.415013391407623,203604192
2006-08-07,9.375079154968262,9.419232817605016,9.206404960567783,9.215086525954666,157718124
2006-08-08,9.450732231140137,9.537548799059623,9.403354193181874,9.495876543964812,229498272
2006-08-09,9.35002326965332,9.542014934132313,9.335635923659563,9.495381783503925,172267560
2006-08-10,9.282057762145996,9.36813229022233,9.238897610119668,9.274120143403058,170305524
2006-08-11,9.140669822692871,9.308847712916402,9.128267588318758,9.287019024184161,150509340
2006-08-14,9.163738250732422,9.305127496296576,9.144886288304388,9.215084632679268,198533268
2006-08-15,9.44998836517334,9.467351491580613,9.242369121463533,9.27982537803811,267660072
2006-08-16,9.617424011230469,9.63553108402185,9.478515207651874,9.512249851698131,233893872
2006-08-17,9.569798469543457,9.673979128805183,9.523164366799978,9.58443253892038,203004792
2006-08-18,9.509273529052734,9.601796846500427,9.444532351613907,9.582447658890986,197889912
2006-08-21,9.358954429626465,9.401122024742149,9.307359435253051,9.37879800379855,160771068
2006-08-22,9.383511543273926,9.407572066817295,9.297933290930203,9.369621419007778,166397436
2006-08-23,9.262958526611328,9.383015369685607,9.243858896562779,9.367387798096267,145546308
2006-08-24,9.270400047302246,9.3366291079308,9.233936346798608,9.288010840592618,139160700
2006-08-25,9.258742332458496,9.309840104347183,9.239890369369492,9.254276771929366,98569332
2006-08-28,9.449492454528809,9.449492454528809,9.301902093154654,9.31703338535943,166393440
2006-08-29,9.399882316589355,9.483475448607628,9.356472609489549,9.445275246664979,178221600
2006-08-30,9.444531440734863,9.541271697698281,9.388968111368222,9.406332183522151,161614224
2006-08-31,9.389463424682617,9.479256720146124,9.381277195198313,9.462886151761694,118277604
2006-09-01,9.391200065612793,9.457678684689622,9.356225199599887,9.450484065774942,106809084
2006-09-05,9.534077644348145,9.559874667060479,9.36242582440524,9.42270237820707,162809028
2006-09-06,9.429400444030762,9.50505596116781,9.417494488582564,9.478018713233759,148815036
2006-09-07,9.388473510742188,9.469337599902374,9.361435313530825,9.410797534982427,153526320
2006-09-08,9.372596740722656,9.445523198077032,9.344566936407881,9.344566936407881,123212664
2006-09-11,9.52738094329834,9.54226362395646,9.370612736805489,9.382767304126508,180986832
2006-09-12,9.721108436584473,9.741696901595077,9.546977098148364,9.549953823415507,217470312
2006-09-13,10.08499813079834,10.089711357653432,9.800484087708597,9.801725256352949,390337272
2006-09-14,10.02075481414795,10.077806042614526,9.969903758125364,10.028692433908919,214429356
2006-09-15,10.167104721069336,10.171321670083644,10.08921736082858,10.107572101696286,313214472
2006-09-18,10.286417007446289,10.385636773374689,10.156933709895037,10.170079889319652,283983732
2006-09-19,10.016535758972168,10.30625929197707,9.74194351723784,10.305515347063599,571144284
2006-09-20,9.847614288330078,10.105339716169775,9.788577950637388,10.098146042049375,365546088
2006-09-21,10.091943740844727,10.131631835562503,9.918557292798296,9.929471637007214,427256316
2006-09-22,10.015791893005371,10.106826362594674,9.955763005822943,10.045558197408116,185798016
2006-09-25,10.02075481414795,10.156438295154338,9.984043440915004,10.060442912952801,229262508
2006-09-26,10.09244155883789,10.112532801300707,9.965934981425928,10.058458300790546,211364424
2006-09-27,9.994460105895996,10.20034191232581,9.980816703497426,10.078301852749652,234832932
2006-09-28,10.010832786560059,10.095169876343585,9.935425873278865,10.023235021736367,204091704
2006-09-29,9.969158172607422,10.061432860233506,9.957002661587765,10.049277349213849,132303564
2006-10-02,9.957747459411621,10.070858274295405,9.941872224154526,9.969158080156435,145929924
2006-10-03,10.02224063873291,10.08226952569195,9.877131677732304,9.954026467107344,218369412
2006-10-04,10.311468124389648,10.313205571387268,9.997684062269016,10.045309772080797,266205528
2006-10-05,10.21497917175293,10.37447456467961,10.191413979368418,10.28666541526368,231360408
2006-10-06,10.430532455444336,10.465507320413478,10.163877823304274,10.17553705691949,293166540
2006-10-09,10.641376495361328,10.714551564950435,10.502963974828507,10.537195841448199,303028668
2006-10-10,10.583084106445312,10.860900759039186,10.477414617307334,10.70487744472429,391152456
2006-10-11,10.579362869262695,10.663948556526073,10.511397308657097,10.542651503156364,225190584
2006-10-12,10.602680206298828,10.658243532872302,10.517350575595104,10.630461396939495,193566240
2006-10-13,10.599207878112793,10.65377865141742,10.55604678163934,10.610618500236166,144755100
2006-10-16,10.461540222167969,10.646338246079825,10.451369822515462,10.60913059660289,172603224
2006-10-17,10.434005737304688,10.511148190428248,10.336272931467056,10.425570895817787,208231560
2006-10-18,10.401016235351562,10.535955766328827,10.356119577415148,10.492298386601796,240451308
2006-10-19,10.568449020385742,10.653778656565871,10.407464813677805,10.423835383972566,459679860
2006-10-20,11.402146339416504,11.41281301542051,11.251331602647001,11.385278547266958,465450084
2006-10-23,11.925782203674316,12.021528947948859,11.41951023340533,11.46688827249229,603575820
2006-10-24,11.740489959716797,11.853352181815328,11.693359579049524,11.814160365407426,346061592
2006-10-25,12.070149421691895,12.117278857596492,11.785139080668253,11.844174472511202,367132500
2006-10-26,12.032940864562988,12.203102910343855,12.0106158990877,12.096937145321638,280986732
2006-10-27,11.787370681762695,12.036412627609815,11.720148120433336,12.003174264702007,263895840
2006-10-30,11.821353912353516,11.91784650763768,11.65863225262977,11.777945147714625,262261476
2006-10-31,11.816887855529785,11.96001264450734,11.7536345787568,11.858311501425547,251164584
2006-11-01,11.596370697021484,11.884854014847416,11.540807368815774,11.87567617321096,216834948
2006-11-02,11.65615177154541,11.750906911742021,11.568589359346447,11.596370550452086,209258532
2006-11-03,11.703033447265625,11.751404050312084,11.535847174136784,11.713700124708975,196111692
2006-11-06,11.830779075622559,11.898000689572271,11.716179420116433,11.751898228541226,199460340
2006-11-07,11.72213363647461,11.882126243428274,11.702290061183497,11.830780803304068,195688116
2006-11-08,11.782408714294434,11.94959591964792,11.623656350786725,11.667066056854374,318281400
2006-11-09,11.723620414733887,11.893783391342282,11.704519842516914,11.819615773003987,194972832
2006-11-10,11.746443748474121,11.775465166471779,11.665578721191308,11.75214764203452,111756132
2006-11-13,11.931985855102539,11.93545791365288,11.761077955880332,11.779929919852414,173502324
2006-11-14,12.137123107910156,12.153246012234696,11.918838116070695,11.923799009709015,288647064
2006-11-15,12.202361106872559,12.398816473969365,12.202361106872559,12.239567810825067,334493172
2006-11-16,12.300834655761719,12.34498735919063,12.217985474907827,12.278509692224839,203500296
2006-11-17,12.372523307800293,12.394103385392715,12.22890126965026,12.235103332337363,220219560
2006-11-20,12.279752731323242,12.362848646073328,12.220220116351046,12.362848646073328,204775020
2006-11-21,12.6419038772583,12.650586385386111,12.299098416179378,12.316710153678478,336762900
2006-11-22,12.601224899291992,12.725002401960174,12.545909237095783,12.674647633097623,179847972
2006-11-24,12.526562690734863,12.588574806403589,12.501757277292034,12.514159511367334,69238692
2006-11-27,12.024258613586426,12.446688869384667,12.024258613586426,12.436518471374175,292695012
2006-11-28,12.142084121704102,12.151013352224545,11.832764648897598,11.934464860074021,311592096
2006-11-29,12.021778106689453,12.272062176683104,11.96224643993092,12.259658997752085,252359388
2006-11-30,12.025748252868652,12.16440844890905,11.944884171264672,12.010369292992856,222876900
2006-12-01,11.92628002166748,12.11455104874119,11.869227851538861,12.054770765099112,225030744
2006-12-04,12.026739120483398,12.090737293518224,11.890311713214707,11.980849910268404,195800004
2006-12-05,12.080069541931152,12.140593760720668,12.027730607638778,12.08999132805911,163955880
2006-12-06,12.122488021850586,12.214017832345272,12.01855408674901,12.07907831218761,177833988
2006-12-07,11.971921920776367,12.199136160496503,11.966464748296694,12.160192008094354,186385428
2006-12-08,12.008383750915527,12.119758072957557,11.906433991687614,11.954556924861231,158837004
2006-12-11,12.00391960144043,12.127200837990966,12.000695209510958,12.02847640400384,130405464
2006-12-12,11.95058822631836,12.064195333981713,11.913380579875986,12.001934608256237,167072760
2006-12-13,11.881381034851074,12.042861501814011,11.832514160138508,12.022769318391713,186297516
2006-12-14,11.959019660949707,11.999451690774862,11.838466570993615,11.912633236757475,189766044
2006-12-15,11.913877487182617,12.008384970852559,11.902466864385575,11.971921267449932,207424368
2006-12-18,11.479787826538086,11.974400609247397,11.428192834788526,11.968695771021482,320343336
2006-12-19,11.62440013885498,11.641267931734626,11.373125419067446,11.452997878121787,263216520
2006-12-20,11.482267379760742,11.695591463979078,11.46812959005201,11.658383818838306,174537288
2006-12-21,11.31607437133789,11.540560479372202,11.220327612014588,11.514018564157373,277853868
2006-12-22,11.30069351196289,11.376596684045978,11.229999844479659,11.348319217052685,159372468
2006-12-26,11.349066734313965,11.397187783587816,11.276139324787012,11.324012707481094,82889028
2006-12-27,11.609518051147461,11.610758274493458,11.388008678857515,11.410333644377667,169090740
2006-12-28,11.473835945129395,11.623161878530746,11.466145992302113,11.586946785381887,124523352
2006-12-29,11.422240257263184,11.521211401192035,11.40686035380926,11.462423681720644,102265632
2007-01-03,11.598605155944824,11.823586614522487,11.437868598121415,11.55916567050026,307951740
2007-01-04,11.987298965454102,12.004414425202118,11.617455300619671,11.633579148897695,315188496
2007-01-05,12.084782600402832,12.092472551720332,11.859552575736014,11.968447390969235,274609116
2007-01-08,11.995238304138184,12.151262577773014,11.961007379732447,12.097187132323159,189985824
2007-01-09,12.042863845825195,12.111077081776173,11.936201791827486,12.041623622358673,215040744
2007-01-10,12.141090393066406,12.24254292788378,11.957036339507537,12.01632128205167,238501260
2007-01-11,12.395590782165527,12.445944605801433,12.307780701344273,12.333081446437294,288039672
2007-01-12,12.526562690734863,12.526562690734863,12.40253751410518,12.451898783841763,178769052
2007-01-16,12.508702278137207,12.72500213852618,12.484392199779634,12.589814016813957,302453244
2007-01-17,12.335066795349121,12.595272671105496,12.263132889740225,12.486626449739964,267696036
2007-01-18,12.100659370422363,12.315222746122103,12.090737583174336,12.2666044761392,237042720
2007-01-19,12.148285865783691,12.173338947373448,12.07362289946722,12.104380820033477,198932868
2007-01-22,11.927270889282227,12.220218815236974,11.869226170482975,12.21649814535889,215955828
2007-01-23,11.882868766784668,12.02425799373957,11.839211397372711,11.926029857854747,186433380
2007-01-24,12.379467964172363,12.391127198842934,11.98804418318594,12.016817934129474,242129628
2007-01-25,12.107107162475586,12.51415847108708,12.046831553646454,12.427340949192516,254485260
2007-01-26,12.299345970153809,12.350444680557903,12.080813339710959,12.177553589156805,219640140
2007-01-29,12.215752601623535,12.371528230962337,12.166886672155057,12.352924882567171,190836972
2007-01-30,12.26164436340332,12.352927458716819,12.184749562041802,12.253706744040942,167052780
2007-01-31,12.43974494934082,12.52656342886037,12.291162962369986,12.315472098823768,487755756
2007-02-01,11.949843406677246,12.551614489124011,11.944385289890754,12.551366822584686,625721652
2007-02-02,11.943644523620605,12.030462060101463,11.852112814381858,11.971177107487916,251208540
2007-02-05,11.587937355041504,11.856823811918218,11.563875889067617,11.844420633830556,287987724
2007-02-06,11.695096015930176,11.740241282635688,11.59041907994804,11.61125521145947,212663124
2007-02-07,11.658632278442383,11.766286884654038,11.628122026257394,11.753139760246157,164627208
2007-02-08,11.68393325805664,11.751403487234167,11.53807940151098,11.6100142456434,162904932
2007-02-09,11.457216262817383,11.724862530669807,11.447542141881854,11.699313171607324,194149656
2007-02-12,11.367918014526367,11.469618233090271,11.286805317202244,11.427202967098763,229949820
2007-02-13,11.388010025024414,11.479293120898493,11.342368477087375,11.389250248517017,162341496
2007-02-14,11.557427406311035,11.636803588848316,11.390985089528233,11.410333329425494,227724048
2007-02-15,11.446796417236328,11.562388636311212,11.42819306701803,11.559164244665144,161534304
2007-02-16,11.656895637512207,11.662106088250743,11.461431892608111,11.47978852230543,246832920
2007-02-20,11.710474014282227,11.726597862663631,11.527164849105157,11.620431154827319,162541296
2007-02-21,11.803742408752441,11.873693090112509,11.602325207437355,11.654416482279283,225398376
2007-02-22,11.803494453430176,12.011609045259931,11.767279362847509,11.873940466206982,229526244
2007-02-23,11.6737642288208,11.830781059109638,11.603814490056452,11.801014750237092,155148696
2007-02-26,11.532622337341309,11.788610297304709,11.503352310080507,11.728583298173843,158637204
2007-02-27,11.1317720413208,11.405372683098314,11.092083949192935,11.286307461422536,372139488
2007-02-28,11.148638725280762,11.253316598451383,10.989638692562904,11.172452525498525,320970708
2007-03-01,11.118377685546875,11.222311619376985,10.914232378632303,10.980462387144785,347060592
2007-03-02,10.881488800048828,11.130036360431914,10.881488800048828,11.040986057013813,263080656
2007-03-05,10.937796592712402,11.050659746746021,10.839816117996218,10.840311451073095,253949796
2007-03-06,11.349560737609863,11.385528159707096,11.09729344982774,11.0995262299532,301046652
2007-03-07,11.3021821975708,11.488220416582218,11.268696168911669,11.477058407029174,261102636
2007-03-08,11.279363632202148,11.546762241211187,11.263984672064533,11.390986580750317,214297488
2007-03-09,11.235705375671387,11.37064489310807,11.164764031318215,11.36072310609019,198908892
2007-03-12,11.280105590820312,11.292508768669673,11.189815069102488,11.22603110063703,138477384
2007-03-13,10.989392280578613,11.21015772855287,10.984431386730959,11.165012460188489,254836908
2007-03-14,11.112672805786133,11.12904432161005,10.88942692518846,10.994352470163522,320355324
2007-03-15,11.06777572631836,11.157817641947103,11.011963785670272,11.10920032004961,157610232
2007-03-16,10.935317039489746,11.080427913693795,10.911504181402766,11.054381329924645,226137636
2007-03-19,11.093571662902832,11.12507446686959,10.929858417587013,10.994847248311212,207700092
2007-03-20,11.045204162597656,11.102752615463382,11.003531894719854,11.057855010093542,136723140
2007-03-21,11.324756622314453,11.325253846057244,11.043466941860538,11.045700667533954,231700068
2007-03-22,11.460936546325684,11.464160938097953,11.225040762688652,11.301440225434611,227000772
2007-03-23,11.455728530883789,11.494424073060639,11.337904457021589,11.446303020903445,164287548
2007-03-26,11.534358024597168,11.534358024597168,11.301686658134322,11.42397531848946,188223588
2007-03-27,11.500127792358398,11.540063550920946,11.418766494763812,11.498391290630952,149498352
2007-03-28,11.4569673538208,11.545272765518243,11.414053925983719,11.4567177966926,183480336
2007-03-29,11.433154106140137,11.559163436291232,11.28630675650058,11.523195071133552,159380460
2007-03-30,11.364691734313965,11.494671306868225,11.3145865195299,11.462424552940693,135072792
2007-04-02,11.373870849609375,11.373870849609375,11.214869855643569,11.354770274208978,137802060
2007-04-03,11.72287654876709,11.763804861191396,11.509553423920554,11.510792701874875,259811928
2007-04-04,11.683684349060059,11.732798893483446,11.647965539745007,11.711466485453679,151000848
2007-04-05,11.695840835571289,11.71022723805551,11.648958122015383,11.690631330078778,108523368
2007-04-09,11.613982200622559,11.7327988064002,11.548992420254372,11.732302528023256,122361516
2007-04-10,11.57156753540039,11.677981922365214,11.53832916852328,11.586202550359479,119052828
2007-04-11,11.522700309753418,11.643501086317963,11.475074599811677,11.560651899661341,152327520
2007-04-12,11.593643188476562,11.60877448096153,11.46589734383821,11.50955471949422,108207684
2007-04-13,11.566357612609863,11.627874395593283,11.493679764170365,11.619936776669366,111680208
2007-04-16,11.764303207397461,11.83177344350536,11.612494939831617,11.620184892486437,202912884
2007-04-17,11.727838516235352,11.816888822188721,11.698072210301785,11.75264392872869,128275596
2007-04-18,11.807462692260742,11.903955286313144,11.64672614827849,11.68963863394718,226593180
2007-04-19,11.699313163757324,11.954805808918474,11.648215390958898,11.770007790276669,439943616
2007-04-20,11.967951774597168,12.216499353128963,11.956542097293232,12.167384804356747,485973540
2007-04-23,11.883612632751465,12.03045902990789,11.863271837914091,11.908914320390519,226757016
2007-04-24,11.84516716003418,11.905939999710213,11.796053555146825,11.871956742806287,147640212
2007-04-25,11.85657787322998,11.940418680671657,11.80994471488927,11.906435423508992,158513328
2007-04-26,11.935705184936523,12.016816925341812,11.834747980600172,11.859304780733597,164831004
2007-04-27,11.881878852844238,11.965968273794983,11.865011057221176,11.90817310318335,116910972
2007-04-30,11.69261646270752,11.93992383693061,11.69261646270752,11.885352111856461,145502352
2007-05-01,11.633580207824707,11.728086744857789,11.513771033391006,11.712708730689847,146181672
2007-05-02,11.553706169128418,11.68517362564585,11.55246689106826,11.624897069195894,122385492
2007-05-03,11.738504409790039,11.759340538965011,11.541551848782207,11.564619812680984,143624232
2007-05-04,11.68616771697998,11.778442426154125,11.556189078592906,11.661362301383619,157842000
2007-05-07,11.590666770935059,11.72833440631572,11.570822250939548,11.71146755687639,120683196
2007-05-08,11.579257011413574,11.612991655345047,11.527662016025234,11.562389216801721,116087796
2007-05-09,11.63978099822998,11.701296834344154,11.506577981779671,11.562884312502836,155440404
2007-05-10,11.446796417236328,11.645733157756679,11.435634407105349,11.584961268418057,147304548
2007-05-11,11.577518463134766,11.583969136721597,11.435138560489916,11.455726078081883,117646236
2007-05-14,11.454486846923828,11.596619095337928,11.410334137663757,11.546266214372007,154753092
2007-05-15,11.360724449157715,11.473339959117599,11.346090378751622,11.458953555299349,164595240
2007-05-16,11.723124504089355,11.736270681766939,11.386023876951711,11.459942885785683,261905832
2007-05-17,11.682195663452148,11.78786513964182,11.678474993789113,11.719403305374604,186237576
2007-05-18,11.666321754455566,11.725357142721178,11.65218301907017,11.708738905903951,147688164
2007-05-21,11.673267364501953,11.886590501974053,11.577023388064852,11.64672545110693,246125628
2007-05-22,11.803742408752441,11.881878375723081,11.732800115819964,11.732800115819964,153406440
2007-05-23,11.75685977935791,11.991019996568198,11.751403552878218,11.92677510394183,202205592
2007-05-24,11.765790939331055,11.886591728078342,11.695592590661636,11.786131738225071,166777056
2007-05-25,11.993748664855957,12.029220755660825,11.838717903809435,11.898994462641477,213726060
2007-05-29,12.082799911499023,12.19913513517495,12.00565555822304,12.030460971526905,208511280
2007-05-30,12.367809295654297,12.373762746092456,11.98085014184962,12.018058734441997,289542168
2007-05-31,12.350693702697754,12.620325073139316,12.329609905118456,12.41642837808633,356615028
2007-06-01,12.412457466125488,12.527056171680204,12.351188359209527,12.427340144815373,191768040
2007-06-04,12.57790756225586,12.663238142843532,12.342755732086362,12.350693350595426,283755960
2007-06-05,12.869864463806152,12.873833745883555,12.56649844520022,12.644386743854584,417466116
2007-06-06,12.855228424072266,12.91798542498127,12.781060801554673,12.818020779541104,315152532
2007-06-07,12.776101112365723,13.059872172425749,12.712848772406241,12.892437283610075,424794780
2007-06-08,12.786767959594727,12.889708395806482,12.637193420464325,12.804379699636428,254073672
2007-06-11,12.683826446533203,12.855229672686344,12.650588080534424,12.75030412382301,185722092
2007-06-12,12.520857810974121,12.692013380033773,12.481169713775003,12.61858969124618,256523220
2007-06-13,12.532515525817871,12.614371211987677,12.370041540948336,12.57840473493539,281078640
2007-06-14,12.472982406616211,12.54839025172151,12.44470399205565,12.535987073468156,184663152
2007-06-15,12.548638343811035,12.62578174791326,12.433046125640903,12.605689562659451,246717036
2007-06-18,12.779574394226074,12.79941891474781,12.507711174653387,12.555832222701758,193242564
2007-06-19,12.757495880126953,12.830422330165435,12.688785432877582,12.75005454067496,174037788
2007-06-20,12.6498441696167,12.867633848497665,12.62727153429634,12.823232522913154,173354472
2007-06-21,12.752534866333008,12.781804890800544,12.558311371074078,12.674894245301601,176211612
2007-06-22,13.022167205810547,13.022414872358835,12.801897115164453,12.809834733507907,287859852
2007-06-25,13.08269214630127,13.270465938368751,12.982479827370847,13.121387683367043,316683000
2007-06-26,13.15313720703125,13.226063660727858,13.053421173729967,13.214406317901998,227352420
2007-06-27,13.05466079711914,13.096830281162259,12.887723143845648,13.022662656907091,244679076
2007-06-28,13.022910118103027,13.1342853860048,12.99289614664506,13.019685726536048,166569264
2007-06-29,12.96561050415039,13.082194325309063,12.885241768999373,13.047963407439282,155068776
2007-07-02,13.156112670898438,13.192576366897473,13.002817493082404,13.03481562938062,139364496
2007-07-03,13.254343032836914,13.255830922792578,13.084676313280344,13.172982676678137,74797128
2007-07-05,13.435172080993652,13.503882538279246,13.200020237268895,13.284604987195495,197518284
2007-07-06,13.379855155944824,13.490734144477749,13.363236919871907,13.425745308868363,109770120
2007-07-09,13.458240509033203,13.611535710733968,13.401188343034894,13.46915485288144,149042808
2007-07-10,13.47758960723877,13.568376422083972,13.4356687309678,13.488751618355815,154085760
2007-07-11,13.50561809539795,13.555972867906075,13.394988653580555,13.484286630635737,132239628
2007-07-12,13.526952743530273,13.57631496390054,13.400198494512695,13.540098924014183,137526336
2007-07-13,13.696370124816895,13.709020971428348,13.574577721897809,13.590948293639357,209274516
2007-07-16,13.716957092285156,13.855617275538984,13.625674007742843,13.65023080796487,263716020
2007-07-17,13.766816139221191,13.834533092481045,13.701826354007498,13.767807750756866,172970856
2007-07-18,13.630389213562012,13.754414401310358,13.489248563138485,13.739283107206658,242956800
2007-07-19,13.607815742492676,13.730105366037096,13.45030358412184,13.7286165307307,444642912
2007-07-20,12.90161418914795,12.97751831499661,12.638183946735388,12.697716557389546,710181108
2007-07-23,12.712846755981445,12.898636354840843,12.703917526855733,12.87407955680699,254013732
2007-07-24,12.749807357788086,12.866143524919137,12.578900416600952,12.63322352409772,222661116
2007-07-25,12.644634246826172,12.824719031521706,12.540453591410387,12.82372647469214,221578200
2007-07-26,12.600977897644043,12.714832674360379,12.374754343588657,12.61933263677178,275060664
2007-07-27,12.697467803955078,12.814795576935735,12.53896404954333,12.61412328431926,220143636
2007-07-30,12.802145957946777,12.882266087763679,12.662989495231649,12.723018384925275,158373468
2007-07-31,12.65058708190918,12.909551763192985,12.65058708190918,12.904343203321645,170649180
2007-08-01,12.723514556884766,12.812069534716576,12.60445027173526,12.662990330095298,176950872
2007-08-02,12.675642013549805,12.774366451911375,12.625783515905818,12.742863640359662,126069804
2007-08-03,12.476950645446777,12.729961848460238,12.476950645446777,12.651825896751365,126920952
2007-08-06,12.65058708190918,12.65430775190076,12.464548855869365,12.4769520344668,145913940
2007-08-07,12.79991340637207,12.895661108319276,12.626774631767244,12.644386370800884,170401428
2007-08-08,13.042012214660645,13.042012214660645,12.826456272333619,12.882267273429653,162589248
2007-08-09,12.767915725708008,13.067809687916123,12.765435278877955,12.918482818519578,193666140
2007-08-10,12.793216705322266,12.866887106423095,12.54218869399561,12.655051854354804,234772992
2007-08-13,12.787014961242676,12.89243678414735,12.725746792078077,12.88722822408167,127044828
2007-08-14,12.615859985351562,12.834144965041897,12.600977305264932,12.792471759273406,145202652
2007-08-15,12.341764450073242,12.692507563741101,12.32092737379999,12.625782222231317,216163620
2007-08-16,12.19218921661377,12.313982558489151,11.917846504772342,12.204592396002065,345478176
2007-08-17,12.403528213500977,12.427341068349692,12.195413636444147,12.339034710467809,218956824
2007-08-20,12.35094165802002,12.466038550311929,12.303315944494411,12.463557158187664,107784108
2007-08-21,12.566497802734375,12.604945671674693,12.347221211027861,12.376242626323924,144279576
2007-08-22,12.718801498413086,12.805619023791204,12.631983027742777,12.64959476654768,129977892
2007-08-23,12.704910278320312,12.802642146167978,12.576171881694924,12.799417754543917,122944932
2007-08-24,12.774613380432129,12.788256783566508,12.613380552038018,12.715329376581746,98809092
2007-08-27,12.731451988220215,12.835384978817213,12.685315110131775,12.76047435040333,92910996
2007-08-28,12.561290740966797,12.774117629495267,12.546158501903959,12.68854031800359,130825044
2007-08-29,12.722025871276855,12.732442991202959,12.581876851291009,12.597008143365159,101870028
2007-08-30,12.685314178466797,12.784533934695528,12.664973381659097,12.709127033396753,105961932
2007-08-31,12.780813217163086,12.811818800061557,12.687050632952218,12.727481723993392,118984896
2007-09-04,13.026384353637695,13.097078029582054,12.765185943949048,12.775107730707248,147600252
2007-09-05,13.092117309570312,13.133789570740328,12.95444873530853,12.982974817908284,132383484
2007-09-06,12.98595142364502,13.142471958733335,12.85498119108844,13.130812724894627,144890964
2007-09-07,12.882514953613281,12.929395775214855,12.819261671025718,12.845554973700391,146397456
2007-09-10,12.761714935302734,12.949985013808817,12.672416956550558,12.9303891052329,128902968
2007-09-11,12.931628227233887,12.939565845675602,12.792719431857767,12.823974572521921,108035856
2007-09-12,12.964370727539062,13.096583077339425,12.873833475445391,12.911784121840713,119320560
2007-09-13,13.017207145690918,13.077482759415805,12.97851066298215,12.999347739598072,75568356
2007-09-14,13.115683555603027,13.153386537880044,12.953706779467915,12.978014970247743,110485404
2007-09-17,13.030105590820312,13.12882907488737,12.999595338977112,13.06061489737129,87812100
2007-09-18,13.277411460876465,13.326526007008795,13.004555707128976,13.060366703110244,168459372
2007-09-19,13.564654350280762,13.62914785848395,13.366462489158945,13.376631943051155,220854924
2007-09-20,13.712989807128906,13.811465627410445,13.544314693679643,13.568376162644812,220779000
2007-09-21,13.893321990966797,13.910437452132124,13.712989537026205,13.800054732827117,320147532
2007-09-24,14.089776992797852,14.175106624176108,13.89084026080474,13.915644726699249,211668120
2007-09-25,14.11408519744873,14.127976265541804,13.96178256267828,13.990060031949202,109114776
2007-09-26,14.093250274658203,14.183293140492294,13.985348002770786,14.148813606495837,133710156
2007-09-27,14.076879501342773,14.182052713056425,14.034214682562583,14.181805046496395,82169748
2007-09-28,14.071172714233398,14.127728598063644,13.993036755991735,14.064475319375767,105474420
2007-10-01,14.4501953125,14.494844299837201,14.129218503969765,14.138147734261874,188263548
2007-10-02,14.495837211608887,14.803916460659035,14.387190993154258,14.470784131339315,282417300
2007-10-03,14.486659049987793,14.609939334912251,14.395873185139845,14.541974714849385,155024820
2007-10-04,14.362881660461426,14.513201085304969,14.314015724014448,14.513201085304969,119348532
2007-10-05,14.735452651977539,14.78382325261972,14.560825992442027,14.563305493819483,202545252
2007-10-08,15.12166976928711,15.137545007122217,14.732974108893172,14.759018800618366,200918880
2007-10-09,15.259584426879883,15.47290851709431,15.091157934878883,15.257847925113037,350361288
2007-10-10,15.51284408569336,15.520037759227979,15.299768609948552,15.412880382327725,215208576
2007-10-11,15.428755760192871,15.910220488336543,15.106289179167792,15.71748675337985,471488040
2007-10-12,15.810505867004395,15.835558946782307,15.335488017473448,15.477869822639228,272675052
2007-10-15,15.38187313079834,15.871773649106638,15.268762302073343,15.837295061419201,277474248
2007-10-16,15.279923439025879,15.525990546849606,15.180456018302568,15.34168882781609,240770988
2007-10-17,15.713518142700195,15.72641665524544,15.418585074826098,15.63835890239532,240978780
2007-10-18,15.865822792053223,15.909230611780243,15.589988406584913,15.761391631679912,491076432
2007-10-19,15.992079734802246,16.333893626638556,15.955368365474722,16.23640941937545,630928440
2007-10-22,16.14189910888672,16.24732186805951,15.782970742968455,15.84225473871396,266309424
2007-10-23,16.762523651123047,16.80791658057477,16.37134852184077,16.402354104639947,271476252
2007-10-24,16.763763427734375,16.804692686522973,16.360433742625403,16.686620027318195,295871832
2007-10-25,16.582439422607422,16.84190134700534,16.459405855953314,16.83470767303268,231588180
2007-10-26,16.733497619628906,16.781618651691435,16.571272286733397,16.719359833208305,134021844
2007-10-29,16.84834861755371,16.867449190909472,16.671240569311166,16.812132584375153,122529348
2007-10-30,17.23381996154785,17.36131718752099,16.805683906175528,16.805683906175528,275747976
2007-10-31,17.537187576293945,17.537187576293945,17.265323429960862,17.38066609370425,274796928
2007-11-01,17.44317626953125,17.703876513377725,17.407703234625515,17.432757258959086,260826912
2007-11-02,17.642606735229492,17.70040189475193,17.29756755323789,17.62425105306386,233426340
2007-11-05,17.999799728393555,18.11340683176334,17.514116174661986,17.536937418188913,354992652
2007-11-06,18.40015411376953,18.40015411376953,17.98367727973594,18.295228571021198,337114548
2007-11-07,18.180631637573242,18.5353430961388,17.93754217679667,18.38378439197129,330609060
2007-11-08,17.210752487182617,18.22900049524281,16.7974990771764,18.22180682127125,659827512
2007-11-09,16.46982192993164,16.9140808463598,16.401360096701023,16.762769834518995,455068476
2007-11-12,15.678543090820312,16.61766255637895,15.533185505569675,16.31529004217402,408682908
2007-11-13,16.384992599487305,16.394171388313744,15.678545368669592,15.999025947274104,337478184
2007-11-14,15.916919708251953,16.75557920839979,15.78272507561104,16.70075982042625,323464212
2007-11-15,15.618514060974121,16.061286098810594,15.478365982404878,15.839775773966027,278429292
2007-11-16,15.717238426208496,15.763375300407334,15.280420812064314,15.724926487303403,361350288
2007-11-19,15.52425479888916,15.79512638576307,15.341937239217538,15.61702577455748,220874904
2007-11-20,16.087081909179688,16.34902236230847,15.69838628715703,15.787931921382881,393230376
2007-11-21,16.384244918823242,16.618652779809935,15.926838872388865,15.968758795458687,280259460
2007-11-23,16.78559112548828,16.824782935028562,16.5725147288444,16.61939743472862,109438452
2007-11-26,16.520179748535156,17.19983727483075,16.49537339073834,16.872410745289166,271332396
2007-11-27,16.70795249938965,16.778894787698825,16.129747515839146,16.738462750128736,355823820
2007-11-28,17.171558380126953,17.22215986716101,16.672480063342423,16.919787387045965,316343340
2007-11-29,17.28913688659668,17.43275892465937,17.060185204531706,17.134105170651377,248071680
2007-11-30,17.189916610717773,17.637896283223768,16.919789895260884,17.63640839321072,315504180
2007-12-03,16.90540313720703,17.239526150148656,16.895729015907747,17.14055593793522,172830996
2007-12-04,16.97063636779785,17.1651075319219,16.79600877559613,16.825528357531642,169102728
2007-12-05,17.32659339904785,17.33701241076645,17.053489000969417,17.183220916071992,168215616
2007-12-06,17.74207305908203,17.774320752089686,17.289382149061627,17.308976162682505,196163640
2007-12-07,17.732404708862305,17.810043452525935,17.624004264566743,17.735380488887788,153929916
2007-12-10,17.820459365844727,17.97871640364442,17.710822486704835,17.760183754444025,154093752
2007-12-11,17.343706130981445,17.88420905773037,17.333287120903115,17.858164368411,245318436
2007-12-12,17.347427368164062,17.718758933290946,17.07829323131003,17.710822260139224,246117636
2007-12-13,17.21596336364746,17.304516452605153,16.89746414965172,17.272021085645893,201430368
2007-12-14,17.11450958251953,17.356111170475973,17.047537513440332,17.05373674036306,146793060
2007-12-17,16.600297927856445,17.24994238757223,16.46238169546143,17.06588833649063,219220560
2007-12-18,16.70249366760254,16.78583817645035,16.185307375616823,16.722584904684602,286381332
2007-12-19,16.802213668823242,16.855049837761474,16.59459533539605,16.723830029642684,176667156
2007-12-20,17.10780906677246,17.14030253667303,16.882578104436725,17.01206043215826,176711112
2007-12-21,17.281444549560547,17.345193158408904,17.195867255467576,17.310962240771715,215064720
2007-12-24,17.381656646728516,17.381656646728516,17.191401488598046,17.2392748612907,65070864
2007-12-26,17.63243865966797,17.69147404704711,17.31914992455629,17.33849816494693,101098800
2007-12-27,17.38190460205078,17.76042981120819,17.38190460205078,17.53892140226126,117582300
2007-12-28,17.426307678222656,17.560750909198028,17.277724767243,17.48583839676457,102405492
2007-12-31,17.152212142944336,17.42531652040105,17.129888121698905,17.32807998070804,94952952
2008-01-02,16.99618911743164,17.298315878861594,16.81114436924647,17.1866919833361,172103724
2008-01-03,16.999662399291992,17.037366328441824,16.78112972264208,16.997926842607463,129969900
2008-01-04,16.296932220458984,16.891262010149315,16.247323285306074,16.85975920197657,214177608
2008-01-07,16.104692459106445,16.427902962975722,15.809512702763566,16.22102767094264,255879864
2008-01-08,15.668868064880371,16.370356149525474,15.652000271413836,16.197711768918317,213350436
2008-01-09,16.202674865722656,16.206147869624473,15.441407346062475,15.628189541753276,269318412
2008-01-10,16.042184829711914,16.301892511153266,15.877974344908566,15.999520012707446,253114632
2008-01-11,15.83183765411377,16.110149634082738,15.62992513387081,15.942220367909266,198880920
2008-01-14,16.218053817749023,16.306854570975023,16.005472717169127,16.15157519552876,177722100
2008-01-15,15.816953659057617,16.099732137995485,15.760646386050594,16.021596178350475,222505272
2008-01-16,15.278684616088867,15.8749995337522,14.93091727561965,15.601647488385424,421977600
2008-01-17,14.902639389038086,15.521524992848866,14.833680326993163,15.397997051096375,328343328
2008-01-18,14.889244079589844,15.130845634318112,14.844595094385447,15.090413597497193,341242416
2008-01-22,14.494843482971191,14.821029778532905,13.920605906315354,13.94119436966515,379679940
2008-01-23,13.608558654785156,14.089281324371521,12.873833138865209,13.908452600886722,677949372
2008-01-24,14.250267028808594,14.3792530979398,13.745482872269427,13.861075095891843,375659964
2008-01-25,14.049593925476074,14.759018731050025,14.044136753415215,14.679890208813669,278361360
2008-01-28,13.791123390197754,14.194454028875029,13.608062838362866,14.162952167885653,232435332
2008-01-29,13.65569019317627,13.923831797529003,13.41135955572772,13.902500332240193,251068680
2008-01-30,13.59987735748291,13.901506865941112,13.481804689351183,13.62269765659879,317266416
2008-01-31,13.997502326965332,14.213305907123587,13.253101776312517,13.370181880494778,594257148
2008-02-01,12.796936988830566,13.312138267096099,12.650587791740211,13.11369874190865,703315980
2008-02-04,12.289175987243652,12.719543868046733,12.217737424054523,12.627516841963986,525757716
2008-02-05,12.571210861206055,12.625781632880924,12.117774058451298,12.140346690175807,447683868
2008-02-06,12.444952011108398,12.67960850430941,12.35118942573992,12.678864559369094,305150544
2008-02-07,12.525321006774902,12.754520332928024,12.272557436848087,12.324648708405903,316838844
2008-02-08,12.81653118133545,12.842329148014237,12.618339349236651,12.63595108633652,272882844
2008-02-11,12.927412033081055,12.990665317754017,12.7349250109616,12.911536795271363,232806960
2008-02-12,12.851262092590332,13.161574164994876,12.725749007250299,12.982729574584582,266225508
2008-02-13,13.261286735534668,13.27046457676647,12.866142338909972,12.960649809589944,264723012
2008-02-14,13.20250129699707,13.420538634779321,13.171494764686637,13.353812342814779,258808932
2008-02-15,13.137760162353516,13.21267174048053,13.006045025211893,13.104769461423096,209394396
2008-02-19,12.624541282653809,13.27220158929012,12.563768449663252,13.269224864277096,253761984
2008-02-20,12.62578296661377,12.675641462088633,12.37326704259966,12.489603216943584,266221512
2008-02-21,12.473480224609375,12.730213115096545,12.390135690039111,12.721282938410157,226884888
2008-02-22,12.59601879119873,12.625784156994452,12.34176634131376,12.453636965522815,220415364
2008-02-25,12.066180229187012,12.563769786558607,12.04881710093764,12.550127328648388,334577088
2008-02-26,11.514266014099121,11.570820951887834,11.084145804363619,11.440099338563174,930560508
2008-02-27,11.729325294494629,11.794562738576657,11.401403463070766,11.41355708367214,404471124
2008-02-28,11.792084693908691,11.883862170482928,11.592899333863917,11.67078668652317,263212524
2008-02-29,11.687655448913574,11.899987005479717,11.525678667909366,11.70477185660097,376638984
2008-03-03,11.336416244506836,11.72585588348609,11.1650130053566,11.695841907066887,301877820
2008-03-04,11.028334617614746,11.245626080744822,10.809553374107786,11.18584675253815,544323132
2008-03-05,11.105230331420898,11.26571919095048,11.013450974614107,11.044457501301643,297166536
2008-03-06,10.733155250549316,11.244140530249028,10.695451324483837,11.10498311511527,298505196
2008-03-07,10.74927806854248,10.914231547632415,10.572913967984954,10.638399081245444,322549128
2008-03-10,10.25987434387207,10.690986189985368,10.245486996761711,10.637158416890417,319184496
2008-03-11,10.910263061523438,10.917953013673873,10.53347431199636,10.548605604445285,352722924
2008-03-12,10.918697357177734,11.109695529776857,10.866358420565039,10.914479463535814,265809924
2008-03-13,10.988895416259766,11.087372178820665,10.635919519246153,10.73241116814001,308754936
2008-03-14,10.862635612487793,11.145910339288406,10.681558301048355,10.988149601839817,262713024
2008-03-17,10.414907455444336,10.75821021139312,10.222419471579052,10.616323725240866,315212472
2008-03-18,10.893394470214844,10.935066725454845,10.555301311491966,10.64087860182128,289198512
2008-03-19,10.715790748596191,11.100269409831103,10.707605464187289,10.941764718860318,246912840
2008-03-20,10.75423812866211,10.80756867140673,10.356117029642137,10.599702726259503,396139464
2008-03-24,11.424225807189941,11.553707216556115,10.857677170976812,10.87528891135207,270269460
2008-03-25,11.18163013458252,11.34757617067676,11.063062140806954,11.347328504134712,233030736
2008-03-26,11.365437507629395,11.481525074554133,11.14467205191276,11.226528693854366,208818972
2008-03-27,11.015438079833984,11.127804028654452,10.926387765263462,11.06306379581942,233054712
2008-03-28,10.866606712341309,11.250837750325907,10.773091788916334,11.099278103438309,174872952
2008-03-31,10.925891876220703,10.980958935049195,10.716040762276767,10.806083636957464,177678144
2008-04-01,11.551970481872559,11.571567335630407,11.084643513427759,11.106224535630822,243480276
2008-04-02,11.551721572875977,11.800764462670978,11.420006454684492,11.655903166490079,239720040
2008-04-03,11.289284706115723,11.491943069784897,11.11589731611107,11.453246587371499,270864864
2008-04-04,11.68542194366455,11.852609165459343,11.316074522998123,11.336167654893828,235652112
2008-04-07,11.827553749084473,12.041373157325928,11.745944788845469,11.83276325401749,237502260
2008-04-08,11.604061126708984,11.761076997769473,11.460192379630058,11.733792083575931,181698120
2008-04-09,11.514266014099121,11.70799418402656,11.349312536728485,11.636803288128222,241682076
2008-04-10,11.635563850402832,11.754131850766472,11.456223014645918,11.533367365612005,202693104
2008-04-11,11.34708023071289,11.590418287286093,11.286556008725514,11.511289770033695,166621212
2008-04-14,11.203458786010742,11.347079857065228,11.16600253016466,11.339886183862404,153550296
2008-04-15,11.083898544311523,11.403388391453754,11.006506529176363,11.363947966303405,182920896
2008-04-16,11.287052154541016,11.367667615435305,10.939036227940024,11.023374249369507,304922772
2008-04-17,11.150872230529785,11.394705613187176,11.075960663818082,11.301934641956889,533585880
2008-04-18,13.380105972290039,13.58574013496,13.01695964257859,13.27592530679779,728694576
2008-04-21,13.339920043945312,13.458984323005117,13.153882757802753,13.379608136965247,297290412
2008-04-22,13.766816139221191,13.911429778460569,13.334214499599597,13.334464056744896,317222460
2008-04-23,13.55572509765625,13.87372613232992,13.418304184130438,13.83974287644336,196663140
2008-04-24,13.470147132873535,13.75416489777299,13.395235562705,13.674788712591823,165238596
2008-04-25,13.49544906616211,13.717206125788072,13.46245836583283,13.61848169137577,166409424
2008-04-28,13.695377349853516,13.811712570545849,13.369934041198828,13.540593314144768,160183656
2008-04-29,13.852889060974121,13.975177728087973,13.643037979974427,13.663378776930008,173666160
2008-04-30,14.245306015014648,14.507495099671761,13.852889693636333,13.945659726334151,315803880
2008-05-01,14.71139144897461,14.757280655529964,14.311782434196887,14.345020796147642,263847888
2008-05-02,14.418941497802734,14.943816906385672,14.36957928215868,14.845588753525208,279672048
2008-05-05,14.756539344787598,14.858240507564023,14.56380369755805,14.854767503650534,250988760
2008-05-06,14.544702529907227,14.684602939781742,14.461358007127599,14.65979847242695,184986828
2008-05-07,14.362135887145996,14.87039207355001,14.298387273777015,14.641689976493977,264255480
2008-05-08,14.4616060256958,14.617629343148714,14.359904871189027,14.54073454718495,204711084
2008-05-09,14.218268394470215,14.510968687743546,14.171138958603633,14.362137148942294,179216604
2008-05-12,14.509478569030762,14.554375220624078,14.111853706702993,14.25671500522742,194361444
2008-05-13,14.461357116699219,14.584141113129673,14.350973462598231,14.541476297555787,206333460
2008-05-14,14.295165061950684,14.664513456150393,14.269120368107995,14.547928664447198,174856968
2008-05-15,14.41174602508545,14.460114729372426,14.278046751550479,14.362134261735434,173534292
2008-05-16,14.388677597045898,14.503029589247582,14.34526883591592,14.422412238243728,170793036
2008-05-19,14.325425148010254,14.607212029808888,14.226205386902727,14.350974505903723,223955820
2008-05-20,14.352214813232422,14.44845974031318,14.211074177594245,14.253738996519383,132411456
2008-05-21,13.642542839050293,14.421918339236546,13.590452509573005,14.35023115610907,258465276
2008-05-22,13.629395484924316,13.747219544949875,13.400941038780235,13.69116087954792,202848948
2008-05-23,13.509340286254883,13.71720627823863,13.340417500476589,13.567384068341768,177082740
2008-05-27,13.913166999816895,13.955334597215401,13.490240404164012,13.517773931993691,154465380
2008-05-28,14.095234870910645,14.175852230391946,13.918127749675012,14.087794475562482,161853984
2008-05-29,14.461357116699219,14.532795679808302,14.21826673454463,14.25770715861937,193606200
2008-05-30,14.530813217163086,14.633009708010508,14.419189326668805,14.473016158183027,128878992
2008-06-02,14.262917518615723,14.483435297526118,14.170395147874927,14.448955762264815,146821032
2008-06-03,14.071918487548828,14.3993450206174,13.905971495532288,14.30012431482232,172039788
2008-06-04,14.193960189819336,14.337332665713443,14.003704999384158,14.02305229591033,134393472
2008-06-05,14.543213844299316,14.586375886641955,14.29293166153687,14.314510792123766,156511332
2008-06-06,14.064476013183594,14.404801999123007,14.064476013183594,14.380740531640182,189190620
2008-06-09,13.838005065917969,14.138890610910089,13.528686569685426,14.090769568891833,211320468
2008-06-10,13.746228218078613,13.861570888376486,13.562918089396835,13.63187715935561,146149704
2008-06-11,13.523727416992188,13.824859721990066,13.505370786433568,13.79757480595711,152363484
2008-06-12,13.715965270996094,13.841230662159688,13.565398189760547,13.612031342814031,219444336
2008-06-13,14.176346778869629,14.280280711388375,13.924080429602718,13.927800154424784,247128624
2008-06-16,14.20859432220459,14.36461763462209,14.052073786093295,14.052073786093295,141570288
2008-06-17,14.125496864318848,14.339068625371386,14.098708228196173,14.296403806473021,138377484
2008-06-18,13.949877738952637,14.113838675057732,13.87000527255771,14.002712011888848,135112752
2008-06-19,13.895801544189453,13.984604181403451,13.6628815530297,13.7754970453464,227096676
2008-06-20,13.554235458374023,13.815929200191052,13.506609747761626,13.815929200191052,239084676
2008-06-23,13.523972511291504,13.72092506322886,13.444844001144817,13.527693180951958,145290564
2008-06-24,13.451790809631348,13.672308576690972,13.273194861559894,13.522237766388685,186717096
2008-06-25,13.667594909667969,13.836269065258454,13.485773630425571,13.5180203825925,164723112
2008-06-26,13.117419242858887,13.517028292025568,13.103528173781486,13.49643982761551,226153620
2008-06-27,13.098814964294434,13.146688343218914,12.776844654777147,13.089140843768545,217682100
2008-06-30,13.05788516998291,13.345127301617406,12.974540655420734,13.207955963851807,150461388
2008-07-01,13.264016151428223,13.313377416889175,12.824221814764407,12.88821998386773,198197604
2008-07-02,13.073265075683594,13.404164602030669,13.048956887367595,13.308169236225577,168751080
2008-07-03,13.32032299041748,13.375637704036913,13.084674899308489,13.168515693194747,95923980
2008-07-07,13.49172592163086,13.617984815065048,13.285596457221013,13.451790163496948,170037792
2008-07-08,13.755156517028809,13.771528977766122,13.394739291850973,13.543321263626478,197098704
2008-07-09,13.433185577392578,13.783680974418255,13.412845727730241,13.661639985860072,165993840
2008-07-10,13.4088773727417,13.630386735609898,13.164547712219344,13.518764748633457,173094732
2008-07-11,13.240946769714355,13.382336002053522,12.884497909286013,13.30792071611629,199056744
2008-07-14,12.938822746276855,13.396227920710482,12.78577520575173,13.369934616984802,176815008
2008-07-15,12.801650047302246,13.08467620770287,12.429822191096612,12.806363274277516,242597160
2008-07-16,13.28559684753418,13.307921813272753,12.665470043792999,12.750799679533756,189498312
2008-07-17,13.23201847076416,13.321565060291864,13.010261416600246,13.249877877238914,351144504
2008-07-18,11.939177513122559,12.377235370047885,11.861537829121678,12.361607799450166,451244304
2008-07-21,11.628618240356445,12.007886467470998,11.551721559571716,11.928262618824345,235823940
2008-07-22,11.834749221801758,11.91263657876529,11.549243541404415,11.577024736061873,187472340
2008-07-23,12.135138511657715,12.333827603980932,11.859306007501695,11.94637215232647,195568236
2008-07-24,11.7977876663208,12.324895802443061,11.7977876663208,12.320678854168374,141494364
2008-07-25,12.203601837158203,12.232127923332103,11.943644560093066,12.067421135750367,127212660
2008-07-28,11.834996223449707,12.206327774810633,11.785633067587591,12.206327774810633,126273600
2008-07-29,11.9835786819458,12.08652005558987,11.856824452871765,11.889071205175462,111999888
2008-07-30,11.973409652709961,12.05576256548366,11.728086470901825,12.042863107871545,139488372
2008-07-31,11.751404762268066,11.928511888006373,11.694104925412475,11.771496949683364,114489396
2008-08-01,11.60529899597168,11.738254317578813,11.472343674364545,11.720643527379446,120195684
2008-08-04,11.484748840332031,11.733046845774789,11.457462981654517,11.611750734842383,99380520
2008-08-05,11.90271282196045,11.90841860518586,11.567348701312964,11.59860289461676,143236620
2008-08-06,12.063700675964355,12.148781705548268,11.720646553590724,11.866003198644762,134896968
2008-08-07,11.88460636138916,12.005654804504733,11.817383799538083,11.956044926303752,110841048
2008-08-08,12.278759956359863,12.297114695544693,11.799525155693798,11.9101564862679,149422428
2008-08-11,12.423372268676758,12.62280432979178,12.198637573209323,12.215753032453346,169402428
2008-08-12,12.467278480529785,12.554592286606672,12.352926481210538,12.452147188034925,110117772
2008-08-13,12.403280258178711,12.490346397352758,12.250729001027551,12.442225352015436,144874980
2008-08-14,12.538717269897461,12.591303876776273,12.310510490946506,12.34548535824669,116627256
2008-08-15,12.65430736541748,12.666957264885632,12.538963763324794,12.57592279556256,141686172
2008-08-18,12.360366821289062,12.650586632663364,12.291161038494277,12.646617350971333,133222644
2008-08-19,12.166889190673828,12.359872502042164,12.070893813441344,12.165152688739076,121738140
2008-08-20,12.030460357666016,12.3204315690886,11.970183801947371,12.271564689956234,159124716
2008-08-21,12.068411827087402,12.152005910666384,11.888327983158762,11.978866183550336,140423436
2008-08-22,12.169119834899902,12.275533259768862,12.141586311233644,12.191692465504724,91796112
2008-08-25,11.981096267700195,12.328119616215462,11.943641903945563,12.0579929445047,80491428
2008-08-26,11.761573791503906,11.99226196592949,11.673020704481587,11.99226196592949,132195672
2008-08-27,11.623161315917969,11.778193971405498,11.530391279779494,11.750908110604623,175308516
2008-08-28,11.75214672088623,11.818376728045447,11.666569418342466,11.720148580036717,121066812
2008-08-29,11.491944313049316,11.683438796289716,11.468131454100329,11.652184596161481,153774072
2008-09-02,11.540560722351074,11.960511530529148,11.445556960719776,11.82631500695286,244215540
2008-09-03,11.519723892211914,11.76479751001088,11.399915669224391,11.62688221508725,172411416
2008-09-04,11.168731689453125,11.490701977193503,11.147399281485406,11.410333238530166,193746060
2008-09-05,11.019654273986816,11.223304266572697,10.916217554317287,11.050413140233646,181190628
2008-09-08,10.416890144348145,11.235209735539598,10.35735753328324,11.21238943696362,360355284
2008-09-09,10.384892463684082,10.725217515558999,10.294104707880473,10.496763071965646,288894816
2008-09-10,10.27326774597168,10.529257586066413,10.162141091656373,10.529008028939383,248822928
2008-09-11,10.759200096130371,10.792438459235312,10.080285591490505,10.129151524666854,258597144
2008-09-12,10.856186866760254,10.963593796388391,10.641375843380418,10.671389814342486,240878880
2008-09-15,10.761930465698242,10.963100024089279,10.510158461814326,10.517353081990418,262433304
2008-09-16,10.986909866333008,11.144421998960922,10.554309223947332,10.565968456752339,279348372
2008-09-17,10.281455993652344,10.892899377412588,10.25540941109413,10.87652880628886,364710924
2008-09-18,10.891411781311035,10.893891282725134,10.182482341160588,10.483616511758417,343232424
2008-09-19,11.141199111938477,11.46167964648886,10.995592913694086,11.435139621806426,399839760
2008-09-22,10.669651985168457,11.264726551809806,10.641374519398818,11.264726551809806,176115708
2008-09-23,10.648073196411133,10.933828419675203,10.56001638956242,10.74679762604481,207959832
2008-09-24,10.792935371398926,11.038256641681057,10.668909261764961,10.674614099815942,169510320
2008-09-25,10.90431022644043,11.162282354067198,10.814515031287876,10.885458264412813,200611188
2008-09-26,10.69197940826416,10.843786726098458,10.443680439017573,10.616571555130601,211488300
2008-09-29,9.450732231140137,10.505194178585976,9.443537613284983,10.405974433570512,430085484
2008-09-30,9.93492603302002,10.544139356287902,9.73152470323556,9.822310553284124,123328548
2008-10-01,10.21274471282959,10.343219621994203,9.998926221178223,10.198605976530812,249142608
2008-10-02,9.686132431030273,10.169583185087266,9.574758112271118,10.164869958526978,239156604
2008-10-03,9.597330093383789,10.23209188766202,9.5020786742602,9.856295716256685,319396284
2008-10-06,9.207892417907715,9.326459480399855,8.859380178045107,9.276601930893577,448375176
2008-10-07,8.582803726196289,9.301407336938945,8.56692848804749,9.260479018126956,441733824
2008-10-08,8.386842727661133,8.90477302142169,8.089181574100435,8.189642497014814,472582944
2008-10-09,8.16037368774414,8.64630496949479,7.979048666376487,8.545844976893298,322677000
2008-10-10,8.235283851623535,8.480607037500631,7.697014129763203,7.767956893991521,423488088
2008-10-13,9.451231002807617,9.474298973297284,8.576355322278587,8.825399222671816,355863780
2008-10-14,8.997048377990723,9.785600746907146,8.85541146400094,9.761540224116711,311080608
2008-10-15,8.413135528564453,8.90502015855812,8.404701632530992,8.797117902277973,268587144
2008-10-16,8.756688117980957,8.843009377999978,7.675683000027316,8.254136682963681,648938412
2008-10-17,9.24088191986084,9.574759135878255,9.017884646672403,9.400130575569714,569398032
2008-10-20,9.409059524536133,9.450236452890268,8.919656228255107,9.419726201752571,269865864
2008-10-21,8.998040199279785,9.51969021347492,8.979435904684658,9.237160353565061,231048720
2008-10-22,8.822421073913574,9.170188420818132,8.532946118877915,8.855164106858064,262137600
2008-10-23,8.739325523376465,8.880217573141316,8.383868170740184,8.772315282543055,258896844
2008-10-24,8.416114807128906,8.693436177227301,8.055201232082508,8.098113724854413,294065640
2008-10-27,8.17302131652832,8.508138682903388,8.07652968778204,8.3049850285136,247779972
2008-10-28,9.146869659423828,9.160760727153598,8.14871396630227,8.41015908017969,323891784
2008-10-29,8.88021469116211,9.202680289394237,8.740561965045158,9.07344657263364,389873736
2008-10-30,8.922136306762695,9.22748647209445,8.88939327679334,9.139677337707838,319236444
2008-10-31,8.91395092010498,9.226493809941276,8.787692973690444,8.83457473801814,296635068
2008-11-03,8.594710350036621,9.003993524945813,8.469196338908615,8.869797950018084,237941820
2008-11-04,9.101974487304688,9.236417735854255,8.57015305327114,8.767105644103568,293702004
2008-11-05,8.489286422729492,9.150092789367374,8.466217516969632,8.983155168965567,277582140
2008-11-06,8.215936660766602,8.543363207829907,8.081741082914208,8.432981432243313,342649008
2008-11-07,8.21395206451416,8.462250075301396,8.069833761460073,8.263065665898651,187064748
2008-11-10,7.907361030578613,8.171782900760972,7.676425665142969,8.13606408840344,322880796
2008-11-11,7.725787162780762,7.845843519175677,7.454420728403846,7.65707765783471,405458136
2008-11-12,7.218275547027588,7.75133666954572,7.1379072798333025,7.4923719904496435,401641956
2008-11-13,7.7411675453186035,7.763987844435449,6.945420567291171,7.237376427983993,528858612
2008-11-14,7.690068244934082,8.061400759289395,7.505023044725929,7.522138505136642,380303316
2008-11-17,7.444499492645264,7.693542414572439,7.390671714559742,7.515938065837001,301450248
2008-11-18,7.377525329589844,7.534045402394778,7.078128114377081,7.48046623766878,333510156
2008-11-19,6.949885368347168,7.446234179679409,6.910196331472219,7.3271699049310595,313070616
2008-11-20,6.438404083251953,7.018347937932412,6.425505571176527,6.81866630408932,390784824
2008-11-21,6.509594917297363,6.681742550802997,6.134295011721317,6.511579085605772,409370220
2008-11-24,6.385817527770996,6.696130018769692,6.176710856417909,6.679013612762732,401785812
2008-11-25,6.996270656585693,7.110622654370797,6.630892533151044,6.6646271759960225,430417152
2008-11-26,7.245314121246338,7.328907257072734,6.851161298291521,6.952365700721412,254009736
2008-11-28,7.2668938636779785,7.353464671637502,7.15080630575355,7.207858473163701,102517380
2008-12-01,6.597900867462158,7.128482035634231,6.597653200905843,7.111117963218371,228219552
2008-12-02,6.824124336242676,6.890352929507988,6.513316496887752,6.690672702260668,233354412
2008-12-03,6.931281566619873,6.979154943209929,6.581777747805841,6.693648822153018,235955808
2008-12-04,6.805022716522217,7.03198924249744,6.666858821858538,6.859345818154932,195268536
2008-12-05,7.044393539428711,7.05059465706556,6.549036257384699,6.722671332385768,260587152
2008-12-08,7.493859767913818,7.675681513954261,6.995030045390972,7.193222833539723,325446228
2008-12-09,7.589608192443848,7.888013302086551,7.367354875713812,7.384222196768409,275320404
2008-12-10,7.66030216217041,7.811116909289021,7.55339198207948,7.670720699714318,209270520
2008-12-11,7.446979522705078,7.761012236267437,7.386951099484033,7.544960013162691,246920832
2008-12-12,7.8324503898620605,7.850062129447761,7.292691360920177,7.335108041335601,228655116
2008-12-15,7.706192970275879,7.900167883330561,7.568275777670749,7.789041218115078,269246484
2008-12-16,8.068593978881836,8.173271861321286,7.721075716887939,7.801692130431874,282101616
2008-12-17,7.819550037384033,7.990456479924278,7.749599369694847,7.903887577691708,231356412
2008-12-18,7.696518421173096,7.9463052801336005,7.66749605863632,7.855766606749826,190349460
2008-12-19,7.693789005279541,7.882803950650276,7.664767118519087,7.71412980163514,224279496
2008-12-22,7.3698344230651855,7.677169217514181,7.209097894987797,7.653853114541963,156547296
2008-12-23,7.3924078941345215,7.523626264117799,7.358920446204093,7.452187698608596,150956892
2008-12-24,7.514697074890137,7.5987864966044105,7.401338567734307,7.478234787702383,76783140
2008-12-26,7.4504523277282715,7.57199658062398,7.399601279222714,7.542477941153352,78285636
2008-12-29,7.377525329589844,7.475753010510632,7.232663546103288,7.446979259715031,147927924
2008-12-30,7.518664836883545,7.610444198657523,7.409522821234507,7.461365952188469,153586260
2008-12-31,7.631280422210693,7.714377749097348,7.506263168377617,7.545703593939912,115356528
2009-01-02,7.970367431640625,7.982769666970457,7.577950591176863,7.654846813452635,144275580
2009-01-05,8.137304306030273,8.216432828305692,7.813598433616718,7.9624290240158535,195364440
2009-01-06,8.286383628845215,8.453569906265358,8.096128439424975,8.259594046560231,256750992
2009-01-07,7.987480163574219,8.208245574845828,7.906616567479672,8.14400068679035,179600220
2009-01-08,8.066360473632812,8.066360473632812,7.8716402363121345,7.894957282733775,143883972
2009-01-09,7.815334796905518,8.123661704507732,7.773910201386773,8.123661704507732,173446380
2009-01-12,7.756298542022705,7.911578387531773,7.6952785108698,7.846093268547436,132039828
2009-01-13,7.796730995178223,7.952506172643157,7.699247262416564,7.733477711615829,177122700
2009-01-14,7.465583801269531,7.783832517611339,7.385710857346726,7.689573643111292,218497284
2009-01-15,7.416468143463135,7.530323382602151,7.113846571623919,7.38124561303992,237142620
2009-01-16,7.4333367347717285,7.646164569990847,7.334860909263937,7.566043957747251,208767024
2009-01-20,7.01363468170166,7.429119433483919,7.01363468170166,7.420189730749499,201726072
2009-01-21,7.5179219245910645,7.528339517037143,7.1525428655447,7.1525428655447,196783020
2009-01-22,7.60275411605835,7.673448262187672,7.321216809550509,7.392903039791895,330349320
2009-01-23,8.054206848144531,8.234291622268401,7.546198804688137,7.6714641956870215,428882688
2009-01-26,8.033618927001953,8.136064026804192,7.951514625338979,8.057928061909905,184243572
2009-01-27,8.222384452819824,8.281669394181348,8.043540853164998,8.097615344293969,196894908
2009-01-28,8.648784637451172,8.73957144589357,8.342194236170915,8.383618831078952,307348344
2009-01-29,8.516077995300293,8.558990480610674,8.436453196305902,8.546339634921432,291060648
2009-01-30,8.397262573242188,8.65201129852635,8.334505559590983,8.55006246415215,186693120
2009-02-02,8.44786262512207,8.557749048213168,8.23528250637394,8.29208699802432,208067724
2009-02-03,8.444886207580566,8.508139484099424,8.280676678574379,8.497472807884598,261997740
2009-02-04,8.508139610290527,8.79190969008929,8.413135860836226,8.435459879732495,272423304
2009-02-05,8.774051666259766,8.815226707251524,8.359309406286188,8.456298284467842,290285424
2009-02-06,9.209628105163574,9.272385113698101,8.816715482418939,8.842016230034156,281242476
2009-02-09,9.395418167114258,9.450733831854508,9.110904115240093,9.20962759864624,198892908
2009-02-10,8.892867088317871,9.363915669261276,8.877488128707652,9.326211742590111,283863852
2009-02-11,8.881210327148438,9.05385380687662,8.756192569738896,8.903782964662765,209054736
2009-02-12,9.005481719970703,9.019621401559906,8.718488154686122,8.760160418570226,221789988
2009-02-13,8.87227725982666,9.003992371075043,8.811505375724353,8.98414879921865,165702132
2009-02-17,8.499706268310547,8.609592704196283,8.426034921505025,8.595205357068805,226988784
2009-02-18,8.758918762207031,8.76561521146437,8.44662261015353,8.613312583712444,240739020
2009-02-19,8.499212265014648,8.924866061136557,8.468701064233311,8.867070887614515,199348452
2009-02-20,8.593717575073242,8.654986689119044,8.309698861353493,8.385355322707435,248435316
2009-02-23,8.187162399291992,8.676814299342317,8.174511553950628,8.607360846471803,208635156
2009-02-24,8.5689115524292,8.672349198932295,8.207750403724049,8.21097479519413,243592164
2009-02-25,8.474404335021973,8.738825210435065,8.40693316914602,8.487054233331657,257306436
2009-02-26,8.363774299621582,8.743539769759158,8.363278021215875,8.581563005766307,223999776
2009-02-27,8.383869171142578,8.528482854308251,8.213209843609468,8.258851401588382,216583200
2009-03-02,8.115226745605469,8.45108713566066,8.086452999586944,8.268274261921029,231308460
2009-03-03,8.073554992675781,8.277204952726626,7.995915312358396,8.187409760627117,260731008
2009-03-04,7.910834312438965,8.16086978890337,7.823024223141439,8.016007530102948,312423264
2009-03-05,7.581422805786133,7.9148023037651605,7.507007515610078,7.850309272847419,260934804
2009-03-06,7.6541008949279785,7.694285736514138,7.2988927206876335,7.620613920811238,289078632
2009-03-09,7.215548038482666,7.604491342628293,7.179827810156702,7.44102574676999,258593148
2009-03-10,7.644179344177246,7.701974507496689,7.298892945614745,7.398113175086728,268938792
2009-03-11,7.885781764984131,7.937623956555697,7.583159204706044,7.692053566220818,236707056
2009-03-12,8.025185585021973,8.061649289906851,7.780111941185732,7.876603124572896,200763036
2009-03-13,8.047261238098145,8.122669079396374,7.913561959533015,8.08893349497764,156099744
2009-03-16,7.929933071136475,8.1789769086405,7.902648158130875,8.08620593572027,197674128
2009-03-17,8.318133354187012,8.318133354187012,7.9150503781517685,7.942088569857742,188311500
2009-03-18,8.26257038116455,8.433724987345578,8.137304039660714,8.30498658758203,200287512
2009-03-19,8.184185981750488,8.334504460424318,8.120685031396484,8.227346134055823,164283552
2009-03-20,8.189640998840332,8.259839326121325,8.094885876658845,8.193114001552797,189326484
2009-03-23,8.647048950195312,8.668132747166148,8.26083281135114,8.273979935107883,170689140
2009-03-24,8.611577033996582,8.777026802604341,8.532945737597036,8.594957851697522,152647200
2009-03-25,8.534680366516113,8.715012796038808,8.340705481338297,8.69169716627623,173278548
2009-03-26,8.763381958007812,8.908988112928597,8.644565376947531,8.759412677110133,239891868
2009-03-27,8.624724388122559,8.73138643719513,8.569408722543796,8.681775610240491,132779088
2009-03-30,8.500450134277344,8.528232271474947,8.335745260548228,8.496977130804598,123640236
2009-03-31,8.633652687072754,8.768840805265045,8.587019535682227,8.655233706416096,146065788
2009-04-01,8.783227920532227,8.811754003479644,8.448856324998907,8.527487621407829,131915952
2009-04-02,8.991841316223145,9.171925185256672,8.93776586595878,9.011932560343743,179340480
2009-04-03,9.172419548034668,9.220541536875928,8.880215556821945,9.041449316947459,151440408
2009-04-06,9.134220123291016,9.173412885566481,8.964553397216532,9.103462203826481,131080788
2009-04-07,8.896339416503906,9.022845032797129,8.813490228863122,8.994318950744324,147056796
2009-04-08,8.979437828063965,9.053853131799814,8.835815781395912,9.01664547993189,110497392
2009-04-09,9.239888191223145,9.285777392066564,9.084855574386701,9.165472913258457,135168696
2009-04-13,9.379046440124512,9.403604188587096,9.185319183025564,9.210869488395101,121881996
2009-04-14,9.150839805603027,9.351264441370239,9.068734560023128,9.35002421798927,137006856
2009-04-15,9.41352367401123,9.452219204533353,9.033014315354817,9.105941707286432,197030772
2009-04-16,9.64272403717041,9.745913085408612,9.451229567305258,9.463135523301998,406996596
2009-04-17,9.729543685913086,9.917566119958154,9.545241922645888,9.575255900762793,428802768
2009-04-20,9.408563613891602,9.690100918663138,9.323978872776818,9.578477986331254,176978844
2009-04-21,9.462389945983887,9.532588282288282,9.3291869462219,9.330923447801345,147668184
2009-04-22,9.521676063537598,9.67397966935229,9.401371547585198,9.469337119119544,139931928
2009-04-23,9.542263984680176,9.667777999360416,9.45346133991153,9.612213720768295,104255640
2009-04-24,9.661327362060547,9.752858111664612,9.43833010482248,9.575997729048819,135280584
2009-04-27,9.573517799377441,9.661327883767807,9.494141612124942,9.53358203919099,91532376
2009-04-28,9.51795482635498,9.650413902896306,9.464127995051387,9.518946437925306,117626256
2009-04-29,9.710442543029785,9.797260071593339,9.570541184257667,9.57401418789372,144255600
2009-04-30,9.822064399719238,10.015048640659563,9.79304298352105,9.816855839631552,174053772
2009-05-01,9.765509605407715,9.86224986655106,9.712426720442016,9.798748915959738,97010892
2009-05-04,9.97114372253418,9.981561788131268,9.792795438694014,9.876636241888141,127991880
2009-05-05,9.996197700500488,10.046055252733332,9.853815882393526,9.921534732797495,95935968
2009-05-06,10.008101463317871,10.12741434177181,9.946833301058023,10.090454365899348,105210684
2009-05-07,9.837939262390137,10.045806175997106,9.735990446509984,10.023729822520808,119872008
2009-05-08,10.103850364685059,10.173304764858596,9.798003904536605,9.992723702524284,154449396
2009-05-11,10.119975090026855,10.21969113849746,9.951796246989305,9.991484344053761,102269628
2009-05-12,9.89747142791748,10.194636298849696,9.80073212156953,10.1703281116393,151480368
2009-05-13,9.662568092346191,9.83248342235197,9.633049452408887,9.775431256124794,113598288
2009-05-14,9.611966133117676,9.72879858471175,9.542264063027375,9.644212887986267,117362520
2009-05-15,9.673978805541992,9.775927626386435,9.651406172574191,9.701263720236186,120227652
2009-05-18,9.843646049499512,9.855304339093593,9.559875926405681,9.791307106967677,133933932
2009-05-19,9.894248962402344,9.9627108131981,9.748395084288303,9.825289887847632,113386500
2009-05-20,9.852078437805176,10.062674419336622,9.798003941757322,9.97387177777786,91268640
2009-05-21,9.835211753845215,9.992476241652046,9.769230355909839,9.830249914908785,108683208
2009-05-22,9.760796546936035,9.888542395306914,9.723588898975594,9.839180179691295,68675256
2009-05-26,10.030179023742676,10.04605426120656,9.673978737631334,9.722349340288652,124055820
2009-05-27,10.059945106506348,10.21621703089564,10.041340810830759,10.061929274822138,121250628
2009-05-28,10.180002212524414,10.210264797637306,10.036380184457256,10.137337393492578,106645248
2009-05-29,10.349418640136719,10.349418640136719,10.18744189933556,10.222416760485494,105822072
2009-06-01,10.580852508544922,10.656259414720447,10.381668092979652,10.386628986582704,132763104
2009-06-02,10.626493453979492,10.665188989076984,10.502468285019035,10.573161960169053,104839056
2009-06-03,10.707108497619629,10.72720068196985,10.517350554243338,10.566960430831617,141170688
2009-06-04,10.921177864074707,10.94499072120529,10.777804442858692,10.797648017821386,145378476
2009-06-05,11.02138900756836,11.096301519975624,10.900835899511396,11.039993302398354,147084768
2009-06-08,10.883722305297852,10.937052857107423,10.768378692534819,10.901829377987154,123824052
2009-06-09,10.805584907531738,10.926635244036568,10.70983815233166,10.879008587697756,130065804
2009-06-10,10.730673789978027,10.861892628529908,10.58357971513963,10.820716647977068,134221644
2009-06-11,10.641376495361328,10.758704273261609,10.625748924628256,10.710086004574011,114493392
2009-06-12,10.538187980651855,10.609130273605057,10.448145112447984,10.5882941417791,116619264
2009-06-15,10.33800983428955,10.455337604804177,10.26929938410991,10.455337604804177,149326524
2009-06-16,10.31890869140625,10.445167575139733,10.304522291038344,10.401013926753862,121866012
2009-06-17,10.298074722290039,10.411186507306153,10.208776740681353,10.323624082344658,139464396
2009-06-18,10.270788192749023,10.38563551637766,10.244493946497734,10.310971616458257,123284592
2009-06-19,10.420363426208496,10.429541268252871,10.28368740706874,10.37373027101918,170193636
2009-06-22,10.104347229003906,10.355870596042214,9.968911424399852,10.34247580458501,164811024
2009-06-23,10.062921524047852,10.145026765656684,9.985281842628298,10.086982045533393,115868016
2009-06-24,10.15246868133545,10.22539609223656,10.084751721630571,10.138827168053005,98213688
2009-06-25,10.31320571899414,10.31643011061204,10.08351011804369,10.095664684863674,121658220
2009-06-26,10.550094604492188,10.62227617369049,10.247223920099163,10.261362655945613,130137732
2009-06-29,10.520824432373047,10.611611250110762,10.47369593948843,10.566962258927772,86685228
2009-06-30,10.457568168640137,10.596973220270767,10.373975994373005,10.51734938194815,103652244
2009-07-01,10.393077850341797,10.576884253389617,10.372241718931313,10.52231253275051,92339568
2009-07-02,10.132623672485352,10.304275497074471,10.090951412315588,10.304275497074471,100603296
2009-07-06,10.160406112670898,10.185954525002334,9.96320587062784,10.083262706686373,90413496
2009-07-07,9.8384370803833,10.149988385125223,9.822312285472512,10.126423195048362,130241628
2009-07-08,9.983793258666992,10.070859395750409,9.873906822844846,9.922028812318874,137510352
2009-07-09,10.179753303527832,10.280462843061992,10.065898530773957,10.07383614930883,130892976
2009-07-10,10.279221534729004,10.352893825991043,10.137833238224767,10.159661925222085,116946936
2009-07-13,10.52479362487793,10.530250797276437,10.298571000151,10.323128748590426,161666172
2009-07-14,10.534467697143555,10.585070138561257,10.439711598290357,10.510157615397668,115716168
2009-07-15,10.8688383102417,10.88148915574296,10.62872558402713,10.657746999833316,150928920
2009-07-16,10.978723526000977,11.056860425199142,10.767880850894151,10.831878070950227,261917820
2009-07-17,10.672383308410645,10.802113323485855,10.584324610715173,10.740597486319514,273889836
2009-07-20,10.67039680480957,10.736874472232405,10.573161222810068,10.663204077167617,126013860
2009-07-21,10.614089965820312,10.713309719978078,10.560015473939051,10.689496865545157,118609272
2009-07-22,10.608882904052734,10.671143634703613,10.504948963290959,10.616571911448494,103364532
2009-07-23,10.848249435424805,10.944245745198694,10.55455755848156,10.633438408345592,138988872
2009-07-24,11.080921173095703,11.174437031297296,10.790206036518418,10.81029727509816,144930924
2009-07-27,11.033295631408691,11.081665284288828,10.854947365683435,11.06405354665843,100075824
2009-07-28,10.910511016845703,10.983933749173548,10.817491432835288,10.939036152940114,101198700
2009-07-29,10.820964813232422,10.85966129427183,10.713062545761119,10.845522559004426,79400520
2009-07-30,11.054131507873535,11.198745130134293,10.978972277813131,10.978972277813131,127816056
2009-07-31,10.989887237548828,11.229256974550504,10.974509223381302,11.16178768618113,114301584
2009-08-03,11.21710205078125,11.259021975612285,11.103741673167427,11.131027530522044,103508388
2009-08-04,11.254805564880371,11.261502014654514,11.12333905551575,11.146654687034559,95496408
2009-08-05,11.19056224822998,11.333687066150404,11.109697217656942,11.311114431103894,93586320
2009-08-06,11.171213150024414,11.283331426334126,11.125819271529311,11.268945023784887,84351564
2009-08-07,11.338399887084961,11.39594739020874,11.286060944397006,11.30292873975396,101622276
2009-08-10,11.32624340057373,11.370892383041076,11.25629272935655,11.289779702530089,69610320
2009-08-11,11.260015487670898,11.341623509536008,11.221319005722698,11.253317147063978,68431500
2009-08-12,11.375110626220703,11.453741923882001,11.28432381586884,11.296479328559405,93562344
2009-08-13,11.466888427734375,11.527412644607656,11.383294357318174,11.463663091111206,79728192
2009-08-14,11.410334587097168,11.489214499945627,11.333191176135013,11.479292712357905,66936996
2009-08-17,11.035527229309082,11.211643656541629,10.991623137382145,11.199489090625027,104703192
2009-08-18,11.045204162597656,11.105233062585045,10.971781415328701,11.040740492129483,93949956
2009-08-19,11.01270866394043,11.038258023035324,10.878513084695598,10.913985176601617,90109800
2009-08-20,11.420503616333008,11.464407710199573,11.19279219052793,11.211891818401199,159796044
2009-08-21,11.540312767028809,11.561396564827911,11.476067871502428,11.547754107428492,142277580
2009-08-24,11.62688159942627,11.660616240092793,11.519970948766298,11.59264973509313,98037864
2009-08-25,11.692367553710938,11.766286568645675,11.626633824021413,11.63680422290734,93546360
2009-08-26,11.60877513885498,11.732800320363992,11.576528383698339,11.726846869656738,79432488
2009-08-27,11.560653686523438,11.623162085998965,11.428443213072054,11.623162085998965,79876044
2009-08-28,11.528156280517578,11.717171226223025,11.494173973171064,11.640027824795046,70793136
2009-08-31,11.45175838470459,11.456471611985492,11.360723902788664,11.405125226216521,78237684
2009-09-01,11.305161476135254,11.57950611267298,11.271923106508074,11.402398028473867,103692204
2009-09-02,11.236945152282715,11.368907928207745,11.22652614285402,11.30664720991601,72119808
2009-09-03,11.34881591796875,11.366924880343655,11.286307526988795,11.306648324210865,65782152
2009-09-04,11.442577362060547,11.474825053752726,11.305653704728401,11.35005501581691,59908032
2009-09-08,11.376102447509766,11.583719800814757,11.307143384328917,11.516746796465204,106161732
2009-09-09,11.508809089660645,11.565860307044344,11.380566029558253,11.387016703218656,87728184
2009-09-10,11.681700706481934,11.681700706481934,11.459943664903605,11.57528727338111,101282616
2009-09-11,11.711467742919922,11.740241493872098,11.599596185701023,11.668307589137788,76039884
2009-09-14,11.785386085510254,11.827059292185243,11.65962441110761,11.67103503326421,78948972
2009-09-15,11.845414161682129,11.879397416678453,11.725606881529439,11.784394604150341,95828076
2009-09-16,12.112068176269531,12.138857756145683,11.868731067881429,11.901473152502822,103308588
2009-09-17,12.197150230407715,12.33730020353503,12.083791730010075,12.168626036998006,179144676
2009-09-18,12.19070053100586,12.32762515671731,12.184995692752446,12.322415651561625,131208660
2009-09-21,12.328119277954102,12.375249650394675,12.06072167188522,12.09842464642877,84571344
2009-09-22,12.379220008850098,12.45189880216431,12.348214423616227,12.42535783214567,121526352
2009-09-23,12.364336967468262,12.576172224188285,12.345732671578096,12.421884466335268,108059832
2009-09-24,12.32241439819336,12.43751032537969,12.228898543789184,12.414192805763527,101002896
2009-09-25,12.216001510620117,12.400800461893558,12.204095555494696,12.260900053739777,81902016
2009-09-28,12.366071701049805,12.439742093234397,12.23634076265294,12.274540015202268,73498428
2009-09-29,12.366071701049805,12.396333336087213,12.22914803529219,12.390876164967013,83884032
2009-09-30,12.299595832824707,12.40600926727428,12.08602407366558,12.40253720899395,125542332
2009-10-01,12.085031509399414,12.314974784168815,12.080070615894394,12.22890025692164,112415472
2009-10-02,12.020042419433594,12.197646751553238,11.970927873232286,11.999206289030198,103927968
2009-10-05,12.117774963378906,12.214762892543362,11.98928517030079,12.096193941528979,85698216
2009-10-06,12.371281623840332,12.386909194064202,12.196654019331724,12.196654019331724,109182708
2009-10-07,12.837616920471191,12.873584342351522,12.348213639758475,12.377730387852074,194773032
2009-10-08,12.754270553588867,12.979252910677118,12.733434424989902,12.88796983317564,171979848
2009-10-09,12.805619239807129,12.93609414192142,12.762209531093609,12.815541026808068,109414476
2009-10-12,12.998849868774414,13.041514686138878,12.881770705512224,12.98347185554968,132755112
2009-10-13,13.05019760131836,13.083684577926077,12.932869822557686,13.007532782624985,121374504
2009-10-14,13.278650283813477,13.285100012180688,13.146687499105475,13.207708943527077,130205664
2009-10-15,13.144455909729004,13.317843290449646,13.078970794533321,13.239707330119877,243771984
2009-10-16,13.639068603515625,13.760614270139047,13.507105817229814,13.576560213788293,353322324
2009-10-19,13.694631576538086,13.732087832327336,13.611287059063157,13.709515201295853,128587284
2009-10-20,13.685454368591309,13.715965564433946,13.412102336983454,13.683470200295814,161586252
2009-10-21,13.670076370239258,13.874718908490888,13.617986040747484,13.640558674409295,146677176
2009-10-22,13.744241714477539,13.766815291229987,13.593179301038472,13.642790124117282,93366540
2009-10-23,13.734320640563965,13.838502240084184,13.67255619299474,13.773017122384832,95612292
2009-10-26,13.747218132019043,13.931519849516398,13.66486522627732,13.785418332594448,118697184
2009-10-27,13.600374221801758,13.75590220966418,13.49792911998626,13.666851898967636,128531340
2009-10-28,13.402180671691895,13.642790620082337,13.351330568744295,13.589954458236873,102609288
2009-10-29,13.668835639953613,13.688183881029786,13.419545067346304,13.469402614692436,100803096
2009-10-30,13.29849624633789,13.647007540843521,13.251862143436341,13.64279153737848,138601260
2009-11-02,13.245661735534668,13.381345202480118,13.103032261210476,13.322308866222007,127955916
2009-11-03,13.32751750946045,13.33272606936527,13.104520248620705,13.146936453972652,95112792
2009-11-04,13.402925491333008,13.531166665460471,13.305937567531736,13.41458377989005,93214692
2009-11-05,13.60930347442627,13.637084666345123,13.46072055877112,13.481309022481781,73834092
2009-11-06,13.670076370239258,13.686943219873987,13.531167564538194,13.586235564620642,72994932
2009-11-09,13.953103065490723,13.95483956742098,13.747717519823354,13.777979161790332,105890004
2009-11-10,14.058521270751953,14.108628369425261,13.940449560227126,13.958556630521374,89142768
2009-11-11,14.15278148651123,14.225708884050439,14.036197662356255,14.150796373030229,92695212
2009-11-12,14.085559844970703,14.21082618553847,14.027269347032561,14.127976996363417,75376548
2009-11-13,14.189742088317871,14.201151764875245,14.054801630276025,14.121279302512752,66605328
2009-11-16,14.294665336608887,14.312277073469273,14.207847820816298,14.262914866013283,87880032
2009-11-17,14.32468318939209,14.324930855969512,14.231167314692632,14.259693399833397,76591332
2009-11-18,14.303845405578613,14.356679675606024,14.190237356578677,14.303845405578613,61922016
2009-11-19,14.213058471679688,14.238110604571833,14.13889084860529,14.23240671166295,86633280
2009-11-20,14.137897491455078,14.178578137367788,14.124007369204785,14.126487815698916,80167752
2009-11-23,14.445233345031738,14.550655161232742,14.284248201674195,14.299875771461908,101798100
2009-11-24,14.463589668273926,14.49335597403432,14.301116627882895,14.449450932993091,64143792
2009-11-25,14.529322624206543,14.562064708039495,14.453667113120524,14.545941805309615,58389552
2009-11-27,14.380990028381348,14.447963039090338,14.162953644168699,14.188502057843301,55328616
2009-11-30,14.461357116699219,14.477975352569935,14.315254653689761,14.402568453045308,68934996
2009-12-01,14.631767272949219,14.665253300685311,14.461356628243133,14.588606180458191,92719188
2009-12-02,14.573227882385254,14.709656236018347,14.541229740908575,14.65979868872427,66461472
2009-12-03,14.529322624206543,14.670959526623797,14.510966941443364,14.611179251727132,57090852
2009-12-04,14.511215209960938,14.75480187971905,14.366601576597573,14.709903337110658,100443456
2009-12-07,14.541975021362305,14.602499247634062,14.411748726457406,14.491372582445077,65382552
2009-12-08,14.56181812286377,14.651364708588261,14.436552725706816,14.47376037236942,60899040
2009-12-09,14.610685348510742,14.618375301314993,14.475745818965077,14.572981420108734,71168760
2009-12-10,14.672200202941895,14.751824998179883,14.645162956335493,14.645906901272184,66665268
2009-12-11,14.647642135620117,14.752815333198999,14.578684023179152,14.751078831635523,68731200
2009-12-14,14.777127265930176,14.816319083279398,14.699735242818791,14.767701756745684,76459464
2009-12-15,14.712882041931152,14.793250793772616,14.659552431205581,14.716851324323322,91124784
2009-12-16,14.82748031616211,14.89222148947951,14.799699123214072,14.848317392488406,112263624
2009-12-17,14.7327241897583,14.824503550237086,14.728259574917159,14.79473724561445,105446448
2009-12-18,14.79423999786377,14.856501665454966,14.759017466988258,14.784566823272398,141118740
2009-12-21,14.850299835205078,14.879073581636755,14.775636883460288,14.823757923436995,102745152
2009-12-22,14.9108247756958,14.920251229039385,14.85451655805468,14.91628194729152,75156768
2009-12-23,15.172767639160156,15.202285334756215,14.95373869987606,14.96986254967373,82825092
2009-12-24,15.341442108154297,15.367240079280343,15.187402952869627,15.20377446955762,34313652
2009-12-28,15.450336456298828,15.527728481400205,15.341442565622296,15.42032342608094,67848084
2009-12-29,15.364263534545898,15.499203061260184,15.336730006502922,15.496722614335175,56935008
2009-12-30,15.44686222076416,15.44686222076416,15.329783060645848,15.341936681909756,58565376
2009-12-31,15.37864875793457,15.513092941184269,15.37864875793457,15.496969092116313,48743208
2010-01-04,15.546577453613281,15.615040234564592,15.48431767947733,15.551538346598196,78169752
2010-01-05,15.478116989135742,15.57361702343188,15.417345099394739,15.557245507956068,120067812
2010-01-06,15.087932586669922,15.524501581034777,15.040803156565993,15.524501581034777,158988852
2010-01-07,14.736693382263184,15.131094814516294,14.700726904316246,15.116211188694317,256315428
2010-01-08,14.933150291442871,14.963659596786792,14.612915547748072,14.68460272606137,188783028
2010-01-11,14.910577774047852,14.99367462970089,14.735205275532815,14.99367462970089,288227484
2010-01-12,14.646900177001953,14.83740302650726,14.585383395526144,14.824752180793864,193937868
2010-01-13,14.562811851501465,14.594809995371664,14.235632957336325,14.299877856947855,259604136
2010-01-14,14.631274223327637,14.739176505720344,14.456646591979162,14.483683842901184,169434396
2010-01-15,14.386941909790039,14.7232985978209,14.338322698734286,14.717840480957486,217162620
2010-01-19,14.575957298278809,14.645411700183779,14.294916244126876,14.416709586673084,172495332
2010-01-20,14.397112846374512,14.535276760986086,14.270111887890797,14.535276760986086,129897972
2010-01-21,14.460862159729004,14.556113585911667,14.19470378909224,14.472272782227623,252055692
2010-01-22,13.643036842346191,14.153772488498921,13.267239751900187,14.002462419031689,271743984
2010-01-25,13.394740104675293,13.63981468223952,13.283364826754477,13.558204766615498,176619204
2010-01-26,13.454768180847168,13.63286880435154,13.302714140184499,13.344386404029805,174045780
2010-01-27,13.446829795837402,13.584498371095696,13.278403302881873,13.426241331658726,158417424
2010-01-28,13.25310230255127,13.568375206708142,13.16157155088884,13.506114482253498,129034836
2010-01-29,13.145201683044434,13.419297693987499,13.03779568097044,13.35728557360539,165454380
2010-02-01,13.221599578857422,13.290806310723292,13.154130294038067,13.260791393084038,89941968
2010-02-02,13.174471855163574,13.26972328982423,13.087405706644066,13.26972328982423,163684152
2010-02-03,13.415080070495605,13.446830546778974,13.102784813282902,13.113699157666842,119844036
2010-02-04,13.066817283630371,13.345129282023573,13.036554697599714,13.320324813433443,134972892
2010-02-05,13.178686141967773,13.233505522728587,12.959658176044828,13.106998968575287,126113760
2010-02-08,13.23276138305664,13.444349911977124,13.184640339545709,13.208700861301175,107664228
2010-02-09,13.30643367767334,13.432691636162854,13.272450421523166,13.38332942050483,112671216
2010-02-10,13.257071495056152,13.339919737443333,13.089388006122899,13.24764504145364,106873020
2010-02-11,13.305439949035645,13.406893430123588,13.134285350519148,13.229040491360278,96303600
2010-02-12,13.224081039428711,13.324045696259812,13.159092196335205,13.220361314373104,91096812
2010-02-16,13.426985740661621,13.497184082423455,13.253349748599533,13.317099307184474,146029824
2010-02-17,13.35033893585205,13.479078288550308,13.335456254532707,13.444351086846249,81106812
2010-02-18,13.474611282348633,13.519012600263745,13.298991124218276,13.333718322196761,93382524
2010-02-19,13.413591384887695,13.49470312736656,13.387298082355827,13.40788654646311,102021876
2010-02-22,13.464193344116211,13.580777172250409,13.41954435923599,13.57705555699257,85698216
2010-02-23,13.272449493408203,13.48478102227246,13.203492319658807,13.469154397289577,114789096
2010-02-24,13.183152198791504,13.356043311010541,13.159339342331803,13.245412925950477,92970936
2010-02-25,13.058135032653809,13.109232802436646,12.898637770607404,13.07524954790528,132235632
2010-02-26,13.067310333251953,13.190096212485221,12.984957432280968,13.08269023544089,81890028
2010-03-01,13.213414192199707,13.228297817627935,13.090629245200798,13.12684433404048,89426484
2010-03-02,13.421032905578613,13.535136292650256,13.270963040412893,13.282620383975134,174097728
2010-03-03,13.526703834533691,13.596157291783923,13.376136740168764,13.453280149846835,123452424
2010-03-04,13.756646156311035,13.794845415956898,13.548531560805628,13.55597290136322,127224648
2010-03-05,13.995270729064941,14.081097597323513,13.888361952135062,13.92432937851093,156331512
2010-03-08,13.95235824584961,14.019333149978056,13.915895486298629,14.009410416796644,95360544
2010-03-09,13.895552635192871,14.006431615875705,13.804020947662707,13.887117793897065,126936936
2010-03-10,14.298885345458984,14.349735450182276,13.945659889884045,13.984107760599759,225969804
2010-03-11,14.4152193069458,14.540980973705985,14.243071209416009,14.24456004454189,169162668
2010-03-12,14.375532150268555,14.592328300401245,14.366105696401975,14.588855296840695,110025864
2010-03-15,13.969721794128418,14.125249783663964,13.791621170819377,14.056539325475011,185969844
2010-03-16,14.019826889038086,14.099699352106796,13.909692787289945,13.936233755934008,137122740
2010-03-17,14.028756141662598,14.174858601394877,13.996260779690026,14.09672169991446,132731136
2010-03-18,14.049593925476074,14.10019636399849,13.964264286191522,14.00792071738617,71016912
2010-03-19,13.890840530395508,14.089280987863594,13.823370302210277,13.890840530395508,191576232
2010-03-22,13.828826904296875,14.060754327112095,13.748954446213435,13.794348319337583,160031808
2010-03-23,13.617986679077148,13.848921586823149,13.444351609104098,13.817419721081702,219831948
2010-03-24,13.824609756469727,13.887118142610287,13.387296829434694,13.531413228821192,262345392
2010-03-25,13.962279319763184,14.188500972271049,13.857601445037464,13.866530674959613,157078764
2010-03-26,13.957566261291504,14.074150092416852,13.891337199852739,14.021563487868903,107740152
2010-03-29,13.951613426208496,14.007920703300185,13.90498026981916,13.965256828993043,124055820
2010-03-30,14.057284355163574,14.080104655734342,13.897787081864845,13.961040368488945,79036884
2010-03-31,14.067451477050781,14.132441254790873,13.960541775474498,14.016105100310279,121110768
2010-04-01,14.109125137329102,14.224469691857612,14.02850872772985,14.172378419755923,84023892
2010-04-05,14.163946151733398,14.259940579513973,14.114086712114625,14.161217093013532,75983940
2010-04-06,14.094738960266113,14.160968968895165,14.024788281469297,14.125496878436504,82321596
2010-04-07,13.97865104675293,14.10788477836823,13.936978785705854,14.07191830099959,103136760
2010-04-08,14.076630592346191,14.135171592622353,13.89208119733069,13.973193884612844,77822100
2010-04-09,14.045127868652344,14.108380201343898,13.99005987527368,14.076629729082246,82181736
2010-04-12,14.206609725952148,14.238110642060214,14.045128301273468,14.073158104551476,94001904
2010-04-13,14.554872512817383,14.607211449908021,14.166921768726757,14.201648022031225,156335508
2010-04-14,14.610187530517578,14.693035768870038,14.486410033420157,14.63647988588578,135971892
2010-04-15,14.766459465026855,14.829465080350161,14.592576747084996,14.688819781246186,270201528
2010-04-16,13.64651107788086,14.109372447778158,13.633612566105592,13.965256038124647,488930580
2010-04-19,13.645271301269531,13.741763900815224,13.518766617287811,13.611784322430946,155604240
2010-04-20,13.767807960510254,13.88240762831234,13.669083530442995,13.746227884158683,118976904
2010-04-21,13.749451637268066,13.897041997091556,13.696368754477298,13.803029853165098,95564340
2010-04-22,13.569864273071289,13.704803798847248,13.477837235033428,13.692401564308437,131096772
2010-04-23,13.518516540527344,13.625923480550803,13.451047252291383,13.574577096735956,83492424
2010-04-26,13.187369346618652,13.518516561819451,13.127092786931062,13.518021228685658,174577248
2010-04-27,13.123372077941895,13.353314398095442,13.0779782026856,13.120643019449465,153634212
2010-04-28,13.12659740447998,13.266497819606908,12.924187649629287,13.198779919659966,136107756
2010-04-29,13.196297645568848,13.307921526564675,13.064087191622182,13.230281844492335,122233644
2010-04-30,13.040026664733887,13.33719060280861,13.033576936237809,13.174718510581837,97318584
2010-05-03,13.161571502685547,13.219119000096395,13.024646875521977,13.05987129807233,74237688
2010-05-04,12.56054401397705,13.065823468350283,12.506965799807343,13.060366296727604,242808948
2010-05-05,12.644634246826172,12.792472278067404,12.414194690936158,12.426845536698153,183104712
2010-05-06,12.369544982910156,12.837120517525534,11.410333392240274,12.619579486632976,199803996
2010-05-07,12.23237419128418,12.53449997866103,11.939425300646974,12.401792296390202,203356440
2010-05-10,12.939565658569336,12.968588018682906,12.715080510608608,12.749062818722827,164954880
2010-05-11,12.627020835876465,12.895659614757864,12.606432374080187,12.791231306605505,132771096
2010-05-12,12.536234855651855,12.701189282018294,12.452146391990176,12.701189282018294,153917928
2010-05-13,12.672415733337402,12.948247262086909,12.659764888226093,12.811818914941675,132898968
2010-05-14,12.58931827545166,12.67514418976789,12.309517457303587,12.644881605417558,164475360
2010-05-17,12.600234031677246,12.60990815309165,12.36160916952708,12.570716334268008,111640248
2010-05-18,12.362103462219238,12.674647296271347,12.329856711115234,12.65058677518407,112906980
2010-05-19,12.26436996459961,12.388642780519568,12.098423949806708,12.309762887586537,137690172
2010-05-20,11.782657623291016,12.044847641526426,11.752643651510278,12.032196796376931,196335468
2010-05-21,11.709235191345215,12.03046157586238,11.51947722035502,11.635068504855628,387244368
2010-05-24,11.835988998413086,12.149276806932374,11.827059767924572,11.924543030059668,173650176
2010-05-25,11.833756446838379,11.843181955181542,11.50980198031272,11.612493796465525,120575304
2010-05-26,11.794069290161133,12.148533089967302,11.782410055467873,11.957782565502168,138884976
2010-05-27,12.165897369384766,12.211786582759666,11.932481074965205,12.02922134085405,112251636
2010-05-28,12.046088218688965,12.240065029357682,11.980850762927208,12.222452343693341,115676208
2010-06-01,11.965222358703613,12.18077923171929,11.909411361388681,11.91710131350936,106565328
2010-06-02,12.238078117370605,12.250480350193838,11.942649747300955,12.072132082910345,101530368
2010-06-03,12.541444778442383,12.600977389772519,12.271069471343406,12.281238924687266,145881972
2010-06-04,12.370786666870117,12.631984156592498,12.320680504532254,12.395592081462953,156655188
2010-06-07,12.043357849121094,12.425107445746384,11.984570133563,12.379218240861876,145162692
2010-06-08,12.025002479553223,12.125711066385747,11.845413046283996,12.101153322340748,107296596
2010-06-09,11.758098602294922,12.126702011024632,11.707993396107963,12.085526033733853,109050840
2010-06-10,12.080317497253418,12.11727747487258,11.803245752195496,11.915611684306603,103012884
2010-06-11,12.117278099060059,12.1224876043454,11.946619772678462,11.968448460039935,71196732
2010-06-14,11.985563278198242,12.266108993436152,11.985563278198242,12.265612715021357,81534384
2010-06-15,12.352678298950195,12.412459526034997,11.960511520877706,11.982835542617316,170213616
2010-06-16,12.434038162231445,12.501756055188864,12.306043716034363,12.307532551153198,91480428
2010-06-17,12.404521942138672,12.548142084438112,12.320432524646709,12.488115081198789,79012908
2010-06-18,12.403280258178711,12.488609895559556,12.35615176966385,12.464797039450405,114801084
2010-06-21,12.118765830993652,12.426597394328835,12.02773135794809,12.400055480430273,119220660
2010-06-22,12.0614652633667,12.318198096807027,12.04856675232512,12.152004397778668,88699212
2010-06-23,11.957284927368164,12.077341766260465,11.86079422361688,12.077341766260465,81082836
2010-06-24,11.784890174865723,11.974649082480552,11.73924863010722,11.898001952566219,75668256
2010-06-25,11.724862098693848,11.848143328852617,11.672275492497274,11.83350831470314,89718192
2010-06-28,11.709979057312012,11.845662517217614,11.633827263709463,11.722629902702135,70421508
2010-06-29,11.267951965332031,11.523195015829799,11.190063676204337,11.495662437681185,139943916
2010-06-30,11.037018775939941,11.356507735589414,11.031313936670388,11.285316824200951,143983872
2010-07-01,10.901582717895508,11.122595843131837,10.756225118078609,11.045451482310758,140403456
2010-07-02,10.828656196594238,10.970788458301039,10.81501279263027,10.95441788601198,77362560
2010-07-06,10.816749572753906,11.10448802767348,10.75622440022387,11.013452602307504,102301596
2010-07-07,11.167243003845215,11.19428119559737,10.799632115556276,10.872310903545802,125062812
2010-07-08,11.325002670288086,11.3441041887949,11.153849018616627,11.25033971498833,106649244
2010-07-09,11.596122741699219,11.739247534354256,11.47929124997742,11.707001728802048,173086740
2010-07-12,11.802997589111328,11.892544172220886,11.685173535669144,11.717171676030159,133242624
2010-07-13,12.134641647338867,12.228652849956001,11.913380876798485,11.962246813210927,158892948
2010-07-14,12.187725067138672,12.249488568623748,12.066675675013546,12.151509032535587,124595280
2010-07-15,12.254201889038086,12.271069683107559,11.97291223349791,12.19739928056271,194133672
2010-07-16,11.400659561157227,11.672275091857513,11.39842678101031,11.636556281259983,312679008
2010-07-19,11.563629150390625,11.649702732540804,11.348816222207464,11.435387028059923,181829988
2010-07-20,11.945873260498047,11.98060045514204,11.425215843235742,11.435880628329068,162017820
2010-07-21,11.844420433044434,12.047823664487955,11.793075001082924,12.005654183113746,131052816
2010-07-22,12.025748252868652,12.129185913785069,11.967952138432233,11.986556435519674,85822092
2010-07-23,12.155973434448242,12.169119611761577,11.906681945637198,11.925533906100261,90485424
2010-07-26,12.128935813903809,12.173088519648044,12.027483279192534,12.131911593592145,79728192
2010-07-27,12.219724655151367,12.340525449735502,12.158704146105457,12.168874546043877,97949952
2010-07-28,12.014337539672852,12.284713812736413,11.972665275730897,12.27702386021015,99740160
2010-07-29,12.030213356018066,12.126705013276156,11.889816652392474,12.054026214456764,106912980
2010-07-30,12.026739120483398,12.088999846440766,11.885102207858958,11.897753053472456,85678236
2010-08-02,12.164655685424805,12.235845637929568,12.078582107874396,12.129432208990965,74273652
2010-08-03,12.150267601013184,12.21550504483071,12.074115814588943,12.166886781453911,72019908
2010-08-04,12.559306144714355,12.57617299456461,12.180532261356896,12.208562067541937,152347500
2010-08-05,12.603456497192383,12.615859675585545,12.49084195193408,12.548638059710646,96719184
2010-08-06,12.407995223999023,12.54491892949203,12.304558499804273,12.53648597648817,132647220
2010-08-09,12.535242080688477,12.538963695838534,12.436270939058849,12.458347291666021,74813112
2010-08-10,12.494562149047852,12.55136664320205,12.367063983600945,12.460826563822282,82877040
2010-08-11,12.197646141052246,12.352925499800874,12.191692691151482,12.34622810498555,88831080
2010-08-12,12.204343795776367,12.272309356832398,11.968695694225392,12.004166837260296,88095816
2010-08-13,12.063948631286621,12.184004531957788,12.055513788276253,12.12968142052925,77310612
2010-08-16,12.04509449005127,12.151260246776008,11.91883654955675,11.997716449564725,52147800
2010-08-17,12.167386054992676,12.271071389988066,12.05601171214895,12.118023834580551,75552372
2010-08-18,11.95976448059082,12.176064323414725,11.944881802106524,12.165398592892728,107348544
2010-08-19,11.608031272888184,11.96869714219003,11.590170920644798,11.931488547662447,156843000
2010-08-20,11.460439682006836,11.6978242887589,11.435634270054203,11.608030039805259,156547296
2010-08-23,11.511289596557617,11.614974912328499,11.354026066497056,11.44754098392741,119328552
2010-08-24,11.196763038635254,11.369902772892193,11.185103803636755,11.35328264400103,110397492
2010-08-25,11.276883125305176,11.356011651235226,11.16228345196987,11.16228345196987,103580316
2010-08-26,11.186591148376465,11.34236678795983,11.173196358534202,11.312601428570051,71008920
2010-08-27,11.381311416625977,11.410085165764425,11.103990099943568,11.225783436994588,92403504
2010-08-30,11.229008674621582,11.40438022646912,11.222311279475804,11.389248934429817,49206744
2010-08-31,11.162779808044434,11.283084321108566,11.11267364525693,11.165012588418431,77794128
2010-09-01,11.418519973754883,11.532871034474285,11.224296442605155,11.285813227719,129002868
2010-09-02,11.489212989807129,11.520218571943396,11.418022093579559,11.480780038641347,67300632
2010-09-03,11.665824890136719,11.705017647933852,11.594882604925093,11.671282061713933,101514384
2010-09-07,11.519475936889648,11.598603508414612,11.485244071601995,11.521955438246883,68327604
2010-09-08,11.672770500183105,11.720396211481503,11.5222043595851,11.539071208195661,95975928
2010-09-09,11.81167984008789,11.91635772124834,11.672771036439883,11.852609103367087,97126776
2010-09-10,11.810686111450195,11.901225247638518,11.784393755777845,11.882124674592012,78893028
2010-09-13,11.96274471282959,12.014338769602883,11.89477819245583,11.928762397935065,89570340
2010-09-14,11.917102813720703,12.024261152029268,11.908421248979826,11.956294633641955,88571340
2010-09-15,11.922309875488281,11.95331640524252,11.869226991480197,11.905195360040569,96015888
2010-09-16,11.932729721069336,11.967208311520224,11.8918004561315,11.905196192965398,78701220
2010-09-17,12.158206939697266,12.1842516313709,11.935705943880018,11.999454561660455,225438336
2010-09-20,12.607922554016113,12.660756825341462,12.205584454389891,12.216498798065595,175963860
2010-09-21,12.736412048339844,12.89814208615331,12.62354888938994,12.64264946302989,178473348
2010-09-22,12.799419403076172,12.843571170587785,12.69226106781344,12.721531098627441,101382516
2010-09-23,12.736907958984375,12.890947095233917,12.682832521810969,12.764937761677597,92603304
2010-09-24,13.079465866088867,13.092860655894247,12.855476054603043,12.941798243413746,134141724
2010-09-27,13.156859397888184,13.316603380453131,13.118161971344081,13.118161971344081,124171704
2010-09-28,13.076491355895996,13.235740025392193,12.860191459438091,13.233011911777103,146041812
2010-09-29,13.089387893676758,13.219615124216315,13.015469827133458,13.093357175499554,86801112
2010-09-30,13.042259216308594,13.193073017523613,12.871847618107266,13.125851401698299,129634236
2010-10-01,13.038042068481445,13.162067233378563,12.97305228843189,13.146687330229426,88911000
2010-10-04,12.956930160522461,13.103279353395424,12.870111689139545,13.02142272076221,77542380
2010-10-05,13.350833892822266,13.394738932719317,13.061110351869598,13.106504226926576,140143716
2010-10-06,13.25459098815918,13.393499792459034,13.145200824683776,13.376384331134938,110381508
2010-10-07,13.146936416625977,13.325284691480968,13.125356341538975,13.300727891331592,95736168
2010-10-08,13.30419921875,13.335205745713495,13.087651698954957,13.215398476609497,114253632
2010-10-11,13.365964889526367,13.508842971346004,13.324541239547088,13.357035659301035,104946948
2010-10-12,13.429218292236328,13.543321680169457,13.33992031743378,13.397716429023163,149993856
2010-10-13,13.476594924926758,13.580527902970928,13.452534404588432,13.568374282180065,122101776
2010-10-14,13.417808532714844,13.52496591276113,13.32305244121933,13.498424943278694,265098636
2010-10-15,14.919010162353516,14.923723389057503,14.674680498057553,14.864935669699102,592399008
2010-10-18,15.322341918945312,15.371456467217293,14.89668722704929,14.89668722704929,283644072
2010-10-19,15.07726764678955,15.250655030350952,14.953986420903105,15.102568392180075,183332484
2010-10-20,15.080989837646484,15.314157522639954,15.069083881348016,15.084958174648547,140862996
2010-10-21,15.18045711517334,15.279924543083716,15.031874194415636,15.16855021444766,116703180
2010-10-22,15.193851470947266,15.250655023743956,15.132334691307218,15.178719233621054,90153756
2010-10-25,15.292325973510742,15.4967198684936,15.254374386048854,15.269753343317397,126209664
2010-10-26,15.344416618347168,15.409654063816431,15.156642845210804,15.207989222893262,100415484
2010-10-27,15.291583061218262,15.379145474887258,15.188890301082829,15.274219934647256,89586324
2010-10-28,15.343923568725586,15.40395151822349,15.212952379930208,15.380386327315593,87284628
2010-10-29,15.22287368774414,15.35434020554336,15.20526194808484,15.306466825515146,91040868
2010-11-01,15.255119323730469,15.395516006998482,15.161108127110639,15.27322734048679,123360516
2010-11-02,15.270002365112305,15.379145801329722,15.244701619656222,15.346154158618617,79824096
2010-11-03,15.383610725402832,15.424539044675495,15.217913279844314,15.317133992037224,135084780
2010-11-04,15.485062599182129,15.625212569844756,15.431235769270883,15.494241386692899,142689168
2010-11-05,15.505154609680176,15.515324062708125,15.406677853904041,15.458024233302828,70557372
2010-11-08,15.547075271606445,15.614545502525546,15.456785686930605,15.478861095724353,83967948
2010-11-09,15.49870491027832,15.648279433895627,15.391795202967195,15.627195637580364,89398512
2010-11-10,15.450584411621094,15.45356113673472,15.317380452924164,15.430739892627638,99780120
2010-11-11,15.309442520141602,15.375423913811463,15.235523508095726,15.371703243818848,90373536
2010-11-12,14.964653015136719,15.3022499598713,14.913058019293247,15.230067444296147,135584280
2010-11-15,14.77067756652832,14.982264211901045,14.735453143002982,14.95944296742935,139016844
2010-11-16,14.479217529296875,14.830704585941215,14.472520133998701,14.703455020568097,132163704
2010-11-17,14.475001335144043,14.622591715592899,14.420926833291787,14.510969707906058,97602300
2010-11-18,14.797714233398438,14.882547588639609,14.599273774543672,14.610188117942206,103496400
2010-11-19,14.6555814743042,14.830704416288114,14.643426907224619,14.808629007592401,91808100
2010-11-22,14.665254592895508,14.720322589667527,14.45515584040121,14.572235950403702,87376536
2010-11-23,14.4616060256958,14.610436614616066,14.342293131763114,14.560826733406719,86417496
2010-11-24,14.758275032043457,14.798707072105381,14.56181872516256,14.568267508883276,95760144
2010-11-26,14.634992599487305,14.708911611405686,14.560577309178997,14.646402275994777,52391556
2010-11-29,14.439279556274414,14.630030999598683,14.385700398593348,14.614403430177664,114273612
2010-11-30,13.78442668914795,14.246047814710145,13.724894081039908,14.246047814710145,284411304
2010-12-01,13.998744010925293,14.177836243942227,13.950373406706518,13.965257033117005,150013836
2010-12-02,14.184036254882812,14.221492511910155,14.023547385779969,14.105652627972171,101814084
2010-12-03,14.213306427001953,14.299627673164187,14.08928125687784,14.125248679101816,105142752
2010-12-06,14.34626293182373,14.436554418396096,14.302855108468695,14.401083269363552,83668248
2010-12-07,14.564050674438477,14.709408255228965,14.53577320372399,14.666495770754977,121566312
2010-12-08,14.648387908935547,14.697502456020704,14.4784735257059,14.683859053628725,70205724
2010-12-09,14.672200202941895,14.773404127804767,14.610188091389329,14.731236534747696,74681244
2010-12-10,14.689811706542969,14.733965357740551,14.642185997265598,14.7128796709647,68119812
2010-12-13,14.749590873718262,14.957457780093613,14.736444695885178,14.811603928885162,95844060
2010-12-14,14.756786346435547,14.840627147330336,14.696509789446198,14.810860841315476,65666268
2010-12-15,14.642433166503906,14.79498440905373,14.613907086156738,14.739173416914777,86621292
2010-12-16,14.677410125732422,14.728507895360291,14.587118651094645,14.705687596468673,63812124
2010-12-17,14.654837608337402,14.698494038144686,14.577196978543075,14.659798501818306,123360516
2010-12-20,14.760507583618164,14.830458268126513,14.601755195662488,14.750338129112821,78853068
2010-12-21,14.959197044372559,15.000125365847726,14.823761232860603,14.84757409163329,75104820
2010-12-22,15.019222259521484,15.056678515486828,14.964403822723426,14.982263227224568,48251700
2010-12-23,14.987968444824219,15.031873484916492,14.933397673186471,15.015502915129687,44387568
2010-12-27,14.9420804977417,14.97680675160506,14.870641931125414,14.951009727761116,48275676
2010-12-28,14.856253623962402,14.979038563778374,14.833680047942467,14.933892357030633,42549408
2010-12-29,14.907848358154297,14.942823223221682,14.856254311413089,14.932653770036598,40727232
2010-12-30,14.854764938354492,14.916033102964212,14.818302184728875,14.833432530684119,39540420
2010-12-31,14.733469009399414,14.843851726013101,14.685347964174689,14.802178518950436,61510428
2011-01-03,14.990944862365723,15.021703723629512,14.795728799332734,14.795728799332734,94513392
2011-01-04,14.935628890991211,15.036338423956716,14.886019014707044,15.022447356103667,72907020
2011-01-05,15.108025550842285,15.139280691692838,14.88428339795521,14.88477967635306,101190708
2011-01-06,15.217910766601562,15.340199425783506,15.1323334718275,15.147960095708093,82229688
2011-01-07,15.290837287902832,15.335734882196661,15.134318655378213,15.277691110459589,83963952
2011-01-10,15.23552417755127,15.264794205679722,15.095375153835846,15.250158246323283,63104832
2011-01-11,15.280174255371094,15.349380048623427,15.242718939284204,15.322342798775683,57514428
2011-01-12,15.301504135131836,15.363020910786888,15.249413812552865,15.363020910786888,65242692
2011-01-13,15.297041893005371,15.370960912812663,15.234283939055654,15.303986955329043,53306640
2011-01-14,15.482831001281738,15.485062836260598,15.30671454932236,15.314652168262416,94529376
2011-01-18,15.866071701049805,15.924611763561943,15.509869486613095,15.529465396312693,144535320
2011-01-19,15.670604705810547,15.948669016885157,15.618762046916608,15.927832886707373,136107756
2011-01-20,15.547075271606445,15.728401221797718,15.460754023594681,15.682014788152447,219212568
2011-01-21,15.176488876342773,15.918160471849825,15.164830586667989,15.864830862647466,355819824
2011-01-24,15.157883644104004,15.192859456263422,14.913554909157176,15.070818449424786,183784032
2011-01-25,15.376911163330078,15.396259402719672,15.044771428700079,15.086443687115697,145726128
2011-01-26,15.292325973510742,15.440908877277666,15.262063392037073,15.387329720723422,81442476
2011-01-27,15.299521446228027,15.371703959914896,15.211711361610421,15.326807306070503,80687232
2011-01-28,14.907600402832031,15.388074443940145,14.877090153283444,15.356075359249687,169074756
2011-01-31,14.891972541809082,14.993921353286211,14.77266060439465,14.972341279134282,112083804
2011-02-01,15.156891822814941,15.214191655261326,14.960187857952477,14.994417834076206,109702188
2011-02-02,15.180704116821289,15.238747892086144,15.06982512616177,15.155898704924068,70357572
2011-02-03,15.13481616973877,15.167062924305148,15.035099180740493,15.118196041377555,59744196
2011-02-04,15.155404090881348,15.16681376794414,15.047005541739312,15.13481562638859,61969968
2011-02-07,15.237509727478027,15.339209938574474,15.111498490514103,15.13506368080302,71912016
2011-02-08,15.338960647583008,15.369967177024376,15.242965279414342,15.253384290039103,67728204
2011-02-09,15.292325973510742,15.365501035417306,15.189136941954322,15.301503814565526,73626300
2011-02-10,15.290837287902832,15.317131533373548,15.16978885140919,15.227832623146263,93282624
2011-02-11,15.490767478942871,15.50317065751132,15.205508551251048,15.225105403236611,103492404
2011-02-14,15.581305503845215,15.618265482017641,15.380136933936717,15.461993563258774,85034880
2011-02-15,15.482085227966309,15.629427921025734,15.456040537652758,15.560718413181265,83596320
2011-02-16,15.4838228225708,15.540377764024393,15.431235272460405,15.51879768850049,67292640
2011-02-17,15.509620666503906,15.558982882253893,15.386091766490942,15.41015229000699,59092848
2011-02-18,15.629180908203125,15.6564658230062,15.482830765817718,15.52797603193348,128587284
2011-02-22,15.13630485534668,15.501435327282316,15.075779683683159,15.379889650820525,145450404
2011-02-23,15.163837432861328,15.247679182939326,14.98226475379925,15.139281576300837,115468416
2011-02-24,15.101825714111328,15.207743821988606,14.916531414615678,15.165574333979848,108359532
2011-02-25,15.132084846496582,15.248172389329273,15.11869100259322,15.177231052367196,77218704
2011-02-28,15.21543025970459,15.292078324897513,15.081730034694024,15.131093188514438,91168740
2011-03-01,14.901895523071289,15.359797905904525,14.865679487887554,15.324078149131507,132795072
2011-03-02,14.902639389038086,15.031873114183355,14.763730598779317,14.87808164437921,80986932
2011-03-03,15.120180130004883,15.16805445282295,15.007068357475227,15.041300223448387,77734188
2011-03-04,14.898421287536621,15.10579190011967,14.888002278310784,15.089667107942722,120319560
2011-03-07,14.676168441772461,14.974573545110047,14.560577170872886,14.896686197396416,138369492
2011-03-08,14.692292213439941,14.832936561782596,14.639953277270488,14.70767117154825,91304604
2011-03-09,14.678898811340332,14.746865323881165,14.529571940414563,14.659799181494886,85953960
2011-03-10,14.39438247680664,14.551149718239516,14.373297736574125,14.521880639027708,124998876
2011-03-11,14.305333137512207,14.386942100327024,14.221492339906051,14.342788448794368,121158720
2011-03-14,14.138644218444824,14.344526030665216,14.089778281811531,14.208346286452569,112531356
2011-03-15,14.127978324890137,14.16369808443724,13.779218408348823,13.828829238013816,160063776
2011-03-16,13.8189058303833,14.133683419231287,13.674541745062875,14.089529764078806,151788060
2011-03-17,13.924574851989746,14.114085130034091,13.904235000970282,14.00196686494762,115856028
2011-03-18,13.917133331298828,14.08903281450265,13.884391247802002,14.005935019256079,131812056
2011-03-21,14.300124168395996,14.381981746117162,14.11458316143794,14.144348522108695,120715164
2011-03-22,14.320465087890625,14.367843136290201,14.201153133883258,14.31922486443691,75400524
2011-03-23,14.440521240234375,14.447713968275057,14.188500678792083,14.267629194869032,72575352
2011-03-24,14.557848930358887,14.595055629542019,14.35717474956141,14.521632897353193,83864052
2011-03-25,14.3804931640625,14.558345167428397,14.368089984939143,14.557602167749183,114221664
2011-03-28,14.271846771240234,14.510719274549626,14.255722922168228,14.438288150234436,88647264
2011-03-29,14.429855346679688,14.433824628672332,14.213555473616307,14.28772215517405,64127808
2011-03-30,14.432583808898926,14.52336966906112,14.401328668536548,14.495587532137266,56835108
2011-03-31,14.554624557495117,14.589350810110595,14.430102167175427,14.461357306996804,81094824
2011-04-01,14.679641723632812,14.763731134818448,14.604234821122704,14.604234821122704,104423472
2011-04-04,14.577445983886719,14.752568931541743,14.463837927996966,14.709408778975954,82097820
2011-04-05,14.11631965637207,14.423902632755766,14.031733959749651,14.413733178634065,241658100
2011-04-06,14.242576599121094,14.26688478782266,14.089281400320118,14.192966719624808,106625268
2011-04-07,14.386941909790039,14.402817146126056,14.242823614175375,14.281023815174228,101158740
2011-04-08,14.341300964355469,14.50823957565236,14.338821462784509,14.50823957565236,75995928
2011-04-11,14.32170581817627,14.33981289098772,14.213307266704875,14.29268345589712,74253672
2011-04-12,14.154023170471191,14.310295100991299,14.090521274244878,14.262917054355354,83340576
2011-04-13,14.294665336608887,14.327408363895135,14.182298466307008,14.275565710004617,82693224
2011-04-14,14.349983215332031,14.373299793543353,14.190983171210528,14.267630301313046,218033748
2011-04-15,13.16405200958252,13.537367744806128,13.148176772617797,13.525958068126112,561186252
2011-04-18,13.068304061889648,13.088644858753831,12.873832885401072,13.057885996909622,201390408
2011-04-19,12.936590194702148,13.168517650504494,12.9209635683648,13.145448738210218,107256636
2011-04-20,13.040770530700684,13.067808722559997,12.933116877527725,13.044987479058701,122277600
2011-04-21,13.02514362335205,13.104022581243505,12.957921062921882,13.084426675041863,98705196
2011-04-25,13.023903846740723,13.07227350576626,12.948495993552559,13.028864740456957,65166768
2011-04-26,13.21663761138916,13.331236319647601,13.027870338583154,13.06036570029008,139860000
2011-04-27,13.339174270629883,13.347856778912737,13.254589530167191,13.345127720511801,91844064
2011-04-28,13.34438419342041,13.376134664479437,13.247891611715863,13.346616028068807,79920000
2011-04-29,13.496439933776855,13.496439933776855,13.357779744348734,13.394739724895144,168970860
2011-05-02,13.359020233154297,13.536873186888192,13.32330047529209,13.536128296603295,85262652
2011-05-03,13.243181228637695,13.444598426447453,13.137510790788115,13.323549974509016,83176740
2011-05-04,13.29030990600586,13.369933757056513,13.221599453193164,13.274930947501453,84595320
2011-05-05,13.252606391906738,13.380352236002993,13.183896882261259,13.242436938301283,79832088
2011-05-06,13.278156280517578,13.430955210188209,13.2751795552263,13.348850906631755,82161756
2011-05-09,13.337191581726074,13.357284713629209,13.17397458728728,13.270713904783658,77870052
2011-05-10,13.46072006225586,13.504625101293179,13.333718171786451,13.394738670428683,81634284
2011-05-11,13.281875610351562,13.482796512251042,13.238219182834033,13.398211770370509,93458448
2011-05-12,13.271955490112305,13.3188372603427,13.169261773557825,13.276667772088281,57874068
2011-05-13,13.135526657104492,13.293535090580571,13.123123477648308,13.261040669895689,84263652
2011-05-16,12.859444618225098,13.078970764043303,12.809339406780055,13.055157909001098,118209672
2011-05-17,13.158099174499512,13.176951137437916,12.77535791300142,12.78527970024514,132011856
2011-05-18,13.141975402832031,13.154873914455985,13.040026587871843,13.135278007826116,78049872
2011-05-19,13.177696228027344,13.308914135021508,13.139743689717193,13.214407597620934,98649252
2011-05-20,12.998601913452148,13.19604981368316,12.976276948474263,13.191336586965976,92607300
2011-05-23,12.858702659606934,12.898638421125513,12.734925147617817,12.814301337518048,91908000
2011-05-24,12.855477333068848,12.996866585010633,12.852749219644517,12.907816274190933,75924000
2011-05-25,12.890453338623047,12.967348137588695,12.830424444176977,12.832408612632678,52011936
2011-05-26,12.852252006530762,12.951224097575336,12.774612324068832,12.84158532959335,84655260
2011-05-27,12.9209623336792,12.943038686991738,12.806858006555377,12.860933445077416,69762168
2011-05-31,13.122381210327148,13.123124210067767,12.985457512580117,13.022664217148515,107384508
2011-06-01,13.03754711151123,13.22606485189823,13.030353437582068,13.098071337616684,118117764
2011-06-02,13.098566055297852,13.154129381119093,12.960153546464365,13.086410543861193,88091820
2011-06-03,12.975038528442383,13.087157756714712,12.935847655272424,12.948248944862542,69870060
2011-06-06,12.924932479858398,13.067809619574247,12.880033934709445,12.98644831715577,77606316
2011-06-07,12.874578475952148,13.013486341871593,12.873585919049214,12.970325241270587,76227696
2011-06-08,12.878047943115234,12.92939431931015,12.79395853921975,12.812562833006195,66069864
2011-06-09,12.817525863647461,12.89863855625342,12.790488614542893,12.89863855625342,67496436
2011-06-10,12.638433456420898,12.816533132059,12.632976284301717,12.751792902208587,97498404
2011-06-13,12.519865989685059,12.655549462929597,12.456365035229904,12.650588569024325,96994908
2011-06-14,12.610157012939453,12.751793942440097,12.575925142149066,12.60469889508278,93566340
2011-06-15,12.47571086883545,12.609657824440928,12.417667093543857,12.527304915631454,82849068
2011-06-16,12.411714553833008,12.565505082299252,12.319935191733592,12.47223877561607,110169720
2011-06-17,12.030956268310547,12.56848152412214,12.025498151442656,12.55583067929308,209606184
2011-06-20,12.020042419433594,12.06097073528859,11.887334739773312,12.030460484635292,121022856
2011-06-21,12.228899955749512,12.252217478057938,12.023762098849538,12.084783545218203,110505384
2011-06-22,12.080317497253418,12.212776559221373,12.073372435856248,12.190452539899802,96187716
2011-06-23,11.91189193725586,11.977377050551357,11.750906794499457,11.95926903423539,191875932
2011-06-24,11.779434204101562,11.925039460092753,11.733295434627205,11.923302958227843,152071776
2011-06-27,11.975890159606934,12.114798972176304,11.747684310130863,11.757606098088019,137650212
2011-06-28,12.245025634765625,12.308526587122687,12.006152173131634,12.006152173131634,108495396
2011-06-29,12.34226131439209,12.408738992497604,12.21352290694791,12.316711955219166,93626280
2011-06-30,12.560792922973633,12.567986597000383,12.439744469120628,12.451899036878308,97038864
2011-07-01,12.924187660217285,12.927909275755477,12.560792746606577,12.569722922372213,145322532
2011-07-05,13.2072114944458,13.280635170675659,13.030104395358634,13.030104395358634,153814032
2011-07-06,13.279644012451172,13.357779978217378,13.222096511617435,13.233507134216142,107716176
2011-07-07,13.558452606201172,13.659656526715935,13.292540985305392,13.419543818577264,157262580
2011-07-08,13.196050643920898,13.336448280454931,13.078971475893571,13.219863500259168,190617192
2011-07-11,13.079219818115234,13.29502437155593,13.035067106777625,13.101544785650995,113458428
2011-07-12,13.2461576461792,13.380352274120883,13.047468566376953,13.101047729046522,113534352
2011-07-13,13.351578712463379,13.493960518272667,13.307425057834266,13.320324515563373,111496392
2011-07-14,13.120396614074707,13.444351107469442,13.065576280037828,13.372911590208684,265714020
2011-07-15,14.824006080627441,14.889243526936978,14.589350541495772,14.821029355685347,548734716
2011-07-18,14.757530212402344,14.933894333381193,14.6846037509418,14.696758318733933,178553268
2011-07-19,14.946295738220215,14.99913000656432,14.772164418220946,14.787294764229602,118581300
2011-07-20,14.7677001953125,14.953242141669149,14.7677001953125,14.937118293192455,89022888
2011-07-21,15.056431770324707,15.082972739512456,14.734461464764145,14.734957743170796,138641220
2011-07-22,15.33523941040039,15.366742217081637,14.988960929914654,15.016743066635588,140986872
2011-07-25,15.353843688964844,15.513339999868776,15.20550844263767,15.214438617708106,125138736
2011-07-26,15.441654205322266,15.565183098183105,15.310186748646206,15.330775212553743,93622284
2011-07-27,15.062135696411133,15.402709331900038,15.000867531267586,15.309194415783832,157218624
2011-07-28,15.154410362243652,15.279428084191059,14.957457798706612,15.01178090235758,124211664
2011-07-29,14.97457218170166,15.254125297993456,14.97457218170166,14.987966970422038,165330504
2011-08-01,15.050973892211914,15.267522378840587,14.862703822289545,15.161357555111078,158485356
2011-08-02,14.694525718688965,15.122908513247333,14.673937254485333,15.031874038123254,127895976
2011-08-03,14.912066459655762,14.95745939325959,14.476985305690096,14.740911845780106,152874972
2011-08-04,14.325425148010254,14.854517487607225,14.324185869920926,14.746615217536714,196387416
2011-08-05,14.363128662109375,14.63499280378316,13.940450714738335,14.449947132209116,236926836
2011-08-08,13.544065475463867,14.114086130414718,13.502640880280941,13.964760210742945,299564136
2011-08-09,14.22347640991211,14.253242714553803,13.419791856339303,13.915644855793095,258529212
2011-08-10,13.618231773376465,13.993036316505545,13.586481301758543,13.925070758602219,214569216
2011-08-11,13.94367504119873,14.101683464973483,13.603350005238799,13.737544628413302,193030776
2011-08-12,13.984355926513672,14.151294528334903,13.900762792325375,14.126489115818533,126045828
2011-08-15,13.822132110595703,14.01461913314608,13.544810781436864,13.727872295081989,285510204
2011-08-16,13.369933128356934,13.703314032868395,13.154129550463306,13.70306636632843,277298424
2011-08-17,13.224823951721191,13.486270029578078,13.16578856391122,13.395483222419662,163000836
2011-08-18,12.523585319519043,13.019933667000235,12.414690495961239,12.984711134984755,251376372
2011-08-19,12.177306175231934,12.771388295523375,12.175818285301343,12.386165652038931,216183600
2011-08-22,12.357142448425293,12.576171363842809,12.266851924332075,12.501756075957362,196039764
2011-08-23,12.869366645812988,12.933611534013613,12.379218503362743,12.489352597420954,173698128
2011-08-24,12.980246543884277,13.146688877361205,12.829929005661926,12.882019335272865,143636220
2011-08-25,12.899629592895508,13.327020749039132,12.856468498867821,13.156113819890056,131588280
2011-08-26,13.068799018859863,13.157849313220101,12.728473076477783,12.898388381145933,143708148
2011-08-29,13.371916770935059,13.381095557227148,13.234993100818013,13.259797565524956,93338568
2011-08-30,13.412101745605469,13.468905295766199,13.166780473964753,13.349841023903613,119440440
2011-08-31,13.418551445007324,13.551010506250034,13.295517891701465,13.512314027170415,107624268
2011-09-01,13.208700180053711,13.489741201233635,13.17694970808412,13.413341746218322,96523380
2011-09-02,13.018694877624512,13.095094339981372,12.91674605719758,13.009517035479243,95951952
2011-09-06,12.952713966369629,12.96710036917579,12.66299039829923,12.670431738918857,108523368
2011-09-07,13.246651649475098,13.29402969046688,13.082194453115454,13.157849962547543,110121768
2011-09-08,13.269720077514648,13.372412828406187,13.193816904297787,13.24094633175461,95124780
2011-09-09,13.018941879272461,13.262032268364546,12.928156019285435,13.181414916247995,130621248
2011-09-12,13.149664878845215,13.19605036715499,12.836624749393405,12.848035371553324,106709184
2011-09-13,13.134782791137695,13.242932731457806,12.982975473830251,13.196298629194766,94073832
2011-09-14,13.198036193847656,13.319084647912078,13.043004483316308,13.210934706629054,107668224
2011-09-15,13.458240509033203,13.518268454906297,13.25979909670989,13.283116619635965,118313568
2011-09-16,13.56043815612793,13.564406492885588,13.472627125534968,13.513804054825973,141230628
2011-09-19,13.560188293457031,13.640308419122572,13.280138880791457,13.403420100145578,98637264
2011-09-20,13.559197425842285,13.85413049994787,13.460969271761435,13.627907883972401,111052836
2011-09-21,13.374894142150879,13.766815101674752,13.366461190918224,13.585490107560117,100471428
2011-09-22,12.915010452270508,13.116427660331484,12.74980833689106,13.053670650907714,175835988
2011-09-23,13.035313606262207,13.05788623835166,12.762209241047426,12.813307955408474,110980908
2011-09-26,13.193571090698242,13.219368115307173,12.731204089640443,13.078474200909525,105262632
2011-09-27,13.37836742401123,13.569615153761774,13.296759406073479,13.350089008881,120315564
2011-09-28,13.117915153503418,13.494456253361491,13.089637680983806,13.431947857699534,90441468
2011-09-29,13.084675788879395,13.327765236073613,12.884002547228272,13.296511040627301,116147736
2011-09-30,12.775604248046875,12.997857552778646,12.759231788333567,12.903845414449103,108835056
2011-10-03,12.291410446166992,12.700198308453722,12.278511933102003,12.646867754288277,178797024
2011-10-04,12.449666023254395,12.487867172968006,11.921318562013177,12.155230179737698,166185648
2011-10-05,12.519121170043945,12.596017861886668,11.925536220600998,12.31199912186802,181182636
2011-10-06,12.76741886138916,12.780317372416972,12.467028656782151,12.588573372754663,136835028
2011-10-07,12.777588844299316,12.911040465399848,12.658028291532924,12.820005994233957,114121764
2011-10-10,13.324542045593262,13.331983386328595,12.978014915329094,13.02712946570837,92795112
2011-10-11,13.47361946105957,13.56341465855643,13.232514175579196,13.232514175579196,114021864
2011-10-12,13.605583190917969,13.77252180649246,13.509587815208992,13.596405348230467,126984888
2011-10-13,13.865789413452148,13.866037080034074,13.593677572715505,13.643536069650867,227276496
2011-10-14,14.676665306091309,14.873121602858882,14.574716487608127,14.869897211164512,340854804
2011-10-17,14.446722984313965,14.680386927462884,14.33733188029523,14.479217403703917,160167672
2011-10-18,14.647642135620117,14.698492232846082,14.322446533082848,14.391653257342647,151879968
2011-10-19,14.404304504394531,14.686089466313824,14.367593139883798,14.569010311625476,117142740
2011-10-20,14.47797679901123,14.607460093794026,14.374787753099984,14.434072701051814,135024840
2011-10-21,14.647148132324219,14.703207742948,14.553136929104262,14.622839942536169,135504360
2011-10-24,14.79423999786377,14.882298688282928,14.548174778946379,14.55363195053985,136938924
2011-10-25,14.465326309204102,14.759018197144988,14.457637302459379,14.711888763991356,101518380
2011-10-26,14.543461799621582,14.639457164581518,14.209834162990724,14.623830539751111,114809076
2011-10-27,14.850054740905762,14.950019398490067,14.71685077122087,14.843852678320317,151060788
2011-10-28,14.886519432067871,14.940097656209028,14.740416939666646,14.747114335845833,100219680
2011-10-31,14.700477600097656,14.875353814547081,14.676417078649301,14.761250433316322,102209688
2011-11-01,14.353455543518066,14.52361759031521,14.306325165598997,14.389422965986732,124878996
2011-11-02,14.506503105163574,14.584391405538247,14.398850387658246,14.508488218892236,84751164
2011-11-03,14.82103157043457,14.82103157043457,14.479218608770118,14.560578969940758,106685208
2011-11-04,14.787296295166016,14.876595217093898,14.695270205129038,14.72181117531936,113278608
2011-11-07,15.089669227600098,15.100832183255257,14.69030879365123,14.717346041313933,134161704
2011-11-08,15.189139366149902,15.239494139368064,14.972343204138731,15.106290171610251,121054824
2011-11-09,14.906608581542969,15.115963390415295,14.849804082648053,14.988713826176458,148291560
2011-11-10,14.761002540588379,15.030632946833691,14.67368874062112,15.030136668455237,114621264
2011-11-11,15.090167045593262,15.18293802629802,14.848317806451327,14.915291761851083,158920920
2011-11-14,15.2055082321167,15.331518511669247,15.076026839787119,15.08148306608043,127420452
2011-11-15,15.293815612792969,15.33151953803622,15.143497135524473,15.200548356509428,106932960
2011-11-16,15.167556762695312,15.336975804434553,15.146225299856141,15.182688054269656,104235660
2011-11-17,14.904624938964844,15.187898772009142,14.80317144999879,15.132335439813142,139592268
2011-11-18,14.756041526794434,14.994667309166815,14.72801266770491,14.932654250113458,131376492
2011-11-21,14.410258293151855,14.597784401701011,14.190734045815887,14.579428719013794,119931948
2011-11-22,14.386941909790039,14.510223130583054,14.268869248733326,14.386941909790039,96115788
2011-11-23,14.141620635986328,14.393143987564468,14.141620635986328,14.27159831503772,92938968
2011-11-25,13.965256690979004,14.244809850571967,13.923831149905187,14.019579799138855,62433504
2011-11-28,14.590096473693848,14.605724045445404,14.300125235035173,14.371316140925657,113042844
2011-11-29,14.459620475769043,14.64392219249467,14.41993238553513,14.582405416309072,73198728
2011-11-30,14.867912292480469,14.870889017468196,14.686834963654148,14.832192537919893,135744120
2011-12-01,15.224608421325684,15.279923135415569,14.858237770586184,14.883042235992544,144679176
2011-12-02,15.388075828552246,15.478366362016827,15.286374672475214,15.305971525874165,163264572
2011-12-05,15.519292831420898,15.674323575965046,15.438676428329407,15.568655040949693,127772100
2011-12-06,15.472661018371582,15.592964576486155,15.385098601165472,15.453311832170655,92966940
2011-12-07,15.463234901428223,15.519542178303459,15.33201605133115,15.42081869384892,90201708
2011-12-08,15.281166076660156,15.56394363214098,15.26256178015508,15.404943587389855,96427476
2011-12-09,15.56319808959961,15.605614293186232,15.304977362342806,15.329533216247771,110537352
2011-12-12,15.51284408569336,15.532439992706848,15.386338468332317,15.425778894204187,87268644
2011-12-13,15.518798828125,15.789918102535987,15.449840702714424,15.596438517693695,160966872
2011-12-14,15.331271171569824,15.48630286873924,15.19285865605412,15.425034701985146,155991852
2011-12-15,15.3677339553833,15.478365279501373,15.346650158767536,15.441653912689597,96247656
2011-12-16,15.526984214782715,15.610328738636039,15.415608940931403,15.486303564387699,178193628
2011-12-19,15.424539566040039,15.589989350617039,15.379147575149577,15.577835727532872,85654260
2011-12-20,15.636374473571777,15.672838175633613,15.57733719331643,15.577586750462286,95432472
2011-12-21,15.523510932922363,15.672340572177175,15.353346994090296,15.627443919316093,99816084
2011-12-22,15.619754791259766,15.67010956391829,15.553029447482949,15.576346026025725,72819108
2011-12-23,15.705083847045898,15.743284050581662,15.641087564366153,15.676806375848233,58089852
2011-12-27,15.881447792053223,15.986621002327864,15.676806209936506,15.678046433304116,64191744
2011-12-28,15.867803573608398,15.999271017150395,15.828114539666135,15.943459081218915,85002912
2011-12-29,15.934779167175293,15.949661847474289,15.756182277126376,15.91220558958764,62952984
2011-12-30,16.02159881591797,16.042930282389694,15.925354823746009,15.925354823746009,71220708
2012-01-03,16.505544662475586,16.573511178826283,16.18208832452265,16.196226116157433,146912940
2012-01-04,16.576736450195312,16.6256023901432,16.3867289175361,16.496118142025782,114445440
2012-01-05,16.346792221069336,16.469825794652785,16.277835038610363,16.424185191983977,131184684
2012-01-06,16.123796463012695,16.371351509241187,16.118090678502742,16.35026581850577,107608284
2012-01-09,15.440165519714355,16.0488817051775,15.409655268680481,16.036479471518916,232671096
2012-01-10,15.457033157348633,15.721455015203055,15.302496790123534,15.62099503300046,175648176
2012-01-11,15.526984214782715,15.612065240431685,15.406927377245383,15.465962766544083,95904000
2012-01-12,15.618266105651855,15.698882514878703,15.540377809708335,15.657457920179482,74932992
2012-01-13,15.502923011779785,15.551540336427838,15.405438805335132,15.534424875323102,92199708
2012-01-17,15.591972351074219,15.67630942794689,15.520037507479243,15.67630942794689,76295628
2012-01-18,15.699378967285156,15.726416215031014,15.431732712555723,15.543602373671582,110357532
2012-01-19,15.864580154418945,15.899803632756967,15.663411573865222,15.899803632756967,251959788
2012-01-20,14.53552532196045,14.659799111880652,14.429111883665398,14.648139877364688,422628948
2012-01-23,14.523865699768066,14.601753046920278,14.465325647162421,14.535772599758712,136379484
2012-01-24,14.410012245178223,14.577446188193807,14.337332505884303,14.543711543964923,122109768
2012-01-25,14.126240730285645,14.35494282197179,14.04909638338514,14.325176517525588,199308492
2012-01-26,14.091761589050293,14.250017678374459,14.003703841865732,14.188005566462417,128918952
2012-01-27,14.386445045471191,14.394878941673475,14.122269931340355,14.158238296112485,144555300
2012-01-30,14.329644203186035,14.38694404052446,14.223229814432267,14.338574379432178,93126780
2012-01-31,14.389669418334961,14.486162000887356,14.266635869254124,14.461356590669997,85610304
2012-02-01,14.407530784606934,14.523370676521296,14.36561085505645,14.509479607095772,92735172
2012-02-02,14.513694763183594,14.545941513288112,14.438536477271771,14.507741313409072,96491412
2012-02-03,14.792009353637695,14.810365983414744,14.586623820658694,14.651364994775312,126613260
2012-02-06,15.108519554138184,15.151680646277306,14.734459906572798,14.759264371360258,147036816
2012-02-07,15.050973892211914,15.11596367750274,14.97631093165264,15.06040034621142,83600316
2012-02-08,15.127373695373535,15.164581340885764,15.000619466905388,15.097358778061874,73382544
2012-02-09,15.167308807373047,15.242716651971465,15.106288309146638,15.181199875371515,90497412
2012-02-10,15.029641151428223,15.084707254335582,14.982263109478165,15.078506137911152,92914992
2012-02-13,15.185664176940918,15.226343878058067,15.131589686475113,15.143495640733851,72579348
2012-02-14,15.125140190124512,15.180703516531725,15.00111502612707,15.169293840461444,72075852
2012-02-15,15.02095890045166,15.203772731294558,14.946543611499497,15.203772731294558,96938964
2012-02-16,15.044771194458008,15.101574743171023,14.826734840787733,14.952992782640155,101134764
2012-02-17,14.998139381408691,15.07230700766799,14.942576050999625,15.006324666595784,97866036
2012-02-21,15.230313301086426,15.326557273945047,14.954480838907802,14.979038583136436,99132768
2012-02-22,15.079996109008789,15.299272706872317,15.049485857668541,15.179712148267951,78601320
2012-02-23,15.0346040725708,15.07999700715434,14.891726927827698,15.056680428136481,82117800
2012-02-24,15.128613471984863,15.172022232918625,15.019718651896305,15.065360192894211,77346576
2012-02-27,15.113981246948242,15.189635827743162,15.008559410780766,15.046511007119205,72483444
2012-02-28,15.339211463928223,15.37344238998221,15.073548396537278,15.131096848631634,113790096
2012-02-29,15.335736274719238,15.5180538362012,15.267522098922914,15.344417838291665,125350524
2012-03-01,15.438677787780762,15.520534421349474,15.33325596472739,15.435204784203938,89418492
2012-03-02,15.410152435302734,15.478366614941102,15.387084468426607,15.428756732155133,62869068
2012-03-05,15.236516952514648,15.440910873927495,15.165326049532435,15.389811211958998,63668268
2012-03-06,15.006077766418457,15.101576861411344,14.73024526862042,15.082724898041091,126849024
2012-03-07,15.051718711853027,15.160612593705409,15.028402134109262,15.107529709443625,50529420
2012-03-08,15.060153007507324,15.16830294724938,15.040557099398235,15.132086910998757,53766180
2012-03-09,14.889244079589844,15.17822367802578,14.883042962935368,15.080244144300723,106717176
2012-03-12,15.01078987121582,15.05667908013028,14.86468740234362,14.883043085909403,66693240
2012-03-13,15.324078559875488,15.325815061713444,15.02071253954768,15.100088728623957,89742168
2012-03-14,15.279678344726562,15.448104855821319,15.216922279203207,15.255121541235484,117358524
2012-03-15,15.407175064086914,15.465962786903143,15.250903136364006,15.294808178556039,97306596
2012-03-16,15.50416374206543,15.52574381907494,15.380386228214533,15.401223305507477,121897980
2012-03-19,15.725919723510742,15.807528689344029,15.409903816050052,15.45653697064496,86825088
2012-03-20,15.713765144348145,15.777513759388029,15.559477388172622,15.65001652930826,61558380
2012-03-21,15.874752044677734,16.058556558944233,15.689457749836649,15.74154807887387,98685216
2012-03-22,16.025318145751953,16.093532324372347,15.652001443760275,15.838039683046697,96311592
2012-03-23,15.93949031829834,16.08608810320433,15.897570396131739,16.03895773114411,77530392
2012-03-26,16.10667610168457,16.110646328733385,15.863836218951624,15.99927200709257,72695232
2012-03-27,16.049381256103516,16.210116874444267,15.994312305739133,16.04962892269572,80207712
2012-03-28,16.266176223754883,16.336375522105715,16.150088654967714,16.173652901948536,101454444
2012-03-29,16.0838565826416,16.286761650916755,15.981908715420202,16.208625692820302,76895028
2012-03-30,15.906004905700684,16.209867199079437,15.900051455302176,16.166707046920806,92335572
2012-04-02,16.046897888183594,16.06128523492878,15.747251615511956,15.894346638660744,91276632
2012-04-03,15.940234184265137,16.072446521625572,15.841510710913083,16.009440911105727,81714204
2012-04-04,15.754942893981934,15.850441988244526,15.654481960729532,15.836799530576226,65038896
2012-04-05,15.684743881225586,15.78669270014528,15.591725237757998,15.682759712889187,92655252
2012-04-09,15.648033142089844,15.759407474052786,15.510364561120952,15.589493084121749,87220692
2012-04-10,15.549308776855469,15.738819075768731,15.492008942065985,15.714510885660317,99180720
2012-04-11,15.775033950805664,15.776026507590986,15.659441732879198,15.725671738641141,87872040
2012-04-12,16.148351669311523,16.201185943048166,15.881697963212718,15.933539680100017,230033736
2012-04-13,15.493249893188477,16.098245429824576,15.466955644440304,16.0625247269307,326045628
2012-04-16,15.033611297607422,15.473653348388668,14.924221132952265,15.453562106871738,227456316
2012-04-17,15.120429039001465,15.321846230443974,15.05692714449752,15.095375014380947,120835044
2012-04-18,15.067841529846191,15.200548267097084,14.952745586436498,15.082724210374147,106673220
2012-04-19,14.865679740905762,15.286374484186382,14.858239345787185,15.024184450941686,131652216
2012-04-20,14.785310745239258,15.102567806215152,14.779605907110822,14.988464426601373,122213664
2012-04-23,14.82351303100586,14.84459683009631,14.63995523010995,14.706928243101304,87824088
2012-04-24,14.914546966552734,15.047502321344123,14.816567424966333,14.839387725144213,77086836
2012-04-25,15.124150276184082,15.164583263742662,14.954483542381462,14.982265683085801,72771156
2012-04-26,15.266777992248535,15.329534050212525,15.123653192221244,15.153667164571889,83616300
2012-04-27,15.254624366760254,15.298281743995462,15.145978147395295,15.255616923621872,65390544
2012-04-30,15.00334644317627,15.281907012367721,14.898173243156448,15.205259892313729,96195708
2012-05-01,14.992932319641113,15.170783393683916,14.887758153315978,14.977057080794937,80011908
2012-05-02,15.063129425048828,15.084213222710982,14.898174987466167,14.912810001607374,64395540
2012-05-03,15.15639591217041,15.25090339348716,15.105049528800603,15.121669656795152,74645280
2012-05-04,14.80788516998291,15.078756777939454,14.80391683305436,15.029890839591582,88207704
2012-05-07,15.070322036743164,15.145233608675685,14.759018405453428,14.759018405453428,79700220
2012-05-08,15.200302124023438,15.302250953617724,14.900409086165338,15.020217323241614,106984908
2012-05-09,15.110010147094727,15.289350985774607,14.92794119508768,15.052214981182393,93058848
2012-05-10,15.221882820129395,15.284638884197054,15.136800842927585,15.204518746187436,61374564
2012-05-11,15.012773513793945,15.243956997299,15.001362892279696,15.139775404414648,83892024
2012-05-14,14.982263565063477,15.09388649997388,14.897430210154944,14.902392048737505,72903024
2012-05-15,15.158628463745117,15.255120111997822,14.976063232753566,15.015751326447381,83999916
2012-05-16,15.600654602050781,15.629676018258298,15.278436626838538,15.328542785839728,193210596
2012-05-17,15.45479965209961,15.821914255085465,15.40965438980654,15.722199167806965,134017848
2012-05-18,14.892967224121094,15.687225421684577,14.801187852334209,15.505651791877812,238701060
2012-05-21,15.233043670654297,15.272235485710999,14.883043557879716,14.895694403535863,122892984
2012-05-22,14.902887344360352,15.225601581601778,14.783823069813735,15.216422794687025,121953924
2012-05-23,15.117700576782227,15.12117263519082,14.81160549557147,14.923972384498688,126996876
2012-05-24,14.973831176757812,15.178719480408077,14.855014563991197,15.110257637958544,75576348
2012-05-25,14.672945022583008,14.925956267761306,14.592328611054334,14.907849195192279,143132724
2012-05-29,14.742648124694824,14.86146474866452,14.593322192023594,14.779111829539223,104123772
2012-05-30,14.59108829498291,14.682122771544634,14.474504460327354,14.589351793176695,76191732
2012-05-31,14.408275604248047,14.634994508178902,14.362137777934432,14.60324403058872,118613268
2012-06-01,14.163200378417969,14.204624972725501,14.097962928576662,14.183292563895733,122193684
2012-06-04,14.351966857910156,14.39909723632046,14.139139991272716,14.144348551283963,97210692
2012-06-05,14.149062156677246,14.34055756469611,14.051330284291032,14.27407988909004,93502404
2012-06-06,14.401082038879395,14.435809239888519,14.228438590685444,14.299628549255743,83748168
2012-06-07,14.343036651611328,14.582654043917376,14.318728462790885,14.575461315597922,70269660
2012-06-08,14.398104667663574,14.41174806994678,14.25249847464139,14.284001282407631,56359584
2012-06-11,14.101683616638184,14.518905340057284,14.05678601877084,14.491371814432345,106337556
2012-06-12,14.017346382141113,14.146333390648595,13.855617288404586,14.133186267013015,128839032
2012-06-13,13.917877197265625,14.06447499049411,13.858096923321714,13.933504766665383,78089832
2012-06-14,13.867276191711426,14.016603058670926,13.804519186409284,13.923088135061215,93702204
2012-06-15,14.00271224975586,14.002959916322531,13.818658179028956,13.899275537065188,119927952
2012-06-18,14.159975051879883,14.243320513391485,13.872235690875,13.9558297642159,99776124
2012-06-19,14.424895286560059,14.493109467008242,14.216284408285803,14.227942697793681,82964952
2012-06-20,14.325177192687988,14.38694258454488,14.225957433580506,14.382229357673156,93774132
2012-06-21,14.020074844360352,14.38297441177346,13.98336347635483,14.38297441177346,80371548
2012-06-22,14.175602912902832,14.175602912902832,14.035207168715615,14.089281664244771,89026884
2012-06-25,13.908204078674316,14.091512292286287,13.825106283566162,14.072660331374848,63200736
2012-06-26,14.006929397583008,14.054555111855834,13.877943324417167,13.959303683310182,53953992
2012-06-27,14.121528625488281,14.237863848791845,14.040168269144518,14.081840531504467,67624308
2012-06-28,13.99775218963623,14.045377906067985,13.82163572735439,14.037192620081273,76759164
2012-06-29,14.388677597045898,14.390166432192775,14.19346153258745,14.261923371747695,100679220
2012-07-02,14.398600578308105,14.461358529802146,14.30012475970754,14.432087555739592,66153780
2012-07-03,14.581164360046387,14.595551706432305,14.337330978737873,14.387189467422424,47532420
2012-07-05,14.781839370727539,14.884532133541121,14.598776920267381,14.604235037396931,93742164
2012-07-06,14.535276412963867,14.72230720573172,14.456892781838496,14.695765290696286,86385528
2012-07-09,14.536020278930664,14.600265169750545,14.417948562145687,14.509726032310505,68535396
2012-07-10,14.429110527038574,14.695268876327937,14.35568684960926,14.639705548844542,76847076
2012-07-11,14.168408393859863,14.333610486341714,14.013377644941036,14.295162618615054,139832028
2012-07-12,14.150796890258789,14.186765257264963,13.94268231176438,14.067452370358648,92299608
2012-07-13,14.300620079040527,14.365857527692222,14.102923564816852,14.1922215351171,78960960
2012-07-16,14.260932922363281,14.366850081281237,14.183045568761266,14.296900346566243,58445496
2012-07-17,14.305830955505371,14.403562831930556,14.0992042463283,14.347999498038847,67136796
2012-07-18,14.405794143676758,14.47847293186238,14.29094681725647,14.312030613727721,61866072
2012-07-19,14.710896492004395,14.845340677576202,14.535773546455706,14.539245604768979,186801012
2012-07-20,15.151434898376465,15.204021504735456,14.837898483306121,15.10033618197629,258289452
2012-07-23,15.267769813537598,15.338215820080213,14.839633766850769,14.894949427316051,142325532
2012-07-24,15.070816993713379,15.3277974949176,14.990696868717272,15.255118709562698,80295624
2012-07-25,15.0812349319458,15.214934213706073,15.016245153314323,15.089420216424136,72847080
2012-07-26,15.214441299438477,15.301507449522164,15.1318407103232,15.255121954873594,67340592
2012-07-27,15.750228881835938,15.751221438642876,15.317132863527013,15.351611451123512,141846012
2012-07-30,15.684247970581055,15.939740608203046,15.614793569548645,15.777266616229733,87380532
2012-07-31,15.700867652893066,15.788429129306186,15.583043590185268,15.584036147054432,74549376
2012-08-01,15.693674087524414,15.863092192552353,15.661426389210453,15.80827280694459,73710216
2012-08-02,15.596187591552734,15.826379457917904,15.4637294779225,15.515819800433949,79028892
2012-08-03,15.908236503601074,15.967521446034057,15.77949811108552,15.875245807591904,75808116
2012-08-06,15.945195198059082,16.107915875305746,15.85589535178378,15.865569470287204,71224704
2012-08-07,15.888639450073242,15.980915081852432,15.7876832011142,15.919645030330141,79192728
2012-08-08,15.930560111999512,16.02085063459878,15.83803775469342,15.851680210639573,52835112
2012-08-09,15.933540344238281,16.033255445356286,15.912951878448032,15.987119510491324,42769188
2012-08-10,15.924857139587402,15.930808699149527,15.779250949302678,15.84027145007368,57326616
2012-08-13,16.371597290039062,16.37506840307869,16.040945414247915,16.059301098617055,130585284
2012-08-14,16.586156845092773,16.69008981632429,16.34654043297387,16.352741548876647,146321532
2012-08-15,16.558378219604492,16.72481958974549,16.4730485877458,16.626342834654967,96331572
2012-08-16,16.690587997436523,16.73449303489737,16.546965985603936,16.55763266180228,68639292
2012-08-17,16.796506881713867,16.799236885771275,16.661568301663046,16.72159625098904,87020892
2012-08-20,16.756818771362305,16.839420295212122,16.68537925792217,16.75582621454234,70253676
2012-08-21,16.607248306274414,16.817842434869164,16.425179320754395,16.696546296919223,88799112
2012-08-22,16.797500610351562,16.88233492517801,16.5375433291305,16.554411125459648,76291632
2012-08-23,16.788074493408203,16.879357584066014,16.64420479531823,16.72531843203473,71296632
2012-08-24,16.833467483520508,16.87861275057418,16.720605261178566,16.758307297092315,57006936
2012-08-27,16.600051879882812,16.66900905751176,16.352496859980633,16.44551550604418,104443452
2012-08-28,16.799240112304688,16.80841701136271,16.48892896131821,16.49537774637938,82261656
2012-08-29,17.066137313842773,17.090448338923082,16.771951034299548,16.802211728555353,119492388
2012-08-30,16.909120559692383,17.050757457516195,16.871913862291624,16.972621502390385,65010924
2012-08-31,16.99370765686035,17.080277520199207,16.86844320096949,16.96667040821198,84998916
2012-09-04,16.893247604370117,16.99147481123479,16.70621775423728,16.98031280050785,75508416
2012-09-05,16.885311126708984,17.028685508499187,16.8461193057465,16.86745266357287,68259672
2012-09-06,17.34866714477539,17.360821711325777,16.984776929067596,17.015287178716083,121618260
2012-09-07,17.516103744506836,17.66741479251957,17.305757301721307,17.363552472995384,129190680
2012-09-10,17.382652282714844,17.68130413790728,17.32361499996078,17.60565050782156,102297600
2012-09-11,17.169824600219727,17.379677604474168,17.140306902263667,17.312951310253894,74877048
2012-09-12,17.1373291015625,17.23729375252102,16.889278754523055,17.10086539994478,105586308
2012-09-13,17.513376235961914,17.586798982090208,17.128897485153885,17.192150776358293,106253640
2012-09-14,17.603666305541992,17.68601828084011,17.537437235851037,17.601681191694954,104635260
2012-09-17,17.611103057861328,17.683037893180785,17.487574181808398,17.564717576388414,60271668
2012-09-18,17.81698989868164,17.82641446271738,17.531730937805243,17.55653540724334,82589328
2012-09-19,18.045692443847656,18.071984803949146,17.77060482148432,17.79764207192017,123808068
2012-09-20,18.061071395874023,18.141935476328207,17.88991678062299,17.970533194507,116179704
2012-09-21,18.206676483154297,18.22974539507202,18.11068016521181,18.162523773030834,254109636
2012-09-24,18.58842658996582,18.604797160608825,18.113905020866717,18.132508371730232,142409448
2012-09-25,18.582969665527344,18.973154178506505,18.545762961412034,18.679461320234516,242097660
2012-09-26,18.689626693725586,18.88261185158649,18.380557778722356,18.600081066239238,226689084
2012-09-27,18.765039443969727,18.92230394613573,18.64473587152909,18.85061864831492,157086756
2012-09-28,18.715429306030273,18.834494549943965,18.632334326823337,18.706749631623214,111228660
2012-10-01,18.89600944519043,18.97588096545837,18.757843644714626,18.828290601616274,126593280
2012-10-02,18.777191162109375,19.000437034344888,18.61050212081418,18.980841127519,111496392
2012-10-03,18.913867950439453,18.949091428973627,18.658376261017,18.74569101237883,88243668
2012-10-04,19.051536560058594,19.097179049469986,18.836972242032406,18.9200690996705,98069832
2012-10-05,19.041614532470703,19.208553135905714,18.97612846966457,19.117517715377936,109326564
2012-10-08,18.798280715942383,18.940660652903478,18.70674994621679,18.876664359368316,78265656
2012-10-09,18.45720672607422,18.88459791411725,18.41851213454143,18.843670542372404,120007872
2012-10-10,18.4688663482666,18.542536753305722,18.313337416849162,18.401892393419914,81514404
2012-10-11,18.640514373779297,18.8146466384478,18.610996681490395,18.675737849410794,95260644
2012-10-12,18.473575592041016,18.72460358835023,18.457452689508028,18.649692968384873,96071832
2012-10-15,18.380064010620117,18.45075863687859,18.125067644833365,18.40387592241445,120643236
2012-10-16,18.47233772277832,18.529142224565256,18.267944742258877,18.35898016694251,82245672
2012-10-17,18.73998260498047,18.76106639960339,18.36220040511174,18.45373114694048,91624284
2012-10-18,17.239526748657227,18.837471578729804,16.768232355103134,18.741227586140365,497198304
2012-10-19,16.91185188293457,17.529745968282363,16.669010075266435,17.50196571851689,458828712
2012-10-22,16.834461212158203,16.982299257868707,16.61195830795895,16.892504050647634,162061776
2012-10-23,16.876129150390625,17.049268845698457,16.6690062052121,16.669253871734107,116547336
2012-10-24,16.800474166870117,17.04108314576572,16.750120347388982,17.03612225283494,99760140
2012-10-25,16.811885833740234,16.917059045030893,16.706464955890542,16.867450109847233,95947956
2012-10-26,16.747142791748047,16.942606511959013,16.649163265111174,16.780628819259718,77953968
2012-10-31,16.87489128112793,16.89225440826832,16.743423823039002,16.863976937379945,61418520
2012-11-01,17.055723190307617,17.137827505004267,16.83570260839152,16.855050852763945,81921996
2012-11-02,17.063907623291016,17.253170261890862,17.050263274559896,17.2343173527116,92883024
2012-11-05,16.94087028503418,17.03760958460036,16.757313471438433,16.979069537466994,65370564
2012-11-06,16.91011619567871,17.02868420647118,16.806678533134225,17.003382513280783,63248688
2012-11-07,16.547962188720703,16.82354704019536,16.532334616071957,16.743425953662438,89202708
2012-11-08,16.18010139465332,16.656358507649397,16.15380714699523,16.624360366894926,103776120
2012-11-09,16.44650650024414,16.578221616539828,16.130737332408536,16.238640539680926,124439436
2012-11-12,16.517698287963867,16.614439496395985,16.392929164444663,16.464366790042007,56179764
2012-11-13,16.347780227661133,16.55986405772957,16.327439433682702,16.445761637525074,63704232
2012-11-14,16.186552047729492,16.42542552206872,16.135700993591335,16.38772159327825,66669264
2012-11-15,16.055330276489258,16.37134708917785,15.971983874166975,16.12329488615431,73882044
2012-11-16,16.053346633911133,16.198208876629476,15.776026272229393,16.023828940848194,137390472
2012-11-19,16.574996948242188,16.592609632117355,16.260469881594222,16.264685884711614,94633272
2012-11-20,16.618656158447266,16.81784058603212,16.484708241912973,16.60724648058863,83464452
2012-11-21,16.516950607299805,16.61443668955229,16.38126905301748,16.59434356097073,84403512
2012-11-23,16.56904411315918,16.619399829392442,16.522658624224203,16.618654939127907,36863100
2012-11-26,16.39987564086914,16.544985567082673,16.347041365157605,16.53109355184155,88095816
2012-11-27,16.63701057434082,16.743424009128066,16.321738606681247,16.37556543576535,100247652
2012-11-28,16.95848274230957,16.989242549196014,16.46784019016681,16.570035725584553,121558320
2012-11-29,17.16238021850586,17.212236811674572,16.91705613575718,17.06043047118407,110948940
2012-11-30,17.323116302490234,17.34420009694402,17.008587379597557,17.14799338315199,126417456
2012-12-03,17.245729446411133,17.509655058283894,17.21745008178081,17.419116851786942,87612300
2012-12-04,17.141048431396484,17.25217508405365,17.008837982988577,17.239523294135793,79588332
2012-12-05,17.061424255371094,17.227122619713192,16.925243582627658,17.16883023611865,74421504
2012-12-06,17.143531799316406,17.25465847091023,16.97932318419956,17.055721707466482,58433508
2012-12-07,16.971879959106445,17.28616128848266,16.927479580002164,17.23952623839259,76695228
2012-12-10,17.00189208984375,17.156428448897344,16.96146005443,17.0011471996374,54613332
2012-12-11,17.28615951538086,17.41117629917869,17.05894530145002,17.1155002430846,107396496
2012-12-12,17.303028106689453,17.450618491107733,17.20182510822776,17.344452707834495,96942960
2012-12-13,17.430522918701172,17.772089098080993,17.352386963448755,17.758446642345277,137658204
2012-12-14,17.412168502807617,17.5575260811782,17.324606088263383,17.34296177179593,85118796
2012-12-17,17.87900161743164,17.907279088580054,17.463267775543407,17.49997914378302,121294584
2012-12-18,17.886194229125977,18.085380540939447,17.736868302492958,17.77531711959434,120075804
2012-12-19,17.86237907409668,17.934066244384677,17.777297115014694,17.877261752626854,76667256
2012-12-20,17.918193817138672,17.9749964272139,17.784493574771886,17.94051783843234,66213720
2012-12-21,17.75125503540039,17.830381665993702,17.624500801578957,17.710078106283664,140898960
2012-12-24,17.599199295043945,17.74009132079365,17.548845468523037,17.72347308338587,33602364
2012-12-26,17.583572387695312,17.683041711670594,17.4233321145276,17.563728812448804,47248704
2012-12-27,17.519575119018555,17.5828284021549,17.329072269930155,17.54065891653586,65830104
2012-12-28,17.363801956176758,17.5349546888551,17.363801956176758,17.40547422178994,56023920
2012-12-31,17.54660987854004,17.625738387878897,17.26432864852916,17.363548395712524,79816104
2013-01-02,17.940269470214844,18.033290012938675,17.774077632319262,17.845267594846515,101550348
2013-01-03,17.950687408447266,18.155577609949844,17.87751233648206,17.98194255092831,92635272
2013-01-04,18.30539894104004,18.392216461935575,18.05015493805525,18.091331863756015,110429460
2013-01-07,18.225528717041016,18.340376060571703,18.122092942238844,18.24289373671819,66161772
2013-01-08,18.18956184387207,18.263977143251807,17.969541283014486,18.245124233889374,66976956
2013-01-09,18.30912208557129,18.314825979126397,18.072976733103857,18.16401215984086,80907012
2013-01-10,18.392467498779297,18.47978225934134,18.194523287995345,18.42595353374974,73354572
2013-01-11,18.35550308227539,18.416026350311242,18.2639723448035,18.405361565536612,51356592
2013-01-14,17.940269470214844,18.41032740602983,17.917945447441724,18.28134038217153,114441444
2013-01-15,17.981943130493164,18.23172904948857,17.663693473828644,17.843034322565064,156950892
2013-01-16,17.740337371826172,17.96730388203685,17.70263345338208,17.919180954690116,80855064
2013-01-17,17.64434242248535,17.850720487760128,17.63690108295089,17.802847113854725,88371540
2013-01-18,17.47542381286621,17.680314025879408,17.396542952534862,17.62053374153559,128942928
2013-01-22,17.43474006652832,17.496010123972802,17.252423455827227,17.47914233044899,151544304
2013-01-23,18.39295768737793,18.578996834709592,18.251320798252127,18.256281690934244,236127636
2013-01-24,18.70823097229004,18.7732197989704,18.368400380087344,18.386508394107544,135172692
2013-01-25,18.694839477539062,18.814152367297883,18.610005175153383,18.622904632391247,88946964
2013-01-28,18.621910095214844,18.742710862035494,18.551463147467395,18.647459449835075,65018916
2013-01-29,18.695087432861328,18.77620106643628,18.51797937581145,18.523187935864105,69814116
2013-01-30,18.698808670043945,18.87542139933408,18.675989315509632,18.696575889786693,69250680
2013-01-31,18.74494743347168,18.792820815782875,18.610006960268077,18.616457634797964,65302632
2013-02-01,19.238813400268555,19.263619757762857,18.80472577642286,18.80720622311385,149694156
2013-02-04,18.827543258666992,19.11156193889747,18.80893991033334,19.04260288092288,121498380
2013-02-05,18.994234085083008,19.127437083454282,18.838707068817328,18.879882101483503,74753172
2013-02-06,19.104122161865234,19.17332889202704,18.814647232017812,18.828786912258213,83040876
2013-02-07,19.19788360595703,19.318436702970235,18.988280215279342,19.0924627443158,113494392
2013-02-08,19.481157302856445,19.513403105626427,19.337039965886888,19.351179644528813,120683196
2013-02-11,19.407983779907227,19.42237112620727,19.19292414736201,19.308266803133296,86625288
2013-02-12,19.365320205688477,19.543916150849896,19.332329508050524,19.391364896270737,74285640
2013-02-13,19.418901443481445,19.480664951582416,19.347214256846637,19.35118448449401,47880072
2013-02-14,19.541929244995117,19.56474859430438,19.292638724649613,19.341255093124154,69342588
2013-02-15,19.667694091796875,19.676870988197102,19.52332718079196,19.53151341099653,109082808
2013-02-19,20.013973236083984,20.017693906369406,19.72697872863093,19.744591413782853,117154728
2013-02-20,19.657028198242188,20.066559032573814,19.640409961206256,19.97552550225333,110457432
2013-02-21,19.733179092407227,19.97924621732638,19.626270324486697,19.794449152369886,140115744
2013-02-22,19.836864471435547,19.875063729801905,19.690266664309302,19.825702460973037,82073844
2013-02-25,19.6151065826416,20.05266718391832,19.608160576086654,19.901108497070865,92063844
2013-02-26,19.599233627319336,19.74359865787345,19.457099486446392,19.720034412970012,88011900
2013-02-27,19.838598251342773,19.9618794579307,19.623538640666222,19.715069378240567,80962956
2013-02-28,19.873825073242188,20.01744520755476,19.869607179452185,19.87134462651315,90541368
2013-03-01,19.997600555419922,20.021166688659456,19.74855766738323,19.789486926789785,86928984
2013-03-04,20.377368927001953,20.41060918484813,19.968085727148136,19.975527068001426,110912976
2013-03-05,20.80153465270996,20.839981576669587,20.560923759786387,20.561668650032264,161602236
2013-03-06,20.6224422454834,20.93548143756444,20.55869362840999,20.861811033296835,114805080
2013-03-07,20.65270233154297,20.75241741512859,20.57778982235698,20.68891647230255,82025892
2013-03-08,20.625913619995117,20.710250695068968,20.46542380928553,20.699831684987323,116359524
2013-03-11,20.707773208618164,20.82882166694845,20.625419344703452,20.630132572039066,63724212
2013-03-12,20.528928756713867,20.635094538820695,20.431196872816965,20.605826397554633,80251668
2013-03-13,20.471874237060547,20.60532681240624,20.397458942418652,20.53612007793148,65586348
2013-03-14,20.378358840942383,20.513545072828848,20.275418415238082,20.513545072828848,65981952
2013-03-15,20.198772430419922,20.347603024713315,20.174958627852412,20.30295309019149,123864012
2013-03-18,20.037288665771484,20.160567990212176,19.8805195326731,19.968081940259257,73458468
2013-03-19,20.12485122680664,20.321557080690404,20.004050445992984,20.122866113186785,83844072
2013-03-20,20.208938598632812,20.278392990715663,20.1278268643178,20.26152519840374,58493448
2013-03-21,20.123363494873047,20.26376018409354,20.088389573785395,20.12410838513244,59044896
2013-03-22,20.09980010986328,20.222088786786767,20.083179981563198,20.209686552496176,59468472
2013-03-25,20.08317756652832,20.321058441486603,20.013227839190282,20.15188896117071,68411520
2013-03-26,20.152137756347656,20.1913295704218,20.03729042737698,20.178927336928005,47628324
2013-03-27,19.9100399017334,20.017691661368602,19.877047315417844,20.00975498855027,86441472
2013-03-28,19.69994354248047,19.97726395811171,19.677867185025203,19.943033031667838,91420488
2013-04-01,19.873577117919922,19.899869474748815,19.676623600626005,19.72028097489024,72219708
2013-04-02,20.167518615722656,20.211920886597824,19.94328015263989,19.956676835405002,81578340
2013-04-03,19.997848510742188,20.196289912983737,19.860677165223905,20.17793422979668,69470460
2013-04-04,19.721771240234375,19.9866894069421,19.62825536370962,19.949480811481088,97806096
2013-04-05,19.42361068725586,19.521342547213457,19.258655324676827,19.498273638728865,137218644
2013-04-08,19.2202091217041,19.33679389171821,19.060216536694313,19.316948428564476,113170716
2013-04-09,19.28966522216797,19.44097625755985,19.177050669176076,19.236333725586896,86205708
2013-04-10,19.600473403930664,19.65430023330745,19.248735842023372,19.4203876744004,79064856
2013-04-11,19.605680465698242,19.672902080641716,19.448663659412794,19.6674458543866,81066852
2013-04-12,19.597246170043945,19.648097214602082,19.420633461210713,19.645369101530086,65402532
2013-04-15,19.395830154418945,19.769642166306667,19.27403681920848,19.495547136029614,98025876
2013-04-16,19.679597854614258,19.744836244400087,19.44519187913143,19.511420935050154,69610320
2013-04-17,19.411455154418945,19.61684065001731,19.300823843933202,19.515388125395642,81398520
2013-04-18,18.998455047607422,19.491827644400907,18.883110488683858,19.480663743065985,132767100
2013-04-19,19.840835571289062,19.929388659203315,19.007136957102173,19.079069916579563,231895872
2013-04-22,19.84678840637207,19.942287498818136,19.223931577347038,19.85894108323235,115220664
2013-04-23,20.040019989013672,20.22853773291317,19.85299013512409,19.8688653732604,91600308
2013-04-24,20.177688598632812,20.290550822317257,20.042500462432,20.045228575884543,73090836
2013-04-25,20.069786071777344,20.252599928768557,20.033322367011014,20.247143701674887,79608312
2013-04-26,19.879281997680664,20.036051151978725,19.75922610307935,20.03257814831927,99408492
2013-04-29,20.316843032836914,20.407131668372877,19.91847233828555,19.924673454866532,91939968
2013-04-30,20.453521728515625,20.52967258447048,20.282612883253357,20.31535591744691,92175732
2013-05-01,20.350828170776367,20.457243510332784,20.24987094917435,20.421027470313902,58141800
2013-05-02,20.578536987304688,20.701075217155662,20.316594623899885,20.342641205596358,80651268
2013-05-03,20.978145599365234,21.004935180183733,20.737041262583148,20.76085317298604,100403496
2013-05-06,21.37080955505371,21.378250894878605,21.04115026035692,21.04115026035692,85566348
2013-05-07,21.26365089416504,21.428356705588676,21.10093019622979,21.40702524321775,78281640
2013-05-08,21.670455932617188,21.67665704916904,21.156493024358962,21.257945559848427,98633268
2013-05-09,21.617128372192383,21.820033480083037,21.53651006118391,21.60125313281482,87935976
2013-05-10,21.83416748046875,21.841856486273898,21.633990538335777,21.712126491352972,75832092
2013-05-13,21.767196655273438,21.8897329949984,21.664254332657578,21.800930353389777,57882060
2013-05-14,22.00458335876465,22.04402284614549,21.757525531625298,21.766454763153018,63108828
2013-05-15,22.718717575073242,22.7308721420068,22.17623140452083,22.212942771874353,159276564
2013-05-16,22.42055892944336,22.82016981950665,22.374421112823587,22.795858797382667,128255616
2013-05-17,22.552278518676758,22.659187294795238,22.337466518957335,22.573114651194295,111568320
2013-05-20,22.53615379333496,22.835550522419744,22.44859137616694,22.44859137616694,90817092
2013-05-21,22.49745750427246,22.613792726644846,22.26528239264859,22.523502195392847,79240680
2013-05-22,22.0621280670166,22.555502549491685,21.999124339956616,22.3880686087299,102321576
2013-05-23,21.89767074584961,22.075521798438963,21.679633431951476,21.75404872322805,90912996
2013-05-24,21.66276741027832,21.79919577054283,21.605467574590605,21.710888458112535,91780128
2013-05-28,21.859968185424805,22.1295995635227,21.838387163527237,21.91528290629025,90209700
2013-05-29,21.538494110107422,21.778607802789953,21.438779008393674,21.722052856111436,80455464
2013-05-30,21.59926414489746,21.801176659627533,21.491362826035026,21.5784280151131,84743172
2013-05-31,21.610673904418945,21.754048257418393,21.5188954882794,21.533780058683494,78697224
2013-06-03,21.521621704101562,21.678886166284716,21.208830226578318,21.654826592264268,98928972
2013-06-04,21.310039520263672,21.595050813428944,21.185270392667924,21.527084298737417,74669256
2013-06-05,21.324920654296875,21.566769884558823,21.261172038370088,21.394622720549993,84187728
2013-06-06,21.447458267211914,21.48937819426628,21.015353867814568,21.43902437037389,103060836
2013-06-07,21.821765899658203,21.82846424014036,21.464326343751285,21.59083101682005,106877016
2013-06-10,22.081974029541016,22.10132038073469,21.830698334163298,21.880556828610636,93418488
2013-06-11,21.823753356933594,22.00210165420802,21.816559682569583,21.926941463842358,70233696
2013-06-12,21.629526138305664,21.97729344262769,21.571730977236854,21.963898653089824,88103808
2013-06-13,21.75404930114746,21.82003069731491,21.468790361911672,21.555112555825982,82713204
2013-06-14,21.70543098449707,21.94504932478489,21.682859297187346,21.830944993107945,89710200
2013-06-17,21.98349380493164,22.06237275904998,21.7857973054062,21.809361546912623,85766148
2013-06-18,22.339946746826172,22.349373201386886,22.03558910264023,22.043028552840074,86589324
2013-06-19,22.341434478759766,22.593455069095565,22.262555510769623,22.35854994055965,116519364
2013-06-20,21.946041107177734,22.349372734659195,21.910569960612406,22.175488114991815,134745120
2013-06-21,21.851533889770508,22.073539550057635,21.656565477712206,22.03533840064769,159132708
2013-06-24,21.575204849243164,21.737180662914803,21.412979478438118,21.627046562539807,120555324
2013-06-25,21.486154556274414,21.820525194105542,21.444232739009625,21.760497250569227,102025872
2013-06-26,21.67095184326172,21.77885316472393,21.59455143848872,21.673432289948565,73182744
2013-06-27,21.755786895751953,21.944799964748157,21.74536788495698,21.798699381149206,76982940
2013-06-28,21.8376407623291,21.874104462770617,21.684346511128837,21.701957304389207,93878028
2013-07-01,22.023929595947266,22.128110256227668,21.95249007848033,21.98845844907891,68923008
2013-07-02,21.88576316833496,22.10131813828947,21.76074639033898,22.081474565385534,75584340
2013-07-03,21.98796272277832,22.05592734467206,21.79125685933472,21.825985005863583,41838120
2013-07-05,22.1630859375,22.210711651998494,22.010534673045086,22.076765629748326,68007924
2013-07-08,22.450824737548828,22.480092875630866,22.252135653924153,22.304969927345805,78701220
2013-07-09,22.454547882080078,22.64579564632969,22.27446212973392,22.597425037496713,79096824
2013-07-10,22.4731502532959,22.600895163416123,22.333993774594145,22.410144631270022,68267664
2013-07-11,22.826622009277344,22.84075979997477,22.535906834692796,22.647033499496757,103264632
2013-07-12,22.895082473754883,22.895082473754883,22.702594517713813,22.82066718275627,102625272
2013-07-15,22.937000274658203,23.01910456463887,22.73037454792506,22.927326155384208,78341580
2013-07-16,22.810993194580078,23.018361941319565,22.66935628525353,22.997525810966135,79240680
2013-07-17,22.784696578979492,22.99082697153141,22.728884643562406,22.845469407270617,60183756
2013-07-18,22.589481353759766,22.82066577623499,22.40369174955749,22.795611753838873,145234620
2013-07-19,22.24022674560547,22.397738885394677,21.71956928422744,21.992424081149903,294077628
2013-07-22,22.58997917175293,22.638845103982767,22.250148535610194,22.37417464642158,116011872
2013-07-23,22.4188289642334,22.647035767201224,22.313903405998072,22.589983593813102,81746172
2013-07-24,22.396499633789062,22.580056470762766,22.341927915803215,22.504650512963856,83056860
2013-07-25,22.01946449279785,22.24643106039029,21.979280117872385,22.172512985074555,119923956
2013-07-26,21.96117401123047,22.076269018482115,21.878075257185674,22.001853719352184,71036892
2013-07-29,21.8847713470459,22.196074969775527,21.850540426402496,21.95000974197807,75600324
2013-07-30,22.099334716796875,22.215669930602164,21.85004416267799,21.963898929892572,70153776
2013-07-31,22.02070426940918,22.237996711373892,21.981762009333057,22.150683846188166,86853060
2013-08-01,22.429241180419922,22.437427410222202,22.20053720370352,22.20053720370352,85450464
2013-08-02,22.48753547668457,22.49820215392976,22.344906007572273,22.409894846690207,68487444
2013-08-05,22.448591232299805,22.461490689678808,22.304721540430034,22.458265352687956,52335612
2013-08-06,22.239484786987305,22.56542342494624,22.218648656518543,22.440901975241612,60183756
2013-08-07,22.092636108398438,22.28611470473589,22.053937742313195,22.201528081206664,55112832
2013-08-08,22.142494201660156,22.221375047697432,21.959680377887505,22.21269348489027,59460480
2013-08-09,22.086687088012695,22.213439434296525,22.07651574347766,22.090405867696788,52895052
2013-08-12,21.965137481689453,22.00209651119534,21.869388847522714,21.99961606479339,55024920
2013-08-13,21.859468460083008,22.039306507479576,21.734204018188258,21.997881915566932,56735208
2013-08-14,21.575702667236328,21.834172045009222,21.5099689326094,21.78803421936467,83204712
2013-08-15,21.323930740356445,21.45440564726846,21.28275381032089,21.442498746195735,74693232
2013-08-16,21.255718231201172,21.392889599125667,21.246539442816175,21.3641167916218,66936996
2013-08-19,21.47251319885254,21.63002536489892,21.269112763196276,21.2755615472948,72363564
2013-08-20,21.466806411743164,21.632752453360066,21.42017136749863,21.53948425545535,49270680
2013-08-21,21.56379508972168,21.751817499661442,21.493595796560424,21.596538122719977,70221708
2013-08-22,21.672439575195312,21.69823659866737,21.586614607988455,21.647385551373276,34761204
2013-08-23,21.585622787475586,21.778853748849176,21.574213110526948,21.774637745602206,43040916
2013-08-26,21.490869522094727,21.701960862196703,21.482435623907516,21.580417064716848,42057900
2013-08-27,21.088031768798828,21.424884747789235,21.03222171828755,21.322936876387804,69294636
2013-08-28,21.048343658447266,21.218505696603476,21.028995418921788,21.090513140821294,53142804
2013-08-29,21.219003677368164,21.341787677838845,21.049336966239668,21.061241975878037,59080860
2013-08-30,21.007417678833008,21.283745520391925,20.97417931141068,21.227190573399632,74389536
2013-09-03,21.3417911529541,21.48590853067269,21.18229386906148,21.19246521450909,81822096
2013-09-04,21.6208438873291,21.667229370865233,21.212553321832353,21.341041205756643,81566352
2013-09-05,21.817550659179688,21.8254873327126,21.62034946666001,21.667232179920894,51600348
2013-09-06,21.81804847717285,21.92222913628285,21.6731843301146,21.888988879528075,62401536
2013-09-09,22.028141021728516,22.070310500807576,21.88848924360106,21.92098271308915,49334616
2013-09-10,22.043521881103516,22.126123396031495,21.927682005095477,22.077009799299923,51452496
2013-09-11,22.230056762695312,22.249405001888853,21.97927643395721,22.04029882172836,64359576
2013-09-12,22.152416229248047,22.272474001232776,22.0767626096751,22.26006987793164,43776180
2013-09-13,22.053443908691406,22.21740482651469,21.94851837420568,22.188136691965,52962984
2013-09-16,22.020954132080078,22.25015349824998,21.949268831441103,22.23030992108125,53406540
2013-09-17,21.98002052307129,22.036575458203338,21.853266306787,22.012266326829135,50325624
2013-09-18,22.406917572021484,22.423040474800377,21.90461390520449,21.985975199891357,77310612
2013-09-19,22.28462791442871,22.473147533947643,22.210462180546063,22.473147533947643,63852084
2013-09-20,22.401708602905273,22.42701029405871,22.21591898239122,22.284628491588666,173638188
2013-09-23,21.98969841003418,22.364005782856935,21.957450710166828,22.229067204541145,71024904
2013-09-24,21.99812889099121,22.078992958793798,21.863188443048404,21.989694994833272,59412528
2013-09-25,21.75975227355957,21.990934796835536,21.719320240432758,21.990934796835536,65894040
2013-09-26,21.783071517944336,21.896678625416524,21.704438331377574,21.786294964354614,50345604
2013-09-27,21.738920211791992,21.76695001798615,21.612910862497053,21.699974170540163,50301648
2013-09-30,21.727012634277344,21.84930130941783,21.538493004055596,21.557593578935307,68827104
2013-10-01,22.002099990844727,22.018720118716768,21.82970515747652,21.834666051064993,67324608
2013-10-02,22.026655197143555,22.060638450114308,21.774386970334117,21.896180302163266,59752188
2013-10-03,21.731473922729492,22.178213311796323,21.632501836678255,22.02690229106997,84595320
2013-10-04,21.63870620727539,21.766698769795315,21.580413819089618,21.70443804499611,54265680
2013-10-07,21.474742889404297,21.679385409703364,21.434310852791157,21.517160039570403,51692256
2013-10-08,21.17534828186035,21.480698478991417,21.124744896478486,21.464327907594065,77670252
2013-10-09,21.22966957092285,21.398096067503566,20.91018159590205,21.240088581807225,105945948
2013-10-10,21.53675651550293,21.551391529236003,21.33757210691725,21.42761496947572,90121788
2013-10-11,21.62977409362793,21.666733125973984,21.463828057299995,21.481936073659426,56299644
2013-10-14,21.731971740722656,21.73544474410467,21.46606105717335,21.497563863572083,49694256
2013-10-15,21.878324508666992,21.968117821407894,21.679635416990138,21.723292795194432,63612324
2013-10-16,22.275699615478516,22.283140955832906,21.927932279561585,21.974070102226356,80223696
2013-10-17,22.04650115966797,22.247668787718098,21.970596088491007,22.150681810424064,170093736
2013-10-18,25.088096618652344,25.188558485080303,24.160139255546813,24.224135532760606,462193344
2013-10-21,24.88692855834961,25.276368112642807,24.793908033222863,25.089336396254467,144986868
2013-10-22,24.978708267211914,25.127538857709627,24.700644884812803,24.929099330768988,88255656
2013-10-23,25.584203720092773,25.667052918309345,24.820702474038875,24.829881262258066,106421472
2013-10-24,25.4388427734375,25.81141647745688,25.42023942206868,25.595611929825097,83600316
2013-10-25,25.182113647460938,25.519959242500875,25.071484193242632,25.519959242500875,81138780
2013-10-28,25.177148818969727,25.386255016288843,25.127290327091497,25.182109712443427,46301652
2013-10-29,25.704011917114258,25.72137504602787,25.139944659911645,25.278851581805114,64135800
2013-10-30,25.559640884399414,25.7355105974667,25.45000401079169,25.733525483961362,52911036
2013-10-31,25.56361198425293,25.834978900282593,25.399649165450757,25.522682723543934,65534400
2013-11-01,25.475801467895508,25.69805477974349,25.427678534536838,25.59362646407603,51280668
2013-11-04,25.452733993530273,25.60801336449237,25.351529118425603,25.586432343227685,45506448
2013-11-05,25.338876724243164,25.590150494892274,25.237174635442653,25.309854365519577,47208744
2013-11-06,25.369388580322266,25.47481135345075,25.186328954524914,25.440085097275862,36479484
2013-11-07,25.002273559570312,25.39865915753993,24.994582662213407,25.36591612624096,67116816
2013-11-08,25.202695846557617,25.263964009644127,25.015913687138514,25.022114803407337,51580368
2013-11-11,25.067758560180664,25.200218579681138,25.003514609412846,25.040970868869955,44459496
2013-11-12,25.09727668762207,25.240649152333674,24.929097865562532,24.99607181640856,48675276
2013-11-13,25.610492706298828,25.61991915985846,24.966306339033046,24.972507455694817,63112824
2013-11-14,25.678956985473633,25.7910762103015,25.557908529921665,25.64646350919688,46621332
2013-11-15,25.637529373168945,25.747665361876404,25.55691296780503,25.670024736209093,51000948
2013-11-18,25.587677001953125,26.014075675458418,25.53037716336008,25.69185766731111,70317612
2013-11-19,25.43016242980957,25.667050769415894,25.376830933373405,25.591890585048507,45218736
2013-11-20,25.35847282409668,25.632569750268456,25.310104112831823,25.54798500425573,38509452
2013-11-21,25.650182723999023,25.755355935304127,25.45000575498598,25.474810222581215,43628328
2013-11-22,25.596105575561523,25.702271340525662,25.52987651470392,25.63405716608579,50117832
2013-11-25,25.944366455078125,26.124452165768027,25.673744446558025,25.726826380115046,64455480
2013-11-26,26.253936767578125,26.33058484024397,25.870202961721024,26.010599649704794,91360548
2013-11-27,26.370521545410156,26.491817659221976,26.293378139631024,26.343731964489404,44899056
2013-11-29,26.283205032348633,26.4575849631913,26.279732029042354,26.346955533975056,47664288
2013-12-02,26.156450271606445,26.450886078782563,26.064176526978642,26.380441019701355,54873072
2013-12-03,26.126192092895508,26.378708000171986,26.02101888193612,26.068892260471326,66976956
2013-12-04,26.248231887817383,26.392099683348206,26.045324924923374,26.07930817820099,47616336
2013-12-05,26.227397918701172,26.284945419771432,26.072366209947155,26.223923024421886,45302652
2013-12-06,26.5382022857666,26.541427622645,26.295360508887182,26.53621906279741,57094848
2013-12-09,26.74334144592285,26.846779101206003,26.492313426600102,26.565985720632014,59244696
2013-12-10,26.90506935119629,27.094827295250706,26.681573930688238,26.69397805414087,74081844
2013-12-11,26.722261428833008,27.07027647860146,26.669674815498933,26.97303992648936,68403528
2013-12-12,26.54043960571289,26.86240995449449,26.516627691919137,26.778815863164223,63796140
2013-12-13,26.312971115112305,26.697449796013164,26.241038162780704,26.67537533345472,86409504
2013-12-16,26.615345001220703,26.65776215030254,26.343233204672803,26.39259636042814,64015920
2013-12-17,26.537954330444336,26.80832868407691,26.501242964193928,26.611377062945156,61366572
2013-12-18,26.907302856445312,26.912263749726364,26.269563388024146,26.587315786895896,88323588
2013-12-19,26.943767547607422,27.086892348965875,26.766657601088614,26.80857752897249,66561372
2013-12-20,27.30095672607422,27.314599181743155,26.987915682946888,26.995358912986884,130333536
2013-12-23,27.660131454467773,27.677494578457704,27.41257837789531,27.480047651178047,68795136
2013-12-24,27.579273223876953,27.66361030595673,27.48650224453075,27.656911965222605,29338632
2013-12-26,27.718677520751953,27.756876779944886,27.501137418844774,27.63310021476987,53458488
2013-12-27,27.741992950439453,27.78862610501719,27.60655715645237,27.781681988550638,62725212
2013-12-30,27.520233154296875,27.794082394680483,27.509320701912017,27.7901140583056,49394556
2013-12-31,27.799293518066406,27.80648719186295,27.440859504554457,27.58919475976519,54261684
2014-01-02,27.611024856567383,27.72587219544156,27.490471733560288,27.669067692440365,72783144
2014-01-03,27.409605026245117,27.705528742566262,27.407869469806318,27.657655365503913,66601332
2014-01-06,27.715200424194336,27.753399677746128,27.44532142170659,27.60829166943825,70701228
2014-01-07,28.2495059967041,28.27009446129408,27.810455571384455,27.905706996818097,102001896
2014-01-08,28.308290481567383,28.459353833076978,28.111338869694084,28.426610804845314,89610300
2014-01-09,28.035686492919922,28.382461271792664,27.91959893664465,28.36311303064938,83296620
2014-01-10,28.034198760986328,28.2549641976951,27.83749290197712,28.2549641976951,85654260
2014-01-13,27.855600357055664,28.449183323099184,27.711481117192054,27.942168320772243,96659244
2014-01-14,28.510950088500977,28.550639126262592,27.98235404106034,28.226931379176342,99204696
2014-01-15,28.491601943969727,28.64985898127444,28.371793721206824,28.600000489997623,77929992
2014-01-16,28.68012046813965,28.722535727088474,28.47622284111171,28.503507753844023,67288644
2014-01-17,28.538984298706055,28.789515125696234,28.38196935162564,28.69575157919525,107943948
2014-01-21,28.865663528442383,28.873104868566248,28.55808057431848,28.79695212969703,79116804
2014-01-22,28.898406982421875,28.96959693833305,28.745608059922947,28.93784646377264,62793144
2014-01-23,28.776363372802734,28.83564642274129,28.634229249819647,28.773882926282997,77886036
2014-01-24,27.876686096191406,28.613893020405396,27.856097631918576,28.550887404211057,155544300
2014-01-27,27.31608772277832,27.94291282357258,26.845784092571563,27.932991037394984,173969856
2014-01-28,27.856346130371094,27.924312642098553,27.5321430335544,27.541569487726118,88319592
2014-01-29,27.457233428955078,27.825092025505995,27.271196128916,27.759855515321767,95100804
2014-01-30,28.16343116760254,28.587598907656094,27.961518641773374,28.40180928578924,203452344
2014-01-31,29.294048309326172,29.432212220833073,28.553863701253118,29.055422521387225,222429348
2014-02-03,28.11481285095215,29.312649247319584,28.079589374989016,29.250140858839682,182581236
2014-02-04,28.23214340209961,28.649860480443575,28.20361826347726,28.22792550812649,112363524
2014-02-05,28.357158660888672,28.544933391813966,27.980618532824444,28.361624221187554,95684220
2014-02-06,28.772890090942383,28.777850983933817,28.465057606019535,28.553860237384143,77786136
2014-02-07,29.206483840942383,29.217893517289244,28.78777424190084,28.96314673363426,105342552
2014-02-10,29.094614028930664,29.329517238338745,28.997625163460164,29.066582335428958,77730192
2014-02-11,29.52250099182129,29.564420918300417,29.076754141785802,29.27420298865484,81949968
2014-02-12,29.435930252075195,29.518034546150197,29.304215135930974,29.493230080407727,68911020
2014-02-13,29.763607025146484,29.763607025146484,29.261551014406407,29.288588260823712,73382544
2014-02-14,29.835542678833008,29.87498405257102,29.58749232131462,29.657194390482154,87380532
2014-02-18,30.035964965820312,30.085328123116067,29.766085940894552,29.80106175131092,84271644
2014-02-19,29.824132919311523,29.994792200050814,29.70407513244589,29.89755565856343,84059856
2014-02-20,29.868038177490234,29.936995356672245,29.77154652559871,29.843976708513715,67963968
2014-02-21,29.860095977783203,30.01091166643801,29.836531735399994,29.959812954697522,74417508
2014-02-24,30.076396942138672,30.266154880720165,29.892590562694917,29.89903934548361,66905028
2014-02-25,30.262187957763672,30.373809946156868,30.024554743774985,30.161478422022114,57490452
2014-02-26,30.26640510559082,30.482457307824593,30.107405068312755,30.36140886147077,79208712
2014-02-27,30.24259376525879,30.367115217472865,30.188022045986358,30.22225296748806,50349600
2014-02-28,30.154285430908203,30.36611972287982,29.920372896220183,30.27062064133045,92451456
2014-03-03,29.83281135559082,29.960558136184016,29.571116677927506,29.933520890227772,84107808
2014-03-04,30.135929107666016,30.16296635395653,30.001735432978894,30.13816188774217,58649292
2014-03-05,30.21902847290039,30.338590925514904,30.04911408403436,30.139404617263814,49362588
2014-03-06,30.25251579284668,30.414741171431242,30.227461767918612,30.318744856177126,50673276
2014-03-07,30.13295555114746,30.43557762362717,30.049858692614208,30.43086439658184,60543396
2014-03-10,30.053083419799805,30.20364956270897,29.867539574605825,30.155278960419533,48535416
2014-03-11,29.765840530395508,30.12129688272177,29.68274367030107,30.10765442504103,68451480
2014-03-12,29.947162628173828,29.960805084095835,29.373916688239298,29.676786393927983,78493428
2014-03-13,29.494720458984375,30.026541861584562,29.388059356707465,29.963288578019704,93730176
2014-03-14,29.091386795043945,29.53961597507852,29.084690345434385,29.31934588824617,91664244
2014-03-17,29.570125579833984,29.693406798529335,29.223101275815974,29.25138063523882,86397516
2014-03-18,30.045392990112305,30.052091330803307,29.59394033033113,29.633877036161433,72527400
2014-03-19,29.74748420715332,30.063501069648876,29.627428313438024,30.058787842616148,64451484
2014-03-20,29.695640563964844,30.00446373258984,29.65099063391724,29.764845403249794,67320612
2014-03-21,29.345396041870117,30.00496237821549,29.330761026980145,29.9226104064299,128211660
2014-03-24,28.722537994384766,29.391530757482755,28.42537403881962,29.373919963264054,121362516
2014-03-25,28.742136001586914,29.017966604140177,28.451420827494125,28.922715177326477,96311592
2014-03-26,28.078601837158203,29.060883440936106,28.066944492323785,28.823745520091812,103096800
2014-03-27,27.639799118041992,28.077855110725213,27.3376723702658,28.050817861686085,152735112
2014-03-28,27.785404205322266,28.108862416125554,27.72636692327167,27.756877175865018,90265644
2014-03-31,27.6455020904541,28.15375735954529,27.604325161256618,28.0396549165767,77614308
2014-04-01,28.151031494140625,28.215770778089617,27.7320723042055,27.788379581425744,87152760
2014-04-02,28.156240463256836,28.396849480281976,27.88090329962861,28.324914630801832,83360556
2014-04-03,28.323850631713867,29.1564678921611,28.051763360830027,28.417519648132636,80366000
2014-04-04,27.02288246154785,28.73123340704559,26.985216349079916,28.673247293734136,107274000
2014-04-07,26.793912887573242,27.250861475715258,26.29335229749798,27.000084902261314,79232000
2014-04-08,27.630491256713867,27.747949472726354,26.99562173433605,27.012967844494348,69650000
2014-04-09,28.102806091308594,28.14047220516956,27.524930050414063,28.04333397648029,60632000
2014-04-10,27.094247817993164,28.160790726172603,27.03527103938975,28.150383059360237,65890000
2014-04-11,26.651674270629883,27.138853294943598,26.435589925731087,26.660594047866265,63494000
2014-04-14,27.02040672302246,27.40796899761144,26.788462245590342,26.944083823916344,50824000
2014-04-15,27.193866729736328,27.40152663975115,26.298803532528257,27.307855740511403,79956000
2014-04-16,27.947187423706055,27.952144536295094,27.411934589744998,27.639912613643514,91644000
2014-04-17,26.928220748901367,27.60521821267974,26.732951743021967,27.57151665583406,112294000
2014-04-21,26.73146629333496,26.960932193881032,26.46532683657134,26.960932193881032,48502000
2014-04-22,27.03527069091797,27.159172024873218,26.564445243771168,26.564445243771168,46622000
2014-04-23,26.639284133911133,27.000580496229723,26.17440643012375,26.944577603315423,39114000
2014-04-24,26.487133026123047,26.886590825968607,26.31664390476039,26.846446156503607,41348000
2014-04-25,25.92511558532715,26.45838702818085,25.895378584810796,26.37909025072155,47400000
2014-04-28,25.919172286987305,26.06388897812803,25.325436074304033,26.058933755810994,75056000
2014-04-29,26.580799102783203,26.651671432935434,25.920157138802775,25.964266358926594,50704000
2014-04-30,26.508939743041992,26.58129808230682,26.221984942217528,26.52083530050167,40770000
2014-05-01,26.689836502075195,26.758230285626745,26.408827589758513,26.4777167064395,40086000
2014-05-02,26.45888328552246,26.881634965905068,26.429146283967345,26.83405651965063,35616000
2014-05-05,26.53124237060547,26.550569815165566,26.147147457985003,26.278977909826516,24568000
2014-05-06,25.898849487304688,26.49258563588747,25.883486598254304,26.436085520299148,36700000
2014-05-07,25.6723575592041,25.991032580633927,25.32989520443918,25.93255113237018,61486000
2014-05-08,25.7799015045166,26.13574727956379,25.496911285665448,25.559357284761234,49040000
2014-05-09,26.09956932067871,26.13574943521886,25.487993611214343,25.70457329357708,45224000
2014-05-12,26.684879302978516,26.700739415991322,26.14367870562977,26.358275166215954,38968000
2014-05-13,26.839012145996094,26.9604349289878,26.658612582694126,26.741873919602728,40240000
2014-05-14,26.48564910888672,26.852891379173155,26.42121987754796,26.852891379173155,25618000
2014-05-15,26.223468780517578,26.46532555956002,26.03464289137438,26.42270233628806,36658000
2014-05-16,26.182836532592773,26.308719226481355,25.94841347857507,26.247263879137513,38154000
2014-05-19,26.70470428466797,26.73047673229286,26.05199322720315,26.211577463119895,39530000
2014-05-20,26.782018661499023,27.077397896965394,26.592697429906206,26.762689326556544,48506000
2014-05-21,27.243425369262695,27.24590203467147,26.867259595939437,26.906413596409486,31294000
2014-05-22,27.528398513793945,27.652797076138864,27.307854282243557,27.367328286016356,42994000
2014-05-23,27.942230224609375,28.001702337378234,27.46496165138451,27.661221325047684,53450000
2014-05-27,28.49086570739746,28.49086570739746,27.95957744566827,28.139481681018413,43716000
2014-05-28,28.271806716918945,28.62913851249276,28.247026827155732,28.475997394723638,31632000
2014-05-29,28.277259826660156,28.42197650373172,28.172687819733834,28.41751661502151,28222000
2014-05-30,28.331279754638672,28.37737031021436,28.040853860390744,28.33078442154212,37434000
2014-06-02,27.968994140625,28.26982773694929,27.590351646157636,28.237116842895652,33210000
2014-06-03,27.481813430786133,27.872846793032426,27.383682645088594,27.79850523142567,40626000
2014-06-04,27.444643020629883,27.68352593101389,27.186927998319582,27.3336279004299,34582000
2014-06-05,27.998233795166016,28.001703017583342,27.508576210619626,27.61066966007904,35868000
2014-06-06,28.052749633789062,28.190032525968046,27.733083959700064,28.158314192284642,34804000
2014-06-09,28.285686492919922,28.348627831063137,28.012606691043132,28.088434252927307,30594000
2014-06-10,28.165254592895508,28.34862805374131,28.057706803945024,28.18904192687179,29676000
2014-06-11,28.12560272216797,28.19845638869357,27.936281499585714,28.04729661048187,22580000
2014-06-12,27.7291202545166,28.10082427430748,27.61265269248862,28.10082427430748,30930000
2014-06-13,27.7712459564209,27.78611351206495,27.44266049883035,27.757864400107493,27066000
2014-06-16,27.372282028198242,27.654281580720784,27.25829302967155,27.617606136101685,39436000
2014-06-17,27.28902244567871,27.443651453991805,27.132907438019323,27.37525767237405,29552000
2014-06-18,27.786611557006836,27.823285114090655,27.336601413074945,27.39706419424299,41212000
2014-06-19,28.001205444335938,28.001700777415298,27.588861452196685,27.810893559727155,52548000
2014-06-20,28.07703399658203,28.0894229957593,27.722676102061563,28.073564774318903,63212000
2014-06-23,28.46211814880371,28.469551926058788,27.927358832499845,27.96948672125234,34456000
2014-06-24,28.375391006469727,28.856622268848906,28.207875769226582,28.458652346667098,56886000
2014-06-25,29.039005279541016,29.10690373081734,28.411074110272395,28.42544633354473,42294000
2014-06-26,28.981517791748047,29.220894158212747,28.725288754346515,29.206026601083828,40248000
2014-06-27,29.027109146118164,29.135645701726386,28.874958700678626,29.01521358953493,40426000
2014-06-30,28.976558685302734,29.127223141202823,28.908164902280078,29.080140026087932,29578000
2014-07-01,29.314558029174805,29.42210580466866,29.056844928083684,29.124246147085397,32864000
2014-07-02,29.27937126159668,29.44639115024502,29.196605262193817,29.352722151194932,23916000
2014-07-03,29.393362045288086,29.45134815981616,29.191156479990706,29.32496826356699,17978000
2014-07-07,29.27838134765625,29.520731573889528,29.138619899827315,29.414673573209008,26734000
2014-07-08,28.665813446044922,29.140108127769718,28.44774777321502,29.06081134759663,42504000
2014-07-09,28.91163444519043,28.948309893320737,28.596430530626318,28.693073427555284,27456000
2014-07-10,28.747093200683594,29.00530353976441,28.353581301847786,28.398185858471034,28724000
2014-07-11,29.074687957763672,29.152994070975915,28.773854394747705,28.794669728446415,30232000
2014-07-14,29.45184326171875,29.481580263715813,29.076670022014824,29.270453032231423,39032000
2014-07-15,29.392370223999023,29.503385336361898,29.0082753285994,29.495951558742505,33476000
2014-07-16,29.27144432067871,29.587640786806585,29.253107542212156,29.58218834128668,28816000
2014-07-17,28.785749435424805,29.21593488140364,28.588994435014047,29.189667102909084,58706000
2014-07-18,29.98957633972168,30.068375896984538,29.28631108757892,29.88549777861617,97432000
2014-07-21,29.65900993347168,29.942495521744483,29.461262353736426,29.80322939334533,44758000
2014-07-22,29.913251876831055,30.176914668884304,29.699646088134973,29.721453979275392,37632000
2014-07-23,29.99353790283203,30.085720897775847,29.803224135055327,29.837918245685447,22120000
2014-07-24,29.885499954223633,30.1779072097728,29.78588316502025,30.010393858525404,27100000
2014-07-25,29.641162872314453,29.78587953773678,29.525687874178296,29.699148983217285,27200000
2014-07-28,29.68775177001953,29.790837773159836,29.369076759871582,29.624810435306784,27162000
2014-07-29,29.436481475830078,29.661485605226698,29.34826302334249,29.62233349146035,27332000
2014-07-30,29.510326385498047,29.659504846486648,29.374531372223665,29.528665055201103,24302000
2014-07-31,28.722806930541992,29.339339685115892,28.630128600539976,29.18917057897648,46190000
2014-08-01,28.42792320251465,28.915102218373733,28.264372529395953,28.67324732160832,44266000
2014-08-04,28.85761260986328,28.934430832277677,28.361511938695934,28.57214382926027,30388000
2014-08-05,28.405126571655273,28.755024608013475,28.26486977911118,28.714384603531183,32876000
2014-08-06,28.472034454345703,28.677709252573514,28.123127083077073,28.22472709462937,26456000
2014-08-07,28.339208602905273,28.66135282760819,28.221255047150876,28.549345159541687,23260000
2014-08-08,28.643014907836914,28.723304244855928,28.200935783464917,28.349617010063444,29866000
2014-08-11,28.60881996154785,28.72974930839768,28.5121770631633,28.695552415992267,24068000
2014-08-12,28.35457420349121,28.54191220923672,28.24504508829431,28.497307652070976,27890000
2014-08-13,28.971107482910156,29.04891637474941,28.50722045880862,28.569171128645067,37988000
2014-08-14,28.975566864013672,29.13168186865675,28.790705523971287,29.07666964455618,25458000
2014-08-15,28.92898178100586,29.214450595099894,28.78277909660227,29.116817027780154,34468000
2014-08-18,29.374528884887695,29.490996442900578,29.069730767309633,29.096989212401343,29320000
2014-08-19,29.593090057373047,29.627782280309198,29.460764277114357,29.517757833116164,20864000
2014-08-20,29.508838653564453,29.58714476859903,29.389397203274992,29.58516154556923,19346000
2014-08-21,29.360654830932617,29.500911625306994,29.29523493451227,29.48356551226313,22640000
2014-08-22,29.366600036621094,29.488022817288496,29.23080314304728,29.402778258977673,17544000
2014-08-25,29.268964767456055,29.517262775610664,29.20404020947383,29.477119997600802,25912000
2014-08-26,29.147541046142578,29.342314713808502,29.11433482327114,29.339836157774315,29434000
2014-08-27,28.893789291381836,29.209490389145113,28.789712629674455,29.132174947173755,27292000
2014-08-28,28.760971069335938,28.978541414589973,28.640041727708482,28.74610162289888,28116000
2014-08-29,28.86207389831543,28.88883701136049,28.657885109236187,28.861578565197473,24122000
2014-09-02,29.17281723022461,29.206023454191513,28.86405644298054,28.891312997918533,31660000
2014-09-03,29.21692657470703,29.463243251636186,29.067254680854656,29.32645569035425,31580000
2014-09-04,29.396337509155273,29.6372017574293,29.270454829863915,29.346282393558162,32616000
2014-09-05,29.62629508972168,29.661977977425654,29.416653870646204,29.494959980946664,35982000
2014-09-08,29.817102432250977,29.91077332138611,29.63818887873678,29.693698324017866,31984000
2014-09-09,29.338348388671875,29.7660571701196,29.26450405569113,29.74970172516155,31424000
2014-09-10,29.41021156311035,29.425081008880245,29.098972226897477,29.326950229136283,23202000
2014-09-11,29.295726776123047,29.33735744246667,29.044454888215157,29.240714554085503,30028000
2014-09-12,28.987958908081055,29.314065819651947,28.907669567710062,29.260046150196818,37030000
2014-09-15,28.826391220092773,28.939387670519977,28.596925315633854,28.85612633206438,30908000
2014-09-16,29.180252075195312,29.248150524931308,28.792194493307704,28.792194493307704,31592000
2014-09-17,29.403770446777344,29.54154867989261,29.09798353502959,29.216432432624654,34390000
2014-09-18,29.601024627685547,29.61539685169416,29.390390817997613,29.491000167227078,29890000
2014-09-19,30.003948211669922,30.003948211669922,29.625305756173347,29.711045647720223,83832000
2014-09-22,29.601024627685547,29.924654896798213,29.395347930777223,29.86022566475539,35644000
2014-09-23,29.299196243286133,29.570292800457874,29.252608464511532,29.48851746634877,28074000
2014-09-24,29.658016204833984,29.741774768057052,29.25558450661432,29.31852773495971,35160000
2014-09-25,29.00530242919922,29.640667306972876,28.980025317377105,29.587142975424946,33420000
2014-09-26,29.136638641357422,29.219404643096734,28.99291263778882,29.039003193693677,25782000
2014-09-29,29.13218116760254,29.206522736458243,28.82292500543608,28.83580933969557,22874000
2014-09-30,29.161914825439453,29.290276054217447,28.96813370418919,29.11631960113076,31430000
2014-10-01,28.726774215698242,29.17727968634535,28.646980209704964,29.082122791362323,28954000
2014-10-02,28.78872299194336,28.90568587992154,28.45022332689223,28.64598765885933,30726000
2014-10-03,29.05486488342285,29.15596766827684,28.918572650123973,28.948309653003125,24290000
2014-10-06,29.130691528320312,29.35966209494261,29.01273796793715,29.238237421610844,25722000
2014-10-07,28.45270347595215,29.035039392437273,28.45270347595215,28.987958169109397,30914000
2014-10-08,28.930469512939453,28.977552630309862,28.132544526896414,28.486902458878742,44158000
2014-10-09,28.289648056030273,28.870496042178804,28.2014296128679,28.824900821362142,48234000
2014-10-10,27.51551628112793,28.50870839856986,27.5065946127058,28.12412002064337,59574000
2014-10-13,26.998098373413086,27.797511110862022,26.98224015304618,27.512537680894848,55116000
2014-10-14,27.193368911743164,27.686000358388107,26.985710911288056,27.26523191230125,52198000
2014-10-15,26.798871994018555,26.956968348666784,26.188780348837398,26.865777891853437,76720000
2014-10-16,26.610044479370117,26.811754717666698,26.016803650213582,26.118403659643135,76100000
2014-10-17,25.91867446899414,26.9336744329489,25.692677785077105,26.78499130950722,119930000
2014-10-20,26.38503646850586,26.423695136836134,25.728856241259436,25.793778907068397,54964000
2014-10-21,26.665054321289062,26.70172787556218,26.276994878225526,26.627388210257852,49190000
2014-10-22,26.89600372314453,27.29595679508191,26.774083734002023,26.81472373038286,59474000
2014-10-23,27.439193725585938,27.62504575006256,27.03527411574929,27.173052356062588,43026000
2014-10-24,27.203779220581055,27.506098807262507,27.018422534752812,27.505108140983015,43508000
2014-10-27,27.252347946166992,27.456538631888307,27.11952682440608,27.147280604510417,31934000
2014-10-28,27.701366424560547,27.714250757294863,27.279605402104917,27.343043961884817,34774000
2014-10-29,27.677080154418945,28.00021504010529,27.55466482163837,27.796024374442993,41066000
2014-10-30,27.767284393310547,27.877804187499517,27.363861999745716,27.66717226731088,32250000
2014-10-31,28.143939971923828,28.186563195990125,27.992284858075877,28.165252529249152,46810000
2014-11-03,27.940744400024414,28.108259641191626,27.834684499180902,27.92885073282524,30834000
2014-11-04,27.96155548095703,27.991292480306992,27.66964549471299,27.811388266171097,27726000
2014-11-05,27.55318260192871,28.09586922507573,27.46397347938148,28.090418669819854,32906000
2014-11-06,27.342052459716797,27.59530759432155,27.287040232517352,27.530878365827153,33014000
2014-11-07,27.348495483398438,27.535835389503145,27.22608202929692,27.535835389503145,31782000
2014-11-10,27.666179656982422,27.785123887763937,27.33858296274331,27.37724163380254,26090000
2014-11-11,27.817834854125977,27.877802302805083,27.56755361075492,27.680551953707145,21966000
2014-11-12,27.66716957092285,27.815850800649084,27.5308773408329,27.810895578911452,21882000
2014-11-13,27.577463150024414,27.79453814583209,27.460995596381412,27.794042812752185,30220000
2014-11-14,27.51551628112793,27.65478051916798,27.382693264599684,27.65478051916798,28502000
2014-11-17,27.091773986816406,27.51551637186656,26.98274019513641,27.51551637186656,33612000
2014-11-18,26.986207962036133,27.39656876756488,26.95102040444704,27.155704528796026,36440000
2014-11-19,27.119525909423828,27.170076355431515,26.722544775763797,26.998101234979604,30346000
2014-11-20,26.94903564453125,27.029323089347457,26.837029866381364,26.86626964365613,35016000
2014-11-21,27.05459976196289,27.309836204935692,27.01049053963616,27.309836204935692,50120000
2014-11-24,27.133403778076172,27.317272571698517,26.968367096461147,27.088303885300878,33076000
2014-11-25,27.220130920410156,27.382193692271734,27.10515125852677,27.12001881301073,38072000
2014-11-26,27.14579200744629,27.25234723630979,27.0218906664694,27.220133568266196,29604000
2014-11-28,27.212703704833984,27.238474264859057,26.98472565838225,27.10961768356429,24202000
2014-12-01,26.745342254638672,27.198326261483242,26.694294586989212,27.014950924421964,39888000
2014-12-02,26.692811965942383,26.854379433138813,26.498038271270346,26.73543330460158,41480000
2014-12-03,26.612518310546875,26.83256719476734,26.525292424134758,26.638786088378335,32476000
2014-12-04,26.890554428100586,26.89600687335971,26.50943342000707,26.64572564564171,32598000
2014-12-05,26.17193031311035,26.673483511608183,26.131292196326037,26.599141942490117,61402000
2014-12-08,26.303264617919922,26.45640573889884,26.118403271171463,26.22842772336387,64566000
2014-12-09,26.569900512695312,26.596663627164812,25.940481442440298,26.06289679013034,43322000
2014-12-10,26.169946670532227,26.7309719404551,26.142688223633865,26.559492147794874,46222000
2014-12-11,26.371654510498047,26.615987953515184,26.22545184550736,26.26757784485204,41426000
2014-12-12,25.846315383911133,26.378098962491258,25.8438368277695,26.140208618673146,47314000
2014-12-15,25.565305709838867,26.037617160848807,25.543499710087247,25.95782504887403,52352000
2014-12-16,24.689077377319336,25.55242030513325,24.641003597239774,25.454291412524725,86998000
2014-12-17,25.099931716918945,25.22978082530127,24.73615683645133,24.773327613655034,72788000
2014-12-18,25.504846572875977,25.58562936257524,25.105386841715212,25.57274313788966,77534000
2014-12-19,25.773460388183594,25.811621832229957,25.219373614005928,25.622300611256023,97442000
2014-12-22,26.381072998046875,26.414279222541968,25.800718412560464,25.80171096937326,66390000
2014-12-23,26.70172882080078,26.876677826466675,26.451449480990085,26.490601592667954,57544000
2014-12-24,26.610538482666016,26.77706115448108,26.519841478408704,26.70420748556199,14754000
2014-12-26,26.83802032470703,26.92376021407192,26.53916998994978,26.61053765733606,22270000
2014-12-29,26.62937355041504,26.957465599410305,26.621939771824227,26.78747179580619,44300000
2014-12-30,26.528762817382812,26.65563804268226,26.445996815607206,26.51290270525125,20972000
2014-12-31,26.299793243408203,26.68339090473664,26.27699468748649,26.65068001539611,24648000
2015-01-02,26.244783401489258,26.55453675922234,26.162015504466574,26.3959413007253,26480000
2015-01-05,25.744714736938477,26.16746641234832,25.659967402967474,26.12583574501147,41182000
2015-01-06,25.109352111816406,25.83144763477593,25.05533054976907,25.796260075707373,54456000
2015-01-07,25.035503387451172,25.349716612643217,24.961163720980398,25.322955391440964,46918000
2015-01-08,25.122732162475586,25.151971940893755,24.533455909070756,24.85510481517705,73054000
2015-01-09,24.815954208374023,25.206492282502193,24.713365412728884,25.185676945346987,42000000
2015-01-12,24.634557723999023,24.79414193516827,24.329759632060924,24.74259893849599,57138000
2015-01-13,24.869476318359375,25.206488103596488,24.64447220299611,24.90763776348392,60958000
2015-01-14,25.07416343688965,25.18964034288116,24.68907971722886,24.801085509936147,52800000
2015-01-15,24.979005813598633,25.263482045234877,24.8798843651474,25.220860710975504,51068000
2015-01-16,25.298667907714844,25.31799534909155,24.933405166697447,24.936379055505583,49658000
2015-01-20,25.272899627685547,25.553908534036548,25.244650515231655,25.413156414301586,46796000
2015-01-21,25.79080581665039,25.863164147556414,25.255551166824418,25.317501831447743,46356000
2015-01-22,26.628875732421875,26.705198625022977,25.866140248941647,25.920159917266922,56068000
2015-01-23,26.85933494567871,27.03081474965578,26.552060121963816,26.665058472649633,45966000
2015-01-26,26.60013198852539,26.837031674172664,26.369675414714727,26.837031674172664,30932000
2015-01-27,25.830453872680664,26.404860645337777,25.81409842796658,26.33646686797369,39148000
2015-01-28,25.396305084228516,26.05347788728196,25.392340528778753,26.019280996974253,35822000
2015-01-29,25.435955047607422,25.533093275569083,24.952738682816666,25.419599601712203,79018000
2015-01-30,26.641267776489258,26.916328914102955,25.681280017677523,25.721920021898733,121108000
2015-02-02,26.376115798950195,26.589226238310506,25.856721255967102,26.481183128814905,75378000
2015-02-03,26.430633544921875,26.636308323051313,26.108984652545644,26.264108986993968,47062000
2015-02-04,26.07379722595215,26.60161623215957,26.020766335374578,26.422702674265885,33896000
2015-02-05,26.25865936279297,26.30128069732533,26.050999463764416,26.1644931353982,33176000
2015-02-06,26.459381103515625,26.773594364727582,26.200180071467173,26.317142975083556,42938000
2015-02-09,26.231403350830078,26.459381381471278,26.145663450115162,26.319619917328254,30314000
2015-02-10,26.770618438720703,26.81224910728996,26.22594863435518,26.373639197387053,47430000
2015-02-11,26.663564682006836,26.859329001790485,26.56444324418694,26.749304565021394,38306000
2015-02-12,27.060550689697266,27.17602570165822,26.614009750502426,26.745840209154945,48590000
2015-02-13,27.31578254699707,27.384176321074346,27.089785892705564,27.13488577883486,47382000
2015-02-17,27.010988235473633,27.406976823710487,26.924257673078415,27.315786372559078,39174000
2015-02-18,26.894023895263672,27.136871347537287,26.74038744742315,26.952010008323782,31164000
2015-02-19,27.082351684570312,27.102671683245745,26.79985681649434,26.885101366203738,30834000
2015-02-20,26.851896286010742,27.138355721258126,26.66852284767661,27.138355721258126,38234000
2015-02-23,26.5148868560791,26.72799731289808,26.366205625657223,26.71312975703122,32906000
2015-02-24,26.695785522460938,26.732954414742117,26.316645805931934,26.3439042539945,28406000
2015-02-25,27.12596893310547,27.23698404941717,26.664063241651803,26.68537579965899,40836000
2015-02-26,27.718713760375977,27.760344430858236,27.014953136685282,27.047168696404526,54032000
2015-02-27,27.88424301147461,28.220759455093763,27.60670334519146,27.662210900331228,68328000
2015-03-02,28.4982967376709,28.546370514498932,27.910013083168202,28.100822191243786,50406000
2015-03-03,28.685142517089844,28.7872359626418,28.27428450704446,28.56421317964636,50526000
2015-03-04,28.66234588623047,28.82589467769312,28.3743985266814,28.594942768410792,37964000
2015-03-05,28.815982818603516,28.903704043502977,28.657389256847527,28.72627837068374,35918000
2015-03-06,28.393230438232422,28.882888000877376,28.35159977108657,28.844231222896845,37592000
2015-03-09,28.45270347595215,28.519609367304604,28.20242224124893,28.29510057915022,23478000
2015-03-10,27.746463775634766,28.23760920087033,27.74497588584259,28.1741706468977,40080000
2015-03-11,27.540294647216797,27.96106311808979,27.526417757496237,27.74398810435342,40524000
2015-03-12,27.8118896484375,27.845093986486923,27.532368599854145,27.67857129130994,35602000
2015-03-13,27.40697479248047,27.96998324250421,27.274649014316687,27.715737462308397,35428000
2015-03-16,27.835182189941406,27.93975420252426,27.3237166801049,27.601751715657258,36856000
2015-03-17,27.635452270507812,27.785619505199847,27.476858700786728,27.66915193887057,28892000
2015-03-18,28.05919075012207,28.076536860323696,27.43175311271998,27.64139432491917,35324000
2015-03-19,27.935789108276367,28.098842569575453,27.85897087835574,27.97791511238868,24660000
2015-03-20,27.999221801757812,28.10577702033527,27.975929803871434,28.086449577608608,44320000
2015-03-23,28.02004051208496,28.23166497553528,27.90555616938704,28.051263514638936,30234000
2015-03-24,28.623191833496094,28.838283615021016,28.15484304416828,28.17714626774787,79156000
2015-03-25,28.1008243560791,28.748580169878046,28.1008243560791,28.624678829587207,53070000
2015-03-26,27.93429946899414,28.110241033898784,27.670143236250304,27.984356472002673,49842000
2015-03-27,27.632476806640625,27.955611706446064,27.601749138831863,27.844594701499393,34552000
2015-03-30,27.810400009155273,27.86095234869072,27.594812874935357,27.76629267225554,24788000
2015-03-31,27.491226196289062,27.875319163854183,27.48973830655888,27.651801070931224,34932000
2015-04-01,27.233016967773438,27.679555947755205,27.06153719690026,27.497670401277457,38902000
2015-04-02,26.82761573791504,27.15917511000627,26.784497176444784,27.129935329601178,47760000
2015-04-06,26.958454132080078,27.037255581958114,26.54957932668498,26.705199003367664,33718000
2015-04-07,27.003551483154297,27.266221697644625,26.94061015203197,27.00999459430607,27318000
2015-04-08,27.2008056640625,27.332638013644075,27.06005353668732,27.06005353668732,28386000
2015-04-09,27.1601619720459,27.2270697493377,26.859330312524875,27.219140638912105,32366000
2015-04-10,27.185937881469727,27.250862444137194,27.009502863217026,27.23698555383175,26104000
2015-04-13,27.190893173217773,27.42035908757238,27.07492282847532,27.112093610627248,29326000
2015-04-14,26.751787185668945,27.08830365798358,26.55156294738857,27.08830365798358,47206000
2015-04-15,26.81422996520996,26.920785183387757,26.384539870424003,26.661584193919968,46962000
2015-04-16,26.93714141845703,27.021888749949863,26.66852342101884,26.68091241988719,31722000
2015-04-17,26.40287971496582,26.752777742690338,26.217524924254324,26.629371732868915,49234000
2015-04-20,26.987197875976562,27.05014110196821,26.433111075629512,26.4529357435101,38508000
2015-04-21,26.90740394592285,27.147772828645195,26.872216391689502,27.07541449729053,29128000
2015-04-22,27.217655181884766,27.30785496543711,26.82810971129072,26.9143449392759,31806000
2015-04-23,27.628015518188477,27.811886195200906,27.262259277790157,27.278614723488467,78184000
2015-04-24,28.430898666381836,28.978047048922004,28.16773119738071,28.74759047259006,92168000
2015-04-27,28.05721092224121,28.523079288730045,27.867889686310665,28.386788946535724,48062000
2015-04-28,27.970481872558594,28.14196167233209,27.801480629128978,27.968003316214705,37178000
2015-04-29,27.822786331176758,28.043330541796717,27.704337449151605,27.77917244399936,33622000
2015-04-30,27.19733428955078,27.808911867134874,27.09573617574743,27.68253197332567,47240000
2015-05-01,27.31578254699707,27.318756435946195,26.95349367761183,27.283566992201713,36572000
2015-05-04,27.3990478515625,27.589855089800704,27.128941938063825,27.307360176230937,35260000
2015-05-05,26.913352966308594,27.38764764249091,26.880146742846165,27.26622297225077,28528000
2015-05-06,26.51885223388672,26.957464051403573,26.378100110151546,26.893530156141686,39034000
2015-05-07,26.863792419433594,27.02040465207109,26.43806872792071,26.559491512646844,31844000
2015-05-08,27.206260681152344,27.39706794247111,27.16066544982983,27.202296125026653,28226000
2015-05-11,27.049150466918945,27.425316287928574,27.040230689148032,27.183459481887912,21858000
2015-05-12,26.69974708557129,26.90938831122803,26.51488574885268,26.901952643020685,35282000
2015-05-13,26.73741340637207,26.953000521461846,26.71213629355505,26.78598251843409,24238000
2015-05-14,27.218645095825195,27.24293154284862,26.88659041659385,26.95944408591096,31736000
2015-05-15,27.084333419799805,27.28802874263808,26.88658776543782,27.277621076619027,33440000
2015-05-18,27.093259811401367,27.17602582092695,26.874201563155445,26.95201235062962,26706000
2015-05-19,27.222614288330078,27.42680309437893,27.115563717837553,27.159175722855327,47126000
2015-05-20,27.382688522338867,27.559123512371826,27.015444430540352,27.303887081969783,30840000
2015-05-21,27.595800399780273,27.635449733863393,27.223601067292027,27.268205622843382,34170000
2015-05-22,27.4823055267334,27.666671519074146,27.437700973140263,27.479331637749294,24266000
2015-05-26,27.119028091430664,27.423328968163663,26.90988221001843,27.386158191445507,37474000
2015-05-27,27.46892738342285,27.520470387519477,27.08879890982551,27.192875584275104,34844000
2015-05-28,27.465456008911133,27.543762120469044,27.29794267666079,27.44612856550457,23544000
2015-05-29,27.026350021362305,27.453561564733512,27.012473132916398,27.41688612073322,43446000
2015-06-01,27.21914291381836,27.286544139237684,26.940117229939606,27.19535368996906,33210000
2015-06-02,27.45406150817871,27.69393509781223,27.0873126783403,27.130926573887642,31842000
2015-06-03,27.52046775817871,27.654281422793947,27.36484809450059,27.511050757889805,26710000
2015-06-04,27.342052459716797,27.55367692407164,27.214681892713777,27.36633701736258,26866000
2015-06-05,27.23499870300293,27.42332925390884,27.128443483612195,27.357414033737836,24396000
2015-06-08,26.93515968322754,27.251851475545493,26.908891903617572,27.238965252296495,27336000
2015-06-09,26.869739532470703,27.00256253799241,26.705693525935672,26.93218553449735,30016000
2015-06-10,27.387149810791016,27.495192922627787,27.01594303551295,27.045182812367216,30316000
2015-06-11,27.260276794433594,27.497671796548282,27.217158237701096,27.480821018446964,25872000
2015-06-12,27.13290786743164,27.20129975954737,27.041715526969934,27.117047754564776,25468000
2015-06-15,26.9113712310791,26.963409568094153,26.723537884698743,26.897989674334596,27150000
2015-06-16,27.004047393798828,27.094247170684376,26.840498617881025,26.98471995051438,32526000
2015-06-17,27.08978843688965,27.17701432839109,26.852393428151306,27.031306990289004,24440000
2015-06-18,27.564577102661133,27.61760610131185,27.159171551779902,27.159171551779902,41192000
2015-06-19,27.63098907470703,27.650318409443564,27.3703020658244,27.58142929567892,59290000
2015-06-22,27.738037109375,28.031932206201134,27.699875667068465,27.724657444911124,34752000
2015-06-23,27.92190933227539,27.996746221892437,27.612651330815776,27.743491109080665,31396000
2015-06-24,27.683029174804688,27.8847413072898,27.59580327754371,27.87681219588003,28924000
2015-06-25,27.652297973632812,27.909517634308088,27.628013418780114,27.7687655265441,26684000
2015-06-26,27.40995216369629,27.753902432698936,27.349984711833493,27.739530208824885,43676000
2015-06-29,26.824642181396484,27.302901466351,26.774585174064594,27.097224772328406,37756000
2015-06-30,26.764671325683594,27.055095326147413,26.73988954645435,27.01495065875698,34510000
2015-07-01,26.926240921020508,27.050637597854173,26.750796572963004,26.9440823666462,30760000
2015-07-02,27.126466751098633,27.15917575490056,26.939622167736946,26.997608287360602,28124000
2015-07-06,27.041217803955078,27.18791769060888,26.86676414017546,26.874197917536407,25614000
2015-07-07,27.25977897644043,27.307852753644358,26.75525387292484,27.130922423314423,33578000
2015-07-08,26.846942901611328,27.17305171506522,26.822163010382567,27.040230590598497,27662000
2015-07-09,26.993146896362305,27.202788136912982,26.99166089696587,27.191389803120202,29766000
2015-07-10,27.561107635498047,27.71871052138436,27.357414195702013,27.44216152617321,43436000
2015-07-13,28.33524513244629,28.390752690220616,27.689470659040033,27.72961532803799,41792000
2015-07-14,28.952274322509766,29.226344789566745,28.456173616285177,28.472529062462282,74832000
2015-07-15,28.941370010375977,29.175791129481436,28.75551800388741,28.930467010280154,41466000
2015-07-16,29.824539184570312,29.9593435209613,29.137629389055252,29.215935502528435,112642000
2015-07-17,34.67353820800781,34.84105531593802,33.60204202278473,33.70116157376959,257162000
2015-07-20,34.337520599365234,34.58334195070391,33.78888811930254,34.14621992213215,102436000
2015-07-21,34.4619255065918,34.969918049124786,33.90684606189306,33.943024290426095,75604000
2015-07-22,34.44953536987305,35.35302312364907,34.27706488761366,34.39600913509648,83100000
2015-07-23,33.43998336791992,34.49760663594786,33.28436178812161,34.28845882528664,76232000
2015-07-24,32.450748443603516,33.59163286548918,32.37194889118512,33.541082423249186,82622000
2015-07-27,32.62421798706055,33.060349372452855,32.29116883317396,32.29215949947337,58382000
2015-07-28,32.6931037902832,32.91315268384171,32.38335045052939,32.79718045870024,34364000
2015-07-29,32.780826568603516,32.874992803760755,32.355100958958936,32.821961907194726,36756000
2015-07-30,32.935951232910156,33.10891702372775,32.298105848750055,32.58308120631716,39606000
2015-07-31,32.58605194091797,32.95775595545315,32.57118438532356,32.942888399858745,34922000
2015-08-03,32.94387435913086,33.04051723785514,32.59397639487133,32.59397639487133,31348000
2015-08-04,32.77338790893555,33.10643701444266,32.73522835610602,32.925043016435225,26188000
2015-08-05,33.368614196777344,33.69670243178206,32.986500622057434,32.99492506612837,36448000
2015-08-06,33.21299362182617,33.440971638654986,32.74613269704463,33.40330741518573,40660000
2015-08-07,32.92752456665039,33.14608367748893,32.653949451820615,33.095533233684215,27544000
2015-08-10,32.86557388305664,33.285846998148834,32.72135254812923,33.06133632795194,34458000
2015-08-11,34.211639404296875,34.890620148578996,33.91526759336305,34.671561901112895,109880000
2015-08-12,34.26962661743164,34.494133524281466,33.72644279084618,34.419296628275205,58498000
2015-08-13,34.023799896240234,34.3964945369352,33.809203467065856,34.15711633032119,36354000
2015-08-14,34.16554641723633,34.308777098420755,33.844891943728335,33.901390170715075,27598000
2015-08-17,34.40046310424805,34.431684213332495,33.85281755086952,34.09962954970426,24680000
2015-08-18,34.133827209472656,34.482235435141625,33.96482409415733,34.24979943405285,27710000
2015-08-19,34.39698791503906,34.70227943117516,34.038170182623276,34.20221616265256,50194000
2015-08-20,33.67539978027344,34.50206934793526,33.4672463886686,34.15217502921509,57798000
2015-08-21,31.91847038269043,33.348788168366774,31.872377936983362,33.25709861004432,91880000
2015-08-24,30.633865356445312,31.10816008055954,29.393859317008232,29.76606058550807,129788000
2015-08-25,30.35434341430664,32.065666455972455,30.314694076571453,32.03940245636263,71430000
2015-08-26,32.69706726074219,32.83286415671421,31.241474194582864,31.872379222676752,87740000
2015-08-27,33.10445785522461,33.402814793109776,32.26886861445168,33.30418677536972,58974000
2015-08-28,32.69459533691406,33.05688051486087,32.40020483563131,32.99542516958237,38836000
2015-08-31,32.10630416870117,32.928515519634715,32.03345239151003,32.42943906396135,38936000
2015-09-01,31.201332092285156,31.938792363485042,30.978309299217,31.411963994955574,51458000
2015-09-02,31.962080001831055,31.969513778821423,31.254852162873917,31.619617693130124,37630000
2015-09-03,31.572538375854492,32.27629703520695,31.41196159897669,32.111755703067914,34572000
2015-09-04,31.17159652709961,31.446162336324935,31.049678402912033,31.208271976277192,40478000
2015-09-08,31.911041259765625,31.96853015613552,31.366866733399767,31.76830590399956,39092000
2015-09-09,31.887746810913086,32.579114638474074,31.7633463540958,32.30752461987787,40978000
2015-09-10,32.26787567138672,32.45719501933185,31.802996074181628,31.912029861901487,27850000
2015-09-11,32.47701644897461,32.4775117820571,32.08598312028041,32.224755787917964,34892000
2015-09-14,32.336769104003906,32.50775358655027,32.189571958469905,32.49338136146936,29942000
2015-09-15,32.96122741699219,33.14856542556682,32.379880275154804,32.54689828255717,35546000
2015-09-16,32.9835205078125,33.10989848128761,32.81897920709913,32.98500650678254,26252000
2015-09-17,33.28832244873047,33.79978598966484,32.9577537909289,33.08115978789395,47752000
2015-09-18,32.755550384521484,33.197629512042184,32.71143926968984,32.96072794530577,72544000
2015-09-21,33.05588912963867,33.15600314806935,32.610837945693056,32.98303734155453,39094000
2015-09-22,32.37294387817383,32.65147613367,31.968033609625667,32.58456834738646,54362000
2015-09-23,32.37739944458008,32.72382630500335,32.25052234156102,32.35807011212192,29160000
2015-09-24,32.45768356323242,32.54986844284751,31.82628519889584,32.163296935368905,38692000
2015-09-25,31.726177215576172,32.639579054980466,31.701892658504505,32.639579054980466,48480000
2015-09-28,30.93816375732422,31.859991906219815,30.620481301051576,31.67165945228754,47646000
2015-09-29,30.85688591003418,31.45508004817376,30.62989856584358,31.00011469356715,42130000
2015-09-30,31.637958526611328,31.684544414547673,31.181009971092035,31.313831081074586,52954000
2015-10-01,31.8178653717041,31.90905960932847,31.278647963516832,31.616650455244166,42506000
2015-10-02,32.56077194213867,32.561267275203335,31.396595555774525,31.620113655912682,48788000
2015-10-05,33.288818359375,33.35572613748524,32.505265699364045,32.78925036593479,37960000
2015-10-06,33.28683853149414,33.641689875721674,32.86259895942854,33.173342970119414,42774000
2015-10-07,33.20555877685547,33.638718129263374,32.61628252768684,33.57230568073825,44354000
2015-10-08,33.05687713623047,33.29923116028979,32.43687508179516,33.17830181482657,39308000
2015-10-09,33.26701354980469,33.40825910734561,32.826915760129864,33.081161544872245,32124000
2015-10-12,33.524227142333984,33.60104535644944,33.06876652108586,33.16540940032276,26684000
2015-10-13,33.85826873779297,34.12044361488445,33.35968764662366,33.41668497989849,42446000
2015-10-14,33.72148513793945,34.1987518384409,33.64664824313249,33.8860264836559,31292000
2015-10-15,34.34644317626953,34.40294140008548,33.91873627043757,33.96135760485421,47156000
2015-10-16,34.46043395996094,34.505040412734076,34.15217036169163,34.464400406426904,36316000
2015-10-19,34.68989944458008,34.704271667654304,34.30629985739765,34.395013642656146,30172000
2015-10-20,33.701171875,34.59326323121786,33.38794734328985,34.58781078457832,52434000
2015-10-21,33.29476547241211,33.944007230147726,33.24024858484378,33.86025056649631,31952000
2015-10-22,33.757667541503906,34.10013183206356,33.28981589363066,33.47517259707354,88632000
2015-10-23,35.6503791809082,37.29430280178974,35.58149006711172,37.17337346222999,126726000
2015-10-26,36.23469924926758,36.42451770751591,35.684576990935064,35.684576990935064,48776000
2015-10-27,36.318946838378906,36.47456838648194,35.888763308780476,36.00919352252496,38778000
2015-10-28,36.52214431762695,36.54444564735479,36.04388326462154,36.32786789826167,39604000
2015-10-29,36.9151611328125,37.01130868216569,36.43491871910324,36.50777427128733,36520000
2015-10-30,36.545440673828125,36.9875197815867,36.50281934139583,36.950350894272155,39984000
2015-11-02,37.05839538574219,37.080201385856626,36.251051580222104,36.40370114336064,39914000
2015-11-03,37.11191940307617,37.25465095212452,36.732282521981745,36.94390696134643,36306000
2015-11-04,37.433563232421875,37.66104588481294,37.13074836229224,37.16544058222655,41840000
2015-11-05,37.69921875,37.98072302629213,37.5406251643169,37.60703384145855,45486000
2015-11-06,37.74531173706055,37.81568686183462,37.419696334636356,37.635782603204404,33544000
2015-11-09,37.40680694580078,37.82956055422192,37.12629713680896,37.59265896817112,35538000
2015-11-10,37.579769134521484,37.69574136007943,37.09160134799156,37.342871352393196,29798000
2015-11-11,37.92620086669922,38.116015541307995,37.65361640668833,37.78396085814477,41866000
2015-11-12,37.49403762817383,37.953464830901304,37.46083139879576,37.67493255184453,35452000
2015-11-13,36.67827224731445,37.434562822166534,36.648533350875624,37.37063081186931,48188000
2015-11-16,37.19121551513672,37.25514751447282,36.3937859551659,36.68520440328706,50704000
2015-11-17,36.971168518066406,37.41572809996909,36.87551629012614,37.29281742591975,38864000
2015-11-18,37.66650390625,37.720525466967544,37.04104940754688,37.14909252898197,36266000
2015-11-19,37.66303634643555,37.826087912696245,37.52872544515207,37.65510345403689,28078000
2015-11-20,38.50853729248047,38.62351886219233,37.86920966677689,38.126922805875544,55478000
2015-11-23,38.49366760253906,38.80094428854692,38.33556937088508,38.53183093966916,34648000
2015-11-24,38.143280029296875,38.458485874141324,37.57234235334996,38.30831673079067,47880000
2015-11-25,38.124942779541016,38.31029947400531,37.98964120270627,38.245373017983475,23612000
2015-11-27,38.25925064086914,38.35985999238515,38.012933932142175,38.11998639606735,14434000
2015-11-30,37.80725860595703,38.41090333313386,37.72151681740455,38.25429109375939,33586000
2015-12-01,38.845054626464844,38.90502396894783,37.960896285261704,38.009960735959005,40398000
2015-12-02,38.55066680908203,39.30398533294963,38.48028791000234,38.917413736414346,46876000
2015-12-03,38.07240676879883,38.87925154521696,37.78743517557752,38.684975074929156,41950000
2015-12-04,38.61806106567383,38.777149950338305,37.93908419536366,38.147237522852826,49800000
2015-12-07,38.30979919433594,38.706776533144634,37.99905140758588,38.6601887536702,36626000
2015-12-08,38.41635513305664,38.59031159177223,37.79090063352349,37.88902953011496,31082000
2015-12-09,37.792388916015625,38.463440572456555,37.27002039401039,38.21613320233891,46550000
2015-12-10,37.66798400878906,37.96683621191208,37.418200027384074,37.8439255534266,32458000
2015-12-11,37.19121551513672,37.53913218505111,37.10349240272854,37.12084040444098,43184000
2015-12-14,37.791893005371094,37.87168701732499,36.489442833566024,37.23285093204639,53864000
2015-12-15,37.670467376708984,38.397022713270175,37.56688604281139,38.052081822339964,49386000
2015-12-16,38.48821258544922,38.73155725240424,37.51980237315658,37.99161658983304,53120000
2015-12-17,38.1531867980957,38.73601613793585,38.12691901929806,38.71470547127347,36510000
2015-12-18,37.509891510009766,38.36679513735825,37.49700528629999,38.024330886296674,67794000
2015-12-21,37.70565414428711,37.98071525171718,37.37607614845334,37.817164586506095,34848000
2015-12-22,38.019371032714844,38.178459922760425,37.725479698903165,37.87763014446441,36338000
2015-12-23,38.087764739990234,38.255777187749835,37.54953806978515,38.19580785297315,30594000
2015-12-24,37.95543670654297,38.12195936395962,37.88357560063463,38.08825780979171,10412000
2015-12-28,38.76823425292969,38.79697869910714,38.049112640688186,38.16161375975132,31156000
2015-12-29,39.34908676147461,39.5835078954568,38.96449650098464,39.00364672472533,38430000
2015-12-30,39.167694091796875,39.47298946788614,39.01405762802681,39.34908811809244,28566000
2015-12-31,38.55859375,39.070057330670686,38.524396859254466,39.04478021715522,32752000
2016-01-04,37.63825225830078,37.775039816843936,37.04848069065021,37.775039816843936,67382000
2016-01-05,37.74184036254883,38.12196888150753,37.45042563931496,37.86921283389768,45216000
2016-01-06,37.63280487060547,37.9499920299941,37.07128611994566,37.18874435992907,48206000
2016-01-07,36.72435760498047,37.43356877703162,36.440872025646534,36.99644674111335,63132000
2016-01-08,36.22429275512695,37.176349463904224,36.12566474837627,37.06136790213144,47506000
2016-01-11,36.33134460449219,36.43096328618479,35.66178273867717,36.275837041778786,50896000
2016-01-12,36.939449310302734,37.08813243520598,36.497865496106485,36.71196662477227,46816000
2016-01-13,35.66227340698242,37.31908318919751,35.52399985144096,37.137689186627284,51728000
2016-01-14,36.24808120727539,36.66934501648407,34.94017866316869,35.90363562560155,55558000
2016-01-15,35.2122688293457,35.88975978830564,34.76721389231508,35.18748704759589,76676000
2016-01-19,35.63799285888672,35.948740691633965,35.18055078378689,35.69102375766481,48724000
2016-01-20,35.612220764160156,36.02803212577534,34.08674598735914,34.98478116096561,82440000
2016-01-21,36.014156341552734,36.559321507615586,35.242994485192334,35.69201208578,51938000
2016-01-22,36.94540023803711,37.09904048851085,36.69958264338378,36.77392043100256,47146000
2016-01-25,36.35859680175781,37.29231854425593,36.30308924858752,36.86510700560522,45340000
2016-01-26,36.36701965332031,36.64802851952933,36.029017237226086,36.437398539010836,30940000
2016-01-27,35.56364822387695,36.47109842060244,35.35896222809651,36.47109842060244,42428000
2016-01-28,37.08615493774414,37.22789585113816,36.20893121620584,36.58509706553867,62104000
2016-01-29,37.732913970947266,37.919261308278145,36.88294883872578,37.11885973545307,75808000
2016-02-01,38.19977951049805,38.53778200333461,37.73440455316626,38.22406217887626,111522000
2016-02-02,38.70232391357422,40.1613863671648,38.68695724186778,39.67321473396329,135846000
2016-02-03,37.13968276977539,39.223700802294246,36.489446396113856,38.96846429939019,131114000
2016-02-04,36.18067932128906,36.93449696160292,35.81244639348671,36.90228140141073,104922000
2016-02-05,34.878719329833984,36.016627951836874,34.699310448037245,35.95616706792333,109556000
2016-02-08,34.89854431152344,34.916387645717705,33.80077656412956,34.08178544538615,89410000
2016-02-09,34.742923736572266,35.73116240356489,34.122426404442294,34.34297062627472,84300000
2016-02-10,35.031864166259766,35.84317066650559,34.95950771861591,35.276694851091484,60314000
2016-02-11,35.0075798034668,35.302960920712195,34.255747344927826,34.510983794143755,65004000
2016-02-12,35.03384780883789,35.485342040891325,34.77067846599984,35.297508703609395,46538000
2016-02-16,35.56662368774414,35.82632192970277,35.19690099331598,35.61667880155924,43444000
2016-02-17,36.27682876586914,36.36554255840018,35.515581088982934,36.0305120585616,49154000
2016-02-18,35.560176849365234,36.476550597063806,35.46303863066526,36.37544971377849,47276000
2016-02-19,35.78815460205078,35.88331148782119,35.34260439630213,35.48038261309075,34918000
2016-02-22,36.13210678100586,36.41955878626943,35.85456900001686,36.154903446967474,37516000
2016-02-23,35.54927062988281,36.22378947175091,35.46898508217872,35.98590104579814,41332000
2016-02-24,35.728187561035156,35.74404956379297,34.79248820741006,35.21820999298871,37092000
2016-02-25,36.13557815551758,36.15490370877244,35.34805902450568,35.82879681374895,36146000
2016-02-26,35.92445755004883,36.48449036090753,35.779740845887794,36.35761699609632,42474000
2016-02-29,35.545806884765625,36.20892557094318,35.52697288328393,35.733144889867106,45068000
2016-03-01,36.7823371887207,36.79026629818316,35.61617579785481,35.7480062229424,60112000
2016-03-02,36.649024963378906,36.82942453172639,36.3402622731228,36.81703742240117,36292000
2016-03-03,36.257991790771484,36.72435738451275,36.160853561150574,36.64902515606832,40534000
2016-03-04,36.19009017944336,36.42698792933757,35.96210842415827,36.41707748749257,48516000
2016-03-07,35.326751708984375,36.04092001602453,34.947118553748695,35.93882467011643,61690000
2016-03-08,35.36293029785156,35.7950990205075,34.89062068399552,35.108189154196516,52530000
2016-03-09,35.95170974731445,35.99284508425381,35.31981213693724,35.444208814018566,39544000
2016-03-10,36.28673553466797,36.50331330145577,35.846637775808276,36.069658653644055,44616000
2016-03-11,36.91615676879883,36.917642768168925,36.51124651804563,36.672320531192405,35380000
2016-03-14,37.18230056762695,37.381534150223594,36.856189854893664,36.921116310014405,32824000
2016-03-15,37.19865036010742,37.31957969896712,36.81554612385186,36.97314901838663,29832000
2016-03-16,37.53516387939453,37.61644387641589,36.99693723741421,37.12331523054991,29306000
2016-03-17,37.590675354003906,37.930659150739736,37.53516779535316,37.5495400181346,44564000
2016-03-18,37.43851852416992,37.772059152383314,37.260595654453205,37.74678582412518,56222000
2016-03-21,37.77305603027344,37.83153558143933,37.23333960881236,37.36417938050467,28774000
2016-03-22,37.668479919433594,37.91380590711201,37.560935927486035,37.58868970362327,22096000
2016-03-23,37.54507064819336,37.93313192834209,37.469243103497824,37.832027275025354,24678000
2016-03-24,37.41027069091797,37.545073123058,37.195178930454425,37.22987114988403,31116000
2016-03-28,37.33295440673828,37.58174770230019,37.271499082370255,37.47618127142398,21676000
2016-03-29,37.957923889160156,38.02185968376586,37.085661028292506,37.35278930799616,40062000
2016-03-30,38.079341888427734,38.52390146744234,38.04167766593799,38.07289877678006,40396000
2016-03-31,37.809730529785156,38.11601274381299,37.57927208847775,38.07933919014942,32554000
2016-04-01,38.145259857177734,38.16359474513441,37.428115802807774,37.525257812808825,31674000
2016-04-04,37.919761657714844,38.28254593719062,37.75472496537778,38.137330133831746,26924000
2016-04-05,37.59513854980469,37.80824901513122,37.44794142227508,37.57333254825152,24478000
2016-04-06,38.06596374511719,38.08331174916066,37.482635218570984,37.55895811779012,25312000
2016-04-07,37.67195510864258,38.129892464461776,37.542105990186734,37.929668231923635,25498000
2016-04-08,37.63974380493164,38.01937697856463,37.45637222109776,37.95693096843974,23434000
2016-04-11,37.544090270996094,38.02383744624511,37.53417982673998,37.93611432272664,31774000
2016-04-12,37.88011169433594,37.909846808483316,37.24821405052019,37.58820165526021,27388000
2016-04-13,38.25627136230469,38.44658135582549,37.893487147241345,38.17697269579462,35426000
2016-04-14,38.428741455078125,38.63788544717857,38.321193679418,38.42725545585743,26992000
2016-04-15,38.6572151184082,38.70330756283231,38.40594134467896,38.43419423596172,31712000
2016-04-18,39.037837982177734,39.08095842713556,38.53876534016277,38.666629332331645,33540000
2016-04-19,38.47136306762695,39.19990349495738,38.17499129722178,39.17760216297834,43952000
2016-04-20,38.40544509887695,38.64036531311555,38.22455021936193,38.61558353513555,34262000
2016-04-21,38.6572151184082,38.74047644951721,38.23842801630515,38.52389867825192,77628000
2016-04-22,36.56427764892578,37.364679263945675,36.19753073330452,36.8685785600778,140798000
2016-04-25,36.784332275390625,36.916658082976596,36.43195752797515,36.44434842040455,49442000
2016-04-26,35.949729919433594,36.951841823038585,35.6994467742317,36.89385759485888,55864000
2016-04-27,35.755943298339844,36.037939065535866,35.14238064462546,35.947243957369174,66262000
2016-04-28,34.94314956665039,36.14251740082826,34.850968452731756,35.84664094305175,62590000
2016-04-29,35.082916259765625,35.292555620985475,34.879716229609336,34.89656890051381,58278000
2016-05-02,35.40654373168945,35.456103511833895,35.00758126259808,35.28313772386354,33476000
2016-05-03,35.11066818237305,35.35499975761387,35.0556559553128,35.311883088071774,38620000
2016-05-04,35.255882263183594,35.43826317704024,34.893097986947424,35.0279042302782,34172000
2016-05-05,35.421409606933594,35.562159829605726,35.1607207139638,35.43578182905848,29668000
2016-05-06,35.9403076171875,35.98045228573488,35.28462270775316,35.29701359772488,39952000
2016-05-09,36.136077880859375,36.39180969501579,35.85705028347557,36.01564386177556,38074000
2016-05-10,36.644073486328125,36.67479926638615,36.2589878822856,36.42501523603503,32634000
2016-05-11,36.20644760131836,36.71444382174103,36.0751124911191,36.70056693297408,29834000
2016-05-12,36.08353805541992,36.44533162193915,35.89520938504354,36.2783098372931,27094000
2016-05-13,35.92295837402344,36.24311744909505,35.85753660157341,36.01167214267577,25244000
2016-05-16,36.194061279296875,36.31201484870104,35.68358832902154,35.897689465754084,22538000
2016-05-17,35.69300079345703,36.4691197197954,35.58446612427509,36.23172659914149,33404000
2016-05-18,35.77180480957031,35.95963815434279,35.43677434186829,35.609244797523075,32536000
2016-05-19,35.45114517211914,35.70836673671555,35.20334249880722,35.599332955471304,30598000
2016-05-20,35.768333435058594,36.065200563188185,35.436278749684575,35.5081436446972,34798000
2016-05-23,35.54729461669922,35.857047974776364,35.53193172736978,35.682596184229425,24816000
2016-05-24,36.3293571472168,36.38734136592984,35.66623472421062,35.676148947977524,37884000
2016-05-25,36.580631256103516,36.669345041082416,36.30805057051219,36.426994800930785,32216000
2016-05-26,36.52264404296875,36.72931137520438,36.327872267152486,36.47655159772016,27202000
2016-05-27,37.05146026611328,37.06682315607613,36.52661131110884,36.55139309324433,34802000
2016-05-31,37.11341094970703,37.34287497641689,36.95085092867566,37.10894917019417,42484000
2016-06-01,37.094078063964844,37.23829940116446,36.88988739091535,37.09457339706675,20788000
2016-06-02,36.88642120361328,37.03659032386361,36.526113625402196,36.97711631927044,33916000
2016-06-03,36.46961212158203,36.748639669444856,36.37296923603814,36.748639669444856,24608000
2016-06-06,36.182167053222656,36.600458897930075,36.09444770854137,36.600458897930075,29992000
2016-06-07,36.23320770263672,36.5117361210108,36.21883548197695,36.34125080527608,24314000
2016-06-08,36.81999969482422,36.86361168542738,36.46514843055034,36.65000594820233,32314000
2016-06-09,36.79969024658203,36.86957003064332,36.50133710760928,36.529586221116226,19180000
2016-06-10,36.3372917175293,36.65695553042757,36.204470592209304,36.474079289185745,29050000
2016-06-13,36.272361755371094,36.62523172397667,36.1702664302924,36.1702664302924,23354000
2016-06-14,36.34026336669922,36.47655560389819,36.00573200030431,36.14499623635023,26584000
2016-06-15,36.2877311706543,36.53354874677401,36.244115386547904,36.42302895885499,23234000
2016-06-16,35.89421844482422,36.198519338651344,35.46254510250856,36.0780853347088,45002000
2016-06-17,34.90300750732422,35.75247351555074,34.74788128177371,35.75247351555074,82262000
2016-06-20,34.99617385864258,35.478892899941414,34.96049097550608,35.203336495209506,45654000
2016-06-21,35.132476806640625,35.454621081763705,34.92333277403845,35.190461036824935,30318000
2016-06-22,35.211273193359375,35.39662987357787,34.98379051052334,35.388700762412896,29058000
2016-06-23,35.429344177246094,35.429839510418546,34.7047700563492,35.215243030499835,42500000
2016-06-24,33.95888137817383,34.94018176376423,33.944509153879146,34.20519808620555,95436000
2016-06-27,33.757667541503906,33.86620600812694,33.33739434775077,33.82457533341802,58146000
2016-06-28,34.25921630859375,34.33256720359244,33.94153384325508,34.26466875411095,38246000
2016-06-29,34.45398712158203,34.667592907590276,34.32959045030317,34.40789845547613,43124000
2016-06-30,34.8673210144043,34.879216571077094,34.43961411896773,34.57590634410154,42250000
2016-07-01,35.20036697387695,35.3133634086212,34.87723210850388,34.94513054842834,30984000
2016-07-05,34.93472671508789,35.094806284256386,34.6492598019758,34.94067449386487,28440000
2016-07-06,35.136932373046875,35.33666125894129,34.64281304625508,34.684443712146134,28902000
2016-07-07,35.052188873291016,35.19641023598522,34.72558658646614,35.19343823684837,21174000
2016-07-08,35.57355880737305,35.5795065854869,35.094307038399194,35.21573170373295,29946000
2016-07-11,36.04042434692383,36.126162354660075,35.627584968812826,35.65484341634406,28822000
2016-07-12,36.30358123779297,36.45672232797554,36.0552832706065,36.27434146469152,26468000
2016-07-13,36.153419494628906,36.45276707350309,36.13062282737658,36.45276707350309,20436000
2016-07-14,36.46664810180664,36.48349699230333,36.208435830009385,36.37446319374799,21408000
2016-07-15,36.458213806152344,36.724351336941545,36.409145585124406,36.724351336941545,32342000
2016-07-18,37.32899475097656,37.425142309719995,36.50183005838749,36.57121450478288,38698000
2016-07-19,37.33940124511719,37.49700034530785,37.095561255359605,37.16395502993372,30436000
2016-07-20,37.52128982543945,37.6977267210247,37.371120709067064,37.371120709067064,22502000
2016-07-21,37.38896179199219,37.57431845346093,37.245731128879726,37.517321119359636,19062000
2016-07-22,37.63031768798828,37.63874213060819,37.302225728325084,37.53317947842567,20920000
2016-07-25,37.54309844970703,37.6570893515757,37.37211398748853,37.55102756110182,21466000
2016-07-26,37.549537658691406,37.629331659822384,37.3066921048537,37.54309454738367,23792000
2016-07-27,37.76363754272461,37.886548205500176,37.46429377726735,37.61495821672331,32172000
2016-07-28,37.95543670654297,38.110562922328064,37.620901611350405,38.10411981133265,73464000
2016-07-29,39.219234466552734,39.843694475059195,39.15282201975039,39.53493558365979,101810000
2016-08-01,39.69501495361328,40.019635846117126,38.90700049731334,38.98778516590981,60594000
2016-08-02,39.65437698364258,39.76341076894341,39.377334522302355,39.51610341953292,39928000
2016-08-03,39.594905853271484,39.625635414842904,39.30250048161637,39.47348494996381,29206000
2016-08-04,39.51213836669922,39.6583410470677,39.347101683565626,39.56120281558096,21520000
2016-08-05,39.991886138916016,40.00625836248688,39.53989275264562,39.65388365608966,36146000
2016-08-08,39.90763473510742,40.025092972353924,39.73218848838331,39.945794293769914,24426000
2016-08-09,40.01913833618164,40.30906699038392,39.8496398975113,39.870950562966186,32154000
2016-08-10,40.06919479370117,40.18764368094775,39.97007524028606,39.997829017735775,18370000
2016-08-11,40.05482482910156,40.336329065313144,39.9457910454994,40.167325944496035,25646000
2016-08-12,39.99782943725586,40.00476788169106,39.82882632418998,39.900691215163,17946000
2016-08-15,39.94380569458008,40.211433014360686,39.84815347699449,40.005756358015354,18596000
2016-08-16,39.707401275634766,39.8595517041727,39.49973951626442,39.82188370623302,21158000
2016-08-17,39.91704559326172,39.92745515071366,39.46505224829601,39.648427587107115,21322000
2016-08-18,39.78472137451172,40.044914946997075,39.72921381570619,39.9140751610742,17292000
2016-08-19,39.63107681274414,39.70938481120003,39.493797711250195,39.638015256837164,22416000
2016-08-22,39.49726867675781,39.61373623785701,39.36741955930739,39.574582235026604,17056000
2016-08-23,39.47942352294922,39.697986412506935,39.44968841294659,39.672213967214724,18350000
2016-08-24,39.33124542236328,39.572109680539256,39.19049139949707,39.49281100041702,25672000
2016-08-25,39.21724319458008,39.38674161665419,39.01553300152756,39.25193541182705,24054000
2016-08-26,39.31240463256836,39.61869062709114,39.123580638463466,39.276226412063025,24978000
2016-08-29,39.44126510620117,39.57507688623887,39.168680652757516,39.30398221327318,15474000
2016-08-30,39.24798583984375,39.549314787972385,39.12656114839097,39.29556429382034,23348000
2016-08-31,39.14539337158203,39.23063604961096,39.01405824122998,39.133002480174085,21428000
2016-09-01,39.22221755981445,39.29606380514231,38.970947486042206,39.25096201229691,26070000
2016-09-02,39.49330520629883,39.50470543106252,39.31439162913674,39.41401030960914,26998000
2016-09-06,40.0458984375,40.18813464086775,39.42193006469658,39.568628046514874,39790000
2016-09-07,40.0444221496582,40.173772163242816,39.83279767772674,40.04144636958012,22906000
2016-09-08,39.789180755615234,40.06573167418405,39.69848563628367,39.90713810334589,23554000
2016-09-09,39.077484130859375,39.73515404859169,39.056173467234075,39.58746162112465,37752000
2016-09-12,39.58994674682617,39.656850743766306,38.83067675148479,38.88123097546408,37274000
2016-09-13,39.089385986328125,39.439779331809724,38.87181375543551,39.351560883764755,36180000
2016-09-14,39.175621032714844,39.466544168850795,39.0304090217951,39.0304090217951,25842000
2016-09-15,39.70939254760742,39.82932745281941,39.08641467589274,39.15332246452814,31144000
2016-09-16,39.54782485961914,39.59986509323874,39.33223770855794,39.59986509323874,42612000
2016-09-19,39.419960021972656,39.846180983445436,39.329264896071,39.70344562500045,22990000
2016-09-20,39.63751983642578,39.784716942421525,39.56218761770059,39.64842472619155,20984000
2016-09-21,39.89772033691406,39.94133612241402,39.451674724733486,39.710877647300265,26970000
2016-09-22,40.43891525268555,40.59304701950773,40.03053772374763,40.14402949278249,35186000
2016-09-23,40.389854431152344,40.49095532045387,40.279334650563136,40.39877420816866,28234000
2016-09-26,39.779762268066406,40.147998940983115,39.6707284884015,40.13511271816795,29454000
2016-09-27,40.18021011352539,40.31699766914789,39.73912167053593,39.73912167053593,27346000
2016-09-28,40.147010803222656,40.15642969585101,39.786211632368754,39.850638975401445,29406000
2016-09-29,39.779266357421875,40.33781302237875,39.691047912546445,40.006749023428284,27000000
2016-09-30,39.849639892578125,40.04936877308175,39.72276656600172,39.826843227920286,33204000
2016-10-03,39.667259216308594,39.8238676524735,39.46158255675984,39.77480321025814,29784000
2016-10-04,39.78670120239258,39.97057187456696,39.63207408904432,39.896230316501224,25174000
2016-10-05,39.70939254760742,40.069696377575134,39.68362009847835,39.945795025893595,24276000
2016-10-06,39.80107498168945,39.992874772158146,39.67370630861034,39.85063476194915,21998000
2016-10-07,39.683616638183594,39.94281954402184,39.490826182027234,39.942324210902484,23262000
2016-10-10,40.350704193115234,40.50979310078512,39.7594465659956,39.843203242180316,29922000
2016-10-11,40.12272262573242,40.63270019741241,40.013688843900894,40.350700632667106,34432000
2016-10-12,40.23175811767578,40.3670559033372,40.072173884155006,40.24117322824246,18158000
2016-10-13,39.85063552856445,39.97354620592103,39.580036173829214,39.94926353902926,27380000
2016-10-14,39.876407623291016,40.14849675617935,39.76341117187792,40.017656968726286,22238000
2016-10-17,39.987422943115234,40.317000969617915,39.83824826691566,39.94529694018663,21128000
2016-10-18,40.71348571777344,41.07626617908911,40.30907080657506,40.352682807750895,45786000
2016-10-19,40.978633880615234,41.12533567303027,40.782376088112784,40.782376088112784,30002000
2016-10-20,40.72042465209961,41.05941778444078,40.66689842563288,41.014316002207444,27878000
2016-10-21,40.840858459472656,40.8522586846026,40.55588686174685,40.639643540636854,32316000
2016-10-24,41.419715881347656,41.528749651753806,41.087661239596805,41.13970145953369,28952000
2016-10-25,41.063385009765625,41.556509937947624,40.902310994187594,41.556509937947624,37814000
2016-10-26,40.743717193603516,41.0217541063501,40.4587456170646,40.99251054595216,35898000
2016-10-27,40.50830841064453,40.96575047897831,40.372511500088656,40.78882200989298,59470000
2016-10-28,40.61783218383789,41.58128909299578,40.49095506814586,41.13227152883113,87098000
2016-10-31,40.139076232910156,40.76998314410577,40.04491378761631,40.760068919652475,44854000
2016-11-01,39.92001724243164,40.340294140599404,39.56219012609149,40.187149246945864,47118000
2016-11-02,39.07451629638672,39.983456277242425,38.90501785420698,39.983456277242425,47014000
2016-11-03,38.76576232910156,39.15282929592236,38.58932540308252,38.880244794685524,43504000
2016-11-04,38.711734771728516,39.077491011276464,38.211172301992065,38.226039857728104,39412000
2016-11-07,39.74903869628906,39.89623203830003,39.296549998048455,39.39815000575074,39852000
2016-11-08,40.24216842651367,40.44338335230911,39.629600089513005,39.74904344741871,35382000
2016-11-09,39.925472259521484,40.22878250545127,39.253929097339096,39.73912491173354,61970000
2016-11-10,38.671592712402344,40.147008660336425,38.07389197576204,40.14403666145616,118192000
2016-11-11,38.24834442138672,38.5229064277716,37.94057240987771,38.49911909517045,71852000
2016-11-14,37.329978942871094,38.24982370293515,36.852712344832675,38.248833036896855,73766000
2016-11-15,38.4173469543457,38.66911609645367,37.92471734287861,37.93710445273136,58878000
2016-11-16,38.65623092651367,38.83068272836427,37.97973060736642,38.1824315240625,35968000
2016-11-17,38.96250534057617,39.09830222267161,38.64978002647622,38.78111512985382,30674000
2016-11-18,38.45749282836914,39.21675916243531,38.426767047596925,39.01257224544291,36126000
2016-11-21,38.89511489868164,38.981843578197704,38.47384726811776,38.563056394674085,32616000
2016-11-22,38.905025482177734,39.339670891165404,38.842579471482374,39.102773073297676,27884000
2016-11-23,38.60765838623047,39.12903619409103,38.29294792320219,39.12903619409103,26260000
2016-11-25,38.668617248535156,38.800943029061486,38.567512578130156,38.786570806756636,12270000
2016-11-28,38.944175720214844,39.63554355069087,38.56305279931008,38.57544368984835,51508000
2016-11-29,39.12507247924805,39.47199474377138,38.921872452049314,39.072536915833474,31240000
2016-11-30,38.453025817871094,39.227658718117254,38.31772804060884,39.108219162246705,45582000
2016-12-01,37.88060760498047,38.587837492431156,37.33692841017196,38.585360826604166,57342000
2016-12-02,37.887046813964844,38.18639438646964,37.61644746793734,37.76017347564853,34376000
2016-12-05,38.56899642944336,38.657214871937406,38.0114404457135,38.16160955306641,33770000
2016-12-06,38.46790313720703,38.918905925673656,38.32616221255781,38.666641412818265,34682000
2016-12-07,39.22568130493164,39.25194530512058,38.336562090933924,38.654743684930345,40588000
2016-12-08,39.40904998779297,39.598868441112515,39.04924153017298,39.299025538983344,32250000
2016-12-09,40.11677169799805,40.14155347598476,39.55178194665078,39.613732610449105,38090000
2016-12-12,40.03995895385742,40.21094341430355,39.87294093965207,39.88731316287533,32572000
2016-12-13,40.4086799621582,40.852744146562834,40.24017597876392,40.26247730930111,42564000
2016-12-14,40.535064697265625,40.8507658038789,40.28180958942731,40.4374311438676,35994000
2016-12-15,40.42405319213867,40.78832344138497,40.243154509745004,40.50880053063809,35394000
2016-12-16,40.1361083984375,40.599993571891716,40.050861940203475,40.555886233887726,51978000
2016-12-19,40.26793670654297,40.45230272271957,39.87145089419559,40.10835247157643,25272000
2016-12-20,40.40174865722656,40.465684443032714,40.19359530642945,40.31105353874846,25438000
2016-12-21,40.25307083129883,40.42752262980913,39.901191454200884,40.42752262980913,29192000
2016-12-22,40.128173828125,40.197062939293644,39.94727515879461,40.099429384242015,22632000
2016-12-23,40.034996032714844,40.192103580277134,39.901679596807476,40.04540558935597,15310000
2016-12-27,40.140567779541016,40.44140138775488,39.935885524669494,40.07861710223711,19520000
2016-12-28,39.874916076660156,40.30906604821301,39.76935341799032,40.30906604821301,24296000
2016-12-29,39.791160583496094,39.93339679840021,39.556244147853626,39.76390213988699,21148000
2016-12-30,39.27425003051758,39.81148608547194,39.133991347345344,39.80751963918284,34718000
2017-01-03,40.045406341552734,40.21539633309131,39.49429347266178,39.67915101867974,39180000
2017-01-04,40.03351593017578,40.314029512552445,39.85212569234741,40.138583272344896,30306000
2017-01-05,40.29370880126953,40.329391692211246,39.94182944194694,40.02013366876819,26810000
2017-01-06,40.89784622192383,41.083698206767295,40.21837027635964,40.39133603959775,40342000
2017-01-09,40.995479583740234,41.15654979074312,40.71992316312091,40.955334919959085,28178000
2017-01-10,40.937496185302734,41.10600396926916,40.79525996159658,40.99003174348583,23948000
2017-01-11,41.1283073425293,41.13028867503638,40.71249597903308,40.967732442570274,26508000
2017-01-12,41.1119499206543,41.15407591948165,40.689691703883305,41.05495258591563,26990000
2017-01-13,41.181827545166016,41.365694418692534,41.11145243977034,41.18479954349188,25804000
2017-01-17,41.009361267089844,41.14416371371589,40.798232148348184,41.13524393666642,28818000
2017-01-18,41.086673736572266,41.12582773780253,40.84184306736323,41.12533240471116,20554000
2017-01-19,40.85621643066406,41.283927114090865,40.83590021101298,41.08568421811343,21410000
2017-01-20,41.044551849365234,41.09758274480478,40.86761960763241,41.090145185351695,26124000
2017-01-23,41.85040283203125,41.90541505595806,41.07081658690556,41.21503792479932,49148000
2017-01-24,42.10316848754883,42.20179272541414,41.74385153490285,41.976786686129884,33768000
2017-01-25,42.54524612426758,42.56209501388649,42.113572732334454,42.30240053724448,33108000
2017-01-26,42.472389221191406,42.6716227972633,42.15223007915274,42.57497989865023,69866000
2017-01-27,41.88014602661133,42.96899049157845,41.72502354931278,42.572508404994814,75050000
2017-01-30,40.8294563293457,41.49356566999955,40.690683657960925,41.48514122620114,70338000
2017-01-31,40.6490592956543,40.79179465394457,40.312542794101454,40.61486240089212,40404000
2017-02-01,40.40373611450195,40.83788617756218,40.25554831351611,40.83788617756218,45020000
2017-02-02,40.55340576171875,40.86563958432937,40.24563749985827,40.39184018568783,33784000
2017-02-03,40.64608383178711,40.94344630033324,40.60742516059685,40.794766956644644,30562000
2017-02-06,40.71992874145508,40.758088297109275,40.35664916664008,40.6852365176018,27018000
2017-02-07,41.09708023071289,41.23040045799427,40.8026935602112,40.91222267401646,33332000
2017-02-08,41.129295349121094,41.34587690892009,40.89289290319513,41.161510906122565,26044000
2017-02-09,41.13821792602539,41.23337482305369,40.96178480307231,41.22098393250447,23884000
2017-02-10,41.375614166259766,41.48960128266358,41.16052237575254,41.28144793701142,28302000
2017-02-13,41.579307556152344,41.71708578052589,41.44499666345865,41.51685777422816,25914000
2017-02-14,41.63233947753906,41.729973045318005,41.42418611762927,41.61945325318715,27266000
2017-02-15,41.49803161621094,41.718575863415886,41.44351472084171,41.571874066596955,27144000
2017-02-16,41.738399505615234,41.76416817205984,41.49505481502457,41.556510154089004,20102000
2017-02-17,41.95547866821289,41.97480800670296,41.619952811355624,41.69578038453241,29224000
2017-02-21,42.09027862548828,42.235490637284414,41.955472390602445,42.02684195425863,25206000
2017-02-22,42.1938591003418,42.314289328460646,41.963400639631736,42.02733642384717,24488000
2017-02-23,42.1760139465332,42.25630328259752,41.754750161082434,42.179980392493995,27734000
2017-02-24,42.01791763305664,42.04517607941746,41.777548728193615,42.009988521942944,26924000
2017-02-27,42.11009979248047,42.15965956959588,41.78002645887913,41.87617401457385,20206000
2017-02-28,41.87518310546875,42.06847268053751,41.70221731345511,41.995121784261,27662000
2017-03-01,42.46099090576172,42.52294157601747,42.07788666017805,42.19484955587026,36374000
2017-03-02,42.119022369384766,42.44810505868525,42.063019477216024,42.43918150014645,25018000
2017-03-03,42.08085632324219,42.16709343616341,41.86427854651128,42.073917878808004,20100000
2017-03-06,41.99114990234375,42.073915898568124,41.688830360010904,41.97082990308797,20958000
2017-03-07,42.183448791503906,42.29149190852137,41.90442500295243,41.99065833838675,20774000
2017-03-08,42.306861877441406,42.46991724647828,42.18841296409008,42.28108942665284,20576000
2017-03-09,42.5150146484375,42.657254677773004,42.25878748729413,42.30934172176209,26954000
2017-03-10,42.69194030761719,42.831699868243035,42.50361163394986,42.75587230943153,26732000
2017-03-13,42.84905242919922,42.97543044694041,42.66270506815027,42.66320040131378,23332000
2017-03-14,42.91496276855469,42.99772876780972,42.628501436216006,42.80791032344945,21234000
2017-03-15,43.037872314453125,43.11171854157127,42.686488295708166,43.01557098073358,26658000
2017-03-16,43.1176643371582,43.251975228752066,42.994753669042154,43.143932115765296,22090000
2017-03-17,43.2351188659668,43.3367188588941,43.03687599178794,43.30004152612913,37366000
2017-03-20,43.01408386230469,43.13451408619213,42.85350897006519,43.09189275232527,30844000
2017-03-21,42.133392333984375,43.289639682663555,42.011967664493994,43.120636567802215,50760000
2017-03-22,42.11654281616211,42.391603926924134,41.977770146891686,42.10068081383004,27334000
2017-03-23,41.613502502441406,41.714607176249935,41.28392826337118,41.699739620342264,65754000
2017-03-24,41.38998794555664,41.829095101589374,41.09064413929087,41.72997175624021,42114000
2017-03-27,41.5570068359375,41.69924685439289,40.8527527512607,41.040586106484,38692000
2017-03-28,41.66207504272461,41.89847749821515,41.24774590746946,41.61548726175343,30384000
2017-03-29,42.12001037597656,42.20525304165275,41.69924193042801,41.76714037558182,29146000
2017-03-30,42.10068130493164,42.22557330568013,41.96637419422664,42.224582639491935,18988000
2017-03-31,42.017417907714844,42.10464568318504,41.89054458082044,41.96934413176755,28820000
2017-04-03,42.46099090576172,42.57250135598831,42.00404043275527,42.06450510365735,39388000
2017-04-04,42.25383377075195,42.2751444411235,42.003055276952814,42.02734172759093,26970000
2017-04-05,42.07243347167969,42.65130016133401,42.003544357821276,42.35988548407028,37104000
2017-04-06,41.883609771728516,42.3043782357609,41.82909287997421,42.10167355757693,30672000
2017-04-07,41.73493194580078,41.922269977744456,41.49704346176193,41.87865797127684,22232000
2017-04-10,41.71510314941406,41.96489094846952,41.67000514788011,41.70717403821957,20924000
2017-04-11,41.62490463256836,41.860316434613516,41.36322504933803,41.715104419551565,19486000
2017-04-12,41.703208923339844,41.81521470207392,41.51140914188397,41.55452580837863,22716000
2017-04-13,41.639766693115234,41.81570824558395,41.52429358764056,41.68238802468832,21474000
2017-04-17,42.38069534301758,42.40597245299335,41.68189007019142,41.699238070276515,20982000
2017-04-18,42.3242073059082,42.49271132982481,42.188410395511006,42.252342404226155,18724000
2017-04-19,42.4490966796875,42.63197291631311,42.301404220210685,42.49270868244238,21606000
2017-04-20,42.62602615356445,42.81683148911624,42.49815837122617,42.609173484614466,23776000
2017-04-21,42.57001495361328,42.742984497947845,42.50955407233861,42.65278094674781,23458000
2017-04-24,43.560237884521484,43.611287441402276,42.924873004815744,43.040349892982505,33930000
2017-04-25,44.051387786865234,44.220387126029934,43.577588431366124,43.72527710321832,40760000
2017-04-26,44.066253662109375,44.25706277559072,43.868506104159046,44.17776410670597,26466000
2017-04-27,44.18024444580078,44.27639201017554,43.96911909561874,44.108878662805296,46846000
2017-04-28,45.8197135925293,46.38370901612631,45.7552824685737,46.041743850667366,76918000
2017-05-01,46.23106002807617,46.37974315493096,45.63534441672078,45.80137176571286,46556000
2017-05-02,46.44267654418945,46.735085635306596,46.14085234390958,46.25335722665174,35026000
2017-05-03,47.00569534301758,47.092424020377074,46.34951502561386,46.39114569822702,36496000
2017-05-04,47.31643295288086,47.5354911780535,46.95216272647354,47.09687939461371,38752000
2017-05-05,47.09638214111328,47.5007970186978,46.98833903221608,47.4155505747247,32310000
2017-05-08,47.51319122314453,47.627178336887035,46.95365008738095,46.956130534094115,37534000
2017-05-09,47.41506576538086,47.687154930311074,47.30058330110826,47.64403825626475,33758000
2017-05-10,47.322383880615234,47.415060330649936,47.07458119479416,47.39077766389666,22920000
2017-05-11,47.37441635131836,47.478496798056966,47.01361724400896,47.146438353236135,20622000
2017-05-12,47.337249755859375,47.47799998244411,47.18460397229969,47.47156065201552,24298000
2017-05-15,47.539459228515625,47.71192969416229,47.22227207833396,47.34468742758331,26754000
2017-05-16,47.80658721923828,47.87051922078462,47.59546187985211,47.7540554415305,22030000
2017-05-17,46.69445037841797,47.627177735331465,46.58987459506502,47.56324573457463,48982000
2017-05-18,47.10729217529297,47.289673076939124,46.64984635945451,46.745498589602185,36010000
2017-05-19,47.312965393066406,47.556310082819124,47.18163027095271,47.22227027476678,27206000
2017-05-22,47.77981948852539,47.81699215510055,47.407620176723356,47.429426174906546,27748000
2017-05-23,48.100975036621094,48.2972328096382,47.801132150861164,48.071735260134865,30908000
2017-05-24,48.45087814331055,48.47615147664205,48.15450633902321,48.33441057699143,22660000
2017-05-25,49.157108306884766,49.351388528565046,48.46127876299279,48.519762097079884,39082000
2017-05-26,49.22698974609375,49.38161684645283,48.934085317517045,49.16404463581651,32728000
2017-05-30,49.37071990966797,49.44258480776615,49.13233610978371,49.18883433704789,30324000
2017-05-31,48.920711517333984,49.54071357856738,48.65258882391832,49.37270489662494,34482000
2017-06-01,48.980186462402344,49.220555379999716,48.63326041932421,49.11251225507558,26128000
2017-06-02,49.36823654174805,49.38607987585754,48.91971433533389,48.99504655518206,34710000
2017-06-05,49.752830505371094,49.92728228920803,49.33503404259115,49.45596338239809,27578000
2017-06-06,49.39599609375,49.98725369866325,49.30282431006738,49.72458345521274,31042000
2017-06-07,49.6348762512207,49.75431580885932,49.35584868643712,49.51543291241337,27482000
2017-06-08,49.77265167236328,49.83806966876248,49.393018572746165,49.770171225820434,33758000
2017-06-09,48.07966613769531,49.833118842679596,47.249525674177555,49.83262350957983,72958000
2017-06-12,47.66781997680664,47.974601334339155,46.4283112185291,47.51467885518779,84042000
2017-06-13,48.09850311279297,48.46574536436495,47.67773085261854,48.1748260077312,40108000
2017-06-14,47.97112274169922,48.55445113928811,47.55382166345364,48.346297823798146,30110000
2017-06-15,47.5870361328125,47.6118179142151,46.605244267306134,46.98438207951829,48552000
2017-06-16,47.50971984863281,47.5756369634385,47.01808094434901,47.474532292252285,51184000
2017-06-19,48.33242416381836,48.53462971505962,47.98450750083498,48.05636860937398,29376000
2017-06-20,48.02366638183594,48.60848087705902,47.98451237738738,48.336887073917495,25946000
2017-06-21,48.49944305419922,48.54702149910372,48.046459052009,48.112871497872675,23232000
2017-06-22,48.40180587768555,48.594100975280234,48.23775988883182,48.414192985199314,20190000
2017-06-23,48.871150970458984,48.897418751054204,48.29476092143153,48.34630581636087,31280000
2017-06-26,48.17729949951172,49.26267640825235,48.09007171911354,49.064928848355336,30358000
2017-06-27,46.98784637451172,47.93594040091605,46.93828659607867,47.65741195055095,48872000
2017-06-28,47.628170013427734,47.73868979775251,46.39659038252832,47.115220428367884,54912000
2017-06-29,46.478858947753906,47.164778070780955,46.071472053120615,47.14941518243859,64134000
2017-06-30,46.075439453125,46.83470570190707,46.07196834020589,46.784650589899336,45754000
2017-07-03,45.568931579589844,46.30143853515024,45.36325489435197,46.25088430623894,33896000
2017-07-05,46.203304290771484,46.403033190473344,45.52779469892269,45.803846491367764,41882000
2017-07-06,45.976806640625,46.395593723714754,45.58825377975694,45.8434902065214,40298000
2017-07-07,46.627052307128906,46.81786144499741,46.08089267547793,46.140366684742816,33266000
2017-07-10,47.1320686340332,47.23763508563493,46.68354639151031,46.68354639151031,29030000
2017-07-11,47.2574577331543,47.32486085061425,46.84065570012791,47.108283056276136,29224000
2017-07-12,47.95774841308594,48.05538197474087,47.4314172673037,47.62073661196505,32042000
2017-07-13,48.01673126220703,48.504902894116135,47.81601167591156,48.113374166022226,30492000
2017-07-14,48.41618728637695,48.44740839936554,48.081156801169975,48.27196593581249,21592000
2017-07-17,48.36909866333008,48.73535021983549,48.11336688491202,48.38694199812751,33210000
2017-07-18,48.91376876831055,49.107054547975494,48.174822539030025,48.24024053805157,28266000
2017-07-19,49.20221710205078,49.34247200737529,48.916746397546156,49.06542952878845,28242000
2017-07-20,49.173465728759766,49.49511083271588,48.7982906214332,49.41184950092121,28368000
2017-07-21,49.2552490234375,49.31819036553997,48.775997173896364,49.01537543208591,29266000
2017-07-24,49.47677993774414,49.86731796445462,49.07831279991383,49.26813125834335,79690000
2017-07-25,48.0256462097168,48.407260673759815,47.76644330533619,48.108412214209615,118672000
2017-07-26,47.841285705566406,48.26948800003686,47.589520331292526,48.211503769373486,44432000
2017-07-27,47.206905364990234,48.0499320697332,46.44119599951269,48.03307940046941,74358000
2017-07-28,47.4953498840332,47.6668296761322,46.850070719286066,46.98289562142392,36276000
2017-07-31,46.85948944091797,47.63709439068046,46.672642978970046,47.57811571794012,45670000
2017-08-01,46.912017822265625,47.30503249084778,46.83272293468783,46.97396848928554,28052000
2017-08-02,46.96554946899414,47.03790970163964,46.21619359994893,47.00172769473235,40788000
2017-08-03,46.601776123046875,47.08251397599941,46.55915478374782,47.037911304036,22478000
2017-08-04,46.87385559082031,46.960584250992916,46.57698849540803,46.78266137073735,25092000
2017-08-07,46.87187957763672,47.030972270022026,46.76036911795436,46.959602702136756,28916000
2017-08-08,46.794559478759766,47.2059128141903,46.70981214621997,46.79951659083578,30102000
2017-08-09,46.59086990356445,46.77325079908729,46.28557455411366,46.51008523231916,28018000
2017-08-10,45.77360916137695,46.40352154360781,45.68390472565348,46.33909421768081,54148000
2017-08-11,46.095760345458984,46.25782124152637,45.65615787607751,45.77956388319256,32334000
2017-08-14,46.53387451171875,46.63844652021004,46.31382560348332,46.54081295674267,23012000
2017-08-15,46.49174880981445,46.73905616661617,46.420383026582655,46.63795148939698,22130000
2017-08-16,46.79852294921875,47.07754670830933,46.58887984893799,46.648849179622154,26906000
2017-08-17,45.97532653808594,46.775728140756264,45.97433587184806,46.73310680551456,33914000
2017-08-18,45.9019775390625,46.14185111944303,45.766679749797596,45.94162687722783,26748000
2017-08-21,45.6388053894043,46.0045615955936,45.52630428424928,45.88165471483993,26024000
2017-08-22,46.606727600097656,46.684041157520184,45.90147912960223,45.94063313200406,35502000
2017-08-23,46.71477508544922,46.856020657301045,46.35100014953306,46.438224158406776,22690000
2017-08-24,46.432769775390625,46.899626885904645,46.12796977151488,46.77077222107302,25892000
2017-08-25,46.1160774230957,46.623079194734785,46.09625275617519,46.54774697290428,23746000
2017-08-28,45.99862289428711,46.3316682504805,45.89850888547771,46.18447490777051,20988000
2017-08-29,46.37626647949219,46.49719581148799,45.561492721843514,45.593212944659875,23172000
2017-08-30,46.766807556152344,46.87732733846916,46.292017535755654,46.37230687366373,22406000
2017-08-31,47.34220886230469,47.43934709229802,46.89665860177395,46.89913526742773,33866000
2017-09-01,47.181129455566406,47.49534455833292,47.09638212586357,47.452723226944414,20858000
2017-09-05,46.660255432128906,47.15139902026593,46.368836965392624,46.92688833685799,29148000
2017-09-06,46.6870231628418,46.80993006943579,46.22412486045601,46.77870895490736,27830000
2017-09-07,47.077056884765625,47.10729111075989,46.46448862786199,46.79753775990316,22332000
2017-09-08,46.65678405761719,47.11720186485649,46.58739960906142,47.0676420846265,19998000
2017-09-11,46.74995803833008,47.215329161023206,46.63646247771097,46.943739154607016,26748000
2017-09-12,46.916481018066406,46.98784679715842,46.463001668046026,46.92986257429225,25696000
2017-09-13,47.10430908203125,47.223752408473665,46.821814214772424,46.85948221369671,21908000
2017-09-14,46.59334182739258,46.98487047247296,46.50561872034105,46.884261143489034,28548000
2017-09-15,46.35347366333008,46.67363657303879,46.15324942942074,46.591365901284604,39886000
2017-09-18,46.07890701293945,46.43128169350393,45.86331989401225,46.3395959130257,29474000
2017-09-19,46.43128204345703,46.484808269052216,45.9257662424894,46.26030137129054,24854000
2017-09-20,46.96058654785156,47.08250654852219,46.462999883410056,46.47440010677012,40080000
2017-09-21,46.96108627319336,47.22127985310999,46.55617979468824,46.989834500826305,27414000
2017-09-22,46.74846649169922,47.0825062682508,46.62853160526294,46.7241838270284,21496000
2017-09-25,46.30341720581055,46.574511879532245,45.819208299770416,46.5596443240609,37468000
2017-09-26,46.459529876708984,46.789107884135284,46.345047431969284,46.422856321484545,33454000
2017-09-27,47.573158264160156,47.84722872867903,46.68354753517249,46.72270153900915,46692000
2017-09-28,47.81650161743164,47.88439628409451,47.357569818764226,47.39226204234586,28018000
2017-09-29,48.25808334350586,48.36166467669669,47.87547445313153,47.87547445313153,40622000
2017-10-02,47.948333740234375,48.457320669009164,47.67475860691902,48.35373932776026,30782000
2017-10-03,48.17680358886719,48.1946469236786,47.71242314353376,47.95278825279981,21666000
2017-10-04,47.91414260864258,48.29179446173467,47.85615459519584,48.160954658050684,21156000
2017-10-05,48.826541900634766,48.8919636820472,48.08710032444512,48.211992327684776,35618000
2017-10-06,49.24533462524414,49.276064187029185,48.495483406256206,48.569329640003204,31060000
2017-10-09,49.17942428588867,49.583340144004396,49.13927961043849,49.31274075636267,25910000
2017-10-10,48.955894470214844,49.4351462517006,48.62433513576794,49.32759847210188,23268000
2017-10-11,49.840553283691406,49.935710176474416,48.962834362733496,49.01735125378274,36300000
2017-10-12,49.840553283691406,50.13246329242307,49.61505194173031,49.75084883624707,30614000
2017-10-13,49.95058059692383,50.29205040405746,49.91043592599392,50.012035936155605,26552000
2017-10-16,50.023921966552734,50.15525707439045,49.63586442114256,50.037798855070164,21420000
2017-10-17,50.1057014465332,50.282138347243546,49.86037921177929,49.9292683269917,20260000
2017-10-18,50.19194412231445,50.36887259456664,49.824202724268666,50.108187441923405,25596000
2017-10-19,49.651729583740234,49.923323395125706,49.42672733753675,49.79595093410311,34284000
2017-10-20,49.811805725097656,49.98922949530134,49.67303305944872,49.90993461038474,32120000
2017-10-23,48.84389114379883,49.84749275548873,48.722961802318444,49.817258529534215,32786000
2017-10-24,48.99009704589844,49.02826038540154,48.424611866793384,48.89147281283994,28902000
2017-10-25,49.13728713989258,49.2844804686767,48.45632515467068,48.8800655878684,30574000
2017-10-26,49.135311126708984,49.88318102769427,49.08822800737379,49.48471385119402,47396000
2017-10-27,51.22924041748047,52.71357991226411,50.89123793690241,51.09641929303544,103682000
2017-10-30,51.20247268676758,51.53452733400578,50.66721804929297,51.0057158074981,46804000
2017-10-31,51.198020935058594,51.59252165581403,50.86398110898537,51.19603960242486,30326000
2017-11-01,51.67182159423828,51.93251052635454,51.245600635111906,51.36058221054593,43262000
2017-11-02,51.69015121459961,51.81653300241037,50.98094005947345,51.54246254029072,26694000
2017-11-03,52.038063049316406,52.071269271103205,51.42648551225623,51.67924528312644,27770000
2017-11-06,51.675777435302734,52.16692478659665,51.64207587831288,51.99395900370159,18294000
2017-11-07,52.15700912475586,52.20756334943177,51.691638013595565,52.021212234328715,26104000
2017-11-08,52.449424743652344,52.66748854715737,51.89236400512903,52.04104335554122,24276000
2017-11-09,51.92556381225586,52.082172254920344,51.33727825199053,51.939440701158716,35892000
2017-11-10,51.748634338378906,51.87154501267032,51.603422330273105,51.73475744873855,19442000
2017-11-13,51.60243606567383,51.97612145160258,51.506288496225935,51.58261139575817,18814000
2017-11-14,51.624237060546875,51.65694795179312,51.014145475460474,51.429960607855584,21012000
2017-11-15,51.36503601074219,51.524620245493345,51.08501776435594,51.29515622772036,18106000
2017-11-16,51.96273422241211,52.12578956238235,51.443836872626704,51.48100576143099,23768000
2017-11-17,51.339263916015625,52.088124428030866,51.23221524166236,52.02865420266871,26712000
2017-11-20,51.27830505371094,51.47852928321402,51.18017238080679,51.34471372069416,17526000
2017-11-21,52.05343246459961,52.05789424399179,51.500338191404104,51.54494086065001,22206000
2017-11-22,52.13372039794922,52.307676853178165,51.902271269987224,52.09605239362389,14538000
2017-11-24,52.361698150634766,52.53763971864151,52.133720136841156,52.25613547853203,16492000
2017-11-27,53.12938690185547,53.18043646068641,52.27496376950155,52.46329622089415,35430000
2017-11-28,52.69722366333008,53.52537904268246,52.263568972012045,53.22752124889509,36424000
2017-11-29,51.413108825683594,52.473208670871344,51.03000457792416,52.344845550400976,55866000
2017-11-30,51.35314178466797,51.74814160733097,51.0508259772552,51.53998825225896,45092000
2017-12-01,50.80302047729492,51.406169840541914,50.39811023297362,51.06767204538539,37762000
2017-12-04,50.14882278442383,51.113769601535004,50.01748765348417,50.93832335072599,38778000
2017-12-05,50.53192138671875,51.37841542120458,49.675516908877654,50.10520514712618,38998000
2017-12-06,51.182159423828125,51.5221432259628,50.31930802310826,50.3792773619489,28710000
2017-12-07,51.769447326660156,51.9850344394333,51.312995988568474,51.34818354419263,30866000
2017-12-08,52.007835388183594,52.35673894921775,51.83337982649781,52.12826561142024,31170000
2017-12-11,52.136199951171875,52.33592886450991,51.74715168298317,52.09357861326066,23254000
2017-12-12,51.977603912353516,52.658070630733576,51.78431812029657,52.03856391743083,33882000
2017-12-13,52.107452392578125,52.31015329271311,51.869064820762155,52.14164928372909,27680000
2017-12-14,52.40877914428711,52.885055154028365,52.216979361863125,52.310650254125115,30962000
2017-12-15,53.12889099121094,53.289964995580945,52.53862787409119,52.72150409703904,63760000
2017-12-18,53.77764129638672,53.84702574165754,53.04811017368036,53.34943528692706,30292000
2017-12-19,53.51447677612305,53.77169836105772,53.142277403623225,53.675055462071356,26350000
2017-12-20,53.206214904785156,53.58634340096725,52.96039353652639,53.57098051074336,28728000
2017-12-21,53.0718994140625,53.40246809776301,52.98021363262275,53.296905426770145,25640000
2017-12-22,52.9732780456543,53.11501894752111,52.91281337186269,53.0297762731444,17788000
2017-12-26,52.824092864990234,52.97327130734269,52.46676109458915,52.96236641727744,18376000
2017-12-27,52.5440788269043,52.94403574205219,52.45387904424233,52.86126973732832,22324000
2017-12-28,52.33345031738281,52.77404346668098,52.20607786020906,52.64568034324291,19884000
2017-12-29,52.20706558227539,52.437524035474915,52.17237335913628,52.31065069975723,23606000
2018-01-02,53.188865661621094,53.32614856646089,52.188239770212455,52.188239770212455,31766000
2018-01-03,54.0963134765625,54.32330080964497,53.19976436760464,53.224542365533864,31318000
2018-01-04,54.306453704833984,54.71879774680064,54.23211592226178,54.37237082403954,26052000
2018-01-05,55.02656936645508,55.189624716090684,54.60580088310627,54.68757622449183,30250000
2018-01-08,55.22084045410156,55.466166454382616,55.01219178929201,55.06175156620179,24644000
2018-01-09,55.15046691894531,55.430485149176526,54.92298424681651,55.430485149176526,26808000
2018-01-10,55.019126892089844,55.14996666139278,54.71383535743911,54.86350534525283,20734000
2018-01-11,55.11379623413086,55.252565133136116,54.83774443550206,55.1266824577769,22424000
2018-01-12,56.035614013671875,56.06782578672399,54.91356365354779,55.01714497893689,38586000
2018-01-16,56.0380973815918,56.93910831091455,55.837873150761055,56.51437340212776,36462000
2018-01-17,56.454410552978516,56.46531166311695,55.68076825718777,56.31861365061576,27830000
2018-01-18,56.29928207397461,56.52825075179581,55.72883982129823,56.46679541498418,27498000
2018-01-19,56.67247009277344,56.68634698184861,56.1273049728908,56.4013754227098,30552000
2018-01-22,57.6963996887207,57.83120593343295,56.58921662618801,56.688339977055605,29550000
2018-01-23,58.29161071777344,58.40758294017349,57.849531608708695,58.01654960732735,39138000
2018-01-24,58.04975891113281,58.83083495210644,57.85696845704402,58.72824427996772,37128000
2018-01-25,58.58749008178711,58.72923475649011,58.077017169481415,58.51661963502001,29984000
2018-01-26,58.856109619140625,58.856109619140625,57.88819466183439,58.8546236197648,42170000
2018-01-29,58.802581787109375,59.373519332145875,58.68264312073924,58.87791400810849,31494000
2018-01-30,58.3510856628418,58.87444478078804,58.20934099291107,58.368433664699566,37338000
2018-01-31,58.591453552246094,58.79465355309135,58.089900442604886,58.670253105979164,36022000
2018-02-01,58.56023406982422,58.85066187604403,57.954108905262224,58.282696268570014,73514000
2018-02-02,55.4681510925293,56.06783312556541,55.07017929193355,55.87553800351339,117842000
2018-02-05,52.652618408203125,55.259503727550815,52.372603943799035,54.54682144708613,83550000
2018-02-06,53.74493408203125,53.89113676019656,51.04784896541088,51.24460587228022,76630000
2018-02-07,52.30668258666992,53.84900613964487,52.26752858567198,53.77169258499447,51942000
2018-02-08,49.942649841308594,52.72894022549498,49.79347138693803,52.52772532550437,66792000
2018-02-09,51.85370635986328,52.1238103991256,49.41185755224659,50.843166209275466,98360000
2018-02-12,52.264556884765625,52.81021733055884,51.81504399503664,52.369128884549816,56240000
2018-02-13,52.24374008178711,52.59462874012493,51.88591297919828,52.0385587527206,31586000
2018-02-14,53.1635856628418,53.30086856023521,52.02865270819885,52.2526642754772,41304000
2018-02-15,54.08838653564453,54.22418343070422,52.892489821861744,53.6963625203302,37396000
2018-02-16,54.29356384277344,54.928433374899925,54.09779762563428,54.18849273291399,39948000
2018-02-20,54.69451141357422,55.323928544569256,54.02098316796261,54.1577707285977,33754000
2018-02-21,55.19804382324219,56.310679154233284,54.888785823988364,54.967589158941095,41486000
2018-02-22,55.00724411010742,55.77840601706484,54.77183229354015,55.466671299111255,28010000
2018-02-23,55.90874481201172,55.9538465942948,54.9348820824928,55.441388558492996,25292000
2018-02-26,56.68238830566406,56.707166305802616,55.97069668563071,56.095588696095604,30912000
2018-02-27,55.3843879699707,56.70963833554215,55.34870508387251,56.68237989261729,42964000
2018-02-28,54.71086502075195,55.88693706230646,54.66527168794247,55.606918829221456,49292000
2018-03-01,53.09965515136719,55.07513821541549,52.8954644654591,54.989400209360795,55338000
2018-03-02,53.73056411743164,53.866856357538836,52.04401901567183,52.43405795155135,50162000
2018-03-05,54.25688934326172,54.57506712555628,53.142272657867274,53.43270044320101,28648000
2018-03-06,54.56119155883789,54.79561646049672,54.24400443505079,54.62066556248626,23382000
2018-03-07,55.26197814941406,55.31947082051519,54.01652165628858,54.16074299539671,30748000
2018-03-08,55.97267532348633,56.07476687336261,55.36902689491043,55.36902689491043,33862000
2018-03-09,57.53185272216797,57.53978183323075,56.216021089643974,56.47422954756245,42662000
2018-03-12,57.78411865234375,58.39024381438581,57.45057417792342,57.740502868635886,44306000
2018-03-13,56.49454879760742,58.38231244180919,56.22989723150085,58.07652175924303,43140000
2018-03-14,56.939605712890625,57.478327755534465,56.615480131437934,56.78646459024372,41870000
2018-03-15,57.02484130859375,57.61411750664317,56.283913787273335,56.973300201367906,33382000
2018-03-16,56.22246551513672,57.332125161283194,56.070810391656835,57.259768712621806,58656000
2018-03-19,54.520057678222656,55.47657233985799,53.9674550101407,55.396782119791304,63656000
2018-03-20,54.308433532714844,54.791647978247894,53.64531108359431,54.437288197411235,54598000
2018-03-21,54.2192268371582,54.947767317272806,53.88271037610836,54.14835639030033,44898000
2018-03-22,52.194679260253906,53.71965488321748,52.02071902766322,53.525873763821735,69312000
2018-03-23,50.876365661621094,52.87018724864738,50.793104327347784,52.106459236876645,49880000
2018-03-26,52.24126434326172,52.497990584854186,50.084886423756394,52.068298554475845,65984000
2018-03-27,49.90448760986328,52.75917562050298,49.44258379491347,52.72745539437462,60816000
2018-03-28,49.817256927490234,50.79905250697186,48.76756668270334,49.655196036702556,77698000
2018-03-29,51.40121078491211,51.94191790581363,49.76075831645837,50.116108767613646,69338000
2018-04-02,50.18648910522461,51.519668821090185,49.275567664237,50.92940186086332,65068000
2018-04-03,50.486328125,50.79955260775842,49.42424689068042,50.36094077773483,51322000
2018-04-04,51.032981872558594,51.183150998303724,49.3875721636293,49.47281483694664,50724000
2018-04-05,51.178192138671875,51.87550773444825,50.74998989182345,51.85964951231871,35836000
2018-04-06,50.05366516113281,51.344715018516325,49.8702898150022,50.70538364441479,40134000
2018-04-09,50.55621337890625,51.77044511563659,50.51210225915669,50.553732931918795,33220000
2018-04-10,51.36949920654297,51.60292967696163,50.32426686883661,51.06024117228247,36620000
2018-04-11,50.80251693725586,51.33826691960306,50.51209294778509,51.146467147887805,34060000
2018-04-12,51.40864181518555,51.77340735685457,50.85158495069181,51.12020294036423,32896000
2018-04-13,51.34669876098633,52.18625440905699,51.054788730240396,51.88443393426778,25410000
2018-04-16,51.845279693603516,52.109435942426565,51.24163118442665,51.81802124614691,29776000
2018-04-17,53.493656158447266,53.77317905066144,52.38994437395432,52.59363971012571,54584000
2018-04-18,53.29690170288086,53.6244945838344,53.055542151909854,53.476310588306234,31126000
2018-04-19,53.99372863769531,54.39318645789656,52.981207196880035,52.981207196880035,39884000
2018-04-20,53.39255905151367,54.256397339384904,53.13385147438286,53.737004633781005,42434000
2018-04-23,53.218597412109375,53.92186456234119,52.86523206167622,53.67306743548572,69590000
2018-04-24,50.682586669921875,52.75669389830559,50.19788619922888,52.494518994754245,128220000
2018-04-25,50.699928283691406,51.348179349509756,50.403552745369566,51.03495492497983,57860000
2018-04-26,51.70699691772461,52.13867022073189,50.5740416651636,51.20692984168208,50926000
2018-04-27,51.11921310424805,52.12281471272985,50.92791243030771,51.817523142474215,40746000
2018-04-30,50.48136901855469,51.46217013051558,50.467492129684615,51.26640768706322,34492000
2018-05-01,51.58012771606445,51.62869683090459,50.08637315111999,50.36837272953787,35326000
2018-05-02,50.851585388183594,51.740205361607515,50.70835472509704,51.24559070906389,34698000
2018-05-03,50.863975524902344,51.08154775498181,49.951568166064874,50.817886859212855,39282000
2018-05-04,52.08811569213867,52.13173146874744,50.45509715435373,50.53241070305937,36892000
2018-05-07,52.50740051269531,52.78196628191559,52.051939861423826,52.23134874425583,34400000
2018-05-08,52.46428298950195,52.793365640720836,52.119837450932415,52.76313141791605,26030000
2018-05-09,53.96894836425781,54.21923151118274,52.63874440851168,52.73737242404815,47160000
2018-05-10,54.78767776489258,54.9829486432107,54.21327291492137,54.26878046664591,36414000
2018-05-11,54.684104919433594,54.9631325016699,54.37881333760094,54.53691157415763,30504000
2018-05-14,54.84368896484375,55.41611252991021,54.75447985203023,54.79263940641136,39338000
2018-05-15,53.7667350769043,54.472974183087395,53.4649108568524,54.36294973956773,35738000
2018-05-16,53.72808074951172,54.238062122596546,53.606164520940055,53.777644311342726,25628000
2018-05-17,53.587825775146484,54.07054491983229,53.347952202175854,53.59773999996606,25738000
2018-05-18,53.01192855834961,53.21463323157747,52.76611099952149,52.83152899932591,35482000
2018-05-21,53.72412109375,54.184538930793096,53.426263278799745,53.47582306223784,25180000
2018-05-22,53.29293441772461,54.110188613209,53.14177464492723,54.0110690623645,22226000
2018-05-23,53.82075881958008,53.921863490513566,52.879107900126776,53.0297723497328,23740000
2018-05-24,53.79548645019531,53.87825246003901,53.143767929904314,53.867351349600916,20604000
2018-05-25,53.72758483886719,53.9996739682127,53.65423772549646,53.85000018041669,22224000
2018-05-29,52.93411636352539,53.59178633922201,52.68680903966829,53.327131014419166,36076000
2018-05-30,53.399986267089844,53.475318486115796,52.85878384569728,53.202238719500656,28686000
2018-05-31,54.51658630371094,55.01219163374467,53.426256090104154,53.624495197182775,79368000
2018-06-01,56.25120544433594,56.40781766770814,55.1118069960426,55.15443210997763,63202000
2018-06-04,57.1452751159668,57.384157994730685,56.35032226237576,56.42466381514618,44754000
2018-06-05,57.045169830322266,57.544741662553,56.86873670263085,57.2255731854858,32964000
2018-06-06,56.84345245361328,57.22804266881495,56.3166260211979,57.13189511501453,34934000
2018-06-07,56.22246551513672,56.78993200477697,55.81111214714587,56.726000000493585,36108000
2018-06-08,56.13771057128906,56.438540330678784,55.66787392708985,56.06336901900951,27284000
2018-06-11,56.54361343383789,56.88261034187652,56.07278985658362,56.149112748911456,24796000
2018-06-12,56.90491485595703,56.93266863653652,56.549564372976135,56.549564372976135,26092000
2018-06-13,56.70864486694336,57.27413373412868,56.66651886918127,57.107607294182515,34302000
2018-06-14,57.495670318603516,57.78708498011049,57.02434765664887,57.104141656931496,35422000
2018-06-15,57.454044342041016,57.68400368958751,57.17749721277033,57.486256119697735,44438000
2018-06-18,58.65885925292969,58.68611769860797,57.0441754086609,57.12793207813234,33038000
2018-06-19,58.4165153503418,58.62070226732664,57.57002122444943,57.991285064159776,47282000
2018-06-20,58.683143615722656,59.54649034409081,58.58204272216992,58.64498405937086,51686000
2018-06-21,57.958072662353516,58.993390704556724,57.662691538508525,58.75451158577601,44966000
2018-06-22,57.95064163208008,58.23363187925344,57.47287580952933,58.05967542016018,34220000
2018-06-25,56.46332550048828,57.29148083846557,55.50284060341305,57.24241639411734,57682000
2018-06-26,56.13325500488281,56.83949037677736,55.95384610589819,56.70419259344681,34688000
2018-06-27,55.35615158081055,56.80678960470043,55.34425602232162,56.3007746286102,34538000
2018-06-28,55.84381866455078,56.20164577712251,54.81742043867429,55.130641104863024,29726000
2018-06-29,55.963260650634766,56.56641379159462,55.85571664765586,56.117891548666634,31562000
2018-07-02,56.60358428955078,56.64720007288589,54.84369215844048,55.277346857975495,23216000
2018-07-03,55.32343292236328,56.990153192018866,55.23174714303591,56.96587052644478,16448000
2018-07-05,56.56294250488281,56.704191846101395,55.6624269088357,55.73577780214064,28594000
2018-07-06,57.24638366699219,57.301891223514744,56.36222164626057,56.58673231901831,21820000
2018-07-09,57.851016998291016,57.883232554498356,57.35293500621075,57.490217893443116,21584000
2018-07-10,57.844078063964844,58.159283835538375,57.61709073552586,57.98532739582949,21334000
2018-07-11,58.05818557739258,58.50323669665481,57.260756002731064,57.273143111418285,33252000
2018-07-12,59.53508758544922,59.57126580776698,58.1394619918808,58.22668977309405,44148000
2018-07-13,59.691707611083984,59.9900607679534,59.23921887235507,59.61141826398349,32612000
2018-07-16,59.299678802490234,59.90431796084138,59.14554323296885,59.6614686063109,26784000
2018-07-17,60.12089538574219,60.40239962833497,58.580553053225884,58.61723039144601,40162000
2018-07-18,60.11247253417969,60.542656130041976,59.69864249419421,59.89539562252939,38948000
2018-07-19,59.42803955078125,60.289401137992186,59.360141103344006,59.80222023017883,38338000
2018-07-20,59.367576599121094,60.00641264207842,59.30364081469495,59.434979715401205,37938000
2018-07-23,60.0178108215332,60.22101084249666,59.07665517549802,59.25755386181982,65446000
2018-07-24,62.354591369628906,63.18968521524455,61.66024775633295,62.99144230931588,107600000
2018-07-25,63.23627471923828,63.350261840961494,61.90359034941436,62.080522592059964,51104000
2018-07-26,63.71007537841797,63.80424161394269,62.594963233739726,62.80212592695883,54686000
2018-07-27,62.093902587890625,64.00445919209274,61.67759210645797,63.88948140697358,48362000
2018-07-30,60.9614372253418,62.09389722498142,60.67051789341434,61.705340557125105,43896000
2018-07-31,60.82167434692383,61.515027197623475,60.27502326805951,61.044199888814674,39382000
2018-08-01,61.10765075683594,61.74747371555368,60.70868826670111,61.41096101347404,36994000
2018-08-02,61.51106643676758,61.673626443923425,60.36770528483681,60.38951128505238,34704000
2018-08-03,61.36387252807617,61.77819787182049,60.93071318293383,61.71178542440933,21264000
2018-08-06,61.3395881652832,61.57698507031156,60.98572747853054,61.53485906816259,22114000
2018-08-07,62.24010467529297,62.74760560322747,62.03988043832837,62.050286215151715,42506000
2018-08-08,62.51219940185547,63.02713037276054,62.055744213280406,62.28372225039796,34344000
2018-08-09,62.66731643676758,63.03902046572219,62.451233976820184,62.58157843163508,27326000
2018-08-10,62.075069427490234,62.505752137905276,61.80992251433301,62.405638126530064,26602000
2018-08-13,61.88326644897461,62.74215137879093,61.80347622502818,62.01014356794544,27500000
2018-08-14,62.354095458984375,62.47551635459979,61.432269168947464,62.07457254828527,28080000
2018-08-15,61.06948471069336,62.0487998892952,60.773112912401515,61.66718541968389,37052000
2018-08-16,60.66507339477539,61.6384446336868,60.44551981049334,61.55369350929004,32176000
2018-08-17,60.2581787109375,60.80830097644284,59.67088755499353,60.56496006972168,33092000
2018-08-20,60.56049346923828,60.75675502616927,59.903817915973555,60.49656147030582,22218000
2018-08-21,60.33549118041992,61.096247227767634,60.21753761823671,60.613528088079974,23082000
2018-08-22,60.55058288574219,60.78748066122233,60.127829329789336,60.17738910670337,22296000
2018-08-23,60.52134323120117,61.21568682937405,60.43163878141544,60.45790656141297,24666000
2018-08-24,61.294002532958984,61.32621431443279,60.53423705594787,60.761224431655585,24454000
2018-08-27,62.26141357421875,62.34071224621682,61.48876576119388,61.66024554727935,28580000
2018-08-28,61.745487213134766,62.27578478470484,61.60225654145498,62.24307389397882,27330000
2018-08-29,62.676727294921875,62.80162307685738,62.08943617899373,62.1984699584098,36926000
2018-08-30,62.17071533203125,62.91659999479421,61.812392889065606,62.61477577314226,30104000
2018-08-31,61.048675537109375,62.07705526693478,60.748832595521485,62.06020637668754,42308000
2018-09-04,60.03316879272461,60.85389413951963,59.797757012510694,60.588743467717634,41458000
2018-09-05,59.42803955078125,60.20960713363354,58.25047772595047,59.92958889988555,53988000
2018-09-06,58.67918014526367,59.422588186507085,57.669135421665715,59.401772852100315,46854000
2018-09-07,58.36198806762695,58.90517182977539,57.94964407939257,58.08494185097863,32658000
2018-09-10,58.23659896850586,58.811502973127645,58.01605474527065,58.6895829715161,27670000
2018-09-11,58.97654724121094,59.02363035917754,57.785112192871665,58.040348671267196,29254000
2018-09-12,58.06512451171875,59.01123342912516,57.795512055893596,58.580550747320544,35716000
2018-09-13,58.58749008178711,58.870979431193106,57.94716805181461,58.46656452248184,40068000
2018-09-14,58.38131332397461,58.87791308757621,58.16027377640068,58.87791308757621,24176000
2018-09-17,57.48179626464844,58.57163119113442,57.41389781733119,58.37091162899215,34096000
2018-09-18,57.842594146728516,58.54734726984671,57.561089920191904,57.6220499215381,32314000
2018-09-19,58.197452545166016,58.29657210634794,57.4218289338848,57.93428697185783,25962000
2018-09-20,59.054847717285156,59.1752817274835,58.29558144257327,58.51463968083364,29244000
2018-09-21,58.09089279174805,59.30314304404361,58.08792079313823,59.22087237514745,91222000
2018-09-24,58.459625244140625,58.738649029218344,57.068956754362944,57.46098076733555,31150000
2018-09-25,59.169830322265625,59.31702366726043,58.18853001212674,58.69206828157182,33152000
2018-09-26,59.178253173828125,59.83146143635009,58.749060259885425,59.159918286069484,37650000
2018-09-27,59.8374137878418,60.30823740681557,59.376005280026604,59.47264818207571,36274000
2018-09-28,59.82353210449219,59.89143055329956,59.365095632347476,59.67534431659836,35612000
2018-10-01,59.89539337158203,60.67200764101724,59.630741801659894,60.116932054313466,33164000
2018-10-02,59.85128402709961,60.68786760635078,59.455792684854295,59.80321024799633,40180000
2018-10-03,60.044071197509766,60.17540630465015,59.57919165347561,60.06736319555159,26246000
2018-10-04,58.33622360229492,59.7650517538794,57.68103397695857,59.721935083474726,46576000
2018-10-05,57.8782844543457,58.58055722083187,57.2087225822426,58.28319473476469,31852000
2018-10-08,57.28801727294922,58.27625223168303,56.271034087111275,57.49022284191507,46190000
2018-10-09,56.75523376464844,57.567035523394885,56.70567398872392,57.059534645616864,33690000
2018-10-10,54.12803649902344,56.35132216631771,54.0958209407641,56.32059260740062,58980000
2018-10-11,54.05766296386719,55.312538487036065,53.32168863142083,53.477805544718294,67696000
2018-10-12,55.534568786621094,55.79674371459265,54.27027815115651,55.48996233371312,49370000
2018-10-15,54.63752365112305,55.597014228574075,54.428375841974265,55.40868553676069,30074000
2018-10-16,56.15605163574219,56.31910697940148,55.09892757760867,55.18466558093577,38378000
2018-10-17,55.88396453857422,56.84593167168672,55.21043629864681,56.49900944196669,35652000
2018-10-18,54.41300582885742,56.11987073339366,53.83959160244581,56.003403176506545,46152000
2018-10-19,54.7733154296875,55.55488685474241,54.369399607612905,54.700463645484554,41286000
2018-10-22,55.0800895690918,55.59155311548389,54.51658579981299,55.13658778971036,27116000
2018-10-23,55.25553512573242,55.40868002337412,53.47631372196218,54.084915522979806,37686000
2018-10-24,52.39142990112305,55.34028389764265,52.28933456741099,55.25999456332015,49286000
2018-10-25,54.69451141357422,55.399756102645775,53.304833588221236,53.54024537331576,72956000
2018-10-26,53.71123123168945,55.35911755170512,51.65347755213339,51.95579712615013,106438000
2018-10-29,51.281776428222656,54.95421419171303,49.91737560307921,54.345113230013254,81290000
2018-10-30,52.01427459716797,52.08316370963362,50.25289656485234,50.55224034697912,59768000
2018-10-31,54.04972839355469,54.913075103966314,52.940564118102536,52.940564118102536,70916000
2018-11-01,53.821746826171875,54.51162859099495,53.417331943590966,54.09036482134209,40132000
2018-11-02,53.103614807128906,54.41746497825697,52.91379636869127,53.97141943951681,43438000
2018-11-05,52.322547912597656,53.19580514140929,51.24559910289118,53.155165135627634,45358000
2018-11-06,53.00846862792969,53.51646493351104,52.217482054446684,52.28736184308262,28660000
2018-11-07,54.924964904785156,55.00872157192472,53.55461644355465,53.69834244575057,43388000
2018-11-08,54.250450134277344,54.92397841663363,53.7414632001446,54.8783850813804,33694000
2018-11-09,53.377685546875,53.93920419277922,52.745292678735495,53.72460775611995,34860000
2018-11-12,52.006839752197266,53.23297064347121,51.560302644251195,53.1848968656616,34002000
2018-11-13,51.937957763671875,52.864741224888455,51.56278638077324,52.276954701441035,25750000
2018-11-14,52.26554870605469,52.82112338828887,51.597968244023455,52.53416671302797,34666000
2018-11-15,53.081809997558594,53.469372212231306,51.60688579767568,52.110919347384815,41584000
2018-11-16,52.944034576416016,53.15070191711665,52.28140743892691,52.79337012616156,35366000
2018-11-19,50.91948318481445,52.930652807571775,50.69398562461438,52.70217568640388,45684000
2018-11-20,51.06964874267578,51.4116176197719,49.670060574271346,49.921825896170596,54458000
2018-11-21,51.71295166015625,52.27199369417608,51.516194757625584,51.80612344190846,29698000
2018-11-23,51.05231475830078,51.691646196144085,50.97400674343391,51.22081878411088,14178000
2018-11-26,52.332950592041016,52.38548236782315,51.53155458783973,51.74119770138357,31558000
2018-11-27,52.151554107666016,52.86919341138596,51.8155367921466,52.104970112356234,33048000
2018-11-28,54.10969543457031,54.16272632477953,51.68915764114635,52.408282980563826,46042000
2018-11-29,54.24797058105469,54.524022368221154,53.62449744650469,53.7003250046818,31004000
2018-11-30,54.99484634399414,54.99484634399414,53.68298117891005,54.30001120644811,59668000
2018-12-03,55.32740020751953,56.25120780292768,55.09793241741592,56.1104575760452,57532000
2018-12-04,52.65658187866211,55.222331716328064,52.57282521063844,55.160381048236346,45630000
2018-12-06,53.43022155761719,53.4966340062969,51.66586770011712,51.79075970534888,47436000
2018-12-07,51.86906433105469,53.774667544723464,51.511732533849006,53.140293289083,42682000
2018-12-10,52.1961669921875,52.5143447942165,51.19603647013022,51.68866606248355,33652000
2018-12-11,52.61594009399414,53.04959475593755,52.04351654521581,52.87811497972909,33852000
2018-12-12,53.21463394165039,54.10672130549076,53.12740615957853,53.38066128063316,28960000
2018-12-13,53.2052116394043,53.94267562195796,52.78147120856661,53.31077808318347,24986000
2018-12-14,52.12331008911133,53.11501614131917,52.00733786023985,52.5351587781306,36358000
2018-12-17,50.831764221191406,52.65212095785888,50.38472798120905,51.89037426011331,49932000
2018-12-18,51.71195983886719,52.51880453693623,51.071138699168294,51.245594263896415,43640000
2018-12-19,51.31794357299805,53.31275559794037,50.52348987546962,51.90424395866333,58264000
2018-12-20,50.72917175292969,51.91168686932925,49.950080861645134,50.8491066408457,53674000
2018-12-21,49.12687683105469,51.42747585544502,48.6282995178154,51.14845208991037,104656000
2018-12-24,48.80077362060547,50.16120789199509,48.45335227237143,48.78342561832322,36360000
2018-12-26,51.9320068359375,51.96174194605953,49.19626326965174,49.46091860571116,46318000
2018-12-27,52.18229293823242,52.20409894056195,49.90746218957772,50.85902742977993,45996000
2018-12-28,51.874019622802734,52.74380563761929,51.64207517305085,52.50938452237577,34398000
2018-12-31,51.788780212402344,52.68235739680241,51.19801794154297,52.42662181757519,33110000
2019-01-02,52.2705078125,52.57332272092195,50.81342682866761,50.908583724282856,31868000
2019-01-03,50.822837829589844,52.844413130736584,50.669201388757,52.07176536650582,41960000
2019-01-04,53.429725646972656,53.525377872894474,51.38733490786459,51.66982980650256,46022000
2019-01-07,53.323177337646484,53.65919471164255,52.66501191794435,53.573456702107286,47446000
2019-01-08,53.79151916503906,54.18701051028504,52.947997134787144,53.82274027539516,35414000
2019-01-09,53.607154846191406,54.10226487887618,53.246351931681716,53.92136997908412,26998000
2019-01-10,53.46739959716797,53.51596871519092,52.76611749422026,53.27460912456101,26598000
2019-01-11,52.75570297241211,53.196791439584736,52.357235840144156,53.024816319452164,30864000
2019-01-14,52.11339569091797,52.45734590533918,51.966697695349396,52.20409079934666,28490000
2019-01-15,53.84801483154297,53.93524260925942,52.25860818593393,52.43554040677948,37518000
2019-01-16,53.9966926574707,54.633547299465775,53.92235488547541,54.020979102512705,38280000
2019-01-17,54.47297286987305,54.55127708823581,53.68693978196592,53.92136466631834,24896000
2019-01-18,54.878387451171875,55.408685076431745,54.48091095351191,54.942319458615124,44892000
2019-01-22,53.457489013671875,54.46555256495471,53.07388937496968,54.31835542020323,39632000
2019-01-23,53.74394226074219,54.167187396746016,52.90934376478967,53.86536315507689,25194000
2019-01-24,53.72362518310547,53.921868095896,53.030767545217564,53.649778951310104,29114000
2019-01-25,54.5914306640625,54.68311645269315,54.11019748999407,54.23062772621505,23260000
2019-01-28,53.518436431884766,54.1879981946818,53.258242881114185,54.024451311803865,29334000
2019-01-29,53.03274154663086,53.759795977015166,52.83251732893017,53.576915979407644,19704000
2019-01-30,54.416969299316406,54.49279685136186,53.358850902146436,53.39453378878516,29452000
2019-01-31,55.799713134765625,55.88793158900815,54.77678591933822,55.123212843141104,40232000
2019-02-01,55.43940353393555,56.22147020160237,55.22282575781473,55.621289087983165,33116000
2019-02-04,56.56938552856445,56.6149826428997,55.38439370064637,55.45873526005803,78408000
2019-02-05,57.08729553222656,57.13190198293184,55.686221170580836,55.98506964374711,82296000
2019-02-06,55.651031494140625,57.19285981317814,55.42652081207824,56.95843868754115,48256000
2019-02-07,54.80949783325195,55.11082297867961,54.19891086849053,55.102398533961725,38298000
2019-02-08,54.634544372558594,54.76935060643316,54.23112389952637,54.2628403443188,21766000
2019-02-11,54.62165069580078,55.18218244160579,54.51658336971669,54.70243535847709,18498000
2019-02-12,55.88346862792969,56.14514818740517,55.06224794643094,55.06224794643094,35036000
2019-02-13,55.935508728027344,56.64026189800341,55.8051642728651,56.154071635364986,28042000
2019-02-14,55.96375274658203,56.30720763222761,55.363575420183565,55.75559941624185,21106000
2019-02-15,55.48945999145508,56.46431712713548,55.34523865451279,56.46431712713548,27826000
2019-02-19,55.830440521240234,55.98556297395831,55.341278267413735,55.341278267413735,21980000
2019-02-20,55.53703689575195,56.04949489564427,55.09892423297482,55.94789489522291,24090000
2019-02-21,54.72523880004883,55.465674848432876,54.41647611332852,55.44733617946482,33272000
2019-02-22,55.337310791015625,55.37150768160095,54.54137097842151,54.99732699877996,29436000
2019-02-25,55.3754768371582,55.775429986057915,55.21589260034126,55.60345485849227,26208000
2019-02-26,55.60741424560547,55.82696780950887,54.848643329872075,55.228771787399616,35026000
2019-02-27,55.651031494140625,55.791781723679335,54.940829672376765,55.21093368851873,22092000
2019-02-28,55.832420349121094,56.20115236463612,55.42899989136633,55.45823966941733,27422000
2019-03-01,56.9212646484375,56.99461554133449,56.05296461528738,56.05296461528738,34086000
2019-03-04,57.164119720458984,57.763801803361666,56.41228339115817,57.220617949824806,35490000
2019-03-05,57.945682525634766,58.30747610261752,57.144290260692664,57.291978933950915,40094000
2019-03-06,57.735050201416016,58.2207413179186,57.64137930979189,58.07305265058131,23602000
2019-03-07,57.0367431640625,57.66765009649561,56.583759132984696,57.51500430906147,30086000
2019-03-08,56.993125915527344,57.16559635548918,56.01331171546796,56.19668704545784,23694000
2019-03-11,58.44475555419922,58.476967329547385,57.07242200177658,57.0937326680358,30032000
2019-03-12,59.33634948730469,59.755631944132176,58.5954219125641,58.5954219125641,42220000
2019-03-13,59.426055908203125,59.82551371065459,59.36906235006115,59.76653882003293,25888000
2019-03-14,59.1024284362793,59.70558161435647,59.0380010971497,59.42407736112218,27302000
2019-03-15,58.991905212402344,59.55788568478085,58.82884986974462,59.373523455870405,51886000
2019-03-18,58.90517044067383,59.22235753473291,58.554777125552505,58.96166865920172,24442000
2019-03-19,59.59456253051758,59.64164564416971,58.950274057369434,59.06227983897908,29788000
2019-03-20,60.78252410888672,60.958960999987475,59.4523203246817,59.54202476950778,41508000
2019-03-21,61.26326370239258,61.278626591033266,60.29435433428484,60.46385278594522,28150000
2019-03-22,59.851776123046875,61.139358531709284,59.77000079156712,60.90246076189057,34422000
2019-03-25,59.34279251098633,59.94049319456507,58.977036279224706,59.45083562608239,27576000
2019-03-26,58.9691047668457,59.85177697646782,58.56865632835753,59.729856977123,30752000
2019-03-27,58.3828125,59.072199031164196,57.69986529981015,59.072199031164196,29428000
2019-03-28,58.098331451416016,58.345143478843994,57.66021873912632,58.258414804745335,22402000
2019-03-29,58.327308654785156,58.67819738829658,57.80642611012052,58.49036023903153,30890000
2019-04-01,59.42209243774414,59.48255332690599,58.79663796251399,58.855117519223015,27706000
2019-04-02,59.74720764160156,59.76058919776436,59.038491841584154,59.47511852040384,18288000
2019-04-03,60.008392333984375,60.49358812897417,59.724411434921,60.10205944667609,22180000
2019-04-04,60.43659591674805,60.49111280924098,59.920670551711964,60.0321810022952,21022000
2019-04-05,60.04010772705078,60.48318129422552,59.96973261519408,60.429159736999175,20012000
2019-04-08,59.88301086425781,60.16401601103652,59.705583283657894,60.02326577106867,21750000
2019-04-09,59.605953216552734,59.826992759763,59.39234745044657,59.56630766572035,19668000
2019-04-10,59.792301177978516,59.91570717285998,59.50534830389222,59.724901850259606,15510000
2019-04-11,59.94792938232422,60.104046282843015,59.697650033306594,59.91373249101701,16998000
2019-04-12,60.599159240722656,60.61501746375043,60.13130763088175,60.246780752733265,24312000
2019-04-15,60.7874870300293,60.92476993297739,60.194248081831006,60.666557683013956,23796000
2019-04-16,61.05411911010742,61.255829336431965,60.713636210736404,60.95945755130198,22622000
2019-04-17,61.462005615234375,61.707826972891674,61.103187803811146,61.306384043569125,30366000
2019-04-18,61.52791976928711,61.749454667918044,61.425824430606916,61.70286688717368,24750000
2019-04-22,62.13701248168945,62.16575692483485,61.126472505726866,61.290023169211636,19084000
2019-04-23,62.97111511230469,63.16142888523771,62.04829825291221,62.2797473579548,31868000
2019-04-24,62.448753356933594,63.14012496632759,62.43686158073098,62.97112184100096,23396000
2019-04-25,62.810054779052734,63.08065414531844,62.34716027730447,62.95675279642171,31344000
2019-04-26,63.30961227416992,63.38345849426624,62.69407207879356,63.10938806051091,27228000
2019-04-29,64.24036407470703,64.27853119264928,63.026627793364206,63.46275914712026,72368000
2019-04-30,59.42109680175781,59.521207018616316,58.630110384819936,59.008257482855335,133178000
2019-05-01,58.15036392211914,59.43546966973313,58.06908392344109,59.348737226037684,74340000
2019-05-02,57.8128547668457,58.45070006319063,57.407449235170944,58.114678971541544,45098000
2019-05-03,58.954734802246094,59.04642058122197,58.16176700539989,58.3530676741448,41588000
2019-05-06,59.14852523803711,59.24615881078471,58.04332347931477,58.08495415341535,31774000
2019-05-07,58.424930572509766,59.213436563359515,57.738020800367394,58.769376124750195,36604000
2019-05-08,58.02448272705078,58.693053838408616,57.86836583691786,58.34711850220026,25520000
2019-05-09,57.88521194458008,58.187531486196946,57.22456997555092,57.619074403785326,29556000
2019-05-10,57.868865966796875,58.29706822424379,56.814713878832414,57.92833997300798,31650000
2019-05-13,56.33000946044922,57.09225152322604,55.78038630759309,56.75871083102753,45626000
2019-05-14,55.74866485595703,56.74037091442283,55.68274773950584,56.61399290816184,40392000
2019-05-15,58.02547836303711,58.397182395251555,55.57718659421055,55.634180153756134,59302000
2019-05-16,58.70445251464844,59.18320897931862,57.90900804102215,58.07701671287002,35308000
2019-05-17,57.92536163330078,58.793166334191085,57.8083987397392,58.27476431465895,25362000
2019-05-20,56.729957580566406,57.14329221647835,56.40682271540367,57.14329221647835,30602000
2019-05-21,57.21466064453125,57.391097529802394,56.66305243798179,57.21664197683338,20562000
2019-05-22,57.284542083740234,57.677556750658695,57.04417319422699,57.056564083812255,18826000
2019-05-23,56.76366424560547,56.99709470964155,56.16001953140704,56.79984625111873,25214000
2019-05-24,56.430118560791016,57.210695443784736,56.33595233803128,57.093732555548826,18554000
2019-05-28,56.47720718383789,57.3162674834186,56.43309606667105,56.572364082056716,20948000
2019-05-29,55.50483322143555,56.251213326023255,55.10884271912465,56.13722241944552,36230000
2019-05-30,55.57767868041992,55.84481068861626,55.30459889381665,55.51523267890024,18088000
2019-05-31,54.83873748779297,55.180702637743735,54.68262057903494,54.79611614998246,31582000
2019-06-03,51.48051452636719,52.881093573067986,50.900161794703344,52.87762624104899,96890000
2019-06-04,52.26108932495117,52.456855563196314,51.34620148086811,51.76548395586114,60512000
2019-06-05,51.77291488647461,52.376068009204204,51.19603332376587,52.286363563329914,46988000
2019-06-06,51.927547454833984,52.038562570995836,51.32043164773946,51.85072922935905,29020000
2019-06-07,52.94898986816406,53.19976833285925,52.09555736130382,52.25068359643469,43828000
2019-06-10,53.66217041015625,54.260861820040674,53.29145702898412,53.37669970523659,28510000
2019-06-11,53.5769157409668,54.71532349175553,53.50406396703009,54.36740683242931,33508000
2019-06-12,53.480777740478516,53.65027241899154,53.00995036632593,53.522903743541775,23670000
2019-06-13,54.071041107177734,54.34758824154439,53.65275307370434,53.75881108146844,20814000
2019-06-14,53.837608337402344,54.256890800358164,53.59872921830184,54.00809745670591,24582000
2019-06-17,54.21377944946289,54.580031056140875,53.921869409538594,53.97638630641335,19770000
2019-06-18,54.77628707885742,55.447334881797815,54.555742847957134,55.08653575767853,34526000
2019-06-19,54.74010467529297,54.983944685210766,54.319831550644146,54.8754062364344,26714000
2019-06-20,55.17079544067383,55.64261352675828,54.86351871773,55.59205929325359,24018000
2019-06-21,55.77393341064453,55.833403625091044,54.99830992711293,55.00524837087624,50774000
2019-06-24,55.3442497253418,55.684732634870436,55.1762410507709,55.50780040186352,24236000
2019-06-25,53.90104675292969,55.29468720373966,53.7533543057993,55.26396142736021,31644000
2019-06-26,53.541236877441406,54.2747344708787,53.21265330808006,54.070543792942544,34698000
2019-06-27,53.35836410522461,53.9446646161465,53.31970543283321,53.8599172741758,24078000
2019-06-28,53.664146423339844,53.664146423339844,53.21810085434756,53.38809463801861,33672000
2019-07-01,54.51658630371094,54.94231185694754,54.28513719286579,54.568127412824175,29196000
2019-07-02,55.141056060791016,55.15542828417847,54.50023866252432,54.755970465829634,20630000
2019-07-03,55.65598678588867,55.903789460004994,55.25256255020916,55.43345744358683,20154000
2019-07-05,56.13573455810547,56.2338634568147,55.38390203252941,55.47657848549502,29794000
2019-07-08,55.34871292114258,55.86513362949331,55.099424235047145,55.798721178484186,29888000
2019-07-09,55.720420837402344,55.89735308727769,54.870950929670514,55.028058509486314,29472000
2019-07-10,56.54411315917969,56.61498360685667,56.03611690591419,56.11838757766129,30710000
2019-07-11,56.70121765136719,57.15519235099968,56.47572008209479,56.804303658897304,26004000
2019-07-12,56.76366424560547,56.87071670041699,56.42764688726692,56.6442246813717,21878000
2019-07-15,57.019893646240234,57.02831809039802,56.49901117144503,56.763662740337104,21164000
2019-07-16,57.16609573364258,57.41984619018782,56.83255127205369,56.83255127205369,25352000
2019-07-17,56.83305358886719,57.41291098065989,56.82710581002027,57.040216276384555,19538000
2019-07-18,56.85783004760742,56.90392249654442,56.1451515514553,56.59813180495845,25450000
2019-07-19,56.080223083496094,57.07291978828749,56.06535552790111,56.96091400704778,23184000
2019-07-22,56.45985794067383,56.50000261071285,55.76601345050147,56.27450126082239,28914000
2019-07-23,56.897972106933594,56.938116775342806,56.14465364197187,56.6699941006798,20648000
2019-07-24,56.48563003540039,56.76961094147567,55.92955999931511,56.1332553469821,27192000
2019-07-25,56.29779815673828,56.6769359682193,55.69167299150224,56.446972834493835,54762000
2019-07-26,61.71377182006836,62.86208631623326,60.86033933505423,60.86033933505423,121216000
2019-07-29,61.54625701904297,61.900616828766026,60.96937163592329,61.57896791155889,41382000
2019-07-30,60.86034393310547,61.30192776469341,60.72751902548873,60.810780368739714,28616000
2019-07-31,60.37464141845703,61.20279674885371,59.878045420071864,60.7052100842924,39960000
2019-08-01,60.05646896362305,61.27169128892185,59.81956738563338,60.346397654914995,35426000
2019-08-02,59.290260314941406,59.9434647695918,58.97703586246428,59.62132432132842,34910000
2019-08-05,57.23003005981445,58.32680726802884,56.635305120848756,58.13302235950556,47840000
2019-08-06,58.03935241699219,58.55081599085133,57.56604839828649,57.763795962239634,36014000
2019-08-07,58.27872848510742,58.474986261280904,57.036244038146585,57.38118492688738,30686000
2019-08-08,59.779422760009766,59.78388075791878,58.184068276743524,58.80010384530423,30116000
2019-08-09,58.922515869140625,59.69367762183372,58.72377765292105,59.472142740743756,20418000
2019-08-12,58.20884323120117,58.75946077111604,57.922385685885516,58.48142766924557,22064000
2019-08-13,59.31058120727539,59.74175925120991,58.13401753831253,58.2014168756371,28434000
2019-08-14,57.70085525512695,58.61970574265345,57.54325235821209,58.286660394406965,35430000
2019-08-15,57.952125549316406,58.30400490109744,57.638904867575555,57.90801821500315,28506000
2019-08-16,58.442283630371094,58.671751442982035,58.13451536686379,58.52059164360576,24916000
2019-08-19,59.49444580078125,59.938014690087954,58.99685913675256,59.06772957995668,24450000
2019-08-20,58.656375885009766,59.373519880954184,58.632588553448954,59.24218477136379,20206000
2019-08-21,59.05534744262695,59.50040239715488,58.87395719532133,59.265485919113445,14152000
2019-08-22,59.052371978759766,59.41218045329354,58.42741281307858,59.165368431532706,17352000
2019-08-23,57.17204666137695,59.25804953847052,56.99461908714988,58.737662373468076,36254000
2019-08-26,58.044307708740234,58.07800926706083,57.23498631942803,57.46296433534002,21166000
2019-08-27,58.026466369628906,58.72923439799841,57.716217690538485,58.630114839752,23460000
2019-08-28,58.17167663574219,58.40708841541455,57.50261018466387,57.731578852937695,16810000
2019-08-29,59.18717575073242,59.43249798171872,58.74311150706316,58.79960973109826,19636000
2019-08-30,59.0033073425293,59.489992939484985,58.76491976593899,59.489992939484985,18064000
2019-09-03,57.96352767944336,58.931442649936706,57.6740943212462,58.573120174698886,25908000
2019-09-04,58.593936920166016,58.723290712947666,58.06165797355199,58.45417735019245,21312000
2019-09-05,60.0767822265625,60.166486668581044,59.1103495828278,59.15842335941791,26394000
2019-09-06,59.78586196899414,60.1144455084397,59.63420308310666,59.92562151772817,18972000
2019-09-09,59.733829498291016,60.49111445401143,59.13414744573212,59.82353395054993,31854000
2019-09-10,59.7551383972168,59.968248854309444,59.27489592378872,59.27886236990376,27922000
2019-09-11,60.46385192871094,60.586267265331834,59.58563768674742,59.6654316897964,23522000
2019-09-12,61.20576858520508,61.57499211396468,60.59071995736257,60.63582173365133,31644000
2019-09-13,61.4565544128418,61.50710864311263,60.81474633971465,61.064035034368764,23676000
2019-09-16,61.04023742675781,61.40648896216271,60.721065219338364,60.98125876175765,28218000
2019-09-17,60.95351028442383,61.20726073791632,60.629880051304234,61.04024273315963,20806000
2019-09-18,61.09079360961914,61.26871650630097,60.288906022946065,60.97135405037176,17440000
2019-09-19,61.39311981201172,61.6701622968845,61.07395132127059,61.074446654433565,16554000
2019-09-20,60.95153045654297,61.59383382640864,60.64128177196339,61.13985913301072,37692000
2019-09-23,61.19189453125,61.43920185978645,60.65118742964138,60.78946098208002,20798000
2019-09-24,60.38108444213867,61.80743576943375,59.9999653336931,61.45506110472891,35804000
2019-09-25,61.749454498291016,61.852540502912774,59.92859863871399,60.266105764581944,26798000
2019-09-26,61.56855773925781,61.68651508439093,61.04966036820678,61.5611239611923,23166000
2019-09-27,60.75873565673828,61.70236786641997,60.22595766161573,61.595315421845264,34122000
2019-09-30,60.520347595214844,60.831091588087766,60.137742494258035,60.49358448429573,24470000
2019-10-01,59.77000427246094,61.101202537473505,59.747702939259085,60.587258520609794,24504000
2019-10-02,58.37834548950195,59.41118686082133,58.11617059122782,59.29918107982884,33030000
2019-10-03,58.948787689208984,59.02659657988289,57.64584230969986,58.64696345554862,28368000
2019-10-04,60.015830993652344,60.090172558823994,59.02511554096325,59.189656894404564,24282000
2019-10-07,59.88151168823242,60.40982790071452,59.68872124767629,59.8195610228065,17040000
2019-10-08,58.983482360839844,59.81312375684354,58.951266801696164,59.41168461562684,20086000
2019-10-09,59.59158706665039,59.89192530446098,59.37946727812041,59.5385599553945,15948000
2019-10-10,59.941978454589844,60.24677468043726,59.36658289240566,59.40325644739945,12842000
2019-10-11,60.251243591308594,60.897513455663706,60.14865291063316,60.66358764663134,22330000
2019-10-14,60.353336334228516,60.75527081360676,60.061426309275504,60.16104120555129,13296000
2019-10-15,61.566078186035156,61.808428414409434,60.50944949117995,60.53819393584094,27584000
2019-10-16,61.6037483215332,62.15832857672024,61.38220963816174,61.54476964969111,22986000
2019-10-17,62.089439392089844,62.632127870614525,61.94422738344138,62.020054943628764,20958000
2019-10-18,61.67362976074219,62.35260670842632,61.46200529642791,62.1831120286566,31624000
2019-10-21,61.66718673706055,62.12462877724251,61.45457160617475,61.886244979862205,18094000
2019-10-22,61.5145378112793,61.88772782557242,61.44763002985822,61.67709403795767,22862000
2019-10-23,62.32881546020508,62.34913546091626,61.46547254945289,61.46547254945289,21282000
2019-10-24,62.40217208862305,62.59000544331607,62.067141603226155,62.40217208862305,20224000
2019-10-25,62.659385681152344,62.84276102517835,61.908543864862274,62.049789425950415,27104000
2019-10-28,63.88252258300781,64.39101404990708,63.05635250900705,63.18966892884594,65428000
2019-10-29,62.4789924621582,63.47714172616899,62.22870931053098,63.23924946600724,52654000
2019-10-30,62.480960845947266,62.843745049570245,61.98287887408168,62.205899749563365,29204000
2019-10-31,62.38679504394531,62.76940391612324,61.92489128839739,62.44626904234914,31904000
2019-11-01,63.05339050292969,63.090563173237854,62.43190247703901,62.733726712824655,28812000
2019-11-04,63.91376495361328,64.0569956350215,63.24469844402674,63.24469844402674,30632000
2019-11-05,64.00446319580078,64.29191523891771,63.90237162804202,63.9925676375723,25148000
2019-11-06,63.983150482177734,64.08127938150476,63.54999487986171,63.93755714570713,24626000
2019-11-07,64.77265167236328,65.55124732510535,64.11894803478323,64.14521203530747,45140000
2019-11-08,64.87472534179688,65.27666350557072,64.5040120637845,64.5040120637845,30392000
2019-11-11,64.34346008300781,64.67155213215511,64.22402051116887,64.62694189825123,17234000
2019-11-12,64.2904281616211,64.89209538858405,64.14323480173866,64.35783128619119,28852000
2019-11-13,64.23936462402344,64.55357970895379,64.03963575258912,64.09068152450922,20538000
2019-11-14,64.88215637207031,65.20777542613008,64.12834274141683,64.18087828808768,28948000
2019-11-15,66.09095764160156,66.09095764160156,65.01796782618717,65.17458383535813,39286000
2019-11-18,65.41197967529297,66.10979443546886,65.22959876419937,66.03148642309691,27984000
2019-11-19,65.05265808105469,65.74848381558904,65.01201808303935,65.74848381558904,21864000
2019-11-20,64.52088928222656,65.08339870952443,63.89394873060489,64.99171291711811,28892000
2019-11-21,64.4356460571289,64.97981680887413,63.970267309920125,64.39153493682359,25546000
2019-11-22,64.1149673461914,64.77065213205672,63.90136160180185,64.57736638466407,27776000
2019-11-25,64.70822143554688,64.9446276928493,64.21113381502923,64.24334937614718,23590000
2019-11-26,65.0729751586914,65.12303026378767,64.62891476116123,64.91983028283337,21910000
2019-11-27,65.02986907958984,65.30295267218251,64.89804240112413,65.19292821457594,18808000
2019-11-29,64.63139343261719,64.92181742842484,64.5887721004546,64.75579387869145,12802000
2019-12-02,63.8765754699707,64.69829128802019,63.456298672023905,64.55555220459696,26538000
2019-12-03,64.16800689697266,64.29141668310302,63.29128242026133,63.37107264352633,25270000
2019-12-04,65.36737823486328,65.63153827654885,64.57985900377882,64.7310225855043,35506000
2019-12-05,65.76485443115234,65.8154086629345,65.13841301033878,65.7668357637966,24408000
2019-12-06,66.38088989257812,66.53353569149026,65.97647872644366,66.05180717841115,32968000
2019-12-09,66.55929565429688,67.28090140339582,66.21633611365712,66.3546134438284,30842000
2019-12-10,66.55435943603516,66.80761460151322,66.11376245042547,66.40815673920373,17606000
2019-12-11,66.62175750732422,66.90127665439235,66.4656405961161,66.82247708963801,20480000
2019-12-12,66.8318862915039,67.1337067474379,66.32191249314344,66.57020672354811,29114000
2019-12-13,66.75159454345703,66.97362476736325,66.49338609778081,66.80264032041094,33170000
2019-12-16,67.43702697753906,67.57727809571605,66.93695982340492,67.15452828398682,28128000
2019-12-17,67.14906311035156,67.6169146164696,66.9448724641696,67.52175773706115,32948000
2019-12-18,67.00138092041016,67.3740756040836,66.9295235885865,67.25364537789,23330000
2019-12-19,67.22587585449219,67.279901181615,66.84475681599719,67.00136522856526,28922000
2019-12-20,66.9671859741211,67.60056957774427,66.9429033073999,67.55596690931648,50090000
2019-12-23,66.93795013427734,67.49401639740252,66.8076056794049,67.33938927575151,19936000
2019-12-24,66.63066864013672,67.00634289086061,66.61778997900616,66.91712999282349,13468000
2019-12-26,67.52472686767578,67.56091264599834,66.68418077054405,66.7357256535214,23662000
2019-12-27,67.13668060302734,67.7517254677275,67.05540060541519,67.60056191429713,23212000
2019-12-30,66.39673614501953,67.25363966980721,66.30405970566383,67.24422456030106,19994000
2019-12-31,66.38088989257812,66.44383123438371,66.0210813978325,66.20247164468444,19514000
2020-01-02,67.83251953125,67.83251953125,66.73277402795259,66.82793093236997,27278000
2020-01-03,67.4776611328125,68.08379009099887,66.77390239021686,66.80760773096915,23408000
2020-01-06,69.2762222290039,69.30149556378939,66.95629344220531,66.98751077493854,46768000
2020-01-07,69.14239501953125,69.55821012407621,68.96645724727993,69.40754568235849,34330000
2020-01-08,69.63453674316406,69.97204388362319,69.01949180178964,69.12802647532469,35314000
2020-01-09,70.36553955078125,70.80612880551863,69.89074585054556,70.47159375013308,33200000
2020-01-10,70.82003021240234,71.11640582320393,70.35614880232912,70.84531111023372,26258000
2020-01-13,71.36865997314453,71.44051730380278,70.64210083819175,71.1317546271615,30730000
2020-01-14,70.90081024169922,71.49751649539529,70.76104311691866,71.36717204334909,26076000
2020-01-15,71.32752990722656,71.40583792168397,70.95384451597616,71.02124763841545,21550000
2020-01-16,71.87071228027344,71.89747539401914,71.3671740127522,71.63727803469492,26080000
2020-01-17,73.32579803466797,73.37684381090587,72.18739403885324,72.48426114877846,52424000
2020-01-21,73.46110534667969,73.83925246721381,72.86439154992613,73.30002755955512,48930000
2020-01-22,73.5413818359375,74.36954091002987,73.48142006681404,73.83181338382326,28458000
2020-01-23,73.58201599121094,74.0186501633295,73.365438242496,73.72376442243804,26650000
2020-01-24,72.66416931152344,74.05334797496889,72.51597775102503,73.98495419699645,29786000
2020-01-27,70.95730590820312,71.19767480231553,70.35117700362538,70.94789079814586,34132000
2020-01-28,71.8875732421875,72.10067995934351,70.88942009820519,71.45341935177137,29724000
2020-01-29,72.19482421875,72.56355620090642,71.63429624956653,72.28204821190393,21566000
2020-01-30,72.07341766357422,72.1229736667599,71.11937574477422,71.27301221062503,27110000
2020-01-31,71.00934600830078,72.83763191582841,70.72585665176216,72.74792746502517,43822000
2020-02-03,73.47844696044922,73.66182608356632,72.19036913116597,72.44015314026151,71636000
2020-02-04,71.63529205322266,72.7221511823301,70.47656803193662,72.08530406404785,95880000
2020-02-05,71.66700744628906,72.58536256030895,70.85570477873623,72.53728878225081,36376000
2020-02-06,73.14986419677734,73.42691043576079,71.88656813376596,71.96090591264428,37822000
2020-02-07,73.30548858642578,73.60978951764092,72.62651160369214,72.72464050558949,28360000
2020-02-10,74.77000427246094,74.78090916442083,73.11171202305549,73.21232137301007,38302000
2020-02-11,74.8393783569336,75.82167304144915,74.61090502112194,74.99846724762173,34852000
2020-02-12,75.26412200927734,75.34688423463207,74.7704979689078,75.12683532807398,31042000
2020-02-13,75.00440216064453,75.62688069621956,74.53902358616963,74.83638974918011,22914000
2020-02-14,75.26907348632812,75.33449526939701,74.6158614465477,75.06092014232502,23198000
2020-02-18,75.30426025390625,75.85537316720415,74.8864637897621,75.05150424505347,25642000
2020-02-19,75.57337188720703,75.86429500722407,75.38058521971043,75.68884877939992,22746000
2020-02-20,75.18283081054688,75.6823987740962,74.55192018289029,75.2829410240114,25962000
2020-02-21,73.52106475830078,74.88348786244822,73.27475187398645,74.56778297216329,42520000
2020-02-24,70.36902618408203,71.18777031653599,69.72127408586704,70.52712443129799,49560000
2020-02-25,68.70675659179688,71.21104711521028,68.41435127649457,70.92112224638342,51580000
2020-02-26,68.91243743896484,70.06224551074448,68.22255562083214,69.13595745407619,49776000
2020-02-27,65.16963195800781,67.8682070863749,65.13444439685422,67.35971544400063,62290000
2020-02-28,66.37393951416016,66.53252927344232,62.85315762252513,63.1554771498163,80198000
2020-03-02,68.70675659179688,68.76374636203735,65.67761720638778,66.97560913503754,55430000
2020-03-03,66.29811096191406,69.79063991140406,65.8778341158577,69.26976130406855,56602000
2020-03-04,68.47283172607422,68.5313112774351,66.26242870695833,67.35077754870201,47598000
2020-03-05,65.16019439697266,67.0866162866075,64.50996206766119,66.68616035036011,54380000
2020-03-06,64.21757507324219,64.5649888842822,62.30800530544465,62.93940759811256,64640000
2020-03-09,60.25519943237305,62.08596557665804,59.375499246974364,59.718458788506304,69252000
2020-03-10,63.1981086730957,63.23181023125932,60.19176558217221,62.16824305070715,54872000
2020-03-11,60.01285171508789,62.29412541390752,59.03353654424814,61.864932499631436,54732000
2020-03-12,55.089012145996094,58.91508605796514,54.93636636348303,55.63764838838644,94326000
2020-03-13,60.17987060546875,60.1863137168854,55.12568453350552,58.233132133653775,79400000
2020-03-16,53.17844772338867,56.77009620061681,52.88504797774711,54.00164584986106,96520000
2020-03-17,55.411651611328125,55.80516162378033,51.99395905552296,54.05270334557388,83194000
2020-03-18,54.079959869384766,54.76389386649369,51.39427142867843,52.531193206500674,93044000
2020-03-19,55.0949592590332,57.12396841730102,52.313622306797946,53.932764120819286,74064000
2020-03-20,52.941062927246094,56.4236822135708,52.638248003789414,56.048011724837686,82878000
2020-03-23,52.243247985839844,52.8766315654061,50.00013767795823,52.35426310073486,83672000
2020-03-24,56.003902435302734,56.168443781993375,53.8440533745928,54.713843223428654,72468000
2020-03-25,54.59688186645508,56.80480098996258,53.67456021178784,55.734790654308775,90324000
2020-03-26,57.63493347167969,58.0591730147804,54.121588919875315,55.24611599341707,76562000
2020-03-27,55.025081634521484,57.04665709426184,54.71483294886179,55.878018798817905,62794000
2020-03-30,56.811729431152344,57.04416919375739,54.441746039351614,56.13423859021797,58736000
2020-03-31,57.58686447143555,58.154330943122716,56.33645085139658,56.93167488332719,65228000
2020-04-01,54.62066650390625,55.974661472404435,54.19395025688407,55.706043456891315,51970000
2020-04-02,55.3606071472168,55.64508338449243,54.17611063573357,54.516589764619354,56410000
2020-04-03,54.1547966003418,55.44783157309285,53.28154321364978,55.24562600577843,51374000
2020-04-06,58.639530181884766,59.0142061972001,55.755602497061574,56.152088293952644,63320000
2020-04-07,58.60830307006836,60.502509752587144,58.34513751348153,60.31566330394941,61620000
2020-04-08,59.8195686340332,60.21109734308198,58.67719806698127,59.62628283580481,40334000
2020-04-09,59.79825210571289,60.56247544600904,59.09697009884195,60.37365144573341,54028000
2020-04-13,59.98857116699219,60.19226652151703,58.596911921148106,59.54698734678868,38702000
2020-04-14,62.70547866821289,63.22685269710416,60.887099444718835,61.453579036793315,63358000
2020-04-15,62.312461853027344,63.195134097542535,61.15770048868612,61.77770250465346,42236000
2020-04-16,62.31889724731445,63.10839766356857,61.36584995080172,62.80013034091247,57896000
2020-04-17,63.38793182373047,63.9330970110013,62.74364328712094,63.52174361887628,51050000
2020-04-20,62.503265380859375,63.27987960151955,62.26983493676543,62.93642471323275,35292000
2020-04-21,60.07530212402344,61.95067114702243,59.72044698572963,61.58937667810342,49648000
2020-04-22,62.36747741699219,63.43153994426798,61.31629733223083,61.51007845827195,46296000
2020-04-23,62.99986267089844,63.84140335500564,62.472540885834604,62.73074933312013,34202000
2020-04-24,63.268985748291016,63.323997976696404,61.65331112209811,62.198476293536736,37402000
2020-04-27,62.984500885009766,64.1362902612002,62.697048874068805,64.03220981010499,44186000
2020-04-28,61.08781814575195,63.673388769392936,60.97828903607546,63.5960789970159,80700000
2020-04-29,66.5191650390625,67.4097664682987,65.75345562296938,66.65892460884133,108358000
2020-04-30,66.74317169189453,66.90672236515653,65.49424409029045,65.98291477764961,55842000
2020-05-01,65.2870864868164,66.97760179374693,64.90745711448741,65.62261230338001,48872000
2020-05-04,65.56362915039062,65.64144560406487,64.23094864842768,64.83162512222222,30806000
2020-05-05,66.858154296875,67.94799308300591,66.16480889484865,66.28722046090816,39666000
2020-05-06,66.68023681640625,67.83301697062188,66.66536925942738,67.30321467823855,31732000
2020-05-07,67.86225128173828,68.19530421185752,67.0326098611395,67.4672552406405,30652000
2020-05-08,68.60863494873047,69.21822742140198,67.99755269554913,68.48374294304661,33326000
2020-05-11,69.56266784667969,70.1544207533012,68.17051714278251,68.23444914371004,32718000
2020-05-12,68.15467071533203,70.09496266146002,68.12146448577768,69.79215149229233,33918000
2020-05-13,66.82395935058594,68.65770538437538,65.81689032510918,68.20323154118306,40368000
2020-05-14,67.24671173095703,67.27198506358019,65.5834587375986,66.08996899266552,36660000
2020-05-15,68.04959869384766,68.1249271493889,66.36156370417874,66.82049935134577,41544000
2020-05-18,68.65026092529297,69.02592758289641,67.11487206226282,67.48063205826992,47094000
2020-05-19,68.11599731445312,69.01254263159231,68.0842808724935,68.66512886344131,31586000
2020-05-20,69.83872985839844,69.98096987690036,68.76128572867,68.84751907073908,38262000
2020-05-21,69.71929168701172,70.20052108564059,69.10671959654051,69.92942638175046,30894000
2020-05-22,70.04093933105469,70.22728290602076,69.18403566778795,69.57804104903495,28544000
2020-05-26,70.44384765625,71.6204186984946,70.34621788850302,71.46430181814073,44590000
2020-05-27,70.38983154296875,70.64110531286433,69.11712048333816,70.37595465466231,31684000
2020-05-28,70.28874206542969,71.58821644638739,69.33916194732967,69.38475528420979,35170000
2020-05-29,71.04602813720703,71.20511704791316,70.17673735022835,70.39727782191743,37044000
2020-06-01,71.11293029785156,71.44548411572828,70.48896178135337,70.6584640274907,25162000
2020-06-02,71.48165130615234,71.5158481937541,70.45574467809989,71.1193624308014,23442000
2020-06-03,71.32999420166016,71.81370394521399,70.95184711636607,71.50097863487548,27732000
2020-06-04,70.09346771240234,71.43259900133093,69.68261343947218,71.20758919005584,26982000
2020-06-05,71.3681640625,71.67940719980339,69.76239993864283,70.1598764140095,42642000
2020-06-08,71.76563262939453,71.81320729132332,70.59798511297558,70.68719800230541,33878000
2020-06-09,71.96585845947266,72.74495316037958,71.48412999551343,71.62686911667684,33624000
2020-06-10,72.59130859375,72.99125789477492,72.07885440964705,72.43321038271085,31762000
2020-06-11,69.47891235351562,71.9420714461508,69.30594657750737,71.41821322493519,47144000
2020-06-12,70.02507781982422,71.09508812261465,68.68099326977082,70.6663867539515,36676000
2020-06-15,70.41263580322266,70.62376113767836,68.75037355248693,68.8638691116069,30468000
2020-06-16,71.68782806396484,72.21812185182957,70.82150937457023,71.81321161861592,30648000
2020-06-17,71.98866271972656,72.46741921038576,71.12581508481102,72.00849116981989,30610000
2020-06-18,71.07575225830078,72.0099655750476,70.68521048215024,71.85533846785108,34862000
2020-06-19,70.60592651367188,71.59019503933153,70.32639981826522,71.36717413263463,52784000
2020-06-22,71.89547729492188,71.90985329738507,70.3358133685618,70.62425602292842,29442000
2020-06-23,72.55562591552734,73.11169968828236,71.61496948877875,71.96189170393863,37752000
2020-06-24,71.00537872314453,73.14093740058806,70.87156316474966,72.5209391776435,31592000
2020-06-25,71.42168426513672,71.48214515083893,70.35315627186846,70.93202293315196,23958000
2020-06-26,67.5282211303711,71.21948940285222,67.15453572534851,71.00192091816166,97640000
2020-06-29,69.24449920654297,69.28563832778552,66.98850239605058,67.41918513389703,45074000
2020-06-30,70.27931213378906,70.57419791827895,68.73698854618216,69.23012100555543,40286000
2020-07-01,71.46629333496094,71.78745069882932,70.08752033557674,70.33483147032733,42182000
2020-07-02,72.85050964355469,73.77184427310539,71.91579724002281,71.9539643543716,57218000
2020-07-06,74.3234634399414,74.83641685386787,73.19992682329604,73.75352024380426,44712000
2020-07-07,73.84123229980469,75.39743275025508,73.83032740946122,74.1490043020227,42364000
2020-07-08,74.51921844482422,74.89439355873654,73.95918199653875,74.38044955606385,31766000
2020-07-09,75.26560974121094,75.78500626699903,74.12225223661837,74.83294567449893,41836000
2020-07-10,76.27416229248047,76.38963919030913,74.37649193816277,74.9974808669184,35918000
2020-07-13,74.94692993164062,78.12524419545197,74.66592103825721,76.8158557336052,42954000
2020-07-14,75.37462615966797,75.47077370788296,73.64347873991565,73.98346627119216,38108000
2020-07-15,75.1773910522461,76.14133958926885,74.2332634031044,75.49209774784732,31026000
2020-07-16,75.08024597167969,75.12931041610598,73.75945351224223,74.41513840582077,26484000
2020-07-17,75.17589569091797,75.50200636800437,74.24663566725596,75.1788676895288,34264000
2020-07-20,77.5047607421875,77.76098790200676,74.47462993566776,75.08422249590244,30166000
2020-07-21,77.11222076416016,78.65504339573445,76.94867010071032,78.55493317782401,27486000
2020-07-22,77.55480194091797,77.6603646078769,76.48330192524752,77.10181793412379,24482000
2020-07-23,75.17094421386719,77.827389236186,74.7665255226966,77.60833100238632,33910000
2020-07-24,74.74769592285156,75.10552305492557,73.72575942026643,74.30066345548695,29902000
2020-07-27,75.79936218261719,76.20229106815995,74.95188130787318,74.99797375278568,27124000
2020-07-28,74.52169799804688,75.62986776248196,74.3665717756482,75.57981265274391,30910000
2020-07-29,75.50596618652344,75.99264795596048,74.4899737531513,74.58860175422343,22676000
2020-07-30,76.24243927001953,76.36733126760335,74.10142063314761,74.24018951935184,36042000
2020-07-31,73.74359130859375,74.58958993707091,72.06100916107408,74.19459395635562,91468000
2020-08-03,73.48638153076172,74.22829979718547,72.93923127224508,73.89476289216728,45482000
2020-08-04,73.01753997802734,73.99933560623647,72.55811283263415,73.68214847232768,37212000
2020-08-05,73.30448913574219,73.84519626003934,72.91444645952018,73.19199180453877,29134000
2020-08-06,74.58612060546875,74.65154238351218,72.94814864418152,73.15878241875599,33306000
2020-08-07,74.26002502441406,75.33647844212679,73.6603391959197,74.78883662265774,27718000
2020-08-10,74.18321228027344,74.69516746531231,73.22520012701789,73.88485534335744,20546000
2020-08-11,73.37635803222656,74.8582208141743,73.25989046753106,74.04343941326381,31098000
2020-08-12,74.69962310791016,74.9191804606546,73.59739725191154,73.7024683730162,22512000
2020-08-13,75.16598510742188,76.17306163204127,74.74769707911409,74.74769707911409,22388000
2020-08-14,74.57027435302734,75.32161534911621,74.29124675715514,75.01532552370992,21942000
2020-08-17,75.14566802978516,75.51936096663643,74.58861108119994,75.13229025369915,19990000
2020-08-18,77.10529327392578,77.18409283335072,75.4147856047771,75.6353260607761,28378000
2020-08-19,76.55170440673828,77.75354900546623,76.3232310449842,76.94223867615787,30472000
2020-08-20,78.11979675292969,78.31407321175054,76.048661480078,76.32173749907452,26382000
2020-08-21,78.08609771728516,78.89442843243806,77.42892300821778,77.89924747722306,34838000
2020-08-24,78.56088256835938,79.73200128949749,78.0598247678244,78.92366302638288,25638000
2020-08-25,79.5867919921875,79.7369573344737,78.20057765629728,78.31060210938294,25150000
2020-08-26,81.48397064208984,81.91317116457778,79.3454396201042,79.60910055247213,52188000
2020-08-27,80.7103271484375,81.67526631440305,80.22909022649999,81.60687253223567,31350000
2020-08-28,81.25102233886719,81.34617922901354,80.5661014503227,80.75740589680068,22418000
2020-08-31,80.7603759765625,81.50229418365015,80.55222264754329,81.45620173894997,26422000
2020-09-01,82.02664947509766,82.23183081944713,80.76038141438515,80.89072586563118,22652000
2020-09-02,85.11477661132812,85.54645001185607,82.2799130648107,82.66747534545358,49522000
2020-09-03,80.75938415527344,84.25290404476684,79.67896062981355,84.22911293255147,63726000
2020-09-04,78.3656234741211,81.0309847491098,76.2226231580958,79.74290678318458,55850000
2020-09-08,75.51043701171875,77.09389228963359,75.15855385977208,75.57982146335551,54032000
2020-09-09,76.68154907226562,77.2509930776457,75.58823926894804,76.76431129264915,39242000
2020-09-10,75.63185119628906,77.99142901908637,75.33201208144567,76.82775166747923,33024000
2020-09-11,75.12186431884766,76.25877836029665,73.99485693764183,75.73591844486697,30706000
2020-09-14,74.77841186523438,77.16574324687778,74.59404965914706,75.90938200375422,42660000
2020-09-15,76.08137512207031,76.86790369780455,75.43610346676509,75.72305640030964,23042000
2020-09-16,74.93998718261719,77.03540497341557,74.9152054033124,76.44613252697442,22128000
2020-09-17,73.69850158691406,74.27439632270638,72.48030722418932,73.63754157922925,40008000
2020-09-18,71.91680145263672,74.10292221630368,70.951862206745,73.76095327714144,63056000
2020-09-21,70.8785171508789,71.37015234219106,69.51758358119196,70.9518642724512,56908000
2020-09-22,72.34945678710938,72.555137240123,70.84678253105847,71.87863322198784,33950000
2020-09-23,69.85011291503906,72.0154140991599,69.5175667204066,71.96634965856373,37726000
2020-09-24,70.51769256591797,71.26754361712104,69.49129442637486,69.51756598383865,34552000
2020-09-25,71.32059478759766,71.66156550061707,69.76538477442634,70.62625112661047,30326000
2020-09-28,72.2919692993164,73.00217110673873,71.6784141659313,72.95261510869759,30784000
2020-09-29,72.65675354003906,72.95312160980825,72.06103027655173,72.55218151480894,31816000
2020-09-30,72.63591766357422,73.65686345741786,72.14824521381277,72.40496388039755,40924000
2020-10-01,73.7411117553711,74.09646597038588,73.19098955125851,73.5309770975159,32884000
2020-10-02,72.14031982421875,73.30152440996176,71.73144688729637,72.34004873717964,31222000
2020-10-05,73.48983764648438,73.5825140762962,72.36283024881585,72.48970356280633,21602000
2020-10-06,71.91332244873047,73.57359566004143,71.61546469303617,73.12656325055715,26096000
2020-10-07,72.31575012207031,72.80293096313312,71.03163513750249,72.32417456491505,36108000
2020-10-08,73.51959228515625,73.747566532025,72.62849172768487,72.62849172768487,26076000
2020-10-09,74.85870361328125,74.92808805462509,73.69650854901934,73.98693253652546,32966000
2020-10-12,77.54190826416016,78.72293349802754,75.79291373880893,76.2240954855972,55344000
2020-10-13,77.66483306884766,78.5613860495805,77.24654502979156,78.15746645271066,39072000
2020-10-14,77.48493194580078,78.49646280342338,76.61564111614656,78.03803383349177,33174000
2020-10-15,77.08992767333984,77.87942818375831,76.37923428577766,76.5462485174522,31210000
2020-10-16,77.69605255126953,78.1921494513825,77.19846587067573,77.40512942894904,34194000
2020-10-19,75.82512664794922,78.5004090049692,75.47672224990343,78.10392327240116,29734000
2020-10-20,76.87236022949219,78.00035855985075,75.35679964093741,75.4861534317713,41670000
2020-10-21,78.6025161743164,80.04721007346663,77.66830276739462,77.80260988770006,60322000
2020-10-22,79.62693786621094,79.96196457771984,78.18076166313445,78.55345638173165,30512000
2020-10-23,80.93135833740234,80.98785655651626,79.88711304408893,80.04273837552317,30548000
2020-10-26,78.51826477050781,80.76285741115254,77.70001980831707,80.04026846122382,35826000
2020-10-27,79.24134826660156,79.39597538099545,78.15647045681439,78.74822336439603,25902000
2020-10-28,74.87606048583984,77.00765664920016,74.7610827015147,76.81933175028874,45174000
2020-10-29,77.15982055664062,78.73881420584559,75.16104148203507,75.18433348546209,55406000
2020-10-30,80.09527587890625,83.32712413026837,79.37466827076221,82.63922363317832,99878000
2020-11-02,80.5021743774414,82.18326693567796,80.00259878301561,80.46351570683841,44228000
2020-11-03,81.5597915649414,82.22092895585259,79.89703764384542,80.82134439367809,31432000
2020-11-04,86.52527618408203,87.72364973504222,84.4016051295483,84.52946915085025,71342000
2020-11-05,87.3504409790039,88.80355922055054,86.28637474344528,87.74444631593936,39758000
2020-11-06,87.21317291259766,87.64781830534946,86.0707985293966,86.79735774216776,28622000
2020-11-09,87.29691314697266,90.04603445916274,87.10511715128658,89.00972958301574,53440000
2020-11-10,86.12232971191406,87.1958110224123,85.05182039988732,85.72832438783556,43022000
2020-11-11,86.59365844726562,87.37026514561057,86.38698732276887,86.65163888970832,31838000
2020-11-12,86.37510681152344,87.47337016900725,86.13473786877395,86.33446680213738,26474000
2020-11-13,87.83414459228516,88.07550413337701,86.03609314698612,86.63180866553387,29744000
2020-11-16,87.921875,88.92845236010726,87.29245409409869,87.43172210004694,25468000
2020-11-17,87.3088150024414,88.07601416521123,87.20127099757448,87.61608790911133,21314000
2020-11-18,86.26705169677734,87.47434868925225,86.16446102115808,87.06002332172838,20108000
2020-11-19,87.15567016601562,87.39951018398297,85.7407189638763,85.89980786283361,20106000
2020-11-20,86.0559310913086,87.64087619997211,85.98753730379259,87.32567037760874,27694000
2020-11-23,85.61880493164062,86.53220683419836,84.7574470410167,86.24624457507814,22530000
2020-11-24,87.41983032226562,87.54769432891005,85.28030128891842,85.61582709012495,27984000
2020-11-25,87.43122100830078,87.74097434206601,86.6496534535001,87.61360945809936,19600000
2020-11-27,88.565673828125,89.06078767442922,87.45155234828248,87.45155234828248,14790000
2020-11-30,86.94900512695312,88.23460252032878,86.62388510850603,88.00216651160646,32418000
2020-12-01,88.97899627685547,90.28541271304861,87.37670339819209,87.55661139988837,37350000
2020-12-02,90.44649505615234,90.83158444204322,88.47398769607074,88.97900820349736,29424000
2020-12-03,90.29136657714844,91.3811977041033,90.05148923543042,90.22693546266429,24728000
2020-12-04,90.38653564453125,90.67100812810543,89.88249822786585,90.21108939366273,20544000
2020-12-07,90.052978515625,90.66058963378225,89.3596256167209,89.97962384343904,22288000
2020-12-08,89.77046966552734,90.00043275559281,88.77678621419675,89.63120923922081,19936000
2020-12-09,88.11167907714844,90.61498639638727,87.32564982008266,89.72239625552974,31728000
2020-12-10,87.60567474365234,87.96944584482684,85.91466810867063,87.35539163522937,28688000
2020-12-11,87.96002960205078,88.08443004562467,86.86672741795577,87.2265358498586,18628000
2020-12-14,86.84293365478516,88.70343487026673,86.68780744073449,87.7578251565572,33050000
2020-12-15,87.28006744384766,87.42478033349926,86.31810030713507,87.21959899351037,21352000
2020-12-16,87.0872802734375,87.67804256144234,86.6843589008534,87.67804256144234,24676000
2020-12-17,86.26060485839844,87.55909602721862,85.79672351081625,87.42131779941667,34880000
2020-12-18,85.55238342285156,86.64965590183743,84.99631718680045,86.54112123455688,85256000
2020-12-21,85.9657211303711,86.08665047301542,83.95554588894409,84.70539704892414,33974000
2020-12-22,85.25503540039062,85.86908971681392,84.53938106745055,85.70652969038704,20370000
2020-12-23,85.65200805664062,86.43902813362216,85.30359602075463,85.43890137207586,22974000
2020-12-24,85.94588470458984,86.35475754472874,85.45969453747551,85.6901491758019,9312000
2020-12-28,87.91841125488281,88.56468110271734,86.32554086570106,86.47867821131298,27650000
2020-12-29,87.11552429199219,88.63752786002674,86.98418918004275,88.5760763070987,19726000
2020-12-30,86.04948425292969,87.61113729202937,85.6406113261825,87.4743497229206,21026000
2020-12-31,86.86177825927734,87.10263870414872,86.04154446235164,86.10003157948303,21070000
2021-01-04,85.54791259765625,87.34992651738536,84.60675719599084,87.22652431860851,37324000
2021-01-05,86.23780059814453,86.57381789813013,85.09047314592175,85.49637399797825,20360000
2021-01-06,85.38684844970703,86.43208444826773,84.05962045926168,84.26579245837004,46588000
2021-01-07,87.93724822998047,88.10971491007409,85.57915243705426,85.57915243705426,41936000
2021-01-08,89.10142517089844,89.1772527342026,87.2870085349712,88.07700817599742,35484000
2021-01-11,87.04267120361328,88.43482947963955,86.83699831013621,88.07006012945878,34796000
2021-01-12,86.10796356201172,87.61807170115141,85.06471635577631,86.50097826490368,29528000
2021-01-13,86.59465026855469,87.04763429733303,85.6069030910112,85.6069030910112,23432000
2021-01-14,85.78532409667969,87.60073138346526,85.54495518482686,86.67493484651867,29212000
2021-01-15,85.62177276611328,86.61298351886033,84.8332704806772,85.69115721631205,31444000
2021-01-19,88.43930053710938,89.39928644937088,85.8799935070657,86.38402335551918,41660000
2021-01-20,93.17727661132812,94.15113930596509,90.17589074243995,90.51587074805265,64152000
2021-01-21,93.37948608398438,95.75492235156246,93.1445696134799,93.85031725362155,58634000
2021-01-22,93.7962875366211,94.38258801925332,93.00034392716495,93.74177064385457,32744000
2021-01-25,93.88153076171875,95.2464344214254,92.14096797256826,94.79642238688461,50586000
2021-01-26,94.55903625488281,94.94560788180245,92.98202396528451,93.47068716392869,31462000
2021-01-27,90.14763641357422,93.19709601317666,89.07415506455348,92.92153956485564,82512000
2021-01-28,91.84558868408203,93.56979410024235,90.7453441830221,90.7453441830221,55278000
2021-01-29,90.56494140625,91.56507572986428,89.28628617453063,90.89501477242058,44530000
2021-02-01,93.82156372070312,94.9351859580172,91.41886545698281,91.41886545698281,40252000
2021-02-02,95.11261749267578,96.61182068763402,94.48071611878922,94.81575036485842,66332000
2021-02-03,102.0392074584961,104.4052287273552,99.79262576313377,102.37275195822058,97882000
2021-02-04,101.77899932861328,102.55560597377604,100.86063667469075,102.12542242838796,48596000
2021-02-05,103.52352905273438,103.87590372687838,101.59909567696245,102.07289124062606,29866000
2021-02-08,103.3099365234375,104.82054386503,102.26074525835544,104.07713575251206,28828000
2021-02-09,102.85743713378906,104.00327492261671,102.59030513019513,102.82819357536142,21892000
2021-02-10,103.40706634521484,104.02161972399544,101.71011556158754,103.24153433379384,25102000
2021-02-11,103.51957702636719,103.77976683417323,102.53381868080754,103.63109126533446,20480000
2021-02-12,103.830810546875,104.05234166129615,102.76723583999629,103.07451629921232,18990000
2021-02-16,104.607421875,106.31428677278258,103.668247646045,103.668247646045,31004000
2021-02-17,104.99994659423828,105.18926972453114,103.49975268099251,103.77877270157512,20294000
2021-02-18,104.36508178710938,105.1669770434252,103.74656567855568,104.32494089402836,22546000
2021-02-19,103.52253723144531,104.99795680679689,103.2559043418766,104.46320124720552,37938000
2021-02-22,101.81021881103516,103.10226681729074,101.49997392533437,101.77751170242684,29466000
2021-02-23,102.10063934326172,102.71420199290405,98.63685456772592,99.81441631035422,34658000
2021-02-24,103.27474975585938,103.49826979319657,100.48548709417837,100.60987999921473,22608000
2021-02-25,99.91156005859375,103.23459480191558,99.44271782605095,101.89299077097074,41548000
2021-02-26,100.20694732666016,101.9222368684854,99.17113386865907,100.60541448673561,40042000
2021-03-01,102.5734634399414,102.89907502090055,100.82694907500807,101.49998201929594,26060000
2021-03-02,102.31674194335938,103.81644435737358,101.92967878703757,102.33458149918383,25564000
2021-03-03,99.68656158447266,102.88717733019561,98.82370641561394,101.69574615075186,33892000
2021-03-04,100.80267333984375,102.8178020839043,99.39019490310947,99.8580465289273,49216000
2021-03-05,103.93191528320312,104.38440020130358,100.49786526440951,102.15170316057323,53100000
2021-03-08,99.4927749633789,104.75808274317625,99.37828873496463,103.28713246318019,36868000
2021-03-09,101.12132263183594,102.28897013180834,100.88541553312906,101.58670128057204,33920000
2021-03-10,100.91466522216797,102.16408434665642,100.07907232110979,102.16408434665642,27100000
2021-03-11,104.10388946533203,104.63567305247624,101.9187671112629,102.00649022859612,27702000
2021-03-12,101.5990982055664,102.96746538300351,100.72782616573727,102.9079951600995,33818000
2021-03-15,101.81913757324219,101.84639223540918,100.49835274764462,101.3502953728072,26168000
2021-03-16,103.2787094116211,104.75511215690847,102.05951689510228,102.39157157977236,31900000
2021-03-17,103.1959228515625,104.02754542741096,101.30766794146278,102.51446559038109,26382000
2021-03-18,100.17870330810547,102.52836717978956,100.0716508476845,101.50890348351723,31700000
2021-03-19,100.45722961425781,100.95679766895853,99.26628992369724,100.59451630007429,46072000
2021-03-22,100.64209747314453,101.51684073971637,99.8149288786167,100.4904423351425,33536000
2021-03-23,101.16940307617188,102.29839198447732,100.50876484586558,101.10100929699755,28510000
2021-03-24,100.7332763671875,102.47135862894248,100.55832169065704,101.6863199422794,25218000
2021-03-25,100.72980499267578,101.38300944915922,98.92728405832933,100.56080187614467,35616000
2021-03-26,100.34671020507812,101.07326181314708,99.31187989492297,100.69660445230305,27978000
2021-03-29,101.39044952392578,101.55995176525356,99.39117913290644,100.21933831690066,26492000
2021-03-30,101.42414855957031,102.22702679811378,100.91268499326586,101.74678812299072,27312000
2021-03-31,102.21959686279297,103.39616804886353,101.45041637085228,101.81716706219301,42570000
2021-04-01,105.55302429199219,105.84890071738012,103.65238219633088,103.69302219403144,39880000
2021-04-05,109.97283935546875,110.46993447035067,106.31775001395617,106.41389756983538,48510000
2021-04-06,109.49211120605469,110.42087973789896,109.12189695310158,109.57438188030405,35240000
2021-04-07,110.96752166748047,111.23861633474729,109.68241587965444,109.68241587965444,24134000
2021-04-08,111.53251647949219,112.59113031315094,111.1647751250388,112.20505028993573,28664000
2021-04-09,112.5356216430664,112.69917231745536,110.87980246049328,111.28521181469488,26146000
2021-04-12,111.24456024169922,111.85266286624429,110.41193940071733,111.71538376681427,25024000
2021-04-13,111.73075866699219,112.17878937240846,111.16675951077738,111.5602733226947,25682000
2021-04-14,111.11027526855469,112.37506130704004,110.8183689911371,112.37506130704004,21002000
2021-04-15,113.25820922851562,113.79099102796425,111.5691914039024,112.10345542149517,29174000
2021-04-16,113.13431549072266,113.70376710281464,112.54801498961537,113.45596441194692,26282000
2021-04-19,113.48174285888672,114.19194474297205,112.51135116057078,112.51135116057078,30290000
2021-04-20,112.94895935058594,113.93967097136371,111.86408150000248,113.8648340768763,22288000
2021-04-21,112.91625213623047,112.99802369437015,111.25448135103781,112.60401833502164,23204000
2021-04-22,111.63610076904297,113.43812268908319,111.03146160989212,112.77004307784593,24146000
2021-04-23,113.98574829101562,114.29252960626654,112.06874885928785,112.35372039532947,29066000
2021-04-26,114.48136138916016,115.20494850642784,113.85640227460357,114.21323872115512,32038000
2021-04-27,113.54219818115234,114.90362311481388,113.3033115017685,114.86298311307249,44386000
2021-04-28,116.91529083251953,120.50049681684617,116.6268481486784,118.57358292629367,81106000
2021-04-29,118.58646392822266,119.15145371385512,117.64927102297919,118.41151681600597,41234000
2021-04-30,116.64073181152344,118.04576886027662,116.29678154912857,117.36034878239039,44856000
2021-05-03,116.12429809570312,118.03089194443908,115.748631417019,117.20620391311888,28242000
2021-05-04,114.3277359008789,115.22775243296606,111.8422752076323,114.66078126628535,44818000
2021-05-05,114.72122955322266,115.72383658632715,114.39958068772334,115.40813927978554,26636000
2021-05-06,115.84031677246094,115.84031677246094,113.64428958784119,114.30294649647725,25190000
2021-05-07,116.56290435791016,117.52041727105686,116.2769421311953,117.15565548855925,28898000
2021-05-10,113.58036041259766,115.52561297200754,113.2230248324833,115.38386451451022,30914000
2021-05-11,112.50538635253906,113.01189659277263,110.71426940565203,111.16775253542369,34186000
2021-05-12,109.04557037353516,111.41109992687674,108.71698679054806,110.33117538369368,46376000
2021-05-13,110.47242736816406,110.98785364664872,109.3662312366163,110.32770690377507,33204000
2021-05-14,112.91773223876953,113.23194736658283,111.51120550382073,111.93445441533588,31996000
2021-05-17,113.44010162353516,113.48272295866457,111.78428241583579,112.18374021644,21598000
2021-05-18,112.12921905517578,114.36985643689593,112.11534216607272,114.10569642967033,22204000
2021-05-19,112.5767593383789,112.74972513246455,110.29400712295823,110.44219113551104,23684000
2021-05-20,114.33368682861328,114.58396240325392,113.17248227319268,113.54319564211424,32352000
2021-05-21,113.69830322265625,114.92542855828297,113.45892500037012,114.85207388727218,40632000
2021-05-24,117.01441192626953,117.23792438170847,114.58197841685045,114.72719042691061,31832000
2021-05-25,117.1051025390625,118.15231234760691,116.7150598583625,117.55758744041395,22440000
2021-05-26,117.96944427490234,118.39962785894154,117.28302600020656,117.28599799895012,21572000
2021-05-27,117.09568786621094,118.40259591136595,116.77751007748608,118.40259591136595,35224000
2021-05-28,116.80674743652344,117.75929948137693,116.60850831851938,117.6775279248431,21482000
2021-06-01,118.0125503540039,118.23706102476314,116.67937078079298,117.67851435164249,23354000
2021-06-02,117.48770904541016,118.6300757232831,116.58421391694786,118.40754638485407,21158000
2021-06-03,116.34732055664062,116.81517213599709,115.45225740031125,116.25563477530487,18696000
2021-06-04,118.62660217285156,118.89720528416072,117.08229729733962,117.42228485227457,24458000
2021-06-07,119.05928802490234,119.16882093672262,118.00365362184354,118.42194169272196,24120000
2021-06-08,118.86797332763672,119.91271031100788,118.68658309033567,119.54051472569788,24240000
2021-06-09,119.33879089355469,119.5836139934262,118.791640682833,119.51175666671405,17942000
2021-06-10,120.68634796142578,120.7294684105752,119.1326278842615,119.2882456679508,25904000
2021-06-11,120.4420166015625,121.01295040637044,119.88495212398634,120.92770773649222,21958000
2021-06-14,121.36930084228516,121.36979239425413,119.83738291214934,120.54411364612498,22098000
2021-06-15,120.3523178100586,121.69639482901378,119.99201021626274,121.37375524077353,21562000
2021-06-16,119.71099090576172,120.8147064780467,118.41994111291582,120.5034633601868,26472000
2021-06-17,120.6734619140625,121.44561439859767,119.44089162710867,119.6366578615454,25842000
2021-06-18,119.0552978515625,120.53418087790193,118.96014096734633,120.30025511302404,46116000
2021-06-21,120.74186706542969,120.92771909272383,118.84468811884209,119.44140198870178,27414000
2021-06-22,121.25530242919922,121.32419532611587,119.99993923776582,120.67990683669676,22390000
2021-06-23,121.0535888671875,122.01357468199771,120.76366397043704,121.0203826430331,19148000
2021-06-24,121.42332458496094,121.97393844062842,121.22508544730859,121.62156372261327,21362000
2021-06-25,121.43173217773438,121.55514196023191,120.49652817244363,120.92770239628572,34594000
2021-06-28,121.45899200439453,121.7058040021767,120.33842757153094,121.60023377546963,28526000
2021-06-29,121.19781494140625,121.93974078212915,120.62142867598224,121.59231941946096,23108000
2021-06-30,121.01642608642578,121.18245721557813,120.28788557536772,120.92225985457858,24474000
2021-07-01,121.36830139160156,121.5095431679097,120.46332403287062,120.65512003494412,18110000
2021-07-02,124.15657043457031,124.3017824350133,121.97789131366527,122.06759575847595,25982000
2021-07-06,125.08087921142578,125.31678632682912,123.48750228216251,124.5441347516448,26404000
2021-07-07,125.36239624023438,126.16527458422692,125.04421841409898,126.04435279309926,24060000
2021-07-08,123.9449462890625,124.49159740298323,122.93193339631354,122.93589606105768,23790000
2021-07-09,124.41529083251953,124.6293881853372,123.45678717042422,123.9261285574442,18632000
2021-07-12,125.85946655273438,125.95264210582927,124.50695772066592,125.06897547530485,17668000
2021-07-13,126.22225189208984,126.93195455191068,125.5611145618093,125.92191366993266,19240000
2021-07-14,127.10987854003906,128.1898105196962,126.7902109907261,126.83333143656799,23742000
2021-07-15,125.88872528076172,127.56882728892863,125.41790166192334,127.51828061987972,24218000
2021-07-16,125.85401916503906,126.68812227295803,125.0446978361771,126.54092894138478,20424000
2021-07-19,123.48304748535156,125.09574617911319,122.41947279512615,124.98125995365034,27968000
2021-07-20,125.10020446777344,125.92637467785345,123.25754270830208,124.42419202434681,26312000
2021-07-21,126.42794036865234,126.474524368803,124.91584338583961,125.02487717060785,20746000
2021-07-22,127.2927474975586,127.35371505716606,126.37836266317296,126.72033153509673,14302000
2021-07-23,131.8459014892578,132.2265290912767,128.65966157114187,129.28411407867398,41506000
2021-07-26,132.85694885253906,133.0571693287337,131.1386796548472,132.1566611755268,30572000
2021-07-27,130.74070739746094,133.21775146262686,128.9605026008915,133.07055810074505,54710000
2021-07-28,134.8978271484375,137.08146728842348,134.08850576613955,135.11391338631623,95130000
2021-07-29,134.58409118652344,135.459824888862,134.35165520894898,134.95331470842268,31716000
2021-07-30,133.54232788085938,134.1152504752501,133.07497550053534,133.8481185095128,25576000
2021-08-02,133.6692352294922,134.14699347911008,132.61805515773415,133.92942502207725,21634000
2021-08-03,134.4379119873047,134.53900531485272,132.14771857757245,133.94725240636728,20762000
2021-08-04,133.93783569335938,134.45723212121203,133.30494371224364,134.15986590683238,19676000
2021-08-05,135.053955078125,135.15159999068044,133.6608059857469,134.48797455260816,17870000
2021-08-06,134.54544067382812,135.27299799701225,134.02159758617466,134.84628556646607,20488000
2021-08-09,135.70960998535156,135.97823930808275,134.1499385485314,134.7476505132301,17760000
2021-08-10,135.60455322265625,136.56156692108615,135.16593769907715,136.13483939066336,19414000
2021-08-11,135.0812225341797,136.47237514518056,135.07378119338873,135.97578664479468,15352000
2021-08-12,135.9881591796875,136.0932302954075,134.23520937229634,134.7803631501877,16506000
2021-08-13,136.5169677734375,136.6448469030297,135.82858330220628,136.04367130953105,15948000
2021-08-16,137.09385681152344,137.14639993489493,134.10981879520125,136.31625185991177,22384000
2021-08-17,135.46034240722656,137.0502482689052,134.8859374907993,136.53927624045247,21716000
2021-08-18,134.2584991455078,135.89945070892185,134.13211736511343,135.30025647796398,19258000
2021-08-19,134.4874725341797,135.15406239448427,133.0700483663603,133.2539190566179,21782000
2021-08-20,136.2216033935547,136.34500562415587,134.06125518787377,134.80466325730745,31194000
2021-08-23,138.81065368652344,139.63632491734674,136.39804086783937,136.75685870008374,28454000
2021-08-24,140.01991271972656,140.83121539533298,139.10502114709683,139.37561670216243,19268000
2021-08-25,140.83023071289062,140.9397636176069,140.13342175774235,140.38022622324365,15848000
2021-08-26,140.1973419189453,141.1657446019955,140.1145645733413,140.50411569948363,20610000
2021-08-27,142.73828125,143.24231096552435,140.25331266092476,140.40744819973673,28780000
2021-08-30,143.3196563720703,144.68753203308154,142.89590833586342,143.13082479723923,24434000
2021-08-31,143.4257049560547,143.89553786032653,143.01287695186656,143.8712627569478,22448000
2021-09-01,143.9391632080078,144.96853350536102,143.61008051608152,143.72555741436526,21936000
2021-09-02,142.02761840820312,144.2404946102544,141.9265099500036,143.9396648071746,32342000
2021-09-03,142.4761199951172,142.8879648593255,141.14888450599227,141.82291558838094,19850000
2021-09-07,143.0123748779297,143.29437443751178,142.35668998079893,142.57029576143597,20124000
2021-09-08,142.4280548095703,143.13082285164162,141.74313388446112,142.8334717334425,18344000
2021-09-09,142.2793731689453,143.04211051634226,141.9190731671668,142.57624028484273,15314000
2021-09-10,139.63780212402344,143.4465279342337,139.5010145668301,142.9449634747417,36840000
2021-09-13,141.08151245117188,141.6935778474216,140.00852254788668,140.7018679540071,22094000
2021-09-14,141.29161071777344,142.10292843249584,140.50409923851902,141.73865068075114,19674000
2021-09-15,143.1600799560547,143.1808915102632,140.10516764345076,141.51664778400357,27408000
2021-09-16,142.34776306152344,143.03170083482422,141.14988885441545,142.68527016924585,26190000
2021-09-17,139.56246948242188,142.18917178562248,139.23536813670114,141.7733642211635,53384000
2021-09-20,137.50025939941406,137.77829631791283,135.12384006043985,136.94716512358414,46518000
2021-09-21,137.81100463867188,138.78090469038185,137.06263570579478,138.5211988911411,25332000
2021-09-22,139.0504913330078,139.64868731901853,137.33371982330885,138.07960825207437,25056000
2021-09-23,139.97483825683594,140.45111435610144,139.16749808844298,139.74834620899532,20952000
2021-09-24,140.9650421142578,141.07953591694633,139.00839293774456,139.30327875954345,22984000
2021-09-27,139.8320770263672,140.69096191409616,138.83640458295432,139.56692635866548,21882000
2021-09-28,134.63612365722656,137.87390754362576,134.17025351354255,137.43629028704004,45772000
2021-09-29,133.17263793945312,135.94555070244238,132.68843655514806,135.77604845611555,30848000
2021-09-30,132.5010986328125,134.3511945610618,132.38215816879713,133.08146275860062,37996000
2021-10-01,135.3428955078125,135.7071733415619,132.89460362239197,133.2658085579831,35360000
2021-10-04,132.48475646972656,134.7655277214168,129.89819447036945,134.7655277214168,51202000
2021-10-05,134.82745361328125,136.01840082000018,132.86287924921712,132.86287924921712,32404000
2021-10-06,136.3559112548828,136.53928282638935,133.3674114045409,133.56565053252967,24364000
2021-10-07,138.0012969970703,138.81111735985237,137.4323370507256,137.67121613500888,25110000
2021-10-08,138.556884765625,139.097576749606,137.99386876227683,138.3502060903865,26526000
2021-10-11,137.6930389404297,139.47523981927662,137.6385144893524,138.0677224984153,17954000
2021-10-12,135.24969482421875,138.28081538664392,134.56674022139998,138.25404471568856,36332000
2021-10-13,136.37274169921875,136.78706701680704,135.31908129001275,136.19481503512776,19654000
2021-10-14,139.91036987304688,140.09522363408612,137.6048099997412,138.24810774301423,31894000
2021-10-15,140.12547302246094,140.47240282360914,139.51786944318084,140.3698121513104,30274000
2021-10-18,141.52308654785156,141.54093366501112,139.82960687486855,139.8365491009501,20396000
2021-10-19,141.97804260253906,142.39980927751645,141.346647938062,142.1272172677941,20164000
2021-10-20,140.52294921875,142.28433864697428,140.1338971977449,142.0781590742051,23288000
2021-10-21,140.638916015625,140.9065471263321,139.26509648022758,140.52294001353957,26292000
2021-10-22,136.35739135742188,139.34737337961698,134.86016945665278,137.926969706927,50588000
2021-10-25,136.23895263671875,136.787086020702,134.23372308873442,136.34104419991752,34412000
2021-10-26,138.08409118652344,138.85177438830706,137.08891772648917,138.03948851571823,49236000
2021-10-27,144.9323272705078,147.34344209158866,138.17970540395092,138.17970540395092,85782000
2021-10-28,144.5670928955078,145.86459342888665,143.3558332615814,145.84130142868378,36206000
2021-10-29,146.74478149414062,146.93905794038585,143.37813478343114,143.80286589775253,43320000
2021-11-01,142.23573303222656,146.74476091370184,141.96661973341435,146.74476091370184,46924000
2021-11-02,144.1542205810547,145.32037819676907,143.06686250852115,143.30872114479845,33482000
2021-11-03,145.3095245361328,145.37989965427468,143.32016075699752,144.61814533980774,27494000
2021-11-04,146.96435546875,148.41747395240975,145.02207467610023,145.83139615139723,38412000
2021-11-05,147.54368591308594,149.00621159465294,146.8944441768872,147.8583849953458,38354000
2021-11-08,147.72113037109375,149.29120778593392,147.1258987759427,148.50814284863625,23052000
2021-11-09,147.609619140625,148.5175685400609,145.9508203469495,147.92135382889896,19530000
2021-11-10,144.6112060546875,146.76858990508995,143.2671365563009,146.20359249121142,29970000
2021-11-11,144.4853057861328,146.2387698135398,144.32076445094071,145.20195824365715,16518000
2021-11-12,147.37123107910156,147.5417315550425,144.1329471350042,145.32685883285086,22360000
2021-11-15,147.14720153808594,148.2350588729297,146.27791087379003,147.59176109433906,23508000
2021-11-16,146.5762939453125,147.45499226873417,146.0177396467435,146.84738864467752,18904000
2021-11-17,146.74575805664062,147.2537504824228,145.9458594225756,146.72642872326313,19594000
2021-11-18,148.5215301513672,149.25701287000476,146.58470958501508,146.9385664922546,35608000
2021-11-19,147.61753845214844,149.6396167460154,147.5902837878737,148.6573144815026,33682000
2021-11-22,145.01609802246094,148.512589853607,144.86296070061218,148.0199641044775,30594000
2021-11-23,144.5006866455078,145.37097563328547,142.84834603035105,144.86842802033317,27218000
2021-11-24,144.83570861816406,144.96407174008007,143.1040693827115,144.19489123717437,18040000
2021-11-26,140.9333038330078,143.28693003446975,140.59579672453097,143.07976736967893,30470000
2021-11-29,144.2513885498047,145.0116454494308,142.6287680714975,142.73433830106399,32596000
2021-11-30,140.6503143310547,144.7167492078786,140.35691078730716,143.7339630400776,42068000
2021-12-01,139.81175231933594,144.66769552061407,139.67348254273247,142.73433859612626,34020000
2021-12-02,141.70944213867188,142.60004356233455,138.98211518195825,140.0085210717419,29194000
2021-12-03,140.75338745117188,143.13080462386353,139.06783334148506,142.41813001017016,41230000
2021-12-06,141.89674377441406,142.58810768181868,138.91815125907553,141.78324823152144,30618000
2021-12-07,145.97511291503906,146.23431960919498,143.95105317379645,144.31681320908484,32240000
2021-12-08,146.884033203125,147.0887305485921,145.11919542765767,146.29922253666786,24270000
2021-12-09,146.3408660888672,147.78952259539568,145.82196873525865,146.29378297525568,23270000
2021-12-10,146.70068359375,147.66810329721565,145.41458694967773,147.39304592455917,24458000
2021-12-13,144.54481506347656,146.6694692071858,144.23852522703294,146.48261894599256,27070000
2021-12-14,142.6421661376953,143.2101279735769,139.9738254109234,142.70263459263393,38446000
2021-12-15,145.15391540527344,145.43145325816954,140.43277721967064,142.1485661377138,36370000
2021-12-16,143.1754150390625,146.37900221019268,142.34476801510507,145.87695382502804,33650000
2021-12-17,140.4793243408203,142.57028013813382,140.0580568228629,141.2475064841103,50416000
2021-12-20,140.36236572265625,140.52840440165772,138.0964625804988,138.7694954805613,27192000
2021-12-21,142.21148681640625,142.60450151263055,139.26758970259098,140.80495248159482,28756000
2021-12-22,145.12814331054688,145.21240289541305,141.810076179416,141.810076179416,26322000
2021-12-23,145.6251983642578,146.94053073802044,145.16477304721343,145.21235527070144,26384000
2021-12-27,146.6064910888672,147.0401457449663,145.87596932932522,145.9617111068582,15976000
2021-12-28,145.39772033691406,146.9955515001699,144.77078743444807,146.93310171719043,18200000
2021-12-29,145.3660125732422,146.12132376201117,144.3673755989165,145.35560679623677,17788000
2021-12-30,144.91551208496094,146.00535087821257,144.71132895620318,145.4046743627597,15688000
2021-12-31,143.578857421875,145.40912459334086,143.578857421875,144.76632590571236,18136000
2022-01-03,143.71713256835938,144.56907529374837,142.44986625187568,143.78006634339744,28646000
2022-01-04,143.13034057617188,145.19750561007717,142.45334497286012,144.11807263912576,28400000
2022-01-05,136.56407165527344,143.22947169597063,136.47784586832228,143.15067212571708,54618000
2022-01-06,136.53680419921875,138.71003866950787,135.3582591822802,135.79439434447366,37348000
2022-01-07,135.81271362304688,137.23163499485634,134.57320114440378,136.93128920152486,29760000
2022-01-10,137.45069885253906,137.59938954533916,131.9940937569273,133.89077354018556,44408000
2022-01-11,138.5078125,138.9836045313537,135.49107504085617,136.7940204323314,28730000
2022-01-12,140.18740844726562,141.35456438559447,139.45788494003665,139.90937157216942,26108000
2022-01-13,137.36892700195312,141.59445882785775,137.1924825382084,140.29596006685344,31436000
2022-01-14,138.25454711914062,139.5049643525977,135.79436777383097,135.8741504250452,29662000
2022-01-18,134.8026885986328,135.92622520287958,134.24811208025204,134.97813484766374,34872000
2022-01-19,133.92892456054688,136.74693894623502,133.82881433443535,135.3235557494751,28648000
2022-01-20,132.13580322265625,136.41635808899423,131.795815685325,135.05244527519218,29908000
2022-01-21,129.20578002929688,133.68009671034852,128.94310984550887,131.42807837929055,55652000
2022-01-24,129.65435791015625,130.04985313603865,123.40576323633218,124.87076987403994,76622000
2022-01-25,125.8193359375,128.26168373746512,125.38866078931534,127.60847923176541,46960000
2022-01-26,128.09713745117188,131.8310265621683,126.02451243511305,129.96656245343323,49130000
2022-01-27,127.87113952636719,131.48657203766555,127.79926707176217,130.1499289030449,31950000
2022-01-28,132.178955078125,132.18441508658373,127.35572577765842,128.51940331451533,34362000
2022-01-31,134.11428833007812,134.28230836211273,131.0474879109952,132.9828264004286,39986000
2022-02-01,136.4342041015625,136.58189655421876,133.1874959638718,136.38513965543686,68644000
2022-02-02,146.69918823242188,150.21451067811546,144.24347030048295,149.92062310914736,123200000
2022-02-03,141.8323211669922,148.3594496248234,141.41155275115443,144.4248414458833,71518000
2022-02-04,142.03355407714844,143.6016501301799,139.27997087416557,142.18372697506842,57998000
2022-02-07,137.97750854492188,142.98212679238782,137.67914411624972,142.98212679238782,54974000
2022-02-08,138.17376708984375,138.76948259746732,135.8097352776193,137.8045435650232,54284000
2022-02-09,140.34750366210938,141.27181794404441,138.95485380934457,139.72453341095786,40144000
2022-02-10,137.401611328125,140.24093608556134,136.74444425283198,138.47559928783693,39330000
2022-02-11,133.10223388671875,137.93338716203198,132.22748330338067,137.3817903404271,39958000
2022-02-14,134.33480834960938,135.10200740871497,132.08525517352243,132.08525517352243,34302000
2022-02-15,135.40780639648438,136.8946223837062,134.6277210675767,136.36134149082847,26680000
2022-02-16,136.52740478515625,136.87233817056384,133.73812696337785,135.44549125984014,25022000
2022-02-17,131.3740692138672,135.90835577846806,131.3140998808297,135.04550824241358,38950000
2022-02-18,129.25686645507812,132.89164396954067,129.05218420049687,132.293931857016,45620000
2022-02-22,128.67254638671875,131.01873151195204,127.09650976671601,128.6968214918031,44990000
2022-02-23,126.46659088134766,130.89036178652327,126.40662154377361,130.49140310139634,32786000
2022-02-24,131.52471923828125,131.83100899869677,123.85523180480044,123.85523180480044,54456000
2022-02-25,133.2777099609375,134.0825696110589,130.5935034058996,132.37818496175834,36406000
2022-02-28,133.86993408203125,134.55831845610308,131.42708762173694,131.88057069700596,38864000
2022-03-01,132.88319396972656,135.0579106140199,132.04761612674722,133.69301448970344,26496000
2022-03-02,133.38873291015625,134.07365391727686,131.90191664243002,133.44473958983755,23520000
2022-03-03,132.72262573242188,135.24029431326773,131.8562994539406,134.81456495195397,24604000
2022-03-04,130.74713134765625,132.6750434625872,129.19192148220066,131.75916874799498,30430000
2022-03-07,125.2677230834961,130.57714191731998,125.18495329978524,130.3323188037654,45112000
2022-03-08,125.98734283447266,130.09640705754634,124.56991120175218,125.1403534553541,40428000
2022-03-09,132.2473602294922,132.56009320622275,128.75879264160196,130.0964343301944,37026000
2022-03-10,131.2655487060547,132.10064255507427,129.76188368845354,130.11227705245972,27102000
2022-03-11,128.72903442382812,132.61953964393146,128.49213662745805,132.31523116771578,31526000
2022-03-14,124.84396362304688,129.26278069161833,124.17391033444304,129.1051815929941,38812000
2022-03-15,128.0624542236328,128.71319344700177,124.61551767245045,125.85998364963604,30920000
2022-03-16,132.10906982421875,132.16109871004574,127.60302044405091,129.58395977320907,35576000
2022-03-17,132.6626434326172,132.90202164574634,131.02317416057818,131.9787056808196,28264000
2022-03-18,134.92904663085938,135.0465048489617,131.0960307543159,132.2517827162383,44566000
2022-03-21,134.9052734375,135.84543842143734,132.9139283478914,134.96672499602926,26832000
2022-03-22,138.638671875,139.81028984562343,134.905281506743,134.905281506743,35496000
2022-03-23,137.06015014648438,138.3616132811459,136.6235310367747,137.48339904374487,25154000
2022-03-24,140.32766723632812,140.37425122859977,136.53975342838464,137.97650659781752,26396000
2022-03-25,140.4277801513672,140.7865978961549,138.50929099112452,140.6686405705943,24126000
2022-03-28,140.21221923828125,140.75440862104264,138.5826564041628,139.66208940065627,35050000
2022-03-29,141.25299072265625,142.52967985366587,140.79009997554334,141.3937560937845,34318000
2022-03-30,140.6909637451172,141.46608819585558,140.3554379628545,141.20787975036384,19884000
2022-03-31,137.84519958496094,140.85897258818176,137.80257825062185,140.80444813456486,37524000
2022-04-01,138.9186553955078,139.23633402944955,137.09185200361182,138.27387545627863,25942000
2022-04-04,141.7148895263672,142.4488900673313,139.07728210128434,139.12486433293225,25942000
2022-04-05,139.3553009033203,141.73370131663094,139.14863735319742,141.61327865957014,21418000
2022-04-06,135.3478546142578,138.13563495181108,134.32591048530927,137.53049665262756,32468000
2022-04-07,134.6941375732422,135.9589233791473,133.04772597265375,134.81456023404073,26234000
2022-04-08,132.11599731445312,134.4775488545769,131.7968213100517,134.39180707525873,25142000
2022-04-11,127.69123077392578,130.9314957081175,127.53759432830005,130.66486281779106,36884000
2022-04-12,126.59197998046875,130.4433348003117,125.67461550166297,130.4433348003117,32710000
2022-04-13,128.75233459472656,129.18846977250948,126.618257834774,126.87498409735159,27928000
2022-04-14,125.61614227294922,129.3326910511807,125.48827070120589,129.3326910511807,31598000
2022-04-18,126.55431365966797,127.0855981275949,125.07295002814799,125.88376118192888,20808000
2022-04-19,128.86630249023438,129.187444684176,125.8832479970726,126.5691670682094,26490000
2022-04-20,126.91461181640625,130.24409728114765,126.37936469139383,129.74154970357304,31696000
2022-04-21,123.71747589111328,128.9550302257485,123.43200519213937,128.11399236207833,36446000
2022-04-22,118.583984375,124.2998031690539,117.8797341417918,123.90133604882998,56884000
2022-04-25,121.99226379394531,122.19397402288331,117.46937340165847,118.05418408752932,46128000
2022-04-26,117.6071548461914,121.43322887611035,117.46937661496328,121.21962308439458,73054000
2022-04-27,113.28993225097656,116.2115203098223,111.74562732959535,113.46338958402451,91820000
2022-04-28,117.48077392578125,118.59786733984906,113.11201138291597,115.39179910794181,48884000
2022-04-29,113.1065673828125,116.88357727541786,112.81416200788513,115.7084957674143,42676000
2022-05-02,115.55831146240234,115.71938168066022,111.61031774703048,112.40824262327081,35534000
2022-05-03,116.30271911621094,117.40098229604361,115.01464126005,115.40715683615127,24968000
2022-05-04,121.18640899658203,121.77469077330238,114.10420454212863,116.00287299219873,49916000
2022-05-05,115.48149108886719,119.97514515514386,113.99467514066237,119.14748518479028,45840000
2022-05-06,114.72917175292969,116.5381358862753,113.01339074570949,114.17211482737774,39710000
2022-05-09,111.52210235595703,114.06555074428341,111.01609125808115,112.25460544901141,40802000
2022-05-10,113.38954162597656,115.22824075207245,111.90817806145773,114.4922665247754,39900000
2022-05-11,112.60401916503906,115.34174426145016,112.24123869560488,112.24123869560488,37534000
2022-05-12,111.8521728515625,113.29041589039419,108.85921166132934,110.39856314419804,53836000
2022-05-13,115.0304946899414,116.83895961506994,112.60649331317624,113.52633065893913,35038000
2022-05-16,113.43911743164062,115.14895451492976,112.88850359418764,113.94512859894805,25990000
2022-05-17,115.44927978515625,115.87252867662438,113.8603722292567,115.81355000837539,23054000
2022-05-18,110.9159927368164,114.38572970803413,110.57501446156296,113.98924386906536,35126000
2022-05-19,109.41380310058594,112.01672181932308,109.03317553495751,110.45209689987173,34144000
2022-05-20,107.95076751708984,111.19748304933411,104.86661954709218,110.96702082393216,48962000
2022-05-23,110.50810241699219,111.16180602376643,107.7852448693059,108.62430893865206,37184000
2022-05-24,105.03860473632812,105.5228136697581,100.98901060230938,104.8423469431348,76780000
2022-05-25,104.87505340576172,105.56394457254443,102.94367769195411,104.0627524475445,40258000
2022-05-26,106.84508514404297,107.69454740943145,104.3001467738534,104.74817746889774,37948000
2022-05-27,111.32930755615234,111.33079733654694,108.17923875397253,108.5207160824911,37914000
2022-05-31,112.76212310791016,114.71778157634024,111.09341756221775,111.755545645054,50012000
2022-06-01,112.89096069335938,116.07225439334378,112.25460515544829,113.84550156256307,36606000
2022-06-02,116.58867645263672,116.863242236052,111.95378036843927,112.99801816382626,37992000
2022-06-03,113.53426361083984,115.2991165371884,112.52075159132542,115.04239030742981,26136000
2022-06-06,115.7937240600586,118.29801461946222,115.14299253008267,115.6787387271287,33542000
2022-06-07,116.11983489990234,116.65657936123159,114.0407744070312,114.46550552636866,31590000
2022-06-08,116.1639633178711,117.52836800231005,115.5751823249913,115.7352619075244,26108000
2022-06-09,113.82618713378906,117.25924660830835,113.76720845942926,115.30507039819871,25798000
2022-06-10,110.18446350097656,112.28335238911357,109.39595372206405,111.45668305650874,41452000
2022-06-13,105.45738983154297,107.83529887701552,105.18629514776413,105.84792407779678,47252000
2022-06-14,105.77754974365234,106.97592316690826,104.87009945591228,105.5986399557648,33706000
2022-06-15,108.79974365234375,110.44415871481102,106.72315615329451,107.59095701448112,39698000
2022-06-16,105.10154724121094,107.69356127238406,104.21391782028991,106.27861002380959,51684000
2022-06-17,106.20179748535156,107.74412127524249,104.12272916591733,105.1015528730424,51376000
2022-06-21,110.5635986328125,111.5007915016955,107.6454742593963,107.97207647212551,47416000
2022-06-22,110.50761413574219,112.35026855081978,109.4123229035937,109.58479714760662,30774000
2022-06-23,111.25546264648438,111.75156708607098,109.52927601369151,111.2450568706106,28362000
2022-06-24,116.9380874633789,117.04117725395231,111.95973234728507,112.00186213185698,41164000
2022-06-27,114.8154067993164,117.53726596134602,114.16714811318771,117.233464181198,36420000
2022-06-28,111.02303314208984,116.27843425509606,110.86493491306922,114.78467596630205,35792000
2022-06-29,110.71971893310547,112.16589494206592,109.8980029257133,110.57153493394433,24716000
2022-06-30,108.00528717041016,109.9133707611735,105.81174046866552,109.03317519019397,43170000
2022-07-01,107.78177642822266,108.28976888662308,105.79241280402681,106.98434306481707,35476000
2022-07-05,112.26750946044922,112.38050591881981,104.80220355673937,106.15917441051404,39342000
2022-07-06,113.56500244140625,114.57356124585833,110.49621313762678,112.30616805222236,37432000
2022-07-07,117.7389907836914,118.14191973236039,113.82421022402528,114.06854181319488,40936000
2022-07-08,118.3044662475586,118.63304981056329,115.87401417090683,116.21945418412874,38238000
2022-07-11,114.65978240966797,116.96088070050413,114.31682284364507,116.96088070050413,31196000
2022-07-12,113.0183334350586,115.94587292313885,112.69074055561225,115.19354138227133,29960000
2022-07-13,110.37478637695312,113.19230171782554,110.22412191978457,110.71922817942544,43722000
2022-07-14,109.39744567871094,110.11657102778943,107.42047675216378,109.241827899975,37004000
2022-07-15,110.79505157470703,112.14607830712104,109.92526931854086,111.01609870201857,46770000
2022-07-18,108.07170104980469,112.68083230186653,107.41750592240679,111.6499722698316,43164600
2022-07-19,112.80968475341797,113.01783808815178,108.59703937527189,109.87570205635436,36530900
2022-07-20,112.8989028930664,114.38571897797333,111.49138548098223,112.1753157376498,35600400
2022-07-21,113.33502960205078,113.54319050720274,110.13342322528176,113.27555937905743,32676200
2022-07-22,106.9516372680664,111.35260768410927,105.56394075969678,110.02438896081073,48901200
2022-07-25,106.56507110595703,108.90432910851514,105.36570699180157,107.45716230393901,34690900
2022-07-26,104.0969467163086,106.25778639316266,103.1552995551691,105.66306147231995,47991000
2022-07-27,112.0662841796875,112.9088193610781,107.06067446511638,108.29968789382276,59858500
2022-07-28,113.21607971191406,113.33502014797911,110.48033624736327,111.38234155332044,32816600
2022-07-29,115.29763793945312,115.68420953971332,112.06628867044458,112.08611712100763,37223400
2022-08-01,113.8504638671875,115.69411641077537,113.33503005804593,114.28659900379381,26034300
2022-08-02,114.11808013916016,115.32735834983899,112.72047704617064,112.99801481996504,20236000
2022-08-03,117.04215240478516,117.57740704971904,114.4650062924766,114.6929805012981,28499000
2022-08-04,117.15119171142578,117.73600237782314,115.86261481324507,116.4474330419797,21602900
2022-08-05,116.4375228881836,117.07189713527843,114.98044193983411,115.20842372972953,19159500
2022-08-08,116.2690200805664,119.09396911037126,115.85270583222336,117.34943613172396,19138300
2022-08-09,115.60490417480469,116.28884199524232,114.69299212244628,116.11042376218631,19086500
2022-08-10,118.64791870117188,119.85719697468683,117.36926354294056,117.73600666493809,30930400
2022-08-11,117.79547882080078,120.42218875210386,117.51794102802992,120.21403540752571,24293700
2022-08-12,120.61050415039062,120.61050415039062,118.410015444178,119.20298693622571,19096300
2022-08-15,121.00698852539062,121.22505606134985,119.54990777360541,120.06533394396095,19494800
2022-08-16,120.63034057617188,121.35392772306473,119.57965964182924,120.45192234559127,19041200
2022-08-17,118.49923706054688,120.22394148614529,118.33072550149306,119.06422683250173,22847000
2022-08-18,119.11378479003906,119.75807324012199,117.67653233875487,118.38029100928513,17987700
2022-08-19,116.1798095703125,118.10276081994165,115.73376776362055,118.0135479212006,21809500
2022-08-22,113.23591613769531,114.61369850167412,112.84934454275668,114.18747756849332,21456600
2022-08-23,112.85924530029297,113.9991390611321,112.43302441797354,112.4825879754463,15870400
2022-08-24,112.69075012207031,113.77116618601146,111.8779576273456,112.5024176637424,17734600
2022-08-25,115.6247329711914,115.69411741968042,113.10705681377382,113.23591148601406,16956800
2022-08-26,109.37017822265625,114.1081714270705,109.2215026767502,113.71168565920132,37245700
2022-08-29,108.4582748413086,109.97482602837435,107.8437290366526,109.02326464751619,21191200
2022-08-30,107.98249816894531,109.52878447093995,106.85251855405113,109.2016831186449,27513300
2022-08-31,107.2688217163086,109.87570309968547,107.1796088220971,109.67746398729584,28627000
2022-09-01,108.77546691894531,109.47922565257869,106.41638802751207,107.32830011371269,28360900
2022-09-02,106.90208435058594,109.76668298662089,106.31727360258343,109.61799985264689,24160700
2022-09-06,105.8712158203125,107.08049412281643,104.8502699767572,106.3569145236708,25068300
2022-09-07,108.48800659179688,109.01335460790509,105.96042387910643,106.11901365650074,23167000
2022-09-08,107.42741394042969,108.63669221562516,106.21814322757177,107.09040592922442,24238300
2022-09-09,109.67747497558594,110.01448301287972,108.06179655462415,108.1113601188559,23197700
2022-09-12,109.8856201171875,110.6389423756241,108.96379385270278,110.01447478728238,22966800
2022-09-13,103.40310668945312,107.34812886109147,103.17512488610275,106.85252347865307,38172900
2022-09-14,104.0771255493164,104.35466334080722,102.74890681508529,103.65090463743046,26395100
2022-09-15,102.00550842285156,104.34475898480173,101.45042522503401,103.11565969380993,34188300
2022-09-16,101.8964614868164,102.22355526563086,100.05280900693545,101.17287435902635,42797200
2022-09-19,102.1640853881836,102.42180228471612,100.65744846869414,100.85568758151153,23036800
2022-09-20,100.25105285644531,101.4702453845617,99.6364994799985,101.18279336472388,26517100
2022-09-21,98.40739440917969,101.97575131964689,98.39748018499488,100.7763873127521,31487300
2022-09-22,99.25983428955078,100.35016449651606,97.92170141907806,97.95143652872501,34298600
2022-09-23,97.87214660644531,98.7840662370101,96.6133122907774,98.75432356236846,31625400
2022-09-26,97.3071517944336,99.00212116985077,96.94040867838093,97.23776734850438,27072700
2022-09-27,96.6430435180664,99.12107027493991,96.0185834977758,98.55608047686624,30072800
2022-09-28,99.17063903808594,99.81491997880579,96.25647699916067,96.79173171420844,32466300
2022-09-29,96.5637435913086,97.77302184291314,95.11657689159186,97.77302184291314,31047200
2022-09-30,94.80931091308594,98.03074589010642,94.72009801207578,96.19700749257774,32941500
2022-10-03,97.77302551269531,98.41731399775504,95.67165604887613,95.90955206825485,27982000
2022-10-04,100.74664306640625,100.94488215810166,99.49771561418267,99.55719339156057,28850800
2022-10-05,100.53849792480469,101.03410325667056,97.93161660163159,98.95256237530134,22176900
2022-10-06,100.5285873413086,102.02531761520133,99.70588064565636,99.79509354103838,22324000
2022-10-07,97.81267547607422,99.64641382042795,97.43601811981739,98.97239021921095,27502800
2022-10-10,96.99988555908203,98.22898478378026,96.15735792571904,98.12986522026777,18225100
2022-10-11,96.32585144042969,98.37765718707726,95.46349545095802,96.57365410336944,26507100
2022-10-12,96.7025146484375,97.88205781573463,95.88972216704339,96.44480530818547,21876400
2022-10-13,98.1893310546875,98.90300397980121,93.55046460378601,94.31370108960836,34574500
2022-10-14,95.71128845214844,99.80499287056232,95.52296358971428,99.1111409469709,25410700
2022-10-17,99.09133911132812,100.04290051639435,97.96135947016587,97.99109458245891,28419200
2022-10-18,99.8843002319336,102.56057369471353,99.09133619885397,102.22355811984305,24060700
2022-10-19,98.75433349609375,100.13211596190627,98.05057470554004,99.13099845606514,23811100
2022-10-20,99.09133911132812,101.42068284311566,98.51643506587006,99.12107422362116,25323200
2022-10-21,100.24114227294922,100.41956051373178,96.861117485556,96.98997216298973,32458700
2022-10-24,101.61891174316406,101.8468935183707,99.1012433660337,100.90524643291671,27176400
2022-10-25,103.56170654296875,103.89871458124401,101.81717343719716,101.99559168167764,40611400
2022-10-26,94.09563446044922,97.44592398970775,93.85774600381856,95.58245054848182,88114100
2022-10-27,91.40945434570312,94.59123986812598,90.993147655817,93.68923447770169,60710900
2022-10-28,95.44368743896484,95.70140436063788,91.32024694154877,91.45901584652545,43697300
2022-10-31,93.67933654785156,95.18597366412389,93.15399602416672,94.58133446001989,31675000
2022-11-01,89.67484283447266,95.18597249623339,89.57572326633404,94.61106841375579,47161400
2022-11-02,86.20559692382812,90.37859311828306,86.11638402723818,90.14070466460588,57038300
2022-11-03,82.69670104980469,85.75953818830197,82.6074881629696,85.56129909230341,61288000
2022-11-04,85.81902313232422,85.87849335362182,82.97424573696946,84.64939421866777,51124900
2022-11-07,87.71224212646484,88.11864218694443,86.08665700922309,86.51287795839856,34078900
2022-11-08,88.11862182617188,89.52613903084507,86.8201308276418,88.11862182617188,30429000
2022-11-09,86.55252075195312,88.6538902246859,86.51287141522182,87.67258615584599,31769100
2022-11-10,93.11433410644531,93.56037588946144,90.80481139698212,91.43918562996998,51620100
2022-11-11,95.56263732910156,96.07806362021408,93.09451698004875,93.85775353472138,33090500
2022-11-14,94.85885620117188,95.93927974232757,93.67932066979866,94.25421709955037,30179500
2022-11-15,97.57477569580078,99.25983072215564,95.85997799853077,97.39635748199429,41640800
2022-11-16,97.98119354248047,98.76425104170022,96.78182929046201,97.03954623557786,29105200
2022-11-17,97.4954833984375,98.40739541196346,95.93928292840438,96.11770115386271,26052600
2022-11-18,96.57366943359375,98.03075053295224,95.52298839589072,97.90188828787205,28342300
2022-11-21,94.7597427368164,97.53513576068444,94.52185428293382,96.43489126326328,21647400
2022-11-22,96.19700622558594,96.36551023797273,93.22337397827062,95.10666835170002,23438500
2022-11-23,97.59461212158203,97.8919783793907,96.23665063568495,96.23665063568495,18868100
2022-11-25,96.60340118408203,97.77303020059202,96.5439309575548,97.37654437828832,9701400
2022-11-28,95.2057876586914,96.72233877031711,94.76965254495012,96.18708410227205,26237500
2022-11-29,94.35335540771484,95.27518172427101,93.28284596351969,94.88861012981242,20061700
2022-11-30,100.10237884521484,100.15194241127442,93.59012404398783,93.98660988544916,43647500
2022-12-01,100.10237884521484,101.35130659899957,99.36888495403137,100.13211395991522,28687100
2022-12-02,99.55721282958984,99.88430663851699,98.03074732602357,98.17943045499304,21480700
2022-12-05,98.60563659667969,100.48893073993014,98.12985216783164,98.52633793148219,24405100
2022-12-06,96.12761688232422,98.9030023011365,95.57253374869178,98.42722540069438,24910700
2022-12-07,94.10554504394531,96.02848863434032,93.88747748283083,95.56262596381266,31045400
2022-12-08,92.8863525390625,94.73991924555087,92.62863564307744,94.54167257081721,32213300
2022-12-09,92.01408386230469,93.43151535436729,91.93478519757772,92.94581670466732,28225400
2022-12-12,92.4898681640625,92.73767083950996,90.80481299595476,91.89514325545609,29420000
2022-12-13,94.78947448730469,98.65519764693319,94.19474959251662,96.90075807295776,40593700
2022-12-14,94.23440551757812,96.01858788905928,92.77732450792483,94.36326019238705,28733600
2022-12-15,90.0614013671875,92.81696579796765,89.21887381683445,92.31144624282094,40107000
2022-12-16,89.46668243408203,90.52727761063562,88.73318105041864,89.96228779812273,58011800
2022-12-19,87.66267395019531,89.7640357277138,87.43469216899084,89.46667706453866,29493000
2022-12-20,88.23755645751953,88.39615376937289,86.67144959581589,87.33555882394572,23453800
2022-12-21,88.79266357421875,89.42703786905226,87.54373587274237,88.29705818373395,24745600
2022-12-22,86.98863983154297,87.76178284920121,85.56129422212078,87.38512556330872,27658300
2022-12-23,88.44573211669922,88.76291923113465,86.30471342250716,86.34436275710375,23003000
2022-12-27,86.62189483642578,88.15827431100223,86.24523752605165,88.01950543021509,20097300
2022-12-28,85.26394653320312,87.26619651001516,85.18465541951453,86.21551552084601,19523200
2022-12-29,87.6725845336914,88.06907033133078,85.84876045182291,85.85867467640674,23333500
2022-12-30,87.45452880859375,87.52391325940049,85.80911531469404,86.21551535680346,23986300
2023-01-03,88.3366928100586,90.24972960120895,87.74196039065848,88.80255544716131,28131200
2023-01-04,87.30584716796875,89.85325856571626,86.50296129515269,89.55589230728985,34854800
2023-01-05,85.44236755371094,86.80032906609173,85.14500885244108,86.70120949900179,27194400
2023-01-06,86.57234191894531,86.91927172588105,84.11414353236154,86.02718055238785,41381500
2023-01-09,87.2463607788086,89.25852481278592,87.08777100232832,87.58337634262733,29003900
2023-01-10,87.6428451538086,87.89064781997227,85.07561316227476,85.2242962744404,30467800
2023-01-11,90.71559143066406,90.79489009418965,88.22765825182702,88.39616224006632,26862000
2023-01-12,90.32902526855469,91.06252660626463,88.96115727194007,90.67595505151839,30258100
2023-01-13,91.3103256225586,91.3797100639102,89.3378110312232,90.051483892175,26329200
2023-01-17,90.48763275146484,91.43919419002684,89.2585335052812,91.25086172242439,32602400
2023-01-18,90.3191146850586,91.98434883409725,89.84333025861744,91.33014619303279,29116700
2023-01-19,92.2321548461914,92.78723039529136,89.83341930400117,89.92263219572776,37000400
2023-01-20,97.1584701538086,97.43601550407813,94.18483803338714,94.26413670489272,63191100
2023-01-23,98.91291809082031,99.1607207694037,96.64304464751609,97.08908644403112,40005100
2023-01-24,96.8412857055664,98.73450183779414,96.3456803384707,97.23777151171052,33078500
2023-01-25,94.38308715820312,95.31482766669704,92.9359203962401,94.73000940210903,42330000
2023-01-26,96.66287231445312,96.7124358785813,94.54168184198296,95.65184064234623,30114000
2023-01-27,98.49662017822266,99.43826741577091,96.45472078244721,96.45472078244721,33879800
2023-01-30,96.08797454833984,97.42610757655028,95.55271982458807,96.62322927209162,27226200
2023-01-31,97.97125244140625,98.01090177303531,95.96901034932732,96.01857390444783,29870700
2023-02-01,99.54728698730469,100.3006092071235,96.72233811590564,97.84240344040079,35531100
2023-02-02,106.79303741455078,106.9020711952248,104.68176137141613,104.87009382209624,69883800
2023-02-03,103.85906219482422,106.86242958684039,101.67840154834732,102.0253238017862,65309300
2023-02-06,101.99557495117188,103.4427415579821,100.98453587751219,101.49996963805863,31999600
2023-02-07,106.69392395019531,107.22917865979215,102.2136547117616,102.31277427376001,49010200
2023-02-08,98.49662017822266,102.23348157664965,97.17830799578448,101.15306543172245,94743500
2023-02-09,94.17494201660156,99.15081699981067,92.80706624668896,99.12108188521925,119455000
2023-02-10,93.73878479003906,95.899624169425,93.42159770509878,94.61104738304071,54980700
2023-02-13,93.7784423828125,94.36325304999363,93.01520592965052,93.90729704786835,50076100
2023-02-14,93.84783172607422,94.01633573432831,91.44910358703162,93.6000290448755,54726100
2023-02-15,96.08797454833984,96.26639278959044,93.32249559012467,93.65950362229911,50169000
2023-02-16,94.67053985595703,96.8214653459122,93.90730335156145,94.53177095740106,42462600
2023-02-17,93.52072143554688,94.72008539046281,92.39074192224304,94.0163267505867,34284100
2023-02-21,90.98323059082031,92.28171418116946,90.91384614467198,92.18259462414863,33629300
2023-02-22,90.8444595336914,91.30041553499177,89.81359952809775,90.89401552985218,30884000
2023-02-23,90.09114074707031,91.13191501658295,88.97107536820448,91.11208656749149,41206400
2023-02-24,88.34661102294922,89.09993330697509,87.80144965033324,88.6538914964404,36585100
2023-02-27,89.0801010131836,89.36755300004886,88.55475303297936,89.0801010131836,27502300
2023-02-28,89.26844787597656,90.42817033272811,88.53495395502385,88.54486818110583,30142000
2023-03-01,89.56580352783203,90.22991291205538,88.88186569379845,89.18914616715412,31111200
2023-03-02,91.1913833618164,91.46892114468274,88.80256197209034,88.87195398014434,32204400
2023-03-03,92.82688903808594,92.90618771372029,91.63743159058448,91.66717426570082,35160100
2023-03-06,94.29387664794922,95.12649761674808,93.17381121430402,93.19363210202732,32639300
2023-03-07,93.03504180908203,94.8291308506661,92.70794044588578,94.14520057401873,27835500
2023-03-08,93.4216079711914,95.11657735157019,93.17380529752776,93.2927533033278,34103300
2023-03-09,91.5085678100586,94.69035312052974,91.09226114790435,93.2233655789375,28813500
2023-03-10,89.83341979980469,91.97443846501345,89.60544558188205,91.35988513059155,35941000
2023-03-13,90.30921173095703,91.75637851356447,88.63406314919474,89.29817253447952,37335600
2023-03-14,93.14407348632812,93.53064506595086,91.62752227975622,91.74646272743232,36050200
2023-03-15,95.2652587890625,96.07805124185921,91.82575652926289,92.40066053699009,50622100
2023-03-16,99.43826293945312,100.30061902134946,94.66062738841612,95.35447189407667,65492000
2023-03-17,100.72683715820312,101.93610789707766,99.22019261289883,99.37878995970463,61028500
2023-03-20,100.33035278320312,100.85569326789229,98.99221979039645,99.24002247655834,32960400
2023-03-21,103.9978256225586,104.17624385241345,100.33034902951017,100.36008414076306,42110300
2023-03-22,102.4614486694336,105.65314064298035,102.42179933554432,103.35353221376229,43427400
2023-03-23,104.6718521118164,105.36570416377398,103.541872478814,104.13659740739351,40797800
2023-03-24,104.51325225830078,104.56280825287806,102.92730918508741,104.06720293308314,30393300
2023-03-27,101.5594482421875,103.83923589570183,101.03410777688019,103.70046700155793,31120900
2023-03-28,100.14201354980469,101.54953089706174,98.86335086819658,101.53962423516843,32057900
2023-03-29,100.49886322021484,101.58919359656976,99.76536933973438,101.38104023436605,28779600
2023-03-30,100.00325012207031,100.27088125455408,98.90300560483199,100.0230785716146,33086200
2023-03-31,102.81829071044922,102.9768804923042,100.1519314693277,100.40964837247186,36863400
2023-04-03,103.4427490234375,103.61125302709605,101.03410672538214,101.49006273887221,25035400
2023-04-04,103.79959106445312,104.6520329153803,103.12556745121624,103.41301947651381,24420100
2023-04-05,103.5517807006836,105.16745138275883,102.7489024717613,104.85026426841469,28290500
2023-04-06,107.4670639038086,108.21047194004801,103.41301570943838,104.33484197686876,48711500
2023-04-10,105.50446319580078,106.64434938467814,104.19606545034118,106.03971785017113,27067400
2023-04-11,104.42404174804688,105.79191730174914,103.75993241934815,105.6134990800635,26311800
2023-04-12,103.72028350830078,105.8117386190125,103.42291728349981,105.643234620716,24370300
2023-04-13,106.48576354980469,106.54523377059805,104.90973463774462,104.90973463774462,24843600
2023-04-14,107.91311645507812,107.98250090468606,105.90095229177238,105.95051585392284,26578000
2023-04-17,105.03860473632812,105.22693719940173,103.60134460665196,103.74012106946371,37571200
2023-04-18,103.58151245117188,105.60358307540247,103.15529157112812,105.55401951819435,26596400
2023-04-19,103.26433563232422,104.05730725261225,102.16409110128505,102.66961069827711,20905700
2023-04-20,104.36458587646484,105.31614733549793,102.95706835762454,102.9967176970432,27820800
2023-04-21,104.48352813720703,105.0683388461455,103.85906052869694,104.54299836188882,25800100
2023-04-24,105.03860473632812,105.69279990108514,103.77976284473804,104.56282024731928,23542800
2023-04-25,102.93724060058594,105.75228321957934,102.92732637507989,104.89984132217796,46664100
2023-04-26,102.79845428466797,105.41524976209612,101.72794498144636,103.99781824829445,53347600
2023-04-27,106.64437103271484,107.41752184308518,102.6299716535488,103.5319695888063,50089200
2023-04-28,106.39654541015625,106.40645963391208,104.16632149232343,106.09918675851405,36139800
2023-05-01,106.25778198242188,107.040839327923,105.88112464606859,105.90094553226093,26681700
2023-05-02,104.39430236816406,106.25777561439764,102.79845266234385,106.1983053970473,30997200
2023-05-03,104.48352813720703,106.54524073699993,104.03747876508014,104.60246858657061,21795400
2023-05-04,103.76985168457031,104.67184949855658,103.05617876315749,104.5628157154331,23419500
2023-05-05,104.6421127319336,104.94938562732777,103.19494602522195,103.89870471094449,26639300
2023-05-08,106.82276916503906,107.01110160979505,104.2357163079201,104.25553719362945,26511400
2023-05-09,106.40648651123047,109.1818800016188,106.24789670276367,107.43734673445074,36360100
2023-05-10,110.76778411865234,111.94732714800676,106.98135994389075,107.02100927521677,63153400
2023-05-11,115.54542541503906,116.88355828293253,113.40441433887695,114.38571076702053,78900000
2023-05-12,116.47718048095703,116.99260675738344,115.08948388118702,115.65447372138091,41102300
2023-05-15,115.4859619140625,117.43864822230549,114.9903565591719,115.08947611768251,36266800
2023-05-16,118.45958709716797,119.68868618777017,115.40665647509871,115.46612669425035,45035600
2023-05-17,119.77790069580078,120.60060741468727,117.8450428018749,118.55871573573606,33323600
2023-05-18,121.75041961669922,122.2261965471798,119.76799809424153,119.8869385456927,35234200
2023-05-19,121.68104553222656,124.86283143935506,121.07640631137917,122.46410300778857,41353400
2023-05-22,123.95089721679688,125.31876521794419,121.66119542840033,121.85944209965614,35253000
2023-05-23,121.48279571533203,123.53460181084787,121.13587344069667,123.06873907767378,34046300
2023-05-24,119.83738708496094,120.83851210918337,118.80652694674922,120.05545467066663,34182600
2023-05-25,122.39469909667969,124.21852313290142,120.88805461582595,123.4255515574692,42317000
2023-05-26,123.5147705078125,124.15905899914881,121.37375168657263,122.08742462698592,35635900
2023-05-30,122.58301544189453,124.55553001866956,120.92769552305617,124.53570157138007,35076700
2023-05-31,121.7900619506836,122.96959754632296,121.42331126767849,121.67111394373497,37325800
2023-06-01,122.6325912475586,123.32643572526102,121.54226097016722,121.74050008884288,30772700
2023-06-02,123.57423400878906,125.04122914675051,122.67223621986325,122.90021044199662,26980100
2023-06-05,124.90245819091797,126.30997552224953,122.75152529744679,122.92003685811163,32305500
2023-06-06,126.19103240966797,127.16241466547471,124.25817456021957,124.90246303081489,26638300
2023-06-07,121.42332458496094,127.90583664672069,121.04666719848612,125.85403812876997,52539000
2023-06-08,121.06647491455078,122.14689851551302,120.17438376750341,121.15568781042428,29389200
2023-06-09,121.15569305419922,122.67224428864927,120.83850591733605,121.17551394173034,23778300
2023-06-12,122.55329895019531,122.95969899565966,120.59070586126717,121.71077130849028,28306400
2023-06-13,122.74162292480469,124.05993497214953,122.09733445666087,123.88151674346875,22278300
2023-06-14,122.58301544189453,122.95968031702589,120.38252665764863,122.01802569153439,30592300
2023-06-15,123.99054718017578,124.35729787447553,121.32419544608322,122.05768927234496,35246300
2023-06-16,122.44425964355469,125.00158512889624,122.19645696231628,124.82316689591107,45535600
2023-06-20,122.0180435180664,123.47512455090713,121.06648209224629,121.8495395031722,26097500
2023-06-21,119.4904556274414,121.58191085699323,119.04440626489465,121.32419395167761,30306300
2023-06-22,122.06758117675781,122.15678649665192,117.78555188810442,118.94526642074597,26952200
2023-06-23,121.26471710205078,121.71076646804086,119.99596857737609,120.31315570854476,34913600
2023-06-26,117.29985809326172,120.92769249812714,117.2304736541579,119.69859347871521,33969900
2023-06-27,117.28996276855469,118.03337078609204,115.07955960231514,116.05094940599243,39535900
2023-06-28,119.12370300292969,119.33185634380241,115.82296953551025,116.0608579876023,27091400
2023-06-29,118.05319213867188,119.00475349739705,117.26022812090297,118.19196103083988,24090900
2023-06-30,118.64791870117188,120.01579431786013,118.63801203897671,119.1137889438215,29532200
2023-07-03,118.84618377685547,119.13363583409986,117.77567423173956,118.19198097850506,14467900
2023-07-05,120.67989349365234,121.53233523543224,118.18204604815243,118.19195270951163,27584800
2023-07-06,119.05431365966797,119.24264610609485,117.35934432883768,118.74704077325545,24745200
2023-07-07,118.42986297607422,119.98606354107629,118.35056430162291,119.04440879722722,21709500
2023-07-10,115.42648315429688,117.27013566390707,115.11921025680768,117.26022900177597,35315200
2023-07-11,116.11042022705078,116.67541002080333,114.33615217521867,115.26789264862505,23078800
2023-07-12,117.88468933105469,119.27238582914387,117.36926309239514,117.75583466197419,30404400
2023-07-13,123.44537353515625,123.73282552712381,119.39131810083644,119.86710253362271,44297900
2023-07-14,124.3176498413086,125.6656970596948,122.4046128006824,123.703104019214,33283100
2023-07-17,123.5544204711914,125.98288376353565,123.10837110000271,124.83308323552517,25716200
2023-07-18,122.67224884033203,123.58416094735736,121.87927718758245,123.50486226961478,26193600
2023-07-19,120.95744323730469,124.07975852514653,120.72946900607533,123.50485449122769,37224000
2023-07-20,118.15231323242188,122.9993329839657,117.18093097461103,120.35280221161847,37906800
2023-07-21,118.96511840820312,119.92659410645891,117.68646311472756,119.5598509456707,72937900
2023-07-24,120.46183776855469,121.9189187390688,119.91667640915657,120.59070000224004,29686100
2023-07-25,121.13585662841797,122.067597090128,119.95631349602652,120.29332906056865,52509600
2023-07-26,128.13380432128906,129.8287660545172,127.19215723342076,128.92677586226864,61682100
2023-07-27,128.26268005371094,132.0689412751873,127.65804082026027,130.51273295519817,44952100
2023-07-28,131.41473388671875,132.56454208145672,129.4224055598101,129.63055136465587,36591200
2023-07-31,131.55349731445312,132.35637563474472,130.62175675151056,131.56340397747383,28055500
2023-08-01,130.39378356933594,131.4642930466913,129.5314198898495,129.63054701957142,23166800
2023-08-02,127.25164031982422,128.9466022244464,126.43884024884467,128.3122279524498,26273300
2023-08-03,127.3210220336914,128.2527625895299,126.30007613731763,126.84524509282699,20089500
2023-08-04,126.98400115966797,130.35411143081842,126.78576204807231,128.14371584341106,26147200
2023-08-07,130.37393188476562,130.4532305494762,127.88599866875109,128.0247675508261,22746300
2023-08-08,130.24508666992188,130.35412045755103,128.4014340675314,129.47194349388803,23535200
2023-08-09,128.5203857421875,130.87945697389134,127.86618303626592,130.50280718461022,24912900
2023-08-10,128.55010986328125,130.88936757032903,128.31221386564667,130.16578804061726,20857800
2023-08-11,128.4212646484375,128.78800779260496,127.04348228626603,127.52918100734196,19591100
2023-08-14,130.1757049560547,130.21534672977936,127.82654040248093,128.25275374989084,24695600
2023-08-15,128.63931274414062,130.26489755204278,128.14370743533297,129.94771801923622,19770700
2023-08-16,127.56880950927734,129.13492417430865,126.7461104050344,127.56880950927734,25216100
2023-08-17,128.7781219482422,130.82993582900713,128.15365422371747,128.65918147678167,33446300
2023-08-18,126.33970642089844,128.11397436209768,125.2691971219061,127.38047304852682,30504800
2023-08-21,127.24169921875,127.59853563787662,125.44761046205095,126.0621637532883,25248700
2023-08-22,127.94551086425781,129.13496097582,127.19219598936013,127.38051336457548,22054900
2023-08-23,131.20652770996094,132.23739508928722,128.72850148517708,129.03577431710278,27819700
2023-08-24,128.63931274414062,133.07002541485494,128.4311669842587,132.7726592046356,28500700
2023-08-25,128.73846435546875,129.61071958018746,126.13157509513833,128.40144118659,26762900
2023-08-28,129.8585205078125,131.37507181068187,128.99617195805286,130.15588677056022,20543300
2023-08-29,133.38723754882812,135.36965904379704,131.07771469222826,131.07771469222826,43075600
2023-08-30,134.6857147216797,135.08219295170898,132.89162577508347,133.59537690208668,28315800
2023-08-31,134.97315979003906,136.78707719387538,134.59649488250773,134.8145624474285,30053800
2023-09-01,134.46763610839844,136.25181824627185,133.66475792752385,136.25181824627185,21543700
2023-09-05,134.57669067382812,135.22097162539615,133.39714743586188,134.24958930429057,19403100
2023-09-06,133.2781982421875,135.32999653967815,132.4951333142853,134.824484524279,18684500
2023-09-07,134.07115173339844,134.38834641226532,131.78145747227418,132.41583170533318,18844300
2023-09-08,135.18130493164062,135.4588426865127,133.66475394084918,133.7242241562256,23558300
2023-09-11,135.71656799316406,136.27164356834132,134.59649505596173,135.33990308514734,20763400
2023-09-12,134.1504364013672,135.6669873803092,134.00176086408786,135.0623483209179,18405500
2023-09-13,135.5084228515625,135.69674018178068,132.9709107286248,133.90265121619703,20749500
2023-09-14,136.88619995117188,137.48091727999335,135.04254749494362,136.3905946148167,24751000
2023-09-15,136.19235229492188,137.30251863025583,135.28044021121335,136.76725635034862,38919600
2023-09-18,136.99522399902344,137.93687104627568,135.40928098547076,135.40928098547076,21861300
2023-09-19,136.8267364501953,137.1934947424291,135.4192188852002,136.21219057489975,20353700
2023-09-20,132.56451416015625,136.8663646339005,132.44555860062232,136.8663646339005,29927500
2023-09-21,129.2935333251953,131.06779392210422,128.9267901856762,130.284744080372,31503900
2023-09-22,129.10520935058594,130.86956340083478,128.46092836722917,129.61072142408077,26397300
2023-09-25,129.95765686035156,130.01712709218657,127.82655955465064,128.68890816561319,20094600
2023-09-26,127.43998718261719,129.2142479623221,126.10184647539427,128.62943718643902,25718700
2023-09-27,129.3926239013672,129.74946031913365,127.43995295168975,127.43995295168975,22746500
2023-09-28,131.14710998535156,132.128414207964,128.649254316224,128.69881788548926,22513100
2023-09-29,129.7098388671875,132.87180356786632,129.21423349403221,132.10856705829798,30859800
2023-10-02,132.99075317382812,133.23855587746678,130.01712073016435,130.0567776325655,22288000
2023-10-03,131.2660369873047,133.0799545386721,130.68122625412332,132.76277495232893,22989400
2023-10-04,134.05136108398438,134.37846248014134,131.36517301991339,131.62288239657767,26752300
2023-10-05,133.88284301757812,134.29914971685594,132.2770713207343,133.88284301757812,19832600
2023-10-06,136.37075805664062,136.94566202758472,132.83212890565903,132.83212890565903,27597600
2023-10-09,137.20338439941406,137.718818202532,134.41808472961787,135.73639678634393,19278100
2023-10-10,136.8465576171875,138.4919711389079,136.12297798401696,137.28269277954,27786600
2023-10-11,139.31466674804688,139.86974231945385,137.36198046134194,137.36198046134194,25884300
2023-10-12,137.74855041503906,139.9787744613181,137.04478417224522,139.8102704594491,24765500
2023-10-13,136.1527099609375,138.7695057500951,135.4192085570894,138.15495992166953,23420500
2023-10-16,137.87741088867188,138.4027513362433,136.7771664348634,136.9555770964501,28501900
2023-10-17,138.491943359375,138.67035400381826,135.97426001796143,137.41152745778462,23515800
2023-10-18,136.7474365234375,139.48317264449588,136.17253249534386,138.22433080496884,23375000
2023-10-19,136.539306640625,138.43252316117287,136.17256343364716,137.28271484375,26066000
2023-10-20,134.40817260742188,136.65820993362706,133.89273882524216,136.1229628278564,26335700
2023-10-23,135.3002471923828,136.45005512078916,132.77265713198602,133.85307305839916,26317900
2023-10-24,137.58995056152344,138.135119454478,136.21216833642438,136.61856834068817,44814300
2023-10-25,124.50597381591797,127.18223962045136,123.97071914254384,127.03356406868409,84366200
2023-10-26,121.20525360107422,123.23723873561569,120.20412859059402,122.18655016094156,57061100
2023-10-27,121.0962142944336,122.22619393308011,119.15344215145646,121.79997301237394,44566500
2023-10-30,123.3660888671875,124.29782939084916,121.6711193945083,122.12707543139821,28940100
2023-10-31,122.98943328857422,124.26809608033074,121.61165093298484,123.96081560140948,26292300
2023-11-01,125.33859252929688,125.37824186558063,122.63259149838505,122.97951373794584,30082400
2023-11-02,126.36945343017578,127.8463552955118,125.81437784316901,127.29127970850502,27124600
2023-11-03,127.96532440185547,128.39153779957329,126.73621752586052,126.89481488882961,26393100
2023-11-06,129.10520935058594,129.19441469449498,127.53909443947174,127.91575939110132,19052700
2023-11-07,129.81884765625,130.7505879983134,128.73843178073938,129.5611383567172,29757300
2023-11-08,130.6811981201172,131.0479563163596,129.63051733424692,129.8188497627846,26425800
2023-11-09,129.09530639648438,131.38500103733298,128.92680236714457,130.8001902664459,23747800
2023-11-10,131.42462158203125,131.63278248151076,128.27257885187583,128.95651664701234,26913300
2023-11-13,130.92901611328125,131.42462145714984,130.09640276550397,130.62174322003068,18324800
2023-11-14,132.445556640625,134.50727652084166,132.14820555787506,133.01055394719708,32395200
2023-11-15,133.436767578125,133.8431675584507,132.39600853658533,133.68457023081038,23861500
2023-11-16,135.72645568847656,136.0139152227425,133.13941062812088,134.00175898157278,28013200
2023-11-17,134.12071228027344,134.86412027691202,132.47529895112487,134.80465005712884,37240600
2023-11-20,135.05245971679688,135.45885973926121,132.44557070034907,132.5149627101394,27815500
2023-11-21,135.76612854003906,135.97427431377318,134.76501119450535,135.09209741037324,22635300
2023-11-22,137.27276611328125,138.19458474282766,136.26172703194487,136.26172703194487,17813900
2023-11-24,135.48858642578125,136.9159321844401,134.7947419943983,136.81680506938213,12514300
2023-11-27,135.2110595703125,137.2033876965765,134.80465954030564,134.83439465228903,23436500
2023-11-28,135.99411010742188,136.0436736692128,134.2297562053289,134.8839589217478,18730000
2023-11-29,133.8035430908203,137.07452642949448,133.65485240517793,136.36086861217828,23967200
2023-11-30,131.3651580810547,134.35861874891418,130.1261446568203,133.8630133792204,38988300
2023-12-01,130.70106506347656,130.94886777934659,129.5215217159868,130.70106506347656,31442300
2023-12-04,128.13380432128906,128.88711896664887,126.7758430151211,128.73844341976016,36669900
2023-12-05,129.83871459960938,130.97860102647664,127.12279142754068,127.8166359971415,27384800
2023-12-06,128.87721252441406,130.68120803665548,128.73844363885704,130.28472982782802,23576200
2023-12-07,135.72645568847656,137.34213375268916,133.51606035882827,133.85306832170912,56767100
2023-12-08,133.8035430908203,135.20113873793494,132.85197412660608,133.0204781372603,32260100
2023-12-11,132.1184844970703,132.1680480633636,130.20545486049974,131.21649413911075,31138000
2023-12-12,131.35523986816406,131.8310167463247,130.10630476656524,130.6514736502255,29032800
2023-12-13,131.40480041503906,132.3266190406473,130.4135897855211,132.20767860500078,30104800
2023-12-14,130.7803497314453,132.54470366937534,128.55012552763398,132.20769564183271,38722400
2023-12-15,131.43455505371094,132.33654536584615,130.0270224409382,130.4631576026789,50847100
2023-12-18,134.60643005371094,135.94455556276986,131.26603936328306,131.46429362359686,32258000
2023-12-19,135.44894409179688,136.26174417356714,134.883961824314,135.63727655584978,25476800
2023-12-20,137.12408447265625,140.45455302635412,136.85646847368653,137.74855205293554,49107200
2023-12-21,139.18580627441406,139.4534374013907,137.9566995474428,138.26398757269197,27488300
2023-12-22,140.2464141845703,140.74201955858857,139.4732710110759,139.53274123600997,26532200
2023-12-26,140.27615356445312,141.42594657240042,139.94905219268907,140.34553045409487,16780300
2023-12-27,139.13626098632812,140.8312381802104,138.66048401730106,140.3455394229746,19628600
2023-12-28,138.99745178222656,139.89945701648085,138.52167495111323,139.54262061197767,16045700
2023-12-29,138.46221923828125,139.12632856419143,137.56021390956434,138.40274901874815,18733000
2024-01-02,136.95556640625,138.2243147607485,135.2804180769598,137.33223127309824,23711200
2024-01-03,137.69895935058594,138.4027254528036,135.87513568030124,136.04363964851183,24212100
2024-01-04,135.1912384033203,137.93689651353586,135.15159662676552,137.20339508752366,27137700
2024-01-05,134.53701782226562,135.9544569222083,133.9621138280285,135.54805692417742,22513900
2024-01-08,137.61968994140625,137.78819394542484,135.06236452075504,135.09209963177744,21404000
2024-01-09,139.7111358642578,140.24639807653827,136.93574306358877,137.28267283542516,24759600
2024-01-10,141.0294647216797,141.74313767378752,139.67151083001588,139.7607161678604,21320200
2024-01-11,140.83120727539062,143.94360802981913,139.40386155685738,142.22881788517725,24008700
2024-01-12,141.3961944580078,141.94136334539857,140.57350292074238,141.41602290609686,18785500
2024-01-16,141.23760986328125,143.08126226290798,140.20674232549314,140.75191120368166,22670500
2024-01-17,140.22657775878906,140.59332087480647,137.67915902138483,140.1076373156861,20968600
2024-01-18,142.21888732910156,142.94248192977855,140.74199327018036,140.80146348400635,25746400
2024-01-19,145.09344482421875,145.16282171685984,143.1110231821321,143.46785968269478,34271900
2024-01-22,144.70684814453125,147.0857476531187,144.55815747232313,145.80709257030463,32200400
2024-01-23,145.7476043701172,145.8863732533205,144.2211466548808,144.60771819556675,21636100
2024-01-24,147.39303588867188,148.5329373289827,146.79831851190932,147.23443853833155,25233500
2024-01-25,150.53517150878906,151.70480805664835,148.225648650222,148.7510042615379,29149100
2024-01-26,150.8523406982422,151.19925532668688,149.682704348174,149.77192479518956,26115500
2024-01-29,152.16075134277344,152.42838247060587,150.0990312415879,150.7234988316385,27784300
2024-01-30,150.1287841796875,152.26978786685433,149.86115304703833,151.4570029311418,36331800
2024-01-31,138.86862182617188,142.7343374146145,138.64063248081334,142.35767251765228,71910000
2024-02-01,139.9193115234375,141.80260587734793,139.5525532652903,140.87086536289783,40466500
2024-02-02,141.1285858154297,141.3664667061821,135.30026199719302,138.03599811357188,62499600
2024-02-05,142.4171600341797,144.1914358303926,141.5250763668689,141.56473326856243,38505400
2024-02-06,142.83348083496094,144.08240098500607,141.93147538647906,143.3786346695141,29128200
2024-02-07,144.2607879638672,144.3400866289689,142.66493824979582,143.4876448849679,25208900
2024-02-08,144.62754821777344,145.0438548719161,143.8246700187359,144.54824955155473,22563800
2024-02-09,147.69039916992188,148.12653431225093,144.89517764390865,145.3907830102507,26829500
2024-02-12,146.23330688476562,148.0273957523625,146.07470954986746,147.1154837637095,21564100
2024-02-13,143.8643035888672,145.38085457275164,142.4270512666812,143.64623605036468,27837700
2024-02-14,144.6572723388672,145.2321762817776,142.82352674295169,144.79604121304055,22704200
2024-02-15,141.51516723632812,142.25857532101722,139.22547275543386,141.88191038487835,37590700
2024-02-16,139.28494262695312,141.93147358673406,138.9082776917751,141.73323445625792,31468900
2024-02-20,139.87966918945312,140.831238252674,138.2640058017007,138.43250982988707,25144700
2024-02-21,141.29708862304688,141.43585751636738,139.44351432516038,140.20675080076072,23223300
2024-02-22,142.82354736328125,143.7255527379726,141.5448922041246,143.65616072853092,27191900
2024-02-23,142.6947021484375,143.40835995334845,142.16934655124388,142.40724256933106,19493800
2024-02-26,136.36087036132812,141.18806188186093,136.18244456120365,140.89069563143732,53641800
2024-02-27,137.65936279296875,138.02610595453126,135.88508696473966,136.80692088729302,33099200
2024-02-28,135.18130493164062,136.7969679065016,134.21982945059332,136.6879341367538,37328600
2024-02-29,137.24302673339844,137.63950492469195,135.2011201866837,136.07339035713764,42133000
2024-03-01,135.9346160888672,137.64940612900884,135.71654855489854,137.21327106107157,31151100
2024-03-04,132.177978515625,134.4676732565006,130.75063241100696,134.4676732565006,55999400
2024-03-05,131.5039520263672,132.0689495152741,129.52153017001189,130.72090204796538,40194800
2024-03-06,130.24508666992188,132.4059339725702,129.6999328564518,131.94997037211849,35318600
2024-03-07,133.1988983154297,133.75397388585452,130.45324044956945,131.62286181229678,37738200
2024-03-08,134.2198486328125,136.87628613042892,132.82223787303235,133.03039878127268,39370400
2024-03-11,136.4600067138672,137.8774462064782,134.93354853881073,134.93354853881073,32437800
2024-03-12,137.28268432617188,138.15495459716567,135.82560336197784,135.82560336197784,27563400
2024-03-13,138.5613250732422,139.8499018963494,137.76836868179808,137.77827534305533,23347200
2024-03-14,141.84226989746094,142.3279535040784,139.22547402056372,139.9490536613269,42753400
2024-03-15,139.93910217285156,141.92152332928583,138.7992160577711,141.24750739594128,49475400
2024-03-18,146.3820037841797,150.81271727318136,145.8764917207178,147.30383769364138,69273700
2024-03-19,145.73773193359375,147.4822576070713,144.79608463895917,146.8578050483476,24070400
2024-03-20,147.43267822265625,147.5516186613226,145.45025691328723,146.69917689330697,21311500
2024-03-21,146.3026885986328,149.0483310331233,145.6088290884326,148.15624755525624,24755600
2024-03-22,149.44485473632812,150.24773305463123,147.6705789560528,147.8093478613808,29211800
2024-03-25,148.75099182128906,149.0582647076252,146.52076782406607,148.622129594887,19229300
2024-03-26,149.34568786621094,150.92170896976714,148.66175018456556,148.8996461552555,22149100
2024-03-27,149.5439453125,150.30718174477965,147.59125913003174,149.85121819279237,22879200
2024-03-28,149.60342407226562,150.09902942352818,148.85010938322958,149.52414052577765,24485400
2024-04-01,154.1233673095703,154.3711700008442,149.28625393600836,149.3655526121771,31730800
2024-04-02,153.2015380859375,153.34030699227824,150.8127164395867,152.1508570629753,24586000
2024-04-03,153.55833435058594,153.7169316661934,151.38758085781012,152.24994430850546,24705000
2024-04-04,149.20697021484375,153.40970972497198,149.1276715307269,152.15086769221787,34724700
2024-04-05,151.15960693359375,152.07151881292094,148.2851024253813,148.71131569656436,23459200
2024-04-08,153.48898315429688,153.9052898339039,151.26866573838439,151.4371697426533,20702000
2024-04-09,155.22361755371094,157.16638225469364,153.82600669377314,154.71809036518897,31079500
2024-04-10,154.76763916015625,155.23350940234246,153.3204648733208,154.8370311694787,22838600
2024-04-11,158.0089111328125,158.27652714867145,155.08484241109738,155.53088422887154,27166400
2024-04-12,156.3436737060547,158.8117940185791,155.75886296974886,156.57166307757163,25353700
2024-04-15,153.4989013671875,157.8404094057048,153.23127022277416,157.4637444709509,27136500
2024-04-16,153.0429229736328,154.28193632388786,152.08144740386092,152.8347772006078,20779500
2024-04-17,154.103515625,155.69936532118263,153.2213387820589,154.25219116747795,21763100
2024-04-18,154.6387939453125,155.56062786894117,153.26101151618397,153.97468451361368,19883000
2024-04-19,152.73565673828125,154.98570931530094,150.96139619825826,154.82711196963538,32615600
2024-04-22,154.90638732910156,156.25443431502745,152.70589864435968,152.95370128791464,26446200
2024-04-23,156.8689727783203,157.57273890833397,154.90638016701388,155.58041119114955,21151600
2024-04-24,157.73135375976562,158.16748886069595,155.78857425325978,156.10576891745424,22779100
2024-04-25,154.6288604736328,155.11455913410575,149.5439450297003,149.99990858082532,57109700
2024-04-26,170.4386749267578,173.17442610783888,168.1588873174152,172.83740297886922,64665300
2024-04-29,164.68966674804688,168.0597925096593,163.75794130995203,167.57409377755957,45610000
2024-04-30,161.34927368164062,166.62252177219705,161.17086301864083,164.15440172797688,33562900
2024-05-01,162.4197998046875,165.65114151829926,161.656563265471,162.8559349699541,33493200
2024-05-02,165.15550231933594,165.26453608833387,162.4495016656074,163.34158513946463,24294500
2024-05-03,165.7700653076172,166.48373814579705,161.61689049574852,166.0872448331008,34662400
2024-05-06,166.62252807617188,166.6621698501134,164.5707146259979,165.98815382038057,21871300
2024-05-07,169.74481201171875,170.25032396319247,166.90994914481348,167.01898291372035,28039700
2024-05-08,167.8912811279297,168.65450251317668,167.2569068549834,167.51461620426056,19569100
2024-05-09,168.46617126464844,169.18975081513116,166.70180236639047,167.90117392580035,15346700
2024-05-10,167.1676788330078,168.35714377508077,164.72930897604326,166.55313303769844,29799900
2024-05-13,167.6533660888672,167.79213497268913,162.55854403329832,162.81625335334653,31327600
2024-05-14,168.84283447265625,169.7448398794561,167.3163765820282,168.27785221350925,25127100
2024-05-15,170.9937286376953,171.13249751141433,169.0113075133248,169.1302630655646,26948400
2024-05-16,172.64907836914062,173.58081887894542,171.17218405543662,171.7669014209654,27867900
2024-05-17,174.51255798339844,174.72071889069628,172.1633934028928,172.64907697879545,24479300
2024-05-20,175.36497497558594,177.19872060867087,174.53236171366905,174.6413954830634,22554400
2024-05-21,176.28684997558594,176.58420112115073,174.26477143768452,175.34518759904142,16989400
2024-05-22,174.82977294921875,175.5929944069066,173.6700580803842,175.08748232295628,17880000
2024-05-23,172.0246124267578,176.6832994864589,171.42987998310477,175.51367817186207,21024900
2024-05-24,173.45196533203125,174.22510846580246,172.12373150315187,173.44204354526818,16579400
2024-05-28,174.8495635986328,175.7119272031069,172.83740706265183,172.9167057345963,20572200
2024-05-29,174.35397338867188,175.285713959116,173.18435190640471,173.8881031034498,23388700
2024-05-30,170.5972900390625,173.67995620758435,170.28009532573515,173.6601277568323,22931500
2024-05-31,170.98385620117188,171.53893180715215,167.95075369372532,170.34948191938355,37638900
2024-06-03,171.64797973632812,172.99602708676622,169.65565138830266,171.0235120658181,27459100
2024-06-04,172.2624969482422,172.3219822936052,170.37920271129525,171.75698494771635,26879600
2024-06-05,173.86830139160156,175.09739318392747,172.40129842220728,173.66014045517485,22068500
2024-06-06,175.17665100097656,175.59295765203206,174.20526881518043,174.3539443603167,23251000
2024-06-07,172.92662048339844,176.3066373799981,172.7680231459644,175.4938524938292,19661400
2024-06-10,173.67086791992188,175.70518493273318,171.43808427850212,173.63118065101344,23726700
2024-06-11,175.26858520507812,175.48690308392554,172.44040109788673,174.8716518664662,21540600
2024-06-12,176.42959594726562,179.0295587655737,174.76245808700693,176.8860828234983,27864700
2024-06-13,173.8197479248047,175.38766020073976,173.54189158649058,174.76247586851568,20913300
2024-06-14,175.437255859375,175.7051941501706,172.81745685502335,172.886928506799,18063600
2024-06-17,175.88381958007812,176.99524483970762,173.47240531751984,174.1174408030097,19618500
2024-06-18,173.750244140625,176.0326480479042,172.76782910540194,175.78456099585281,21869900
2024-06-20,174.9510040283203,175.9334191303285,173.65103020992316,174.02811225809378,20160100
2024-06-21,178.2555389404297,179.466205138687,175.2586426839211,175.645657934706,57759000
2024-06-24,177.8486785888672,179.50589857307529,177.3028839492694,178.7814884925371,18298000
2024-06-25,182.62184143066406,182.87984651633045,178.04711553791142,178.24558215319573,23130200
2024-06-26,182.47300720214844,183.0981763241254,181.0837105201297,181.23257184786374,19839000
2024-06-27,183.99131774902344,184.62642010992184,182.61195409916436,182.77071833286294,18848900
2024-06-28,180.75624084472656,183.71344974735644,180.56770738280355,182.90965002904287,29156600
2024-07-01,181.58981323242188,182.4730025766031,179.91274225321607,181.62950050025836,16006100
2024-07-02,183.82260131835938,184.1500780686585,180.17075176456586,180.65700787416756,17372500
2024-07-03,184.39817810058594,184.666101253454,182.59209683114494,183.43559898745033,10242100
2024-07-05,189.1416015625,189.39960668236182,184.3783264542018,184.43786493247498,20967500
2024-07-08,187.58360290527344,188.71487939155085,186.34316749742393,188.4469411036859,21035900
2024-07-09,187.53399658203125,189.89579062187278,187.2759914489027,188.8538217724112,15121400
2024-07-10,189.71713256835938,190.28277834321375,187.5835898719109,187.70266681734014,15952500
2024-07-11,184.1501007080078,189.39961710579536,183.66384453862594,188.39735066829172,25625800
2024-07-12,183.6539306640625,185.67831479276816,183.07836675932379,183.66384869720036,22898400
2024-07-15,185.1027069091797,186.79962897877238,183.50502571552826,183.50502571552826,16474000
2024-07-16,182.51271057128906,187.2362833659617,181.96691593885006,185.9263913901426,18290700
2024-07-17,179.63490295410156,182.14554307379208,178.52346250305996,181.56997921247492,20734100
2024-07-18,176.3303680419922,181.10356083919302,175.119701930773,180.53791505223174,25315700
2024-07-19,176.3006134033203,178.9104792954856,175.77466998349036,177.511279614787,18881900
2024-07-22,180.27992248535156,181.30204007198228,178.85093844213043,179.2081844529357,24100300
2024-07-23,180.3990020751953,182.205083362309,180.15091498468195,180.65702234023118,36352700
2024-07-24,171.30909729003906,174.84185492699467,170.5052975643539,172.2716763828317,49585200
2024-07-25,166.00003051757812,172.09304877138803,165.9107228003057,171.19994131459546,44852000
2024-07-26,165.72218322753906,166.8038393522412,162.80467650128674,165.8710294311091,41336900
2024-07-29,168.23281860351562,169.12592608314606,166.70460877031735,167.5381777702437,20293800
2024-07-30,168.9869842529297,169.91979407162952,167.15114899500833,168.9373789518768,18959700
2024-07-31,170.22743225097656,172.91670298864665,168.7091404604878,171.91443658888358,25729100
2024-08-01,169.45339965820312,172.718234225876,167.58779504728142,168.94730744825696,24531400
2024-08-02,165.38478088378906,167.22061625981866,163.41000220136607,165.1664630337912,29130100
2024-08-05,158.03147888183594,163.17183620146415,153.7445266292353,154.3101724717456,53630700
2024-08-06,157.0787811279297,159.3413488280225,155.21317691288027,158.11083167773074,49004600
2024-08-07,157.72386169433594,161.73294268414506,157.25745672144262,160.01618414211123,25138600
2024-08-08,160.7902069091797,162.43750885518617,158.98414073021175,159.28183313078614,25578800
2024-08-09,162.41766357421875,162.53674053879345,157.8429367667061,158.785664734338,28602300
2024-08-12,161.04820251464844,163.638232240746,160.60164879815585,163.09245277727376,15895300
2024-08-13,162.90390014648438,163.46953080218395,161.72300324977175,162.15963892338314,18551700
2024-08-14,159.14288330078125,161.9710818575429,156.5032484754406,161.15734902797854,40591100
2024-08-15,160.06578063964844,160.40317542086007,158.38870962322818,159.27189898700752,31524300
2024-08-16,161.7130889892578,163.79701137732062,159.8970897454957,160.23448454041534,24208600
2024-08-19,165.39468383789062,165.41453504299912,163.00312088041883,164.0153203524916,22416200
2024-08-20,165.9008026123047,167.34963797695062,165.54357171525163,165.62294626435101,18341500
2024-08-21,164.5809783935547,165.5733267344455,163.40999947744584,163.88632244130392,22902000
2024-08-22,162.54664611816406,166.30763931714822,162.06039002531082,165.9801625781286,22493300
2024-08-23,164.35272216796875,164.9084347985432,162.57642535652303,163.4596147462646,13955700
2024-08-26,164.8885955810547,166.26795909914733,163.20160651563705,165.106913416324,14190400
2024-08-27,163.41990661621094,165.16644927065664,163.20160392643822,164.5710342489987,11821900
2024-08-28,161.60394287109375,164.33290096897073,160.29403571593602,163.77717314609376,16407400
2024-08-29,160.54209899902344,164.70004059767595,159.02380738480878,163.05273886524938,19699800
2024-08-30,162.1298828125,162.40773914692483,160.45281163127092,161.37568835446018,22123800
2024-09-03,156.15594482421875,160.61159459119546,155.28267338679814,160.48258445374879,38945300
2024-09-04,155.25289916992188,157.78339053713182,154.76665816042646,155.4612989897302,19353800
2024-09-05,156.03684997558594,158.2299312085826,154.78648144405375,155.1040401638185,18688700
2024-09-06,149.76524353027344,156.6223757447359,149.39807940687763,156.09643221693855,37912100
2024-09-09,147.7679443359375,152.4282209390493,146.2873778721235,151.54385960268255,39260500
2024-09-10,147.71826171875,150.31172831197244,147.40028159964342,149.4969156283568,31118800
2024-09-11,150.20245361328125,150.54029618362716,146.58551245007402,148.97030315644795,29607700
2024-09-12,153.71006774902344,153.83924907315188,151.682982309114,152.82570635319718,29621500
2024-09-13,156.4625244140625,157.37669455144265,154.22677778049754,154.44537016884462,29591200
2024-09-16,157.0587158203125,157.2475146303272,155.60797314926953,156.31346693580858,18379800
2024-09-17,158.3107452392578,159.53294917671778,157.37669753536267,158.01264265003823,20715600
2024-09-18,158.79763793945312,159.483269373917,157.5953115022546,158.84732423336595,23677300
2024-09-19,161.1128692626953,162.7524107202581,160.31793409819053,162.67293084972206,26587700
2024-09-20,162.55368041992188,162.69279293629415,161.03337393309369,162.46425419413836,40896400
2024-09-23,160.82470703125,164.4416474906759,160.64583942390462,163.3088698512438,24150900
2024-09-24,161.26190185546875,162.18601827960998,159.67204679818846,161.9972194853163,23332100
2024-09-25,160.46697998046875,161.77861000791742,160.27818118844277,160.44710243338025,18869200
2024-09-26,161.69911193847656,163.0405658423745,161.25196569121914,162.60335078741144,20319300
2024-09-27,162.91139221191406,164.65030615932238,161.59976214731748,161.7786145898017,21101300
2024-09-30,164.79934692382812,165.09743429522993,162.22574304110324,162.28537567750828,20413900
