Price,Close,High,Low,Open,Volume
Ticker,POWERGRID.NS,POWERGRID.NS,POWERGRID.NS,POWERGRID.NS,POWERGRID.NS
Date,,,,,
2007-10-05,30.89623260498047,33.62959774291521,25.536995000528496,27.579341177947526,855215656
2007-10-08,29.3145694732666,31.940442088112835,29.130296906938245,31.940442088112835,126671715
2007-10-09,31.310853958129883,31.587260789940334,27.748265443749254,29.329930693264668,116725709
2007-10-10,31.602615356445312,32.247567370344406,31.326208540653212,32.12471827671269,67931378
2007-10-11,35.134490966796875,36.854361620061205,31.326208626724917,36.854361620061205,106320954
2007-10-12,34.904136657714844,36.20939445735094,34.09027086282136,34.39739034508868,99410791
2007-10-15,35.364830017089844,35.840867904230045,35.05771041206116,35.62588251447947,41814972
2007-10-16,38.97348403930664,39.58772739387044,35.16520190069811,35.41089591006275,138614496
2007-10-17,42.01395797729492,42.996737867348905,32.58538567998248,35.011630953483305,204876259
2007-10-18,40.539794921875,45.899033527560846,38.804570041069134,42.689632089564846,146617799
2007-10-19,40.40158462524414,42.0446749285371,38.38994922315784,39.61842733170208,110266491
2007-10-22,39.8641242980957,41.1079566807392,38.543507870317065,39.58771756479438,72253405
2007-10-23,42.704986572265625,43.08888603056992,40.846910694727455,40.846910694727455,74594921
2007-10-24,42.044677734375,44.07166758185854,41.56863993620077,43.6109840948357,63055170
2007-10-25,41.95252990722656,42.93531390418463,37.05397256127308,40.61655934327793,34522489
2007-10-26,43.21172332763672,43.90274219752356,41.537920398792004,42.68961851527008,62370025
2007-10-29,44.08702850341797,45.146592767848155,43.703129011316605,43.9181143931238,43657697
2007-10-30,45.06978988647461,46.28290916354947,43.365274511401935,44.68589059013941,79921711
2007-10-31,46.006534576416016,47.02003192463746,45.14660121935861,45.300161044945774,44655368
2007-11-01,44.9776725769043,47.49605480409117,44.6091315795245,47.142868119511235,50632492
2007-11-02,45.79152297973633,46.06793384025712,42.99673491844706,43.34992564787374,32001693
2007-11-05,46.72824478149414,47.75709596587375,45.48440827539643,45.76081916491254,38833135
2007-11-06,47.342498779296875,50.336914928358915,46.69754677561442,47.54212568945243,81880281
2007-11-07,46.651458740234375,48.89342918499456,45.60725338466901,48.21776885636961,33593141
2007-11-08,45.85296630859375,47.09680316618649,44.8394733125488,45.45371250180661,27990521
2007-11-12,46.95858383178711,47.78780815893321,43.25779130872382,44.47091501592369,35153735
2007-11-13,48.079586029052734,49.04701197252926,46.23686835935407,47.757112103086,43830531
2007-11-14,47.449981689453125,49.599818481356614,47.2042835567475,48.92415382338537,36738579
2007-11-15,48.24850082397461,49.09307969481396,47.34249636902563,48.340635034563036,29242252
2007-11-16,47.910675048828125,49.000948075289465,47.357857212342566,48.03352206841049,18895294
2007-11-19,49.64588165283203,51.44253166279176,48.63238891161119,49.000929833157386,40716718
2007-11-20,48.87809753417969,50.82830788836372,48.27921262919577,49.44626964508664,26342171
2007-11-21,45.06978988647461,49.46159617031974,43.97951338553826,49.16983520444936,26814499
2007-11-22,43.51884841918945,46.405775401367436,41.63006409849984,44.593766799403504,34096185
2007-11-23,46.405792236328125,46.68219908697076,43.79527105748128,46.37507943835076,27664090
2007-11-26,46.774330139160156,48.12565566821234,46.40578908518768,48.12565566821234,20159123
2007-11-27,45.622615814208984,47.572825611622775,45.14658222143697,47.572825611622775,20573198
2007-11-28,44.94695281982422,46.83574128027682,44.63983328681733,46.62075594094189,16435311
2007-11-29,43.73383712768555,46.31364060565342,43.16566510701047,46.0679466232091,25530967
2007-11-30,45.42300033569336,45.6994071415563,43.91811513437185,44.532354332101136,18437721
2007-12-03,46.067935943603516,46.6361078325633,45.62261101738714,45.97579759736495,16851227
2007-12-04,45.469058990478516,46.75896273216917,45.1312266614095,46.375063304948775,14008727
2007-12-05,47.28108215332031,47.45000046744902,45.45372265638322,45.54585688912467,27725290
2007-12-06,46.405792236328125,49.03166356579841,45.806907255288394,48.30993155842604,24104710
2007-12-07,46.206153869628906,47.35785237093115,45.37693344803699,46.69754606329976,11742386
2007-12-10,46.25221252441406,46.820380297597865,45.65332780088379,46.65146622971755,8330010
2007-12-11,46.0372200012207,46.92786562693889,45.80688039979836,46.666813245545356,11685950
2007-12-12,46.006534576416016,46.421146938616744,45.14660121935861,45.45372087053295,16342131
2007-12-13,45.238704681396484,46.68216772643974,45.06979065436067,46.06792884183819,14620172
2007-12-14,44.79339599609375,45.499773467761344,44.56305633120605,45.08516123784838,10991851
2007-12-17,42.09074783325195,45.30014900096923,41.46115021638992,45.05445084600755,19355678
2007-12-18,41.906471252441406,43.30386349394688,40.60121320675429,41.614706023057664,21607783
2007-12-19,41.138675689697266,43.62634499692779,40.785489023400956,43.25779985305079,19526912
2007-12-20,40.724056243896484,42.013959853825206,40.53978370453881,41.6761275592653,17105204
2007-12-24,41.9678955078125,42.62820166529412,41.00046565424558,41.33829797092171,16711519
2007-12-26,43.2424430847168,43.764547981289134,42.198237457147584,42.198237457147584,20930094
2007-12-27,43.54957580566406,44.74734156918583,43.18103057123734,44.13310228885911,44565277
2007-12-28,43.88739776611328,44.071670339336904,42.996747689795086,43.45742704006627,18354518
2007-12-31,44.209869384765625,44.47092183635434,43.672410170261124,44.2252278616682,11982308
2008-01-01,45.02375030517578,45.43836266994344,44.02561143267956,44.44022379744722,16687746
2008-01-02,44.778045654296875,45.36157202396097,44.117739389530236,45.023739652394624,13437280
2008-01-03,46.62075424194336,46.80502678814712,43.96417121136256,44.50163037453802,31815218
2008-01-04,46.37505340576172,47.9106507868557,46.06793392954292,47.2964118344181,28011310
2008-01-07,45.991172790527344,47.05073291564645,45.49978059534147,46.08330700468512,15858063
2008-01-08,44.424842834472656,46.68217176372202,43.88738376396445,46.03722004599729,13282666
2008-01-09,43.71847915649414,44.67055063924683,43.610986475839276,44.47092375550248,13113527
2008-01-10,42.67427062988281,45.14658545806317,42.3825053968957,43.918107282244485,18023003
2008-01-11,43.319217681884766,43.73382985317328,41.614701903381956,43.257792113703154,11629440
2008-01-14,43.97953414916992,44.44021352226825,42.704988716713046,43.39600777636055,10264240
2008-01-15,42.6435661315918,44.87018325808154,42.290379420505225,44.685914828350256,11558334
2008-01-16,41.76827621459961,42.689635064969764,40.70871603601978,42.336448338776485,14834065
2008-01-17,42.88926696777344,43.841338631127854,41.031190751347964,41.92183682394024,16169395
2008-01-18,40.89297866821289,42.58213614868837,40.53978786256226,42.53606488494236,13254156
2008-01-21,33.93672180175781,40.53979274852732,29.56026571936683,40.53979274852732,33202389
2008-01-22,30.527687072753906,32.24755717768405,24.24709136927037,30.58911055876123,58755707
2008-01-23,33.93672180175781,35.24198001216574,31.019085802022452,31.019085802022452,28425991
2008-01-24,34.01349639892578,36.42438555106599,32.401118860724246,35.76407939234612,29911930
2008-01-25,35.76408004760742,35.93299412656944,34.32061655882629,35.62587458985646,12550722
2008-01-28,36.14798355102539,36.42439033216919,32.40112311372923,35.27269193942354,13601109
2008-01-29,35.54909896850586,36.76222295022257,35.011639714809355,36.240118008972786,7679877
2008-01-30,33.583526611328125,35.77943021119445,33.13820166847961,35.62587046063632,9016102
2008-01-31,31.38762664794922,34.02885567193379,31.019083596013363,33.936719388252875,41538563
2008-02-01,32.4779052734375,32.70824496806364,31.63332639314166,31.925089589777162,9089201
2008-02-04,34.15169906616211,34.55095486488725,33.09213712235169,33.09213712235169,12009385
2008-02-05,35.21126937866211,35.671948775268625,33.47604448455944,34.213130686014644,14593303
2008-02-06,34.904136657714844,35.318748791890634,32.95392919498975,34.243830603955026,12429218
2008-02-07,33.26105880737305,35.61052481195279,33.04607552086724,34.428113611989005,11300078
2008-02-08,32.40113067626953,33.752456272713516,31.802245706029574,33.47604942705537,13514197
2008-02-11,30.113082885742188,32.86180492093074,29.790606895172733,32.86180492093074,15133331
2008-02-12,29.57562828063965,31.218719203517047,29.329932149725032,31.019092268717383,10237627
2008-02-13,29.14566421508789,30.48163353147548,28.546781274445962,30.097733943526997,10395753
2008-02-14,31.694747924804688,32.01722389379174,29.790604901371783,29.790604901371783,12514003
2008-02-15,32.60075378417969,32.8618062832697,30.727323348186722,31.571902267516837,12080990
2008-02-18,32.416473388671875,33.33783407090294,32.1400666419539,33.33783407090294,6977153
2008-02-19,32.063297271728516,33.07679247998329,31.817601148092763,33.00001257152139,7226542
2008-02-20,31.26477813720703,31.771526665163346,30.911591473336617,31.756170270475973,5604999
2008-02-21,31.479766845703125,32.017226137414966,31.095867351623234,31.771530044646227,3874365
2008-02-22,31.08051300048828,31.28013991743062,30.113084962074623,30.435560974879177,2691220
2008-02-25,31.341562271118164,31.725461776338598,30.58911965744374,31.449054965695133,6270186
2008-02-26,31.464399337768555,31.909722177078407,31.310839594366033,31.633315472068794,7139423
2008-02-27,33.30711364746094,34.95020152338434,31.925076065184186,31.925076065184186,43223132
2008-02-28,34.243831634521484,34.50488403541998,33.16891341423626,33.629592651501355,35763847
2008-02-29,33.752445220947266,34.70451663587332,33.199631710642024,34.02885405888759,16477462
2008-03-03,32.33969497680664,33.41461547451935,31.971151936818476,32.278271483939896,10049153
2008-03-04,31.51047706604004,32.67753192647026,30.711967380431584,32.55468492338835,11485198
2008-03-05,32.093997955322266,32.2475577142896,30.74267082673724,31.664029380541223,8581053
2008-03-07,30.450918197631836,31.63332958237031,29.17637050919625,31.63332958237031,14251925
2008-03-10,30.342876434326172,30.558949350498967,28.598856783298967,30.497214530641653,11713659
2008-03-11,32.84314727783203,33.15182340322483,29.385975092101475,30.09592850582975,19665129
2008-03-12,32.00971984863281,33.9543797169808,31.70104374550912,33.73830686346298,12262350
2008-03-13,27.611080169677734,31.484967338697977,26.8548242210421,31.176291270410488,47000084
2008-03-14,29.50945281982422,29.63292246659709,27.811733663302352,28.382783396307538,35798540
2008-03-17,28.351905822753906,28.95382377616466,27.749987869343155,28.95382377616466,19211273
2008-03-18,28.598854064941406,29.154471577533876,27.842595790203326,28.305610035139683,12632937
2008-03-19,28.768627166748047,32.040593331853316,28.58342062632854,29.94159494492405,16449023
2008-03-24,29.04642677307129,29.848985432989284,28.413640378906372,29.848985432989284,11636914
2008-03-25,30.142234802246094,30.327439243727785,29.26250690183939,29.802690186180016,13232423
2008-03-26,29.9570255279541,30.682415280786245,29.632915168319652,29.94159130257265,11448313
2008-03-27,30.49720573425293,30.790449707346745,29.509442621405807,29.509442621405807,17425122
2008-03-28,30.55894660949707,30.79045582654935,29.756389836648978,30.63611565073309,11599511
2008-03-31,30.342876434326172,30.697855311858426,29.941596965237032,30.558949350498967,9914705
2008-04-01,30.40460205078125,30.836749845661114,30.01875692678696,30.558940100378965,6034588
2008-04-02,30.89849853515625,31.793660881188796,30.558953836084473,30.558953836084473,6087024
2008-04-03,30.651561737060547,31.114576163621823,30.404620290892193,30.975672254322447,3883474
2008-04-04,30.49720573425293,30.852184509397727,29.910721974752896,30.852184509397727,5906537
2008-04-07,30.37374496459961,30.68242115797928,30.01876608620634,30.54351728962731,4088729
2008-04-08,29.602052688598633,30.38917735272136,29.385979784986038,30.327440443108376,5753811
2008-04-09,29.679224014282227,29.94159752693397,29.33967935868063,29.6946582428722,3776374
2008-04-10,30.265703201293945,30.48177608759009,29.52488127875171,29.632916675227722,7075297
2008-04-11,30.40460205078125,30.71327814997668,30.09592595158582,30.558940100378965,4012660
2008-04-15,30.867626190185547,31.021964279269586,29.694656294477966,30.219405378694848,6362785
2008-04-16,30.450918197631836,31.392381135488332,30.327446447305338,31.17630818909783,4725794
2008-04-17,31.623884201049805,32.34927200486649,30.574383879766827,30.913928532341057,14831167
2008-04-21,32.13318634033203,32.68880369080992,31.793643915788138,32.102319989015456,7639361
2008-04-22,32.65795135498047,33.028364500237764,31.793659598299104,32.10233582378377,8814769
2008-04-23,32.68881607055664,33.07466130821619,32.2566702417157,32.71968452690716,5265604
2008-04-24,31.53127670288086,33.09009170101666,31.253469001303607,33.028356888815516,8801780
2008-04-25,31.79365348815918,32.24123351042659,31.361505599524534,32.10232965432211,4095990
2008-04-28,31.91712760925293,32.534480028464,31.79365796274852,31.82452432770236,4708244
2008-04-29,32.36470413208008,32.67338030770916,31.947992550987387,32.10233063880193,6497143
2008-04-30,32.58078384399414,32.997497605502026,32.41101358660067,32.68882136537611,6331377
2008-05-02,32.874019622802734,33.80004810870206,32.81228271573409,33.074658290743244,5658418
2008-05-05,32.71967315673828,33.491363363893086,32.503598224060006,33.30615687683847,7642293
2008-05-06,32.44186782836914,33.09008852767722,32.256663409526794,32.45730205327532,5061166
2008-05-07,31.97885513305664,32.62707586260413,31.484974566426974,32.41100298386964,4303106
2008-05-08,31.5930118560791,31.91712224031359,31.40780741747666,31.731915708366977,3642073
2008-05-09,31.407804489135742,32.22579539338797,30.929356070669133,31.176297392459382,8621761
2008-05-12,31.407804489135742,31.639311585812106,30.713281105762682,31.407804489135742,4890395
2008-05-13,31.500408172607422,31.731915287800266,31.238034698062016,31.546710851652474,5056766
2008-05-14,31.546710968017578,31.716483271787393,30.86762384628248,30.86762384628248,2982486
2008-05-15,31.562152862548828,31.917129689392343,30.867631345672226,30.867631345672226,2646760
2008-05-16,31.8090877532959,31.901691028018906,31.423242519737023,31.79365561862904,4422288
2008-05-20,31.747346878051758,31.870818585242123,31.423236525025004,31.484973425292168,3464912
2008-05-21,31.947988510131836,32.41100271501236,31.0219601003708,31.0219601003708,3419088
2008-05-22,31.515850067138672,31.67018818148621,31.176307471580884,31.176307471580884,3558000
2008-05-23,30.991086959838867,31.762777184535118,30.867617361224948,31.3306314960427,4417028
2008-05-26,30.759586334228516,30.944792864279812,29.324240959691355,29.324240959691355,2605807
2008-05-27,29.83355712890625,31.14543075301062,29.694653281493434,30.805886154140087,3316550
2008-05-28,30.929367065429688,31.114571552600818,29.416852240136162,29.941601427138114,4505700
2008-05-29,31.43867301940918,31.793651848192724,30.528078794867245,31.25346858527109,11026212
2008-05-30,30.435466766357422,31.639304661623765,30.31199717915532,31.515832981078145,4023430
2008-06-02,29.139039993286133,30.867627501816468,28.70689206948135,30.250273025903294,4431595
2008-06-03,28.058664321899414,29.015558951879672,27.796288806146272,28.706882859625964,6240766
2008-06-04,27.19438362121582,28.228447760077064,27.02461127204615,27.93520575333566,5762089
2008-06-05,27.1480770111084,27.348717792383187,26.237482661252603,27.16351123941329,9721099
2008-06-06,26.854835510253906,27.98150488913764,26.468990262693264,27.00917360927816,6317089
2008-06-09,26.484424591064453,27.132645446746764,25.311454615391177,26.546159412237902,6500809
2008-06-10,26.29921531677246,26.51529030856975,25.697297209173154,26.237480501977906,6717902
2008-06-11,26.422685623168945,26.854831396907446,26.237479095370087,26.546155246138767,2586175
2008-06-12,26.607891082763672,26.7622291640943,25.31145161825526,26.083142024908387,3244212
2008-06-13,26.438119888305664,26.82396507733466,26.16031009619831,26.561589511457292,4248430
2008-06-16,27.364154815673828,27.780866462402585,26.577030025171123,26.66963331111461,4354615
2008-06-17,28.182140350341797,28.39821324554095,26.885700885802645,27.749994559943477,4736084
2008-06-18,28.15127182006836,28.76862623706836,28.08953700637162,28.08953700637162,5055019
2008-06-19,27.549348831176758,28.089532018454115,27.10176889467285,27.595651503235395,4221271
2008-06-20,26.916568756103516,27.888899979064572,26.56159198645787,27.780862478731905,3837789
2008-06-23,25.9751033782959,26.793096429065802,25.71272990768013,26.70049316570678,4516050
2008-06-24,25.17254638671875,26.360950385293272,24.910170825471674,25.975103109729417,5238203
2008-06-25,24.47801971435547,24.98733440634755,23.922402354599974,24.694092550553815,3933879
2008-06-26,25.867061614990234,26.97829631508002,24.616923100725128,24.616923100725128,18253250
2008-06-27,24.72496795654297,25.558395348044883,24.586064089074117,25.002777784825074,6821283
2008-06-30,24.231082916259766,24.94103844656327,23.536561611399737,24.709531344943258,4596315
2008-07-01,22.517934799194336,24.23108813911005,21.65364101485137,24.23108813911005,6202295
2008-07-02,23.505699157714844,23.75264054778251,21.807979979348403,22.533369920170067,5245963
2008-07-03,22.88833999633789,23.505692243233202,22.224687168263006,23.3050536003298,4726793
2008-07-04,23.197021484375,23.644601548213572,22.37903040540604,22.533368502822405,4862814
2008-07-07,23.706336975097656,24.663234040901507,23.505698280660305,23.505698280660305,5528014
2008-07-08,24.400861740112305,25.002779946753304,21.916015672332236,21.916015672332236,8354280
2008-07-09,26.098575592041016,26.206610990235223,24.72496502824255,24.72496502824255,6860769
2008-07-10,27.240673065185547,27.564783400278245,25.373182175693184,26.098571873598566,7216175
2008-07-11,25.944236755371094,27.84259421486297,25.74359600457778,27.50305171046089,6040791
2008-07-14,25.95966911315918,26.885699652013393,25.311450457308567,25.311450457308567,5942149
2008-07-15,24.879304885864258,25.58926051150864,24.69410043570331,25.311452789595066,3693378
2008-07-16,24.20021629333496,25.311451302385695,23.78350264160489,24.87930342404633,6973872
2008-07-17,25.434919357299805,25.620125878481637,24.694097459260572,24.694097459260572,5038238
2008-07-18,26.854835510253906,27.070908430218974,25.14168219241577,25.89793845896574,5983177
2008-07-21,28.367338180541992,28.53711043658261,26.870258413652337,27.31783829350955,8754188
2008-07-22,29.52488136291504,29.78725483511395,28.12040445797035,28.367345797303063,12631056
2008-07-23,31.608442306518555,32.2257945481295,30.281134568386236,30.83675200450487,12798869
2008-07-24,30.49720573425293,32.19492430404584,28.598848534458366,28.598848534458366,10764301
2008-07-25,30.55894660949707,31.546712011993513,29.401410990956748,30.173101403316963,10710381
2008-07-28,30.312007904052734,31.160867373102608,29.97246327909508,30.5589471658282,5533881
2008-07-29,29.092729568481445,30.095926923255583,28.86122248661049,29.632912759513673,5145929
2008-07-30,30.312007904052734,30.5589471658282,29.3551109379679,29.3551109379679,7354746
2008-07-31,29.2470703125,30.83675367686747,28.861225140567704,30.83675367686747,6006517
2008-08-01,30.09592628479004,30.21939798184148,27.78085551519322,28.784052848685175,4699412
2008-08-04,30.281143188476562,30.836760782762074,29.49401843768413,29.49401843768413,4301346
2008-08-05,31.639314651489258,31.870821770597402,30.095931764090814,30.40460792290167,9161115
2008-08-06,30.836759567260742,32.76598579544022,30.62068664837353,32.76598579544022,8616591
2008-08-07,30.759586334228516,31.45410768190465,29.802689417870408,29.802689417870408,4809365
2008-08-08,30.23484230041504,30.991098585645883,30.126804791091566,30.404612538859794,4883824
2008-08-11,30.512643814086914,30.96022380219847,30.281136707131548,30.620681301337044,2714705
2008-08-12,29.98790168762207,30.867629733729913,29.756394527419435,30.71328953358361,5801276
2008-08-13,30.111366271972656,30.404608206913323,29.401410681407107,29.632917802677774,2754609
2008-08-14,29.3859806060791,30.25027224467923,29.32424369474108,29.941596061366514,2566362
2008-08-18,29.04642677307129,29.94158658399671,28.768619133361657,29.32423441278092,2963058
2008-08-19,28.506254196166992,29.169907189033985,27.919768159979352,29.000136953657165,2941144
2008-08-20,28.83036994934082,29.0618771421671,28.629729126217804,28.70689819049323,3319410
2008-08-21,28.52168846130371,29.000136990731896,28.182143803427074,28.706892925590957,4138486
2008-08-22,28.228445053100586,29.509452570952064,27.503057221074712,29.509452570952064,4139879
2008-08-25,28.53711700439453,28.922962178132863,28.336476258044172,28.922962178132863,2034227
2008-08-26,28.583419799804688,28.676023067336708,28.058670741582183,28.24387518330202,1489491
2008-08-27,28.012367248535156,28.93839571030384,27.858029171573705,28.737757047591614,4297168
2008-08-28,27.595661163330078,28.398218066506264,27.240682259992436,28.08954185143591,7382078
2008-08-29,28.73775291442871,28.845790390101055,27.966062640608634,28.089532247082307,2219080
2008-09-01,28.722213745117188,28.846618777229352,28.146835725890877,28.67556027617261,3417069
2008-09-02,30.230627059936523,30.355032055946644,28.67555195459355,28.924364055816536,5030404
2008-09-04,29.593032836914062,30.137308130415153,29.34422085233036,29.888496145831446,2813325
2008-09-05,28.939916610717773,29.26648237758072,28.61335084385483,29.235380072468878,3330688
2008-09-08,30.463886260986328,31.692393435590567,30.16842072131473,30.47943530269315,8377948
2008-09-09,30.57274055480957,30.821552645462805,29.872957736273836,30.463886715225602,3737279
2008-09-10,30.308380126953125,30.821553362130658,30.012914576005706,30.41723396906818,3847698
2008-09-11,29.49974250793457,30.16842306619112,29.266481553770273,30.16842306619112,2567354
2008-09-12,29.795209884643555,30.60384880923818,29.313136760719953,29.701905068851396,6093354
2008-09-15,27.91357421875,29.157632954845376,27.07383499372628,28.706662084851466,6770268
2008-09-16,28.45784568786621,28.70665781996043,26.436250542055593,26.825018839326866,4654621
2008-09-17,27.72695541381836,28.86215770581339,27.36928740691951,28.86215770581339,4674190
2008-09-18,27.664762496948242,28.209038202789312,25.674269330696532,27.369298964189475,6603710
2008-09-19,29.3442440032959,29.49975135269709,27.99132921982419,28.31789507540737,9821730
2008-09-22,28.7066593170166,31.412488494496422,28.473398326489246,30.16842776914741,4162514
2008-09-23,28.364532470703125,29.002112711163335,27.835808164907725,28.364532470703125,6569683
2008-09-24,29.017658233642578,29.328672719003738,28.084614777559093,28.457831738152095,5730103
2008-09-25,28.115726470947266,29.219828685002984,27.447043838309423,29.095421583738823,10926783
2008-09-26,27.664762496948242,28.2712428279624,27.182691416280264,28.2712428279624,4967945
2008-09-29,26.63840675354004,28.457840807205862,26.12523142363226,28.457840807205862,7859964
2008-09-30,26.68506622314453,27.680312774681738,25.192195341237074,25.192195341237074,6616439
2008-10-01,27.57145118713379,27.83581232493878,26.482898005409787,27.027175650873133,3743739
2008-10-03,27.960216522216797,28.302331272512852,27.213780313093412,27.711404452509004,4681406
2008-10-06,27.38484001159668,27.991318009531174,26.825013356117697,27.64920324338476,5560277
2008-10-07,28.286788940429688,28.89326920852434,27.369296124752452,27.369296124752452,9928258
2008-10-08,28.069068908691406,28.30232981656745,26.1563281985864,27.33818599620121,9985473
2008-10-10,27.898019790649414,28.535600239959432,25.8297732281494,27.96022440752108,9025179
2008-10-13,28.45784568786621,28.675555512497525,27.851367565963628,28.03797719233504,6805621
2008-10-14,27.773611068725586,29.51529370622472,27.55590126633889,28.613350083190145,5099383
2008-10-15,27.540346145629883,28.131272968270128,27.244882734309762,27.61809978593531,5495022
2008-10-16,26.48289680480957,27.151579413136744,25.969723594709556,27.151579413136744,6651066
2008-10-17,24.492403030395508,27.213780441816404,24.134735019372986,27.027172970554744,5586092
2008-10-20,24.772319793701172,25.752017105372136,23.99478324913828,24.585712288527798,7922965
2008-10-21,24.97447395324707,26.280734580671346,24.259140099666393,25.02112528989703,8047276
2008-10-22,23.606016159057617,24.912277197500888,23.372755184006927,24.72566968298212,5408099
2008-10-23,22.45525360107422,23.232789878612593,22.11313679527648,23.015080142742274,6641370
2008-10-24,19.54727554321289,22.082044061841508,19.28291225070181,21.77102941615932,9905588
2008-10-27,18.038854598999023,19.282913245936452,16.172766628592882,19.18960842557551,12878172
2008-10-29,20.41810417175293,21.708813298437626,18.660871259830813,20.526957963973548,13094201
2008-10-31,21.724382400512695,22.393065287761512,20.651382080512818,21.491121369677785,8097887
2008-11-03,22.39305305480957,22.983979833096488,21.615514600912714,22.952877535627778,4951148
2008-11-04,23.372756958007812,23.559366595893295,21.973191001476096,22.082044865906685,4515828
2008-11-05,22.51746940612793,24.507964720021153,22.082047567524697,24.507964720021153,6145587
2008-11-06,21.771026611328125,23.24834809719351,21.32005585502957,22.082041216941303,4896229
2008-11-07,23.466060638427734,24.165843582741626,21.460014510698812,21.615521831657457,8250147
2008-11-10,23.994779586791992,24.53905508491272,23.466055239029505,24.19693821384153,3775177
2008-11-11,23.71487045288086,24.71011678777304,23.170594882792642,24.103638717229586,8900004
2008-11-12,22.71962547302246,24.228047412377386,22.439713123692112,24.228047412377386,5705390
2008-11-14,22.641870498657227,23.637119036938792,22.361958165517425,22.517465485973542,4038880
2008-11-17,23.574918746948242,24.352457601095608,21.46001837886,24.352457601095608,5361538
2008-11-18,22.299755096435547,23.512711321702785,21.864333344624587,23.512711321702785,6392448
2008-11-19,21.75547981262207,23.092843176556606,21.475565373173634,22.393060241740013,5606729
2008-11-20,21.522220611572266,21.926537986601986,20.604725667242672,21.771030654912654,5080395
2008-11-21,22.89067840576172,23.6060123695921,20.83798131115325,21.38225683223249,8350092
2008-11-24,23.466060638427734,23.83927778688787,22.29975573123791,23.574914497576966,5420119
2008-11-25,22.89067840576172,23.994780598934415,22.704070921198987,23.714868317489003,5453771
2008-11-26,23.403854370117188,23.761520307152196,22.470810594336093,23.139491123298132,5246053
2008-11-27,23.403854370117188,23.403854370117188,23.403854370117188,23.403854370117188,0
2008-11-28,23.030635833740234,23.481608692345738,22.113143183051307,22.704072190202112,8464961
2008-12-01,22.84403419494629,24.383556442015454,22.750729368929278,23.481614711992027,5733003
2008-12-02,22.641870498657227,22.890682633227616,21.926536402718487,22.67297280642966,5879324
2008-12-03,23.326101303100586,23.621564750949606,22.15979655432597,22.85957940359074,6430656
2008-12-04,24.445758819580078,24.570165956641443,20.682480361831896,20.682480361831896,4648185
2008-12-05,24.150291442871094,25.316596302446598,23.34165256321757,23.34165256321757,5338962
2008-12-08,24.212486267089844,25.00557374188805,23.17058885519612,24.80341514069738,11709287
2008-12-10,23.82373046875,25.3477037250376,23.48161557307975,25.3477037250376,11172070
2008-12-11,23.559358596801758,24.243590188059994,23.186139447749614,24.243590188059994,9867592
2008-12-12,22.82847785949707,23.092841121696374,22.330853639781726,22.983985164507764,9847702
2008-12-15,23.201696395874023,23.714871799475524,23.015088883912245,23.606015835595617,5741641
2008-12-16,24.088090896606445,24.383554396538525,22.08204468773455,23.326105414927994,9183505
2008-12-17,24.056987762451172,24.725670512210648,23.419407320756058,24.725670512210648,8720755
2008-12-18,24.772319793701172,25.0366830625337,23.512710169668715,23.512710169668715,12640018
2008-12-19,25.9697208404541,26.28073538551814,24.741213809291636,25.50319902285805,10050607
2008-12-22,25.985273361206055,26.20298313240243,25.08332986738895,25.08332986738895,6524631
2008-12-23,25.45655632019043,26.234093011030463,25.26994877991078,25.814224463498803,5151765
2008-12-24,25.021133422851562,25.798670014432766,20.99349219109852,20.99349219109852,13318746
2008-12-26,25.067785263061523,26.389597494502475,24.41465577893017,26.389597494502475,5480531
2008-12-29,25.596508026123047,25.79866667004631,24.570159436445014,25.347695927230987,3418418
2008-12-30,25.54985809326172,25.969728699847373,24.60126302189624,25.53430693946169,4868199
2008-12-31,25.860868453979492,26.249636688646547,25.285492732193845,26.249636688646547,4396180
2009-01-02,26.23409080505371,26.669512580832265,25.73646863028219,26.669512580832265,3976548
2009-01-05,25.64316177368164,26.669510459489654,25.31659599512415,26.669510459489654,4505326
2009-01-06,25.45655632019043,26.62286346565374,25.036687772658773,26.62286346565374,3969700
2009-01-07,24.11919403076172,26.342950346473,22.595222882005668,26.342950346473,12109220
2009-01-09,23.994779586791992,26.125230237402725,22.797372647245364,26.125230237402725,5272587
2009-01-12,23.35719871520996,24.57015677496825,22.424155027335498,24.57015677496825,6595708
2009-01-13,23.01508140563965,23.621559313558173,22.672964581069067,23.326095933721174,4104761
2009-01-14,23.061742782592773,23.450511111970126,22.42416230057328,23.450511111970126,2777281
2009-01-15,22.71962547302246,23.061742441495685,22.23755443908721,22.859583756890782,3693599
2009-01-16,23.434955596923828,23.77707250680694,22.548565236376675,23.512709248333373,2131503
2009-01-19,24.336894989013672,24.53905360386196,23.341646736584636,24.072531776486755,2587926
2009-01-20,27.05828094482422,27.680310246369388,23.32610513555319,24.368002950119497,19101726
2009-01-21,25.2543888092041,27.64920266844377,24.91227194096914,27.64920266844377,11311625
2009-01-22,26.451791763305664,26.809457618812754,24.94337049261462,26.063023612014383,10535551
2009-01-23,26.825014114379883,27.1515798484072,25.627607126013935,26.887216609146364,7005930
2009-01-27,27.695859909057617,28.069077048042733,25.814220951387387,26.747264853451668,8487928
2009-01-28,28.31788444519043,28.45784058527285,27.369289548094407,28.271233101563833,6636133
2009-01-29,28.131275177001953,28.893262599184684,27.07382642950338,28.893262599184684,13844487
2009-01-30,27.447040557861328,27.66475032254977,26.74725781544692,27.6492012823025,4578388
2009-02-02,26.00082778930664,27.680308034816264,25.62761066003881,27.369293408892585,6678800
2009-02-03,26.420696258544922,27.05827661238304,23.823723496727393,23.823723496727393,6591337
2009-02-04,26.827411651611328,28.03190824784654,25.685485838703357,27.374909718683554,7225484
2009-02-05,26.670982360839844,27.374908413514063,26.405053892264412,26.59276835498715,3622655
2009-02-06,27.0307674407959,27.359264560490196,26.74919575316995,26.8899805361376,2228530
2009-02-09,27.046409606933594,28.094478151176904,26.342483542746795,28.094478151176904,3190528
2009-02-10,26.999481201171875,27.578265684399234,26.498910722613587,27.437478778642383,3258153
2009-02-11,27.06204605102539,27.21847402608871,26.123478200645454,26.905618075962067,1899711
2009-02-12,28.37605094909668,28.68890701313595,26.74919984043066,27.046412676929773,8517373
2009-02-13,29.345903396606445,29.6431162108273,28.782762099209087,28.93919011950331,9331167
2009-02-16,27.984973907470703,29.846468722789385,27.57826282274638,29.846468722789385,3238379
2009-02-17,26.749183654785156,27.95367962118509,26.60839893549301,27.95367962118509,2684742
2009-02-18,27.484405517578125,27.812904726424147,25.982696364060903,26.749193103574665,4576718
2009-02-19,27.57827377319336,28.157056304488783,27.171560405285774,27.531344083612893,5072418
2009-02-20,26.999481201171875,27.437478778642383,26.670981957223667,27.21847998990713,3336292
2009-02-24,28.720186233520508,29.00175789324174,25.654197153928727,27.093335534662756,9913081
2009-02-25,28.64198112487793,30.018549160055912,28.344768271021795,29.033051227765238,7821109
2009-02-26,29.064329147338867,29.220757142544752,28.01626073078326,28.76711425909531,9451371
2009-02-27,30.315753936767578,31.442036381679642,28.501188718493935,28.62633026939948,35406885
2009-03-02,28.907915115356445,29.580554970966904,28.501201707030624,28.78277138573,9682882
2009-03-03,27.87548065185547,29.25204639271527,27.6877661773333,29.06433403988393,6218930
2009-03-04,28.64198112487793,28.92355287197145,28.000625731804526,28.407339063145546,6597422
2009-03-05,28.68890953063965,29.048695308871245,28.250911851225965,29.048695308871245,6109769
2009-03-06,28.954833984375,29.064334449671957,28.15705063894381,28.25090787752822,3962742
2009-03-09,28.45425796508789,29.0956131629271,28.1883316490895,29.0956131629271,2964226
2009-03-12,29.283327102661133,29.54925553579859,28.501187148363226,29.392827544939006,6091612
2009-03-13,29.690048217773438,29.87776058382957,28.97047884366414,29.721332551270635,6329765
2009-03-16,30.002899169921875,30.22189795384533,29.017401459730422,29.877755492186605,8232474
2009-03-17,30.128042221069336,30.597326262060907,29.752615412614222,30.206256227901264,4981205
2009-03-18,29.90903663635254,30.769390516186906,26.90561860716373,26.90561860716373,4007849
2009-03-19,30.09674644470215,30.26881549693706,28.78274993232342,28.78274993232342,3286397
2009-03-20,30.22190284729004,30.4565448941343,29.736975526140373,30.018547255368066,3154546
2009-03-23,30.722469329833984,30.972752449323877,29.971613606292255,30.018543282464623,7034396
2009-03-24,30.785043716430664,31.33254181741746,30.347043962626667,31.129184106893522,7551877
2009-03-25,30.36267852783203,30.972747241978507,29.924681020673102,30.519106512058837,5666796
2009-03-26,30.112407684326172,31.269977016808937,29.50233867933933,31.269977016808937,9588411
2009-03-27,29.58053970336914,30.50346442018581,29.314613393338796,30.50346442018581,6291705
2009-03-30,29.58053970336914,30.25318133349617,27.374904619661237,30.25318133349617,4842258
2009-03-31,29.90903663635254,30.597319315881983,28.17268565453058,30.597319315881983,7683950
2009-04-01,28.767120361328125,31.25432771005355,28.62633556011691,31.25432771005355,7321541
2009-04-02,29.283327102661133,29.7213246283918,28.986114344366012,29.377184321514967,9185217
2009-04-06,28.939189910888672,29.830830468814465,28.73583433464844,29.408473968388392,6958026
2009-04-08,30.47218894958496,30.878902266171078,28.000624715986895,28.626336857906757,16888845
2009-04-09,30.018537521362305,31.567174104025288,29.799536651302873,31.12917448559669,7959989
2009-04-13,29.611839294433594,30.503477960357852,29.173839454922405,30.190621841431867,6786405
2009-04-15,30.37833023071289,30.58168581829838,29.40847560909535,29.40847560909535,9517190
2009-04-16,29.59619140625,30.9101864746021,29.330262898338656,30.785044895403235,16019178
2009-04-17,30.503467559814453,31.78617805873116,29.439757966827884,30.28446877557494,24728264
2009-04-20,31.880033493041992,32.50574548234437,29.89339707833074,31.5671774983908,20235831
2009-04-21,31.285621643066406,31.98954793908317,31.00404985164484,31.723619378578043,8757532
2009-04-22,30.237545013427734,32.03646730942575,29.799545268344122,32.03646730942575,10270548
2009-04-23,31.301244735717773,31.551529921245695,29.736964978281037,30.487820534864795,7645123
2009-04-24,31.301244735717773,31.786171884861204,30.69117605465549,31.723601118901776,4953362
2009-04-27,30.268831253051758,31.285615606121908,30.049832427554456,31.285615606121908,6298942
2009-04-28,28.782760620117188,30.941468462259994,28.62633260786151,30.612969212184925,8020828
2009-04-29,28.970470428466797,29.564895930848614,28.532470791515138,29.377183619318213,10317407
2009-04-30,28.970470428466797,28.9704704284668,28.9704704284668,28.9704704284668,0
2009-05-04,29.424116134643555,30.002900633385572,29.26768812111228,29.674401380631746,6346688
2009-05-05,30.018537521362305,30.347034583070915,29.252038719534827,29.721322661050294,10754066
2009-05-06,30.143686294555664,30.847612375840725,29.799543806139987,30.331400764907993,8162872
2009-05-07,30.37833023071289,30.62861549968105,29.87775969277656,30.347043776457774,6552316
2009-05-08,30.4565372467041,31.59846286096429,29.909039274873855,30.34703680366188,16052278
2009-05-11,30.4565372467041,31.26996365352806,30.253181705843325,30.37832325072835,8177989
2009-05-12,31.66103744506836,31.801822230435654,30.08111411181371,30.753753709507833,9045014
2009-05-13,31.035324096679688,32.052106124011644,30.73810919133787,31.911321344565337,8210662
2009-05-14,31.082256317138672,31.754898109250227,30.26882972443802,31.25432757194353,7465672
2009-05-15,31.582826614379883,31.8800394404068,31.06661285388912,31.129183640154118,5990389
2009-05-18,36.619808197021484,37.542735260905204,33.819749037812535,35.66559892219813,170650
2009-05-19,36.93266296386719,38.76287167887618,33.475605358147064,35.665597676835716,19037417
2009-05-20,37.16730880737305,40.671298573759316,35.039889177098466,38.48130603061343,10704619
2009-05-21,36.744937896728516,38.794142470280214,36.46336417472479,37.51143235279427,11495294
2009-05-22,37.13602066040039,38.41873122224237,36.44773570232475,37.198589319891795,8524108
2009-05-25,36.47903060913086,37.542740500853554,36.04103291764298,37.52709939320066,5914983
2009-05-26,33.71025085449219,36.80752517463716,32.975038223317746,36.76059761166478,11328948
2009-05-27,34.3203125,35.66559377284838,33.710243702339284,34.41416972772256,9833643
2009-05-28,35.039886474609375,35.634312127512544,33.522533766637906,35.039886474609375,18047010
2009-05-29,35.962806701660156,36.29130379807394,35.211951042894576,35.66559180994787,12795881
2009-06-01,37.574012756347656,37.79300939761838,35.75944551555415,36.885727898912045,13519274
2009-06-02,37.24552536010742,38.70030961456753,36.35388887302854,37.85559645026053,10664555
2009-06-03,39.29472351074219,39.57629306618836,36.917017027254595,37.855585040995926,19445390
2009-06-04,39.26344299316406,39.70144061706906,38.07459169351022,39.576299045007886,11373782
2009-06-05,39.12266540527344,40.20201637851676,38.434380304326304,39.70144578177178,13240784
2009-06-08,37.83995819091797,39.810950064816105,37.12038656332042,39.10702378936924,8283946
2009-06-09,37.87124252319336,38.30924022128727,36.40081713311112,37.761742037824256,6301719
2009-06-10,38.262298583984375,39.32600810059076,37.73044170399071,39.32600810059076,5514227
2009-06-11,38.35615158081055,39.263433052783526,37.91815406779401,39.09136396518511,8425194
2009-06-12,37.93379592895508,38.856722764076224,36.94830044408147,38.48129389203829,8819990
2009-06-15,38.152801513671875,38.70029954423132,37.073446556073584,38.70029954423132,6088490
2009-06-16,38.43436813354492,38.71593767899405,36.99522971489485,38.41872703122369,5235173
2009-06-17,37.24552536010742,39.35730827087493,36.63545851333674,39.35730827087493,8548532
2009-06-18,34.242103576660156,37.38630738078873,33.694605475701636,37.22987935194344,15756310
2009-06-19,33.80410385131836,35.337097590398294,32.599607255119274,35.337097590398294,11260656
2009-06-22,33.272247314453125,34.226458667866495,32.849892930335976,33.788461057295194,11032509
2009-06-23,33.585105895996094,34.07003107026765,32.30239525786208,32.537037292518974,9061729
2009-06-24,33.647682189941406,34.66446450659622,33.24096883894124,34.66446450659622,12156270
2009-06-25,33.491249084472656,34.55495880645918,33.02196288748933,34.10131795801466,22858397
2009-06-26,34.68010711669922,34.88346272772341,33.17839532980344,34.382892132091484,16833106
2009-06-29,34.86781692504883,35.68124143079438,34.570604084070816,35.68124143079438,16727201
2009-06-30,34.22645950317383,35.49352692983011,33.72589109626021,35.03988608173341,10678356
2009-07-01,33.47560119628906,34.50802644250978,32.84988918302688,34.273384437536464,9694486
2009-07-02,34.44545364379883,34.6800956350002,33.397385234423204,34.6800956350002,11593296
2009-07-03,35.337100982666016,35.587386261684976,33.55382181740378,34.24210474343768,14320723
2009-07-06,32.42753219604492,36.76058866582805,32.06774864296858,35.915875764360905,16536927
2009-07-07,32.7091064453125,34.07003109602779,32.224181270674286,34.07003109602779,6256398
2009-07-08,31.880033493041992,32.50574548234437,30.878894734496285,32.50574548234437,9995092
2009-07-09,32.19289779663086,32.59961111898759,31.348186817392136,32.06775621514773,5766023
2009-07-10,32.114681243896484,33.28789143407461,31.629753940951346,32.380609735679876,4813799
2009-07-13,32.255462646484375,32.94374546125409,31.050966129369368,32.38060632660929,6649724
2009-07-14,33.78846740722656,34.07003704955392,32.42754251869814,32.77168507860156,6681312
2009-07-15,34.742671966552734,34.946027542784506,33.85103140866402,34.25774468281836,5318107
2009-07-16,34.68010711669922,35.790744545403726,33.78846640625834,35.790744545403726,6733724
2009-07-17,34.94602584838867,35.290168322531024,34.445457484361526,35.290168322531024,4714999
2009-07-20,35.024234771728516,35.66558995045762,34.66445124599019,35.05552121817985,3204852
2009-07-21,34.47674560546875,35.25888574936719,33.944890731955994,35.25888574936719,3387311
2009-07-22,34.05439376831055,35.258888407712504,33.66332366687658,34.570605453526944,4155805
2009-07-23,35.54045867919922,35.884601202859194,34.13260637244821,35.16502970004615,7225701
2009-07-24,35.36838150024414,36.432093227067355,35.08680981298624,36.432093227067355,3938895
2009-07-27,35.868961334228516,36.260031479192975,35.196321533566184,36.260031479192975,5271010
2009-07-28,36.385154724121094,36.604155592189535,35.69687416218407,36.51030050209192,5714377
2009-07-29,36.72929763793945,36.9170120641276,35.290161483361366,36.88572561919948,8829709
2009-07-30,37.24552536010742,37.74609596697889,36.82317302133634,36.9483146122086,17110331
2009-07-31,36.72929763793945,37.93379394231778,36.5415832117513,37.511437544239584,5752956
2009-08-03,36.69802474975586,37.30809579939066,36.541596710709214,37.10474019730644,3665243
2009-08-04,36.260013580322266,37.49579632574901,36.134872044383236,37.49579632574901,3621563
2009-08-05,35.93152618408203,36.44773781081066,35.352741650860736,36.44773781081066,4774621
2009-08-06,35.211952209472656,36.22873210217311,34.94602375703262,35.79073454465013,7103528
2009-08-07,35.29016876220703,35.82202358385187,34.77395504456206,35.03988351622984,3574790
2009-08-10,34.61751937866211,35.91587075523133,34.33594986523681,35.63430124180604,2330557
2009-08-11,34.83652114868164,35.227591106172035,34.17952277142165,35.227591106172035,2647345
2009-08-12,34.38288879394531,34.836531780433596,32.8498949414051,32.8498949414051,3169220
2009-08-13,34.961666107177734,35.32144965459529,34.60188255976018,35.32144965459529,3372052
2009-08-14,35.00860595703125,35.665604629387644,34.72703630984494,34.72703630984494,5692114
2009-08-17,33.30352783203125,34.85216454117891,33.131456615083636,34.4141670086672,7525848
2009-08-18,34.02310562133789,34.10131963773921,32.8498953753181,33.381750262508874,3831268
2009-08-19,33.19403076171875,34.398527281080085,33.08453242830723,34.33595650174627,2016070
2009-08-20,33.52253341674805,33.77281868124422,33.319177832796036,33.60074742929742,1291386
2009-08-21,33.91617202758789,34.042138634552444,33.081650464241456,33.69573313495316,2476248
2009-08-24,34.21534729003906,34.4357883701247,33.916179998606815,34.29407563702876,3720905
2009-08-25,34.62473678588867,34.92390409170157,34.246841129301686,34.60899068860522,5644025
2009-08-26,34.46726989746094,35.08135042487731,34.168102680067584,34.64047264510211,4450635
2009-08-27,34.026397705078125,34.78218891898299,33.821702738565165,34.46727555724881,7528977
2009-08-28,33.88469696044922,34.4357955035378,33.50679910810222,34.262592677152675,4498782
2009-08-31,33.88469696044922,34.07364375097918,33.443816844592234,33.664255834698956,5347897
2009-09-01,33.55401611328125,34.16809870489685,33.28634111228896,33.97914988660862,4467549
2009-09-02,33.979156494140625,34.07363092165608,33.223365345302405,33.380822012613926,3513954
2009-09-03,33.49103546142578,34.325556956545505,33.22336044783986,34.325556956545505,5440841
2009-09-04,33.742977142333984,33.82170548917024,32.98718586696317,33.56977435216561,3523284
2009-09-07,33.69573974609375,34.37280264966432,33.56977311441441,34.29407430573086,4931172
2009-09-08,34.026397705078125,34.42003940724585,33.86894102421104,33.90043107899871,4162308
2009-09-09,33.207618713378906,34.01064813078472,33.06590814222322,34.01064813078472,8053306
2009-09-10,33.821693420410156,34.215335014126374,33.42805182669393,33.63274673681176,7355612
2009-09-11,34.07362365722656,34.26257247197397,33.585507665497666,34.07362365722656,4466196
2009-09-14,34.01065444946289,34.136618950416356,33.695741061436124,33.85319775544951,2292939
2009-09-15,33.79021072387695,34.24683464477781,33.632754052142666,34.19959849751465,6351632
2009-09-16,33.94766616821289,34.27832559402825,33.601260648664855,34.04214059496624,7262510
2009-09-17,34.026397705078125,34.215344440732885,33.71148434334395,34.152362195514634,4533815
2009-09-18,33.96342468261719,34.089389207259316,33.727239597180564,33.727239597180564,3807983
2009-09-22,34.01065444946289,34.26258558701292,33.91618000592624,34.01065444946289,3732519
2009-09-23,34.67196273803711,35.207314905641205,34.10511838707412,34.19959280150835,10885467
2009-09-24,35.08135223388672,35.69543492861152,34.6089822444939,34.95538775763904,10152395
2009-09-25,35.04985809326172,35.49073584433259,34.79792703451732,34.95538367927727,5754133
2009-09-29,34.93962860107422,35.67967549536019,34.79791808436721,35.58520110567489,3351144
2009-09-30,34.62473678588867,35.39627419634611,34.514518376190864,35.01837853975912,5591598
2009-10-01,34.54600143432617,34.95538920251715,34.435783046964254,34.67196805142335,4613924
2009-10-05,34.2940673828125,34.49876231710369,34.05788239869061,34.2940673828125,3847231
2009-10-06,34.48301696777344,34.608981441097036,33.77446200013228,34.53025311135913,2883224
2009-10-07,34.26258087158203,34.76644094169462,34.08937810487594,34.640476458077174,3492297
2009-10-08,33.979156494140625,34.451526496075196,33.8846842022679,34.32556201648307,6173266
2009-10-09,33.96342468261719,34.26259203037487,33.711493497689425,34.168117569071526,4193022
2009-10-12,34.10512924194336,34.24683984087669,33.90043425624579,34.010654797440104,1800379
2009-10-13,34.10512924194336,34.10512924194336,34.10512924194336,34.10512924194336,0
2009-10-14,35.00262451171875,35.270301697958686,34.12086889134822,34.42003612937699,6809859
2009-10-15,35.41201400756836,35.90013012284983,35.00262622908574,35.00262622908574,7572106
2009-10-16,35.27029800415039,35.74266795229656,35.12858744683504,35.5852113029145,3312168
2009-10-20,35.22306823730469,35.80565666405379,34.986883220493276,35.11284770853555,3209019
2009-10-21,35.08135223388672,35.49073998515569,34.86091333263194,35.207318845777074,1976113
2009-10-22,34.357051849365234,35.08135076084051,31.80625315949357,34.797929633362585,2682882
2009-10-23,34.73494338989258,34.79792561810445,34.32555570305193,34.640468979753614,1979627
2009-10-26,34.62473678588867,34.95539628626849,34.23109503201823,34.483026181623956,1820035
2009-10-27,34.357051849365234,34.71920130510287,34.18384910006536,34.2940674782434,4096925
2009-10-28,33.88469696044922,34.32557494066266,33.443816844592234,34.32557494066266,1873167
2009-10-29,33.31784439086914,34.30982287739639,33.06591538061762,33.41231883753505,4457277
2009-10-30,32.86122131347656,33.97916433653839,32.46757955434516,33.97916433653839,2912146
2009-11-03,32.247135162353516,33.27060356362917,32.02669624151502,32.59354070627319,3200653
2009-11-04,32.89270782470703,33.03441840637854,31.58581612883164,32.640776715267194,2690289
2009-11-05,33.55401611328125,33.695728794818585,32.26287297378606,32.829717293008436,2975233
2009-11-06,33.60125732421875,34.12086555213173,33.443800673755874,33.97915285820115,2665782
2009-11-09,33.80596160888672,33.9319261098677,33.08165825349524,33.90043391680091,1222652
2009-11-10,33.12887954711914,34.010637008550795,32.90844071567172,34.010637008550795,2700520
2009-11-11,34.18385314941406,34.30981763529406,33.06591032856845,33.33358539497415,3211200
2009-11-12,33.49103546142578,34.67196242782425,33.23910440373601,34.67196242782425,7034805
2009-11-13,32.98717498779297,33.77445819650952,32.78248007214123,33.53827323389455,5050823
2009-11-16,33.05016326904297,33.648499898611966,32.7824860748091,33.380822704378105,6037955
2009-11-17,33.034420013427734,33.19187669753219,32.67227049424469,33.19187669753219,4578478
2009-11-18,32.89270782470703,33.31783956972157,32.76674120216568,33.06591059592459,3519599
2009-11-19,32.939945220947266,33.22336853066749,32.78248853853923,33.0029274667819,3934390
2009-11-20,33.632755279541016,33.75871976726829,32.97143637986565,33.097400867592924,4677765
2009-11-23,33.44380569458008,33.75871904278288,33.19187458888927,33.695736800270886,2821321
2009-11-24,32.703765869140625,33.53828771201989,32.609291416182536,33.53828771201989,5439086
2009-11-25,32.971439361572266,33.01867551483099,32.68801603509077,32.751000420293146,1865683
2009-11-26,32.46757507324219,32.97143730964572,32.31011839132145,32.719506191443955,5780245
2009-11-27,32.16841125488281,32.59354519592291,31.617312809053217,32.404596303095495,7226035
2009-11-30,31.428363800048828,32.67227342455196,29.932525166897964,32.43608837721235,34539390
2009-12-01,32.278629302978516,32.56205048466635,31.491345869797872,32.12117261634239,9492411
2009-12-02,32.451839447021484,32.65653448093968,32.058197615229126,32.31012881470496,4964876
2009-12-03,32.46757507324219,32.68801400080263,32.38884673228182,32.499067263883504,3578736
2009-12-04,32.67226791381836,32.8769607327305,32.199897898812374,32.27862623464671,3567645
2009-12-07,32.593544006347656,32.813982949505444,32.56205181347808,32.735254602974585,4545289
2009-12-08,32.971439361572266,33.14464214959268,32.49906928641283,32.68801603509077,4206166
2009-12-09,32.75098419189453,33.19186185599404,32.68799983790145,32.939930846947746,3096689
2009-12-10,33.223365783691406,33.44380469370773,32.75099577552382,32.75099577552382,3347394
2009-12-11,33.11315155029297,33.61701384229787,32.98718704511333,33.38082879335367,2530102
2009-12-14,33.05016326904297,33.302094369090824,32.924196651197654,33.065909363228975,1458861
2009-12-15,33.05016326904297,33.22336603380354,32.81397826318113,33.113145510144236,2359025
2009-12-16,32.9241943359375,33.12888927467576,32.60928101693337,32.90845037850139,3602393
2009-12-17,32.95568084716797,33.349322428138535,32.86120644060658,33.349322428138535,1264927
2009-12-18,32.9241943359375,33.14463536775448,32.625027110012105,32.9241943359375,1671508
2009-12-21,32.9241943359375,33.034414851845995,32.6880093466844,32.76673767643544,1309866
2009-12-22,33.53828430175781,33.82170549616975,32.76674479408837,32.95569368079172,3246132
2009-12-23,34.49876022338867,34.78218133287721,33.6327486674996,33.69573089898122,9531688
2009-12-24,34.26258087158203,35.0341181389352,34.02639586306722,34.483019785733966,3529789
2009-12-29,34.54600143432617,35.06560972552184,34.38854476468678,34.561747528418664,3582130
2009-12-30,34.278316497802734,34.79792250359744,34.18384209611948,34.48300925508134,1887030
2009-12-31,34.687705993652344,35.55371752646836,34.404284891714966,34.545995442683655,8785123
2010-01-04,35.39626693725586,35.63245194114115,34.671967967188515,34.70345801965423,4353415
2010-01-05,35.50648498535156,36.0260911034279,35.34902832706872,35.58521331449298,4374738
2010-01-06,35.7584228515625,36.02609794005412,35.58522006745438,35.77416894750742,5549959
2010-01-07,36.073326110839844,36.29376713400904,35.490737774922444,35.86863331577421,4535147
2010-01-08,36.16780471801758,36.46696981354095,35.915871495629915,36.24653304914773,3809958
2010-01-11,36.34176254272461,36.76875529808919,36.24687717040433,36.689682724501736,3041300
2010-01-12,35.81988525390625,36.53153843285955,35.67755504711177,36.12036275656013,2569224
2010-01-13,36.357582092285156,36.53154004996725,35.361266310659026,35.81988683951185,3322262
2010-01-14,37.11668014526367,37.480413171493204,36.389209802842394,36.531542169175005,6747297
2010-01-15,37.527854919433594,38.41347040662624,37.11667921142558,37.43296953757393,11273753
2010-01-18,37.19575881958008,37.954854887743856,37.03761362663084,37.55949190537075,4085821
2010-01-19,36.76875686645508,37.6069253242417,36.57898182375803,37.16411975125649,4992784
2010-01-20,36.97434616088867,37.30645357114394,36.65805584062385,36.76875831070895,3697700
2010-01-21,35.9463996887207,37.14830538169288,35.75662679902576,36.84782788595942,3555527
2010-01-22,36.15199661254883,36.35758878762135,34.71287712681767,34.79194972031856,4943166
2010-01-25,36.4682731628418,37.00596831081356,35.44033198196427,36.15198290873162,2912852
2010-01-27,35.835697174072266,37.132486014860795,35.48777701350568,36.468275579226656,8252922
2010-01-28,36.02547073364258,37.306448945876134,34.254246446745285,36.658051295744635,11600411
2010-01-29,35.64592361450195,35.962213902554964,35.124045497206794,35.7091812431164,3996285
2010-02-01,35.724998474121094,35.9464012609393,35.42452311022632,35.503595687302884,2078776
2010-02-02,35.96221923828125,36.531542270243484,35.58267126530013,35.867331708790694,3466800
2010-02-03,35.724998474121094,36.136176303915434,35.58266826437946,36.05710372683886,2006355
2010-02-04,35.42451858520508,36.136171687989766,35.32963107583765,35.58266371915723,2254939
2010-02-05,33.96958923339844,35.10823528171936,33.843073959132155,34.98172000745308,4391981
2010-02-08,34.317508697509766,34.45983891416253,33.77981557627652,34.317508697509766,1831316
2010-02-09,34.19099044799805,34.47565085650963,34.01703035613836,34.19099044799805,1113258
2010-02-10,33.93796157836914,34.36495223889918,33.858888995495306,34.31750954716731,1023345
2010-02-11,33.85889434814453,34.2384423769443,33.82726445200229,34.001224590821764,640478
2010-02-15,33.17885971069336,34.317505632170395,33.14722982315978,33.93795770667167,1575236
2010-02-16,33.76400375366211,34.001221518348785,33.14723584949176,33.21049563605986,1192982
2010-02-17,33.87470245361328,34.08029030206536,33.748185039581934,34.00121772266364,989784
2010-02-18,34.20680236816406,34.6179801715486,33.590036735577655,33.922141966964425,1713670
2010-02-19,33.89051055908203,34.20680083287719,33.684922739107456,34.20680083287719,1267093
2010-02-22,33.84307861328125,34.27007147636754,33.76400601974537,33.9695939049461,835164
2010-02-23,33.716552734375,33.906327769336045,33.54259264315752,33.84307013934264,801182
2010-02-24,33.60585403442383,33.81144187803545,33.41607899033545,33.59003908991964,906081
2010-02-25,33.669124603271484,33.84308476969186,33.242131662510715,33.84308476969186,1650113
2010-02-26,34.01704025268555,34.44403098967696,33.52678972208225,33.8430801102158,1548385
2010-03-02,34.01704025268555,34.633806080549675,33.8430801102158,34.03285520108852,780476
2010-03-03,34.38076400756836,34.47565152724524,33.70073857070146,33.70073857070146,1578097
2010-03-04,34.41238784790039,34.63379059158156,34.254242724559475,34.47564546824065,1157814
2010-03-05,34.238426208496094,34.68123167549242,34.159353650462435,34.475643882597076,766252
2010-03-08,34.807762145996094,35.01335001620986,34.31751167281569,34.475656848358966,1998979
2010-03-09,34.41238784790039,34.91845095560299,34.31750034489974,34.791935714922474,1368556
2010-03-10,34.50727844238281,34.69705132040521,34.20680096513111,34.44401867139464,1572349
2010-03-11,33.77981185913086,34.85519798326138,33.55840694094446,34.47565006562595,4256779
2010-03-12,33.62166976928711,33.96958999883066,33.38445201595681,33.54259718484368,7813231
2010-03-15,33.099788665771484,33.68492659730523,32.95745845525761,33.68492659730523,2420100
2010-03-16,33.194671630859375,33.28955913983626,32.751863970627475,32.91000910392873,1690093
2010-03-17,33.637481689453125,33.79562898909565,33.242118802799176,33.242118802799176,2067076
2010-03-18,33.55841064453125,33.81144333254043,32.309064294650895,33.38445053746362,2257266
2010-03-19,34.22262191772461,34.55472719381081,33.40026620027126,33.52678361948467,3363560
2010-03-22,34.01704025268555,34.507290783288845,33.73237761637647,33.8430801102158,2178427
2010-03-23,34.1435432434082,34.44401857483687,33.779810286149406,34.08028561757807,1381649
2010-03-25,33.669124603271484,34.301705466631574,33.52679433801182,34.301705466631574,3128139
2010-03-26,33.76400375366211,34.001221518348785,33.479341149049354,33.700743967094006,2059990
2010-03-29,33.76400375366211,34.04866421329363,33.55841373727825,33.98540657170676,1977720
2010-03-30,33.74817657470703,34.001209194321916,33.68491895604843,33.763991515616794,1369034
2010-03-31,33.89051055908203,34.03284289827441,33.3053726945687,33.84306787600504,1719363
2010-04-01,33.73236083984375,34.03283827511564,33.684918163211556,34.001208394040574,928358
2010-04-05,34.01704025268555,34.23844309538274,33.76400751318241,34.159370498349354,1444077
2010-04-06,33.90632247924805,34.15935510472416,33.811434976571945,34.15935510472416,2818200
2010-04-07,34.96590042114258,35.10823062204692,33.87469935423489,33.87469935423489,3932498
2010-04-08,35.15567398071289,35.70918199648319,34.206803096535246,35.42452158922223,4525961
2010-04-09,34.68124008178711,35.25056306662224,34.57053976069587,35.17149048942239,2218499
2010-04-12,34.301692962646484,34.9500885402275,34.19099263890108,34.50728295528392,854787
2010-04-13,34.08029556274414,34.53891616507119,33.969593076501155,34.00122297113667,1196945
2010-04-15,34.04865264892578,34.444015455788254,33.93795234999259,34.31750021558446,1834504
2010-04-16,34.12773513793945,34.222622668185004,33.87470458392615,33.93796222242948,3410045
2010-04-19,34.01704025268555,34.12774060154341,33.684934916149025,33.96959540747663,1997149
2010-04-20,34.1435432434082,34.42820577711486,33.700735572635864,34.00121304904523,2663183
2010-04-21,34.807762145996094,35.17149519175314,34.127736604171275,34.159366497272416,4408329
2010-04-22,34.364952087402344,35.31382307770526,34.03284895678119,34.69705736300458,3257926
2010-04-23,34.68124008178711,34.79194254785928,34.28587719578784,34.47565223905986,1225052
2010-04-26,34.91845703125,35.218934533863816,34.69705424904579,34.79194176855642,1204934
2010-04-27,35.80406951904297,36.262690017465246,34.82357089224031,34.87101357846368,11718037
2010-04-28,36.34176254272461,38.1129890490759,34.190990257130544,35.58266669427739,8993805
2010-04-29,34.93427658081055,36.025477836586546,34.665431075898844,36.025477836586546,5294606
2010-04-30,34.807762145996094,35.26638272607535,34.72868955822445,35.26638272607535,1318467
2010-05-03,34.58635330200195,34.77612619259417,34.50728072800999,34.77612619259417,1557313
2010-05-04,34.001220703125,34.7761316201924,33.890518224266295,34.60217150126351,1045708
2010-05-05,33.92214584350586,34.064476060370836,33.59004057416689,33.84307326247187,1404451
2010-05-06,33.76400375366211,34.001221518348785,33.33701091923359,33.68493116543322,1322298
2010-05-07,33.52677536010742,33.763993049589864,33.22629790411188,33.368630233785794,5243780
2010-05-10,34.19099044799805,34.364948394876876,33.59003759839014,33.62166534101318,1121466
2010-05-11,33.76400375366211,34.44402715443809,33.66911621879119,34.44402715443809,838559
2010-05-12,33.795631408691406,34.04866195828089,33.55841151473436,34.032849157667364,1266616
2010-05-13,34.270057678222656,34.349130239921564,33.6849198636585,34.001210110454146,1612426
2010-05-14,33.60585403442383,34.28587734327545,33.36863630180383,33.92214434458383,1711958
2010-05-17,32.78349304199219,33.49514612419324,32.59371802874633,33.21048574930506,1851642
2010-05-18,32.89420700073242,33.19468242269545,32.609544381255866,33.19468242269545,1361316
2010-05-19,32.48301696777344,32.894194723565086,32.293241958952514,32.894194723565086,2450689
2010-05-20,32.92583465576172,33.08397984002121,32.02440839247145,32.34069876099042,2116627
2010-05-21,32.688602447509766,32.95745000004851,31.739731760874747,31.992764372973497,1432024
2010-05-24,32.498836517333984,32.9100121864455,32.29324653779738,32.76768198213914,3809046
2010-05-25,31.913705825805664,32.34069868023258,31.64485815524334,32.26162608830028,2621138
2010-05-26,32.64116668701172,32.89419935272172,32.38813402130172,32.54627916924786,1674436
2010-05-27,32.05602264404297,33.0523381723336,31.692289731400948,33.0523381723336,4522469
2010-05-28,32.593727111816406,32.862574764672495,32.056033951085425,32.056033951085425,1223573
2010-05-31,32.67279052734375,32.783492975676666,32.30905758850233,32.65697773042241,3962642
2010-06-01,32.91001892089844,33.21049647978698,32.53047091675342,33.21049647978698,2173677
2010-06-02,33.02071762084961,33.09979020202518,32.577912024258836,33.02071762084961,1067731
2010-06-03,33.40026092529297,33.51096338149858,33.020713017557775,33.1788581578625,855327
2010-06-04,33.44770812988281,33.57422339311962,33.14723062597884,33.52678070565104,730766
2010-06-07,33.03653335571289,33.19467852184398,32.26162247066677,33.02071841010356,1110289
2010-06-08,32.593727111816406,33.210495004253175,32.46721183104954,33.03653488446283,1369731
2010-06-09,32.4039421081543,32.84674757070992,32.3090546104694,32.59371495854368,2036943
2010-06-10,32.24580764770508,32.79931573126917,32.10347742664196,32.514653144161834,2079894
2010-06-11,32.07184600830078,32.577911375742794,32.00858837361578,32.41976621653979,1791437
2010-06-14,32.593727111816406,32.68861464488216,32.16673643049233,32.562099364115284,1700881
2010-06-15,32.67279052734375,32.73605029495147,32.41976003683524,32.60953290471662,1047592
2010-06-16,32.46720886230469,32.95745928416576,32.38813628281036,32.67279671099756,1289944
2010-06-17,32.53046417236328,32.68860932005131,32.34069128212615,32.46720654228424,662067
2010-06-18,32.53046417236328,32.86256941150432,32.22998882075219,32.451391598519265,1111519
2010-06-21,32.704437255859375,32.8151397612106,32.5304770952996,32.64117960065083,1131800
2010-06-22,32.451393127441406,32.81512827124949,32.29324797230249,32.73605569368003,1139377
2010-06-23,32.35650634765625,32.530466451296085,32.22999107863509,32.261620968380875,1355354
2010-06-24,32.0876579284668,32.51464853107594,31.945327727597082,32.29324575805852,2329371
2010-06-25,32.05602264404297,32.32487020206912,31.91369246713872,31.97695008520945,1672844
2010-06-28,32.656978607177734,32.81512374048163,32.07184075596105,32.07184075596105,2401306
2010-06-29,32.43557357788086,33.13141387768472,32.29324338745939,32.81512361231229,1542276
2010-06-30,32.92583465576172,33.05235209015811,32.13510873446428,32.26162616886068,2708253
2010-07-01,32.656978607177734,32.91000910447946,32.419760907221885,32.79930879815512,1450319
2010-07-02,32.75188064575195,32.97328566108324,32.60955038231165,32.767695596130146,1534161
2010-07-05,32.29325485229492,32.862577961084,31.629046346192165,32.577917479180165,1409644
2010-07-06,32.27743911743164,32.40395655240082,32.198366524943914,32.293254064925456,765539
2010-07-07,32.48301696777344,33.14722520868559,32.435572143077934,32.5779044721839,4099698
2010-07-08,32.26162338256836,32.89420406497314,32.2141785443993,32.89420406497314,2147848
2010-07-09,32.24580764770508,32.48302539780397,32.1509201186693,32.419767760107156,2076435
2010-07-12,31.92951202392578,32.41976238856481,31.850439453660805,32.309059932201535,4188571
2010-07-13,31.945322036743164,32.08765221225767,31.708104362558846,31.882062274309682,3777184
2010-07-14,31.850440979003906,32.26161879306959,31.771368404952074,32.229988905456516,2928502
2010-07-15,31.866252899169922,32.15091328075407,31.802993129946206,32.103470598816926,3552196
2010-07-16,31.739744186401367,32.08766443236408,31.629043849945035,32.08766443236408,1309829
2010-07-19,31.64484977722168,32.07184251860161,31.344374436426538,31.344374436426538,3056097
2010-07-20,31.58159828186035,31.834630987182475,31.534155588041724,31.787188293363844,2241425
2010-07-21,31.597412109375,31.739742330772664,31.502524580116187,31.739742330772664,1373142
2010-07-22,32.0876579284668,32.483020789205334,31.629037439006254,31.850440212023674,5819774
2010-07-23,31.945322036743164,32.388127503895056,31.818804656856614,32.388127503895056,1826820
2010-07-26,31.945322036743164,32.08765221225767,31.62903180449741,31.945322036743164,1879489
2010-07-27,31.992780685424805,32.19836858102855,31.676490295276594,31.676490295276594,2785906
2010-07-28,32.02439880371094,32.45138938637303,31.866253666803342,32.103471372164734,3199899
2010-07-29,31.739744186401367,32.24580960871418,31.549971261769986,31.69230149148883,2312762
2010-07-30,31.75556182861328,32.00859456124845,31.676489233726134,31.78719172456071,1285466
2010-08-02,31.802995681762695,32.07184328759342,31.72392310886905,31.945328028955913,778568
2010-08-03,31.597412109375,31.88207255217033,31.534154471529494,31.88207255217033,1708893
2010-08-04,31.67648696899414,31.78718945191397,31.202051433591322,31.78718945191397,1886451
2010-08-05,31.249481201171875,31.882061653342618,31.154593704350187,31.486698870735903,1508701
2010-08-06,31.48670196533203,32.024397118507565,31.31274189489175,31.391814459184552,3922176
2010-08-09,32.30906677246094,32.388139359466635,31.81881630402936,31.866261143221504,3155186
2010-08-10,32.103477478027344,32.562098033289736,31.961145111755304,32.562098033289736,2033594
2010-08-11,31.67648696899414,32.13510755755395,31.629044273446365,31.94533463038158,1383082
2010-08-12,31.549962997436523,31.69229318987278,31.47088828499341,31.502518169970653,746648
2010-08-13,32.229984283447266,32.324871787698086,31.518331219036924,31.739733965635143,2838836
2010-08-16,33.30537796020508,34.00121838855253,32.38813687917403,32.38813687917403,10437835
2010-08-17,33.21049118041992,33.93795932352222,33.08397376923899,33.66911170162106,4272775
2010-08-18,32.87838363647461,33.60585172893166,32.46720583247882,33.416076697862586,2042150
2010-08-19,33.00490188598633,33.526782196247886,32.62535393442037,33.526782196247886,2150678
2010-08-20,32.64116668701172,33.242117391214734,32.577909056829434,33.05234450066787,1350531
2010-08-23,33.00490188598633,33.17886198940685,32.35650630686311,32.79931403784089,1558660
2010-08-24,32.593727111816406,33.19468005791202,32.43558193836722,33.19468005791202,1419761
2010-08-25,32.593727111816406,32.894204657354805,32.37232429798379,32.41976913700726,1708531
2010-08-26,33.35283279418945,33.59005060815289,32.5779216975719,32.862582216335355,6819779
2010-08-27,33.00490188598633,33.68492735481546,32.79931403784089,33.49515230654198,3318728
2010-08-30,34.396583557128906,34.633801315592386,33.21049476481152,33.337010044666236,12599675
2010-08-31,34.41238784790039,35.02915339993384,34.00121009821792,34.44401558558026,7251681
2010-09-01,34.22262191772461,34.69705741356744,33.93796147821134,34.412396974054175,4105554
2010-09-02,34.03285598754883,34.50729158071282,33.85889584105906,34.50729158071282,2077611
2010-09-03,34.15937042236328,34.50729070652884,34.09611277387358,34.28588571934268,2025354
2010-09-06,34.1751823425293,34.41240011208234,33.84307703615879,33.84307703615879,1657041
2010-09-07,34.06343460083008,34.63807577865811,33.91977484762751,34.63807577865811,2364772
2010-09-08,33.999595642089844,34.19114347700996,33.76016193094888,34.06344419872376,2119627
2010-09-09,33.36109161376953,34.15920364615469,33.24935506322863,34.1272782988523,4325702
2010-09-13,33.696311950683594,33.999596390149705,33.47284091503889,33.77612318948659,2223035
2010-09-14,33.53668975830078,33.951708636609695,33.37706727933723,33.55265243920082,2096762
2010-09-15,34.111328125,34.254987901350745,33.53668468956081,33.53668468956081,3700295
2010-09-16,33.728233337402344,34.44653440197886,33.61649675023874,34.127289484389294,1645185
2010-09-17,33.60054397583008,33.983637532174626,33.52073272804919,33.91978896695365,3999245
2010-09-20,33.728233337402344,33.91978115396335,33.64842210800496,33.77611920903352,1658444
2010-09-21,33.728233337402344,34.159214842155514,33.61649675023874,34.01555289722569,4168036
2010-09-22,33.79207992553711,34.095364311649334,33.616494798055825,33.7601567346429,2530696
2010-09-23,33.53668975830078,33.91978543982805,33.424955322037356,33.71227491816437,1296047
2010-09-24,33.696311950683594,33.77612318948659,33.34514379896146,33.5366894730776,2212027
2010-09-27,33.79207992553711,34.19113821436803,33.616494798055825,34.19113821436803,1731020
2010-09-28,34.127296447753906,34.20710769343606,33.71227753720301,33.83997682930561,3076594
2010-09-29,34.685970306396484,35.26061162777746,34.19114238453066,34.19114238453066,11684464
2010-09-30,33.999595642089844,35.05310440411374,33.88785904421672,34.733859455925796,5236368
2010-10-01,34.63808822631836,34.87752195603894,34.127295403573704,34.127295403573704,3875195
2010-10-04,35.021175384521484,35.2765717493935,34.43057359108672,34.87751560584914,4550532
2010-10-05,35.7235221862793,35.946995411364355,34.98926044106376,35.02118364106259,10282420
2010-10-06,35.675628662109375,36.28219314736715,35.420232291730976,35.915062353398206,5975746
2010-10-07,34.87752151489258,35.88314230099207,34.606162425300774,35.67563393719964,5825104
2010-10-08,34.957332611083984,35.340426139187244,34.68597352262582,34.957332611083984,2872678
2010-10-11,35.085018157958984,35.6756220191727,34.95732107905656,35.62773615583874,2923343
2010-10-12,34.94136428833008,35.16483529655882,34.54230814327228,35.11694942515914,1328063
2010-10-13,35.069068908691406,35.436199752197005,34.893483745051064,35.05310622744802,2785869
2010-10-14,34.14325714111328,35.37235111903339,33.83997485819046,35.24465183436904,6206210
2010-10-15,34.07939910888672,34.622114964061,33.74419155671447,34.1592103277364,3825540
2010-10-18,34.07939910888672,34.70192618291068,33.77611474524362,34.606152287287486,2661071
2010-10-19,33.63245391845703,34.31883167782274,33.456868809548695,34.22305778523476,2506333
2010-10-20,33.281288146972656,33.91977792130169,33.1216657033904,33.776115990063296,1611212
2010-10-21,33.7122802734375,34.15922458454463,33.58458313598905,33.93575134648167,5077785
2010-10-22,34.127296447753906,34.7338632139494,33.74420290148331,34.143259129894055,7613777
2010-10-25,33.12165832519531,34.44652344579334,32.993959099765064,34.1911293249678,4373958
2010-10-26,32.626834869384766,33.32917317036452,32.499135618740695,33.201476084738346,3559839
2010-10-27,32.51510238647461,32.96204657243277,32.4352911566626,32.83434730572265,4326267
2010-10-28,31.908536911010742,32.78646041156943,31.669103229040196,32.78646041156943,12789477
2010-10-29,32.05220413208008,32.56299697160167,31.924507004708982,31.95643020404245,2557085
2010-11-01,32.131996154785156,32.46720361986769,32.02025961141854,32.17988200764667,3644082
2010-11-02,31.956424713134766,32.06816130414931,31.301972176517243,31.924501519286494,8722079
2010-11-03,32.06816101074219,32.11604688358558,31.621216815791563,31.924501227193783,5792586
2010-11-04,32.40336990356445,33.313216678878106,31.924502496025173,32.17989671469815,7578044
2010-11-08,31.397741317749023,31.73294887484536,30.743288880564346,31.046571083644686,23828591
2010-11-09,33.13761901855469,33.52071453196172,31.413697868292957,31.509471746644717,37552410
2010-11-10,32.562984466552734,33.60053026430828,32.45124789924888,33.201474188248454,23142609
2010-11-11,32.32356262207031,33.10571238370255,32.17990065022437,32.56299635512213,9305659
2010-11-12,31.78082847595215,32.547017336137436,31.605243393512765,32.19584717125866,8655373
2010-11-15,32.30759811401367,32.81838874997405,31.924504595788783,31.924504595788783,6781511
2010-11-16,31.972389221191406,32.48318200216031,31.892577984478663,32.48318200216031,5839719
2010-11-18,32.371437072753906,32.642796073740186,31.748910019628816,32.27566318034594,11698558
2010-11-19,32.531063079833984,32.962044560520184,32.020270374207236,32.08412108617411,13151040
2010-11-22,32.38740539550781,32.53106517665694,31.509481864574283,32.24374561435869,16159489
2010-11-23,31.42966651916504,32.052193599311174,30.966759713270164,31.637174824207783,29650997
2010-11-24,30.998689651489258,31.365820450095686,30.647519367155812,30.80714183003134,29495589
2010-11-25,30.823101043701172,31.04657203359712,29.785555151667594,30.328271031420027,297127250
2010-11-26,30.791181564331055,30.88695331081495,29.83344677934624,30.56770838248668,108003635
2010-11-29,29.961135864257812,30.647511410417778,29.68977688181263,30.567700199700685,47311917
2010-11-30,30.31231689453125,30.360202772074373,29.30669398095987,29.721712858067818,56380039
2010-12-01,30.91887855529785,31.046575660149564,30.13672891679011,30.200577469215965,49377032
2010-12-02,31.605253219604492,31.637178577252715,30.82310360740461,31.09446265236003,69791050
2010-12-03,31.86065101623535,32.03623616114779,31.046576009836397,31.605254638637096,70133580
2010-12-06,31.828731536865234,32.02027721865531,31.541409766652375,31.924505460269522,35990183
2010-12-07,31.589292526245117,31.76487549725786,31.317933482832107,31.589292526245117,22324627
2010-12-08,31.238126754760742,31.525446353284053,31.06254159343274,31.349863356974502,8690959
2010-12-09,30.519817352294922,31.36581540340881,30.3282695616566,31.222155642939,19659317
2010-12-10,30.679439544677734,30.791176115828122,30.200572236920966,30.455968567394812,12656908
2010-12-13,31.254091262817383,31.365825706544364,30.631563986280103,30.67944986716044,10228525
2010-12-14,30.982728958129883,31.44563369713655,30.886955041262006,31.28601122402954,12502825
2010-12-15,30.85502815246582,31.062536476659933,30.727328890254135,30.966762571255693,7532899
2010-12-16,30.679439544677734,30.886947845365196,30.440005890799352,30.870987333787582,10117565
2010-12-20,30.599620819091797,30.998676810980594,30.48788427535601,30.567695473733767,12117884
2010-12-21,31.014650344848633,31.317932571888704,30.615594213212198,30.647517404732266,13693395
2010-12-22,31.270055770874023,31.381790221126003,31.01465933955438,31.0944705890281,11598882
2010-12-23,31.04657554626465,31.31793459935192,30.998689673375466,31.142349457061226,4611659
2010-12-24,31.206207275390625,31.2860185305833,30.807150999427275,30.807150999427275,4676656
2010-12-27,30.8709774017334,31.222145348763803,30.759240866531776,31.126371485022002,5508784
2010-12-28,30.695409774780273,30.950806168101902,30.61559853718091,30.80714420840835,6071879
2010-12-29,30.55175018310547,30.80714441310568,30.48789946058702,30.663484617475962,10314957
2010-12-30,30.839075088500977,31.14235741265111,30.21654775682044,30.551755447731118,31947999
2010-12-31,31.38178062438965,31.445629171439613,30.886950595970834,30.93483863002184,12208677
2011-01-03,31.38178062438965,31.525440396506582,31.23812085227271,31.42966865844065,5686478
2011-01-04,31.413705825805664,31.573328275153937,31.206195342642083,31.429668503744097,9878712
2011-01-05,31.31792640686035,31.55736003870898,31.190229335881476,31.413700292603334,6557909
2011-01-06,31.605253219604492,31.844689071929842,31.222159752916607,31.349859018491337,16916733
2011-01-07,31.238126754760742,31.89257935697323,31.014655715351672,31.605257593431467,15775814
2011-01-10,30.695409774780273,31.47755947025033,30.631561217704462,31.2221630769287,11747099
2011-01-11,30.663480758666992,31.286007904733513,30.39212388218575,30.90291444292474,8402847
2011-01-12,31.04657554626465,31.11042626347451,30.487896925805856,30.870992568992172,5356220
2011-01-13,30.886953353881836,31.110426536037806,30.791181607264402,31.030615303844456,5840003
2011-01-14,31.1583194732666,31.65314965805226,30.727337855707127,30.80714910599453,13619178
2011-01-17,31.206207275390625,31.2860185305833,30.535794030783514,30.807150999427275,10222664
2011-01-18,31.493526458740234,31.57333770725689,31.030621650347356,31.030621650347356,8525103
2011-01-19,31.254091262817383,31.605259440983207,31.094468773191487,31.23812858085108,8181638
2011-01-20,31.573331832885742,31.605255027341734,30.9667651580026,30.9667651580026,8113388
2011-01-21,31.557363510131836,31.605249375762117,31.254081309431648,31.365815717574932,7263505
2011-01-24,31.461591720581055,31.685062716849554,31.254083402264165,31.333894627004202,10580288
2011-01-25,31.413705825805664,31.748913402440646,31.301969245254657,31.605251466012774,5774233
2011-01-27,31.541399002075195,31.76486997040578,29.737666414456754,31.38177657255081,21308494
2011-01-28,30.823101043701172,31.541402045878264,30.3921217414057,31.445628145917727,12161301
2011-01-31,30.823101043701172,31.41370495594286,30.3921217414057,30.599630053805228,10372393
2011-02-01,30.535785675048828,31.158312862201132,30.487897636025874,30.966765036145837,5685819
2011-02-02,30.503860473632812,30.807142728942036,30.120766984557044,30.663482941165906,9759510
2011-02-03,31.493526458740234,31.589300389963956,30.344243614092896,30.487903428419145,8272335
2011-02-04,31.062536239624023,31.988347764776105,31.014650369796364,31.429669180035706,13585721
2011-02-07,31.2221622467041,31.445633273036346,30.807143389219465,31.07850245584897,10075695
2011-02-08,30.55175018310547,31.605256794402322,30.471938944975804,31.605256794402322,6969251
2011-02-09,30.615602493286133,31.03062141543465,30.24846945387763,30.966770685089752,15914271
2011-02-10,30.45597267150879,31.046574464985017,30.34423608530127,30.535783900223265,15041071
2011-02-11,30.937366485595703,31.290384832391105,30.728762657719802,30.969457875436078,16032113
2011-02-14,31.62735366821289,31.85200206796147,30.82503640023589,30.98549985383129,9448315
2011-02-15,31.69153594970703,31.85199938981049,31.386655848795403,31.611304229655303,6653191
2011-02-16,31.643409729003906,31.707594693980784,31.51503979905015,31.595271549377628,3070813
2011-02-17,31.643409729003906,31.755735050032584,31.531084407975232,31.643409729003906,2410838
2011-02-18,31.482934951782227,31.771768278936534,31.19410162462792,31.64339839496234,7982842
2011-02-21,31.755727767944336,31.771772373190135,31.145965299428326,31.145965299428326,9078739
2011-02-22,31.595258712768555,31.73967536939891,31.386654940813916,31.611303315174986,6311548
2011-02-23,31.96432876586914,32.17293257059878,31.611308281818964,31.611308281818964,28541975
2011-02-24,31.531082153320312,32.09270654187878,31.09783203838714,31.93224087627253,14267832
2011-02-25,31.835954666137695,32.04455626691077,30.953405748917525,31.627350888939933,31955636
2011-02-28,31.755727767944336,33.50477908871324,31.354569108298943,32.188977814506345,128195783
2011-03-01,31.93223762512207,32.12479466310427,31.45084720659172,31.93223762512207,22095525
2011-03-03,31.868053436279297,32.38153743227485,31.6273582212361,31.6273582212361,12055696
2011-03-04,31.771770477294922,32.0766527815724,31.659447365151802,31.868048985149656,5797710
2011-03-07,31.46689224243164,31.73968100169304,30.841085168365808,31.73968100169304,6845096
2011-03-08,31.4348087310791,31.73968895365646,30.712722962457466,31.450853340352467,8299919
2011-03-09,31.46689224243164,31.611308924689137,31.322475560174144,31.450845460753026,4984092
2011-03-10,31.579214096069336,31.7396775425172,31.226193643314115,31.45084203305617,4963678
2011-03-11,31.46689224243164,31.64340248804637,31.290381996816915,31.290381996816915,6148250
2011-03-14,31.70758056640625,31.80385905918665,31.33851554991003,31.33851554991003,4743614
2011-03-15,31.370624542236328,31.5310880614842,31.14597605057446,31.40271811665621,7316083
2011-03-16,31.643409729003906,31.771779658957662,31.450852657647754,31.466899442998354,3548194
2011-03-17,31.56316566467285,31.62735060460872,31.386655447530714,31.386655447530714,4312518
2011-03-18,31.4348087310791,31.77178034862875,31.32248340761218,31.611316844490606,7614611
2011-03-21,31.258291244506836,31.482939663293322,31.210150898493623,31.386661147691953,3473055
2011-03-22,31.242238998413086,31.418749216740785,31.065728780085383,31.418749216740785,3536038
2011-03-23,31.274337768554688,31.56317113655137,31.162012471875393,31.24224420481059,5655111
2011-03-24,31.4348087310791,31.515040483148177,31.178066689172965,31.450853340352467,7807585
2011-03-25,31.49898338317871,31.579215108976086,31.306426370695075,31.51503016362316,8602591
2011-03-28,31.80386734008789,31.900145857936714,31.418755445117707,31.466893615829562,11509824
2011-03-29,32.02851486206055,32.20502511040793,31.691541147292813,31.803866444357077,8985339
2011-03-30,32.413631439208984,32.52595456856898,32.044564131932724,32.09270448145148,4832583
2011-03-31,32.70246124267578,33.00734138381049,32.18897729603048,32.41362788295341,15647437
2011-04-01,33.64918899536133,33.857792762227874,32.5259449745286,32.5259449745286,22114974
2011-04-04,33.98617172241211,34.419423973981516,33.440596344586865,33.440596344586865,10060811
2011-04-05,33.76151657104492,34.0984902355662,33.42454290652364,33.85779507182596,7752278
2011-04-06,33.713382720947266,34.30709844301009,33.58501281281618,33.69733811474974,5371783
2011-04-07,33.68128967285156,34.24291180200129,33.504779425548065,33.7133810600908,5888794
2011-04-08,33.66523742675781,33.84174764541164,33.2480320489646,33.713375588015815,3282029
2011-04-11,33.45663833618164,33.68128673294787,33.248034543422044,33.392451214455704,2761151
2011-04-13,33.77757263183594,33.954080725939136,33.07153154972184,33.087578333665405,5725109
2011-04-15,33.713382720947266,33.9219865421917,33.58501281281618,33.713382720947266,2726721
2011-04-18,33.440589904785156,34.06639689931809,33.32826462373512,33.69733184973898,3846832
2011-04-19,33.19990158081055,33.61710705527889,33.05548488714752,33.61710705527889,2130742
2011-04-20,33.45663833618164,33.61710178764678,33.0875710919569,33.61710178764678,3816903
2011-04-21,33.5689582824707,33.69733033739863,33.31221634903949,33.456635182886494,3804886
2011-04-25,33.55290985107422,33.82569854998969,33.37640182093137,33.37640182093137,1583736
2011-04-26,33.472686767578125,33.745475536830476,33.087574875311645,33.69733736645658,4390914
2011-04-27,33.488731384277344,33.697335187399986,33.29617653880832,33.536871727963316,2846797
2011-04-28,33.392459869384766,33.53687875427493,33.26408994551063,33.424553438566,5158203
2011-04-29,33.55290985107422,33.85779210624723,33.26407655045452,33.3924464226356,3615042
2011-05-02,34.14662551879883,34.27499756782525,33.37640193033849,33.37640193033849,5731198
2011-05-03,33.37641906738281,34.17873662415397,33.24804695244403,34.01827311279974,3804669
2011-05-04,33.472686767578125,33.568965284751016,32.911064623232186,33.264085127391105,4044546
2011-05-05,32.6864128112793,33.472683296544304,32.34943912433005,33.37640696578012,5204752
2011-05-06,33.08756637573242,33.2640765824697,32.70245458239398,32.7666395185463,2973311
2011-05-09,32.95920944213867,33.31222781777218,32.89502448078943,33.10362614928081,3424009
2011-05-10,32.846866607666016,33.280118674430746,32.73454352932185,32.911051534780434,1276536
2011-05-11,33.4245491027832,33.536874403921466,32.78269521382204,32.78269521382204,5173641
2011-05-12,32.541996002197266,33.4245449909491,32.4778110564821,33.4245449909491,2199955
2011-05-13,32.52594757080078,32.959199741131826,32.42966906890225,32.509900791080234,3389298
2011-05-16,32.67036437988281,32.79873644179003,32.509900934817374,32.60617943714159,2643860
2011-05-17,32.574092864990234,32.89501980252019,32.52595251850569,32.670369205109154,2042475
2011-05-18,32.52594757080078,33.02338468358926,32.4457158486228,32.67036423543621,3314783
2011-05-19,31.723628997802734,32.71850318100459,31.563165560281444,32.54199296444624,2532955
2011-05-20,32.413631439208984,32.606186308008354,31.563173695296463,31.659452217908758,1959647
2011-05-23,31.96432876586914,32.188977175526084,31.77177174249178,32.188977175526084,1694918
2011-05-24,31.70758056640625,32.54199126860364,31.57921069364875,32.076647759327024,9876185
2011-05-25,31.145963668823242,31.916189560873264,30.953408828129415,31.771770709821762,5753045
2011-05-26,30.664575576782227,31.418754743937516,30.48806532740279,31.290382664195622,4935316
2011-05-27,31.338516235351562,31.43479473023778,30.712709283228033,30.712709283228033,4500032
2011-05-30,31.771770477294922,31.852002204436385,31.17805700230301,31.45084356872906,8167114
2011-05-31,32.42967224121094,32.54199753381782,31.771771619709867,31.835958744870922,7467651
2011-06-01,32.301292419433594,32.49384938290529,32.044550526946104,32.269198866713545,1794961
2011-06-02,31.851993560791016,32.47780260380915,31.771761855421953,32.0926908533225,4461069
2011-06-03,32.413631439208984,32.70246483062065,31.852007086708127,31.852007086708127,5649415
2011-06-06,32.574092864990234,32.65432459937272,31.99642394215131,32.3494422675792,4910297
2011-06-07,32.55804443359375,32.63827616391208,32.36548741025976,32.461765921926755,6516069
2011-06-08,32.52594757080078,32.57408790996243,32.20502068208883,32.26920562454627,14162904
2011-06-09,32.574092864990234,32.68641598727067,32.381535831902234,32.41362939622526,6989160
2011-06-10,32.47781753540039,32.670372410958166,32.25316909237034,32.57409606139193,7661567
2011-06-13,32.911067962646484,33.05548684127224,32.26921401826647,32.413632896892224,2849421
2011-06-14,33.280128479003906,33.376406986252015,32.78269133857608,32.78269133857608,4458752
2011-06-15,32.67036437988281,33.32826493993607,32.52594771460887,33.29617355677784,2533103
2011-06-16,32.73455047607422,32.89501391612508,32.36548325810242,32.606178418178715,2472762
2011-06-17,32.95920944213867,33.055487972375225,32.590142105636104,32.606188890079764,2524363
2011-06-20,32.71851348876953,33.28013569702964,31.787823952083286,32.75060488052919,6194464
2011-06-21,32.52594757080078,32.878968018953834,32.221067461809376,32.67036423543621,5126564
2011-06-22,32.830833435058594,32.862927000125715,32.429674753845276,32.5259532726215,2408781
2011-06-23,32.81478500366211,32.99129306167995,32.67036615412041,32.75059788101029,3746535
2011-06-24,33.26408004760742,33.424543492916044,32.6703644293956,32.73455154865886,5675164
2011-06-27,34.77243423461914,35.0933610888725,32.814779553103854,32.814779553103854,29869389
2011-06-28,35.01313400268555,35.26987377887964,34.69220710601812,35.10941033054593,13872282
2011-06-29,35.33405303955078,35.46242289909289,34.948939108075805,35.077311144042234,13356359
2011-06-30,35.141510009765625,35.783363914862704,34.67616636385529,35.3019734860399,30432762
2011-07-01,35.38219451904297,35.54265794676789,35.10940582134079,35.30196280518051,23953730
2011-07-04,35.446388244628906,35.75126839762369,35.20569304335539,35.41429685698081,5307022
2011-07-05,35.17360305786133,35.41429826872988,34.66011907077169,35.30197296642116,10665833
2011-07-06,34.99709701538086,35.20569868601524,34.836633522146585,35.061281977389484,3270036
2011-07-07,35.28593063354492,35.39825595001864,34.80454015110115,35.14151392409688,5856910
2011-07-08,35.04523468017578,35.542671937211104,34.93291154240999,35.06128146454957,12625687
2011-07-11,34.66012191772461,34.916863932358,34.114544320469165,34.83663218881165,2848918
2011-07-12,34.72429656982422,34.981038508247124,34.19476591374735,34.56383313036299,2954427
2011-07-13,35.366153717041016,35.71917418825788,34.724299897683004,34.75639345922087,3819442
2011-07-14,35.01313400268555,35.3982458434015,34.756392050066644,35.141503890782595,10479376
2011-07-15,35.38219451904297,36.00800145188525,34.77243436425808,34.77243436425808,8242815
2011-07-18,35.09336853027344,35.59080351870551,34.99709001829707,35.44638683895346,2085379
2011-07-19,35.25383377075195,35.41429724000312,34.85267509762404,34.88476648561921,2972184
2011-07-20,35.0291862487793,35.44639174075462,34.93290989991408,35.18964973212171,4177419
2011-07-21,34.66012191772461,35.14151237900271,34.38733311909689,34.981048891910014,3008285
2011-07-22,35.157554626464844,35.35010948027469,34.45151580964529,34.66011744537889,3369044
2011-07-25,34.82058334350586,35.14151029869301,34.43547143256633,35.10941673260421,7429567
2011-07-26,34.98103713989258,35.25382584687586,34.41941512374726,34.66011027352383,5770592
2011-07-27,34.387325286865234,35.029179089044156,34.17872367172702,34.868715638499424,7214188
2011-07-28,33.87384796142578,34.3391937996333,33.26408760135597,34.050358226632916,13905358
2011-07-29,33.72943115234375,34.54779534185211,32.84688200563234,33.376412799514334,9768024
2011-08-01,34.483604431152344,34.88476306494408,33.729425329053925,33.729425329053925,4672455
2011-08-02,34.64406967163086,34.7563949654563,34.25895779861146,34.467559428373015,3239197
2011-08-03,33.58501052856445,34.547791303340404,33.08757335964521,34.194770815352555,12800281
2011-08-04,33.536861419677734,34.30708491765877,33.312210904377665,33.88987961607559,6939466
2011-08-05,32.830833435058594,33.2801324638726,32.14084137394174,32.25316667525152,12075758
2011-08-08,32.878963470458984,33.32826018192985,31.57920931569936,31.62734747177679,13716718
2011-08-09,32.70246124267578,33.28013013854549,31.771771861434303,31.771771861434303,7228990
2011-08-10,33.23200607299805,33.50479496135861,32.75061545336838,32.911078993244935,5126905
2011-08-11,33.05548858642578,33.456647322842336,32.83083795289216,32.84688473763391,6299073
2011-08-12,33.24803924560547,33.568966193923615,33.05548438246968,33.29617959370829,6421148
2011-08-16,33.24803924560547,33.66524471370409,33.087575771446396,33.3924559370636,4242848
2011-08-17,33.103614807128906,33.601051895895175,32.95919814946764,32.95919814946764,7430913
2011-08-18,32.94315719604492,33.328269076718,32.622230266079846,33.215945957085246,5110388
2011-08-19,32.42967224121094,32.91106262136905,31.948281861052834,32.09270071624024,5245806
2011-08-22,33.11966323852539,33.24803312364584,32.01246590598104,32.41362451751339,3059716
2011-08-23,32.47781753540039,33.5047834009844,32.413632576881135,33.16780964822668,2837432
2011-08-24,32.750606536865234,32.975257172671085,32.18898430020152,32.862931854768156,6888368
2011-08-25,31.996427536010742,32.8950234973105,31.771776913366807,32.750604618060734,13758009
2011-08-26,31.274337768554688,32.092701879778694,31.001549006005,31.996423364971452,9286925
2011-08-29,32.07665252685547,32.140837472773974,31.129916412964185,31.194103535307566,6345123
2011-08-30,32.15687561035156,32.445708877565735,31.851993390440256,32.41361750144432,3821904
2011-09-02,31.88409423828125,33.69733249066022,31.56316734509115,33.119663647633075,8166250
2011-09-05,31.178058624267578,31.932235592776685,31.033641943184982,31.819912474790222,7422597
2011-09-06,30.999248504638672,31.503169486372702,30.641626593783943,31.503169486372702,14848826
2011-09-07,31.470653533935547,31.77950757804579,31.08052199375455,31.11303387410013,11526455
2011-09-08,31.275592803955078,31.795767521423944,30.999248400604436,31.73074595733952,7049237
2011-09-09,31.243078231811523,31.519422611389473,31.03175761551776,31.243078231811523,6782680
2011-09-12,30.67412757873535,31.113026840210395,30.397783272652145,30.901704075325387,5271294
2011-09-13,30.755403518676758,30.999235939573023,30.641614173674803,30.836680992308846,4033213
2011-09-14,30.869203567504883,30.999246688491347,30.414048234465568,30.901713245354827,4248247
2011-09-15,31.210567474365234,31.340612800824516,30.52783777842907,30.950481231033372,8283475
2011-09-16,32.397212982177734,32.59227982522839,31.129282911934222,31.340605692704568,6853575
2011-09-19,31.844533920288086,32.59228738571607,31.714488593156535,31.99083298411689,3721222
2011-09-20,32.12086868286133,32.47849049382985,31.77950280962644,31.77950280962644,4399666
2011-09-21,32.26716995239258,32.41347119735652,31.909550321396196,31.958315933188835,2182138
2011-09-22,31.29184341430664,32.00708716213957,31.113034682141656,31.990831221544592,3792171
2011-09-23,31.226823806762695,31.60070164462193,30.787926612049734,31.04801285863813,3612112
2011-09-26,30.966726303100586,31.35685996852498,30.739149801464848,31.2268146784526,1880644
2011-09-27,31.42188835144043,31.63320896222071,31.0642664818811,31.356866794645974,1273121
2011-09-28,31.649459838867188,31.730737323054583,31.178050871538872,31.47064893269635,4398260
2011-09-29,31.681976318359375,32.1696412943493,31.259332898209472,31.47065350588783,9460952
2011-09-30,32.007083892822266,32.21840448459216,31.535672687685842,31.535672687685842,6946805
2011-10-03,31.649459838867188,31.909548229225425,31.27558429352232,31.844526682834083,7517061
2011-10-04,31.161792755126953,31.877034125012752,31.080515276621917,31.47064673248756,2740436
2011-10-05,31.178058624267578,31.55193426258028,31.048013294354988,31.22682424498892,3503641
2011-10-07,31.61695671081543,32.13713363545052,31.373124190791508,31.503169524347015,4435678
2011-10-10,31.87704086303711,31.99083023891353,31.405631829022127,31.405631829022127,8326437
2011-10-11,32.08836364746094,32.20215081844761,31.698229904668988,32.023339887133496,5044978
2011-10-12,32.21840286254883,32.44597938179587,31.893292919397943,32.41346971035653,4905765
2011-10-13,32.2996826171875,32.47849353943942,31.958316711941663,32.21840512569054,3531871
2011-10-14,32.15339279174805,32.52726847790604,32.039603389111946,32.10462495999242,5039179
2011-10-17,31.8120174407959,32.250916773659206,31.63320651982222,32.12087146531787,1605713
2011-10-18,31.909555435180664,32.088366381731376,31.535677600612207,31.535677600612207,2025955
2011-10-19,32.494754791259766,32.67356574274546,32.00708976254974,32.185898509242016,5145909
2011-10-20,32.185890197753906,32.47849046229667,32.088358981032506,32.21840207318961,2881549
2011-10-21,32.185890197753906,32.54351200837522,31.9420577463647,32.10461271395751,2127672
2011-10-24,32.75483703613281,32.91739201487703,32.54351424088952,32.59228205738859,3334756
2011-10-25,33.778934478759766,34.055278840564206,32.706071115886175,32.771092670195124,7605862
2011-10-28,34.13656234741211,35.11189244821891,33.56761978860814,34.29911736421324,8504582
2011-10-31,34.08778762817383,34.331620104081395,33.616378615711156,34.136555446231185,4561310
2011-11-01,33.69765090942383,34.185315786010946,33.486330344819834,33.89271774197577,2155435
2011-11-02,33.51884460449219,33.79518895432372,33.29126807187429,33.48633493114279,2429706
2011-11-03,33.84395980834961,33.99025887306263,33.50259385415698,33.64889512366337,2676760
2011-11-04,33.7626838684082,34.13656172308908,33.61638479692155,34.13656172308908,2070811
2011-11-08,33.7626838684082,33.811451695432744,33.61638479692155,33.7626838684082,923114
2011-11-09,33.6651496887207,34.022771593300746,33.61638406754771,33.811450961826544,3342820
2011-11-11,34.282867431640625,34.380400899778415,33.48634815063745,33.64890319593581,7747315
2011-11-14,34.25034713745117,34.78677997820003,33.99025868782687,34.396646201366906,8136060
2011-11-15,33.68140411376953,34.347880066946516,33.567616934559474,33.827703175492935,2602442
2011-11-16,33.87647247314453,34.25034811434778,33.38880744298719,33.38880744298719,5559879
2011-11-17,33.53510665893555,34.2503482653612,33.42131726947976,33.64889604839134,4564324
2011-11-18,32.81986618041992,33.64889720479241,31.974579213453165,33.486342188436765,6971425
2011-11-21,32.20215606689453,32.83612239986144,31.990835425767916,32.34845514188938,5725408
2011-11-22,31.828271865844727,32.34844646008585,31.56818346632769,32.34844646008585,5742603
2011-11-23,30.901710510253906,31.763253276112717,30.609112411535456,31.649463901726016,4916261
2011-11-24,30.982994079589844,31.373125689303745,30.771673434059608,31.178060986843583,10127464
2011-11-25,31.34061622619629,31.600704702747866,30.820439273093136,31.096783692827984,7728058
2011-11-28,31.568187713623047,31.779508326466427,31.275589602794785,31.568187713623047,5436096
2011-11-29,30.950483322143555,31.795768079668857,30.88545955212403,31.665724949216813,5379923
2011-11-30,32.21840286254883,32.47849125802812,30.982984637616877,31.031752451965254,13613461
2011-12-01,32.51101303100586,33.16123311524249,32.34845580515312,32.51101303100586,4222484
2011-12-02,33.61638259887695,33.811449484633485,32.47849757648166,32.52726319552412,5707744
2011-12-05,33.37255096435547,33.63263941721556,33.11246251149539,33.22625189861961,2957969
2011-12-07,33.53510665893555,33.99025980717184,33.11246318997703,33.177484753326006,5975381
2011-12-08,32.315940856933594,33.61638081345987,32.185895538405035,33.47008175930931,5809203
2011-12-09,32.03959655761719,32.10461811463374,31.568187513255644,31.714486567741194,4296964
2011-12-12,31.405630111694336,32.31593845454854,31.113032025145117,32.18589314568762,8160604
2011-12-13,32.21840286254883,32.47849125802812,31.080518061520724,31.340606457000018,3981949
2011-12-14,31.324365615844727,32.34846154842187,31.210576198983276,32.16965275734527,5776327
2011-12-15,32.2996826171875,32.62479258317533,30.85294370950026,30.869199648758265,12973287
2011-12-16,31.89329719543457,32.93364871204209,31.405632215325433,32.26717279826763,12589918
2011-12-19,32.23466491699219,32.46224147942046,31.29184458008457,31.405633963695372,4820722
2011-12-20,31.714487075805664,32.33219738934167,31.454398638779622,32.33219738934167,6670657
2011-12-21,31.828271865844727,32.13712587567429,31.535671589590706,32.0233365118878,10259801
2011-12-22,32.72233200073242,32.836121391564035,31.698234097628333,31.779511603995637,3456402
2011-12-23,32.917396545410156,33.1449731060156,32.364707777776964,32.67356404373432,3249611
2011-12-26,32.787357330322266,32.86863484602386,32.57603667141561,32.70607981462067,1273482
2011-12-27,32.169639587402344,32.77109170300047,31.5844412063069,32.754837968497796,4187065
2011-12-28,32.576019287109375,32.81985170409214,31.990821045392224,32.25090939779902,3375709
2011-12-29,32.51101303100586,32.673568052065015,32.250924556352494,32.51101303100586,2924882
2011-12-30,32.543521881103516,32.77109846381478,32.299689355742835,32.5110122005982,2087779
2012-01-02,32.51101303100586,32.59229054153544,32.03960170609944,32.397223634347014,1861469
2012-01-03,32.80360412597656,32.94990317248003,32.511006032969625,32.624793200342054,3372939
2012-01-04,32.99867248535156,33.25875871100412,32.299684690728995,32.77109373071576,3739279
2012-01-05,32.93364334106445,33.24249954193171,32.72232276606429,32.982411153998,5389056
2012-01-06,32.42973327636719,32.93365204294498,32.13713293583225,32.90114236385894,7340405
2012-01-09,32.96615982055664,33.09620293028948,32.218406427609914,32.218406427609914,2368495
2012-01-10,33.35629653930664,33.58387311910921,32.852375552376564,32.852375552376564,3215986
2012-01-11,32.576019287109375,33.38879401038526,32.478485879357756,33.38879401038526,4377469
2012-01-12,32.68981170654297,32.966156039017314,32.33219209340353,32.966156039017314,4082544
2012-01-13,33.14497375488281,33.22625125703256,32.67356468337293,32.70607436135682,5766505
2012-01-16,32.559776306152344,33.14497478070077,32.429733180605325,32.77109693636461,4899595
2012-01-17,32.673561096191406,32.917393575870655,32.54351578415328,32.673561096191406,10428799
2012-01-18,32.21840286254883,32.917390563198985,31.95831446706954,32.78734526306288,6295415
2012-01-19,32.494754791259766,32.90114231518479,32.218410393073384,32.36470946072771,8276461
2012-01-20,32.982425689697266,33.22625824744602,32.47850462939109,32.51101651900845,6881600
2012-01-23,32.83612060546875,33.56761814526245,32.72233121736125,33.16123062315484,18551268
2012-01-24,32.68981170654297,32.99866791511767,32.52725673562698,32.771089192000964,10219894
2012-01-25,32.787357330322266,32.99868019402265,32.364713807715226,32.86863484602386,13171474
2012-01-27,33.53510665893555,34.12030513866324,32.88488661585888,32.99867600531467,9816649
2012-01-30,33.07994842529297,33.64889087552108,32.9173934395135,33.1612259181827,4243234
2012-01-31,33.84395980834961,34.071536376213565,33.03118477684019,33.16123010475773,10322025
2012-02-01,33.4700927734375,33.94150197184801,33.37255930364368,33.94150197184801,10757718
2012-02-02,34.169071197509766,34.477925280967355,33.37255207550015,33.55136303059459,11556658
2012-02-03,34.770530700683594,35.20943018134193,34.250353701739925,34.31537527540944,11926606
2012-02-06,35.43698501586914,35.59953995255125,34.575442528578506,35.01434173953717,9084488
2012-02-07,35.03062057495117,35.84339578970234,34.738022379558295,35.599563225276995,6079363
2012-02-08,35.01435089111328,36.005936704999876,34.51043001473226,35.30695117649243,11508450
2012-02-09,35.37197494506836,35.92466146793687,35.07937464134281,35.77836241847067,11499785
2012-02-10,34.900569915771484,35.51827806420245,34.46167051229084,34.9168236527354,8590813
2012-02-13,35.91596603393555,36.19438520183154,34.83504756392622,34.83504756392622,15608851
2012-02-14,35.834083557128906,36.11250276583446,35.62117631848146,35.86683954215796,5735198
2012-02-15,36.25989532470703,37.04601886637344,35.801324924745096,35.866834664547255,15930040
2012-02-16,36.25989532470703,36.76759969553072,35.78494693445785,36.12887584510272,3862429
2012-02-17,36.587459564208984,37.17705187975478,36.35817428075997,36.68572532035789,8544515
2012-02-21,36.21076583862305,36.6857142585599,36.11250011210409,36.538316779454945,6934289
2012-02-22,36.01424789428711,36.91501331944586,35.93236012836359,36.14526965257344,5872252
2012-02-23,36.89862823486328,37.37357896307407,35.899599459558246,35.899599459558246,18016976
2012-02-24,37.439090728759766,37.73389021693526,36.94776639340862,37.02965415285842,10958004
2012-02-27,36.53831481933594,37.66836506031437,36.3909173481382,37.66836506031437,11266052
2012-02-28,36.620208740234375,37.14428897323034,36.27627976840585,36.685718491690466,9416477
2012-02-29,37.01327133178711,37.30806633883895,36.685720336686245,36.76760808546146,7991077
2012-03-01,36.84949493408203,37.209801908430386,36.52194394698254,36.636587681006276,2777389
2012-03-02,36.76761245727539,37.01327573281137,36.45643941919934,36.800368449219235,3172662
2012-03-05,36.12889862060547,36.800378874906244,35.75221349192541,36.65297909074764,3649302
2012-03-06,36.37455368041992,36.62021696959659,35.8996050989479,36.128890391243246,4557989
2012-03-07,35.57204818725586,36.128884440064255,34.98245594608041,36.03061869631045,15488701
2012-03-09,36.07975387573242,36.27628538185955,35.73582707203133,35.73582707203133,3852720
2012-03-12,36.309043884277344,36.63659493624259,35.9814928323121,36.35817565353304,5124092
2012-03-13,36.47281265258789,36.734851668531384,36.030617925825425,36.47281265258789,9731037
2012-03-14,36.88225555419922,37.144294599716325,36.538326530273544,36.7676118057748,4398722
2012-03-15,36.145263671875,37.11153870562038,35.94873217763808,36.783987696123816,4513645
2012-03-16,35.31000900268555,36.68572283139109,35.12985549885979,36.194396305328574,3682825
2012-03-19,35.32638931274414,35.522918603239106,34.52388749050983,35.44103084352929,3294232
2012-03-20,35.19535446166992,35.63754908801921,34.884181534887404,35.3263761612367,3413743
2012-03-21,35.621177673339844,35.83408492008525,34.949697725481435,35.17898296536432,3430274
2012-03-22,34.80230712890625,35.604806738251895,34.49113186165079,35.37552145291709,3948023
2012-03-23,35.27724838256836,35.441023869761715,34.62214643379493,34.91694142220409,3647743
2012-03-26,34.704036712646484,35.21174120430497,34.47475145809511,35.04796570514723,4778733
2012-03-27,34.638526916503906,35.09709742506718,34.32735169139236,35.04796566391661,5834802
2012-03-28,34.78592300415039,35.01520824909112,34.474750013063165,34.80230099764915,4875221
2012-03-29,34.654911041259766,34.88419857214776,34.39287195684133,34.785932804816895,12199593
2012-03-30,35.42464065551758,35.81770354392567,34.6548950906231,34.6548950906231,8544753
2012-04-02,35.57204818725586,35.817711435966686,35.26087296181092,35.40827268811531,8676278
2012-04-03,36.0633659362793,36.194385415269544,35.53928357762462,35.75219078632049,3566758
2012-04-04,36.309043884277344,36.456441413392156,35.78496131259386,36.047002598435604,3850338
2012-04-09,35.93234634399414,36.30903125554714,35.5556636537881,36.06336805201791,4475284
2012-04-10,36.161643981933594,36.45644126027279,35.73582939324542,35.93235869079049,4598397
2012-04-11,36.587459564208984,36.68572532035789,35.71945019781355,35.71945019781355,4023851
2012-04-12,36.60383605957031,37.27531388613494,36.39092878110068,36.57108006841457,5102969
2012-04-13,36.685726165771484,37.11154297133116,36.210777591678955,36.685726165771484,6602489
2012-04-16,36.6365852355957,36.931380215769416,36.44005376791513,36.66933899931103,4350870
2012-04-17,37.209815979003906,37.308079535213444,36.35818220196828,36.40731398007305,9477019
2012-04-18,37.291683197021484,37.75025361100651,37.07877375947015,37.24254922465722,4441325
2012-04-19,37.5537223815918,37.668366096425025,37.1115299558356,37.177039698020195,2496045
2012-04-20,37.291683197021484,37.78300959258269,37.11152974104633,37.406326911191194,2778756
2012-04-23,36.27628707885742,37.504603496243426,36.09613356003794,37.16067445510581,3854809
2012-04-24,36.03061294555664,36.52193936455894,35.784949736055495,36.39091987469713,3169871
2012-04-25,35.522911071777344,36.178013010563106,35.277247844732685,35.96510576899661,3380361
2012-04-26,35.40827178955078,36.292659018196964,35.12985255953841,35.81771052701173,4377198
2012-04-27,35.457393646240234,36.030607718586595,35.293618196998416,35.44101565704671,1965594
2012-04-30,36.4400634765625,36.70210476283598,35.40827854971112,35.40827854971112,3199398
2012-05-02,35.89959716796875,36.63658687268218,35.73582167803243,36.29265789954646,3811572
2012-05-03,35.58842849731445,35.86684776988843,35.42465297729392,35.703072249867894,1452253
2012-05-04,34.9660758972168,35.5720460969677,34.753166428036664,35.408270607450945,5666533
2012-05-07,34.654911041259766,35.04797411058323,33.80327957420404,34.8514425759215,4565509
2012-05-08,34.638526916503906,35.09709742506718,34.4092394408749,34.65490268932252,2959419
2012-05-09,34.14720153808594,34.802303555403846,33.98342603375646,34.40924056793514,2412310
2012-05-10,33.5739860534668,34.50750506142931,33.41021055508593,34.11444430958471,3946438
2012-05-11,33.197296142578125,33.737756539752375,32.82061344080122,33.573981065702064,3389145
2012-05-14,33.164546966552734,33.344698235841676,32.82061797921935,33.082659218204185,2233766
2012-05-15,33.70500564575195,33.85240315038438,32.7878624083151,33.115413405874875,3494080
2012-05-16,34.24546432495117,34.491127576146575,33.08266004637083,33.50847457136496,4435353
2012-05-17,34.31097412109375,34.98245407594263,34.01617690559199,34.39286186628637,4208594
2012-05-18,34.42561721801758,34.769546207945545,33.59036173429175,34.01617847318603,4935351
2012-05-21,34.0489387512207,34.68766282936286,33.819653469496295,34.360111792228665,1491370
2012-05-22,33.96704864501953,34.24546567453808,33.770517147779096,34.1799559159071,2362045
2012-05-23,33.934295654296875,34.37649045149728,33.49210307844414,34.03256141160226,3087547
2012-05-24,34.507503509521484,34.654901007165876,33.55760655017118,34.196330520861714,2135683
2012-05-25,34.09806823730469,34.392865483813964,33.983426714785104,34.22908997620242,1446600
2012-05-28,34.851436614990234,35.16261186187307,33.901539543072445,33.901539543072445,890739
2012-05-29,35.1626091003418,35.45740410741322,34.65490239228491,35.277250615826304,5201353
2012-05-30,34.753173828125,35.26087839800332,34.540266534957176,35.129858867030464,4048557
2012-05-31,34.76955032348633,35.04796959146616,34.409243296847436,34.441999288850106,8033660
2012-06-01,33.95066452026367,34.687654169831276,33.737757287816315,34.55663467622476,3787828
2012-06-04,34.081687927246094,34.212709657244055,33.44296393521645,33.737761161701364,3267896
2012-06-05,34.704036712646484,35.113475460540855,34.229088209358494,34.36010772014574,12393979
2012-06-06,35.91596603393555,36.390916640504805,34.720406075822495,34.720406075822495,9494285
2012-06-07,35.39189910888672,36.27628647029893,35.21174559308943,35.91597943870435,4231838
2012-06-08,35.04796600341797,35.539292505072574,34.63852725203913,35.3100072485699,3997879
2012-06-11,35.12984848022461,35.539287170141115,35.04796074224131,35.37551169417451,2205393
2012-06-12,35.2608757019043,35.4246512137717,34.736793175389565,35.015212434103184,3376544
2012-06-13,35.24449920654297,35.45740647907459,34.93332396328483,35.211743216300796,2496726
2012-06-14,34.62214660644531,35.40827028170192,34.39286136750068,35.064341312611354,6671985
2012-06-15,34.73678970336914,34.96607717414375,34.54026044158032,34.78592368482684,10286920
2012-06-18,35.06435012817383,35.21174766017079,34.622155310835154,34.884196601800745,3027005
2012-06-19,35.621177673339844,35.99786040876549,34.91694173920649,35.06434145609649,9746993
2012-06-20,35.50653839111328,35.99786491870916,35.375518872293384,35.49016261727143,8882639
2012-06-21,35.94873809814453,35.9978698691217,35.015216678795866,35.21174820540016,4083003
2012-06-22,36.0469970703125,36.259904332899616,35.62118032379087,35.70306807422397,7332263
2012-06-25,35.32638931274414,36.17802068091763,35.12985780090152,35.91597940557669,5097127
2012-06-26,35.98148727416992,36.03061903583612,35.14623177641282,35.14623177641282,1992235
2012-06-27,35.96510314941406,36.48918332946205,35.735817931808874,36.03061289425168,5727518
2012-06-28,35.93234634399414,36.2926532643758,35.604795405955166,36.03061206967523,3083553
2012-06-29,37.19342803955078,37.537357058416376,36.128887213420036,36.14526520886079,7486892
2012-07-02,36.88225555419922,37.32445033086759,36.783989801456514,37.20980658244318,2634447
2012-07-03,36.571075439453125,37.17704564970109,36.39092417494177,37.11153589702903,4091332
2012-07-04,37.01327133178711,37.144290841288516,36.45643508438511,36.620210581935545,3061761
2012-07-05,37.439090728759766,37.60286624765936,36.84950063779934,37.01327615669893,2830305
2012-07-06,37.01327133178711,37.504597824438406,36.70209833071076,37.340822326887974,3797719
2012-07-09,36.947757720947266,37.01326746886098,36.71847249257571,36.96413571326247,2397364
2012-07-10,37.06240463256836,37.2589361263343,36.603834108911094,36.65296587167886,3199920
2012-07-11,37.2261848449707,37.50460412612661,36.915011791609686,36.915011791609686,2903254
2012-07-12,36.8331184387207,37.20980342201594,36.718476921380976,37.20980342201594,2728401
2012-07-13,36.70210266113281,37.01327569892397,36.60383690673886,36.88225617396378,1672753
2012-07-16,36.89862823486328,37.078781729562465,36.390925960730186,36.60383322269907,3148848
2012-07-17,36.76761245727539,37.029653728783295,36.65296870681956,36.9477659702713,2407572
2012-07-18,36.42367935180664,36.86587408683324,36.27628184724689,36.718476582273496,2516255
2012-07-19,36.685726165771484,36.94776744775803,36.521950642198355,36.669348169144634,2171498
2012-07-20,36.4400634765625,36.84950229219364,36.29266594720484,36.45644147345729,1581366
2012-07-23,35.80133056640625,36.35816677449245,35.71944282341278,36.24352304576271,2728477
2012-07-24,36.341793060302734,36.8003658078643,35.67031304443051,35.75220079706499,8366909
2012-07-25,36.27628707885742,36.489194369331926,35.55567522492717,36.24353108585472,6131518
2012-07-26,36.60383605957031,36.84949932919568,36.0961315247417,36.34179479436707,10181302
2012-07-27,37.45547103881836,37.66837832537486,36.718481201949096,37.11154200400984,4785341
2012-07-30,38.70016098022461,38.81480472567585,37.34082513680424,37.488224872769415,10354713
2012-07-31,38.96220397949219,39.53541825695997,38.7001605013185,38.716540717720285,13034800
2012-08-01,38.978580474853516,39.142355985733616,38.520009932928254,38.814804963973415,5116745
2012-08-02,38.683780670166016,39.060463410167955,38.61826869682024,38.683780670166016,5172210
2012-08-03,38.749290466308594,38.994953716676285,38.22521241968001,38.438119681459725,3992386
2012-08-06,39.45353317260742,39.66644045867683,38.84756286402887,38.962206615818644,3989076
2012-08-07,38.8311767578125,39.58454669625805,38.58551351667268,39.38801521480727,5499481
2012-08-08,38.96220397949219,39.076843280829756,38.74929226513389,38.89669199927502,5783459
2012-08-09,38.99496078491211,39.388023833825024,38.765677708625894,39.01134100352257,4304923
2012-08-10,39.158729553222656,39.8138360025241,38.71653925291904,38.962202505396526,4906011
2012-08-13,39.27336502075195,39.38800873629962,38.68377511606949,38.978570068410725,2775124
2012-08-14,39.322513580322266,39.60093288203266,38.86394296481467,38.86394296481467,3520379
2012-08-16,39.33888244628906,40.12500390923781,38.896687735038356,39.30612645977151,3368688
2012-08-17,38.536373138427734,39.6336695919838,38.07780274606368,39.42076238581767,4100386
2012-08-21,39.158729553222656,39.38801703261291,38.176076543312725,38.33985204496438,2904667
2012-08-22,38.96220397949219,39.17511125115551,38.716540717720285,38.831180019057854,1988035
2012-08-23,38.47087478637695,39.0604647966387,38.25796308679302,39.0604647966387,4652302
2012-08-24,38.356239318847656,38.765678148319445,38.06144425016709,38.32348332395079,5080546
2012-08-27,38.749290466308594,38.88031442066052,38.241588192626615,38.25796396557322,1296282
2012-08-28,39.797462463378906,40.28878905076147,38.71654574821549,38.81480928861378,4356311
2012-08-29,38.99496078491211,40.25603325392083,38.74929749001543,39.961238188583934,6345767
2012-08-30,39.87934112548828,40.28877985485275,38.716536911171005,38.96220014878969,9698034
2012-08-31,39.1259880065918,39.862977952378934,38.91307624587431,39.862977952378934,6414695
2012-09-03,39.8138427734375,39.96123808437378,39.32251174222985,39.33889196079759,3891463
2012-09-04,40.599952697753906,40.845615921041244,39.63367557574599,39.63367557574599,8607402
2012-09-05,40.61981964111328,41.19915676836119,40.47084544090378,40.71913278115289,5181748
2012-09-06,40.09014892578125,40.60327442553864,39.49425646880524,40.60327442553864,2059057
2012-09-07,40.354984283447266,40.66948343300326,40.2225652431635,40.55361508894837,1292419
2012-09-10,40.37153244018555,40.71913292167381,40.05703334539132,40.17290166927078,2343064
2012-09-11,40.04047775268555,40.354972318848056,39.79219044196008,40.1397908809159,1345773
2012-09-12,40.189456939697266,40.35498185261912,39.77564465739263,40.222562820311765,2846913
2012-09-13,40.106693267822266,40.58671729680899,39.89151178557495,39.95772354479743,2572173
2012-09-14,39.725982666015625,40.669475439081374,39.36182700919989,40.38808222744422,13519349
2012-09-17,38.93146896362305,40.09014334116149,38.71628747725316,39.990825700424985,12665195
2012-09-18,38.94800567626953,39.65976164034856,38.73282426715015,38.96456085552423,8408810
2012-09-20,38.650081634521484,39.13010574620184,38.40179422989053,38.40179422989053,6301939
2012-09-21,39.808738708496094,40.057026004098155,38.81558952608784,38.81558952608784,8707245
2012-09-24,39.096988677978516,40.22255702566236,38.89835791305784,39.79219411012589,7593484
2012-09-25,38.86525344848633,39.477696458334925,38.26936562223643,39.328722256697375,11733607
2012-09-26,38.73284149169922,39.04734064575813,38.5011048002715,38.73284149169922,9302273
2012-09-27,38.650081634521484,39.179762329097784,38.418344927472084,38.76594998804619,12478679
2012-09-28,39.891510009765625,39.95772176604062,38.898360606542425,38.898360606542425,8847242
2012-10-01,39.74254608154297,40.05704526996037,39.328733723178736,39.74254608154297,5138030
2012-10-03,38.94800567626953,40.05702308037586,38.832137382082486,39.72597337706944,12133968
2012-10-04,39.06388854980469,39.39493837666489,38.56731380951439,39.16320170180249,7257841
2012-10-05,39.13010025024414,39.428044195923775,39.06388848891505,39.312175858673186,11584935
2012-10-08,39.29562759399414,39.54391497910976,38.74939175461905,39.0638909051592,6807880
2012-10-09,39.79219436645508,39.89150750448017,39.01422648475849,39.42803871011306,5205666
2012-10-10,39.54391860961914,39.94117576818558,39.06389449159778,39.659782474523105,7436554
2012-10-11,39.44458770751953,39.92461166435674,39.26251213225015,39.725980906694794,5476615
2012-10-12,39.70943832397461,39.858408055031525,38.07073985129336,39.39493918593656,2847441
2012-10-15,39.345272064208984,40.04047742660867,39.2128530642637,39.59355937291248,7208908
2012-10-16,39.26251983642578,39.62667554856978,39.14665149754123,39.42804475193208,4006297
2012-10-17,39.64323043823242,39.725992904741666,39.22941810568618,39.52736208708924,2639928
2012-10-18,39.92462158203125,40.02393474045769,39.527359968023625,39.72599077502744,2525746
2012-10-19,39.52735137939453,39.891507031418136,39.39493236688139,39.72598214323922,3153069
2012-10-22,39.26251983642578,39.46115063306348,39.04733834429773,39.21286325980403,4657141
2012-10-23,38.88180923461914,39.279066294891805,38.83214817320361,39.11354139724064,3935245
2012-10-25,38.63352584838867,39.06388883033727,38.43489505281598,38.99767706842948,12050023
2012-10-29,38.05418014526367,38.252806406309155,37.78933764695356,37.78933764695356,2123473
2012-10-30,37.47483444213867,38.18659264173052,37.3424154606248,38.103830217015734,2570824
2012-10-31,37.73969268798828,37.90521761653076,37.42519577277267,37.623824339978334,1852024
2012-11-01,38.7162971496582,38.86526691275386,38.17006121451901,38.17006121451901,4524439
2012-11-02,39.06388854980469,39.16320170180249,38.76594460366064,38.93146951709074,4726469
2012-11-05,38.749393463134766,39.063892627541634,38.66663099778045,39.03078674336968,3632141
2012-11-06,39.61011505126953,39.69287749792436,38.56730912144876,38.96457066145196,4718509
2012-11-07,39.725982666015625,39.92461343247421,39.39493288530133,39.56045777565848,4694784
2012-11-08,39.345272064208984,39.494241755341356,39.1300906280292,39.37837793673269,3005197
2012-11-09,39.5770149230957,40.02393309797616,39.196308511216344,39.29562615571797,5518512
2012-11-12,39.725982666015625,39.974270001551346,39.61011434473562,39.61011434473562,5986709
2012-11-15,39.69287109375,39.82529008900279,39.27905892724164,39.4280331032444,11277862
2012-11-16,39.42803955078125,39.70943276805211,39.16319702681746,39.65977170783069,7952790
2012-11-19,39.74254608154297,39.858414439915244,39.295632326630766,39.42805138327703,4682624
2012-11-20,40.42118453979492,40.537052850859354,39.759085036740615,39.77563572825712,5826060
2012-11-21,39.759090423583984,40.53705834310733,39.510803076298885,40.42119001634424,8050611
2012-11-22,39.42803955078125,39.94116492510155,39.29562053387441,39.80874590819471,3266009
2012-11-23,39.64323043823242,40.05704277077866,39.345286456829356,39.56046797172317,2809752
2012-11-26,39.858394622802734,39.92460636328192,39.41147659994132,39.72597563199359,2935121
2012-11-27,39.24596405029297,40.04048722468699,39.146650898569035,39.891513006950454,7105541
2012-11-29,39.030784606933594,39.41149102869444,38.69973476363705,39.22941541094169,15583782
2012-11-30,39.030784606933594,39.34528375412565,38.8321538029255,39.130102254013075,9986088
2012-12-03,39.378387451171875,39.42804402688048,38.914914104156594,39.11354489714163,5791740
2012-12-04,39.874961853027344,40.057037459143665,39.29562466428376,39.378387119818555,8486828
2012-12-05,39.77564239501953,40.13979808076516,39.394936014983344,39.97427317725809,7991825
2012-12-06,39.74254608154297,39.924626213314106,39.279077138205324,39.891520326614675,3888336
2012-12-07,39.29562759399414,39.87496482593058,39.09699678787146,39.82530375678673,3172271
2012-12-10,39.24596405029297,39.44459484389147,39.06388844208221,39.328726506779795,2674532
2012-12-11,38.89835739135742,39.461143802726305,38.832145640555225,39.394932051924116,5034484
2012-12-12,38.81559371948242,39.179749357069745,38.66661952996722,39.04733034980612,6283865
2012-12-13,39.146644592285156,39.312169478593766,38.931463138113955,39.03077627383915,7727857
2012-12-14,38.48454666137695,39.130095541119566,38.319021768125005,39.130095541119566,6097530
2012-12-17,38.51763916015625,38.79903227898144,38.21969535381426,38.50108398249092,3910978
2012-12-18,38.76594924926758,39.03078734643296,38.43489938273525,38.732843364584106,4553554
2012-12-19,38.46799850463867,38.96457321713796,38.153499390662304,38.914912153767716,6136261
2012-12-20,38.33556365966797,38.69971923924331,38.236250542578816,38.69971923924331,2121800
2012-12-21,37.97142028808594,38.31902075869824,37.90520853646932,38.26936419006076,3053451
2012-12-24,37.872100830078125,38.38523065492938,37.69002525715818,38.00451983676079,2156093
2012-12-26,38.1700439453125,38.46799231700696,37.93831181084418,38.004519067770985,2963625
2012-12-27,37.557613372802734,38.401790924910514,37.44174727432548,38.18660942411314,7464142
2012-12-28,37.574161529541016,38.20315525568326,37.176902215920904,37.87210545348731,6441596
2012-12-31,37.98797607421875,38.07073852976105,37.54105791626019,37.57416379650723,1528669
2013-01-01,37.69002151489258,38.269358540487545,37.64036270851107,38.12038436641768,6397127
2013-01-02,37.44174575805664,38.0045277765704,37.37553399580763,37.772795589000275,10823940
2013-01-03,37.78934860229492,37.98797941107426,37.458298751046364,37.67348025632773,7768126
2013-01-04,38.05418014526367,38.12038740222894,37.59070914083324,37.905205959329884,7374977
2013-01-07,37.872100830078125,38.12038815141429,37.590709879608745,38.07073158517701,5751436
2013-01-08,38.55077362060547,38.65008679966943,37.739699527692935,37.756250227486305,7147399
2013-01-09,38.2528190612793,38.716292464112925,38.10384931621234,38.65008069509351,8208348
2013-01-10,37.70658874511719,38.63353108675814,37.574169693497424,38.302481212633076,5482985
2013-01-11,37.45829391479492,37.80589890781711,37.35898076830309,37.77279302893637,7053838
2013-01-14,37.094139099121094,37.83899889560834,36.99482371123109,37.44174183419855,10369465
2013-01-15,36.763092041015625,37.44174462288961,36.696882525849325,37.24311383231542,7333310
2013-01-16,37.094139099121094,37.2100051807635,36.547905588263625,36.746536364043635,12729863
2013-01-17,37.29277038574219,37.4251916610731,36.82930153477221,37.110694780409524,8720890
2013-01-18,38.05418014526367,38.21970502290136,37.077581571141444,37.30931595081924,11437257
2013-01-21,37.70658874511719,38.10385039012778,37.47485428224477,37.85556298453398,5767870
2013-01-22,37.574161529541016,38.15349868338392,37.34242711701888,37.77279230888865,5102821
2013-01-23,37.12723922729492,37.93831294761086,36.928610715338394,37.73968219057942,4125262
2013-01-24,36.729984283447266,37.25966486785371,36.64722183245095,37.14379653842881,7597320
2013-01-25,36.74653625488281,36.961717723776,36.51480184721128,36.51480184721128,5876853
2013-01-28,37.04448318481445,37.16035152060945,36.332726965146016,36.779645123126386,4530765
2013-01-29,37.11069107055664,37.54105399840288,36.81274491465341,36.9617168700675,8933771
2013-01-30,36.91205596923828,37.34242109166688,36.69687453056138,37.07758084362814,6691139
2013-01-31,36.4817008972168,37.06103811718393,36.28307234027331,36.81275073719801,10621030
2013-02-01,36.564456939697266,36.81274427610568,36.38237911064943,36.4651415561189,6533829
2013-02-04,36.812744140625,36.97826903095476,36.58100974317833,36.59756268122631,4150438
2013-02-05,36.28306579589844,36.729981652217646,36.150644536745524,36.66377214517869,2184943
2013-02-06,36.20030212402344,36.6306650277294,36.08443380682572,36.43203651334394,2852740
2013-02-07,36.945167541503906,37.19345489139083,36.249962063790484,36.249962063790484,5059086
2013-02-08,36.82930374145508,37.342431443322184,36.614122243127945,37.07759112186735,5162866
2013-02-11,37.259666442871094,37.32587595745188,36.53135729233198,36.912063684977916,3760946
2013-02-12,37.358978271484375,38.18660273743817,36.87895428517114,36.9782696701006,9796530
2013-02-13,36.38238525390625,38.070740324596436,36.1837566982856,38.070740324596436,7821046
2013-02-14,34.99197006225586,36.54790356967949,34.37952707498938,36.415484556523225,14843823
2013-02-15,35.51639175415039,35.71809479695662,34.79362669706176,35.16341256913959,8479053
2013-02-18,36.39043426513672,36.77702909379705,35.381923637535714,35.381923637535714,8321446
2013-02-19,36.44087219238281,36.52491477537428,36.037468249983974,36.39044755450833,8484570
2013-02-20,36.3568229675293,36.86107837335797,36.10469526461496,36.47448347414288,7964693
2013-02-21,35.9197998046875,36.625755933526904,35.75171240662061,36.23916107343392,6464828
2013-02-22,36.659385681152344,36.81066188037502,35.97023601824784,36.17193913707879,14054231
2013-02-25,37.66789627075195,37.73512988296771,36.72661886032815,36.810661445548114,15983553
2013-02-26,37.298099517822266,37.617460813208275,37.04597181939112,37.617460813208275,17614848
2013-02-27,36.608943939208984,37.60064787883595,36.508094700426696,37.48298739385644,9561570
2013-02-28,35.06256866455078,36.97874114806895,34.30618550941489,36.844273943520626,11505348
2013-03-01,36.289581298828125,36.64256046036819,35.06255871631265,35.53319835829942,9664596
2013-03-04,36.45767593383789,36.81065518771527,35.734908455936484,36.3063997621192,5835406
2013-03-05,36.50809860229492,36.64256578824281,35.802140176567555,36.49128963410134,4342564
2013-03-06,36.188743591308594,36.642574440697,36.087894317934214,36.50810722299721,2348098
2013-03-07,36.37363815307617,36.57534126179784,36.02065885271372,36.02065885271372,3784471
2013-03-08,36.97874450683594,37.029169143171444,36.32321283546991,36.60895624103926,5865486
2013-03-11,37.11320877075195,37.23086928590787,36.64257126972969,36.96193259398056,3872022
2013-03-12,36.72661209106445,37.18044287952487,36.34001718222826,37.18044287952487,5729772
2013-03-13,36.911502838134766,37.06277899390818,36.575332589838105,36.67618412028718,4784709
2013-03-14,36.8610725402832,36.97873302827762,36.55852025658356,36.84426585325559,4923712
2013-03-15,36.64256286621094,36.99554205092658,36.45766879042654,36.77703004143585,4917271
2013-03-18,36.55853271484375,36.64257529782223,36.47449013186527,36.60895735271045,3593844
2013-03-19,36.003849029541016,36.77703889287466,35.31469718129874,36.625762714387676,5195989
2013-03-20,35.07938003540039,35.93661479250476,34.89448590664441,35.81895427062346,5025753
2013-03-21,34.1549072265625,35.3987367711771,33.9027795237433,34.961717243464264,4921271
2013-03-22,34.440650939941406,34.69277862864345,33.90277762545687,34.171714282699135,8653798
2013-03-25,34.92809295654297,35.146602680686634,34.625540680067104,34.76000785187857,4166875
2013-03-26,35.29789352416992,35.39874279862907,34.7936380326704,34.7936380326704,3767435
2013-03-28,35.56682586669922,35.76852896333412,34.99533679930142,35.28108247290072,4534130
2013-04-01,35.46597671508789,35.78533805264517,35.21384898336359,35.38193413784646,1691135
2013-04-02,35.80214309692383,36.188737997908575,35.331503348115696,35.61724899131351,4652635
2013-04-03,35.701290130615234,35.835757322150315,35.482778094620144,35.58362962817169,2361750
2013-04-04,35.129791259765625,35.78532262365355,34.89447032110857,35.550003964796325,3713922
2013-04-05,35.18022537231445,35.297885873415346,34.877673054912805,34.877673054912805,8205260
2013-04-08,35.012142181396484,35.634058099097906,34.79363241560981,35.29788782570267,3096875
2013-04-09,34.72639465332031,35.70128976116264,34.55830952574065,35.14660747226947,2293912
2013-04-10,35.16341781616211,35.230651413863264,34.591928816001484,34.81043857848037,1905585
2013-04-11,34.81044006347656,35.23065291678552,34.67597286233795,35.23065291678552,3329986
2013-04-12,35.46597671508789,35.5836349553454,34.6423576342812,34.6423576342812,1819318
2013-04-15,34.97852325439453,35.29788682894211,34.84405606075382,35.29788682894211,2619515
2013-04-16,35.936614990234375,36.27278530625824,34.961721985685514,34.97852867764602,2546545
2013-04-17,35.936614990234375,36.35682788526421,35.71810519673921,35.936614990234375,3775629
2013-04-18,35.9702262878418,36.27277860444289,35.38192834349488,35.68448066009598,5080676
2013-04-22,36.777034759521484,37.18044089654915,35.71809934932509,35.71809934932509,5577118
2013-04-23,36.87788391113281,36.978735438873805,36.541713671863064,36.64256519960406,2951714
2013-04-25,36.92831802368164,37.751934814710715,36.306402047708225,36.676190295011466,7103973
2013-04-26,37.07959747314453,37.21406469503368,36.81066074956526,37.06278850045814,3417359
2013-04-29,37.13001251220703,37.44937379148024,36.8274602012746,36.8274602012746,5263605
2013-04-30,37.71831130981445,38.03767259640556,36.81065207641851,37.04597079918036,5652599
2013-05-02,38.625972747802734,38.82767582442543,37.398952157783015,37.415761127468336,7787838
2013-05-03,37.65108108520508,38.72682782235996,37.53342057339106,38.28980371556522,3489204
2013-05-06,37.6847038269043,37.97044723802831,37.247681944231225,37.49980969041173,1570856
2013-05-07,37.886409759521484,38.23938910768307,37.11321744445354,37.617473004741164,4295563
2013-05-08,38.57555389404297,38.71002111205668,37.86959529996868,37.86959529996868,4623152
2013-05-09,38.155338287353516,38.72682962296378,37.92001953258499,38.65959373891497,3439496
2013-05-10,37.76873779296875,38.50830961062224,37.65107729300544,37.93682291874466,3388720
2013-05-13,37.71831130981445,37.98724797002818,37.44937464960073,37.51661052450449,3486486
2013-05-14,38.44108581542969,38.71002024543635,37.751936208985676,37.751936208985676,5187764
2013-05-15,38.2393798828125,38.861295835723354,37.987252163491995,38.52512554329602,7598979
2013-05-16,38.28980255126953,38.743633334694444,38.05448381459759,38.071292784317144,7843384
2013-05-17,39.01256561279297,39.29831124310881,38.239375845680364,38.32341840991438,4225774
2013-05-20,38.42428207397461,39.029391499163125,38.323432782911176,38.9957735489411,6051683
2013-05-21,37.886409759521484,38.625984125316414,37.60066630990591,38.357049650337345,3901355
2013-05-22,37.86958694458008,38.02086538121921,37.61745925658209,37.98724744423264,4300192
2013-05-23,36.844276428222656,37.93682994820962,36.642573327997034,37.70150890467944,5416658
2013-05-24,36.64256286621094,37.24766971432344,36.34001058205479,37.24766971432344,4295474
2013-05-27,37.701499938964844,37.88639402356892,36.642564614105616,36.7097982049252,1976291
2013-05-28,37.819156646728516,38.222560431062135,37.61745361466167,37.76873202861184,3947350
2013-05-29,38.155338287353516,38.30661674666256,37.7183164400401,37.97044416582082,4123634
2013-05-30,38.457881927490234,38.65958497430653,37.70149892162947,38.05447811365788,4814631
2013-05-31,38.08810043334961,38.65958942539408,37.869588394173434,38.64278273605788,8210037
2013-06-03,37.44938278198242,38.12172343861975,37.19725503574343,38.10491674604457,2337051
2013-06-04,38.05447769165039,38.27298970324489,37.38213724945234,37.38213724945234,6339450
2013-06-05,37.8023567199707,37.95363289029362,37.634271579656215,37.83597465995385,2941759
2013-06-06,37.66789627075195,37.85279041419608,37.550235739523586,37.550235739523586,3741327
2013-06-07,37.19724655151367,37.88639602334069,37.130012957145276,37.33171602005089,3373193
2013-06-10,36.97874450683594,37.482999989394564,36.91151089845497,37.31491482854169,4178032
2013-06-11,36.2559814453125,37.600662814406164,36.07108730110191,36.76023695872263,4988953
2013-06-12,36.30640411376953,36.77704165548242,36.03746739859034,36.30640411376953,1985386
2013-06-13,35.550018310546875,36.440868692783184,35.41554882279373,36.054273760069485,3320850
2013-06-14,36.676185607910156,36.81065280076279,35.63405688400057,35.71809944948358,5440747
2013-06-17,36.37363815307617,36.79385106307886,35.970234215433784,36.65938384379837,1761508
2013-06-18,36.44087219238281,36.87789407989863,36.08789516765944,36.30640497151686,2599492
2013-06-19,36.1383171081543,36.373635867005916,35.919807320606544,36.28959329028742,3158484
2013-06-20,35.5836296081543,36.071078306745804,35.482778074659485,36.03746036898071,3936637
2013-06-21,36.03745651245117,36.188732656604415,35.29788247896847,35.51639221165646,8100913
2013-06-24,35.60044860839844,36.474492438570984,35.31470289628019,35.835767399659936,7726193
2013-06-25,34.65916061401367,35.97022596021109,34.306181394660506,35.70128930357056,5865050
2013-06-26,35.634056091308594,35.76852328116995,34.440651232037375,34.558309453215955,9917951
2013-06-27,35.818946838378906,36.30639551662912,35.583628123244544,35.80214014999818,10124040
2013-06-28,37.41576385498047,37.68470055014865,35.97023111327715,35.97023111327715,13955319
2013-07-01,37.95363235473633,38.08810183297082,37.146824604531766,37.146824604531766,4880398
2013-07-02,37.43256378173828,37.92001014156985,37.18043611839779,37.68469144507877,4836103
2013-07-03,36.40725326538086,37.230870048950095,36.23916811445649,37.230870048950095,3203552
2013-07-04,36.188743591308594,36.8106596027222,35.71810604955841,36.474489278671804,5239017
2013-07-05,36.171932220458984,36.60895176135954,35.90299554004283,36.30639942076675,2878063
2013-07-08,35.398738861083984,36.13831532352461,35.230653715947604,36.13831532352461,5074736
2013-07-09,36.92831802368164,36.97874265749536,35.58363452430659,35.734910705548536,5626482
2013-07-10,36.3568229675293,37.34852708949946,36.255973710204,37.13001504576004,6811029
2013-07-11,37.09640884399414,37.449385894222225,36.693002592645826,36.96193933361099,5779104
2013-07-12,37.07959747314453,37.23087366772007,36.32321422046587,37.21406469503368,3580274
2013-07-15,36.99554443359375,37.298096737235525,36.659374194080506,36.96192649772229,2918182
2013-07-16,37.04596710205078,37.28128580132819,36.40724459261208,36.40724459261208,2477162
2013-07-17,37.28129196166992,37.71831377814135,36.91150602450225,37.01235756365729,9890923
2013-07-18,37.31489944458008,37.55021811679816,37.06277180724643,37.163623318139884,5820812
2013-07-19,37.43256378173828,37.583839923782534,37.18043611839779,37.583839923782534,4552788
2013-07-22,37.3653450012207,37.58385711058645,37.07960155331336,37.21406878999902,2515956
2013-07-23,37.02916717529297,37.73512572527793,36.70980584260483,37.73512572527793,5415186
2013-07-24,36.97874450683594,37.19725430402431,36.55853160470375,36.67619212922113,2594203
2013-07-25,37.02916717529297,37.56704057335778,35.734910593587465,37.18044563586173,4206471
2013-07-26,36.42404556274414,37.230853005931785,36.32319406239576,37.14681046894141,5399927
2013-07-29,36.34001541137695,36.86107749446897,36.08788771447417,36.709801332287405,2056881
2013-07-30,35.4827880859375,36.37364089005712,35.18023567989,36.34002522260801,1322467
2013-07-31,33.98682403564453,35.297889533187224,33.02873779820182,34.99533490461552,6050144
2013-08-01,34.57511901855469,34.944907216755446,33.280862604652505,33.885969529071716,4448345
2013-08-02,30.709163665771484,33.734696268180265,29.095545821859993,33.28086546589868,31014744
2013-08-05,31.36467933654785,31.86893451405893,29.482125761919995,30.910848764868067,15799229
2013-08-06,31.4487361907959,32.104267764190105,31.078950260066105,31.263842085530722,14382559
2013-08-07,31.36467933654785,31.919361399689755,31.11255174779231,31.59999796342645,5717703
2013-08-08,32.27235412597656,32.608524410211714,31.431928415388683,31.532779956619358,6778874
2013-08-12,31.969810485839844,32.7430028060418,31.801725297961216,32.440448099979506,9452703
2013-08-13,32.32278823852539,32.44044649634345,31.60002059849526,31.919384263518495,2256717
2013-08-14,32.642147064208984,32.99512636958761,32.12108259244062,32.27235878623119,9066232
2013-08-16,32.94468688964844,33.29766606043255,32.10426137816251,32.64213461743355,16654810
2013-08-19,32.440433502197266,32.84383959541938,31.852135609348622,32.642136548808324,5042098
2013-08-20,32.42362976074219,32.608521577167515,31.885756440776383,32.440436449653255,5439143
2013-08-21,32.81023025512695,33.23044314580067,32.49086891417509,32.59172046389695,17512680
2013-08-22,32.978309631347656,33.19681938427985,32.28916015546857,32.60852144044655,11299648
2013-08-23,32.87745666503906,33.011926128500775,32.47405283425462,32.87745666503906,19297499
2013-08-26,32.92790222167969,33.09598743637307,32.675774399639614,32.843859614333,24410353
2013-08-27,32.17150115966797,34.70958696931687,31.868946570818213,32.94469090052757,13466053
2013-08-28,31.549585342407227,32.541287112272435,30.978096380095103,31.936180213435915,11398478
2013-08-29,32.709381103515625,33.11278505217806,31.51597595054678,31.51597595054678,15533827
2013-08-30,32.82703399658203,33.062352721907246,31.532777587592655,32.57490630234778,8242572
2013-09-02,33.28086853027344,33.448953690328345,32.6757637779165,32.84384893797141,15403306
2013-09-03,32.154701232910156,33.61704312404097,31.650445722837603,33.44895567421576,4877060
2013-09-04,32.3900146484375,32.57490876079009,31.650440478827797,31.80171665082513,4850453
2013-09-05,32.7268180847168,34.172649057693974,32.318581611373816,33.18608065657983,9746210
2013-09-06,33.6623420715332,34.15562491776012,32.35258891804671,32.64175591778194,7041237
2013-09-10,34.78499221801758,35.227244434799026,33.76440361293551,33.76440361293551,8723482
2013-09-11,33.679359436035156,35.00612319208691,33.356174191505275,34.66592771214004,5150080
2013-09-12,33.679359436035156,34.24068336220645,33.424212826075,33.84945717600859,5409563
2013-09-13,33.93450164794922,34.087589122256986,33.49224714998404,33.509255074942175,6331674
2013-09-16,34.88705062866211,35.36332564085197,33.74739726037166,33.93450521847846,14084730
2013-09-17,34.54684829711914,34.887043677861705,33.52626215489146,34.71694598749042,5923058
2013-09-18,34.15563201904297,34.52984794272721,33.6453388360725,34.18965248741357,4635243
2013-09-19,34.15563201904297,35.43136497646913,33.76440586117342,34.972100188956475,10203659
2013-09-20,34.56385803222656,34.88704317788078,34.1896445030313,34.27469334699808,15290056
2013-09-23,33.764408111572266,34.325732034510885,33.62833084321649,34.05357519070109,3730187
2013-09-24,33.730384826660156,33.96852116367502,33.35616893485258,33.52626664802004,8304198
2013-09-25,34.18964385986328,34.30871085491837,33.40719404866877,33.679348498564686,5150528
2013-09-26,33.78141403198242,34.10460154046849,33.5262674560816,34.01955268183488,6791644
2013-09-27,33.6623420715332,34.15562491776012,33.526262533441134,33.78140907187895,4575709
2013-09-30,33.356178283691406,33.66235563746484,32.913923644084356,33.40720899620291,5763141
2013-10-01,33.679359436035156,33.74740037770313,33.30514579235255,33.424212826075,4024187
2013-10-03,33.98552703857422,34.104596345362786,33.543272579627875,34.01954749968455,11166670
2013-10-04,33.322166442871094,33.84946775592226,33.23711754630168,33.84946775592226,16408671
2013-10-07,33.356178283691406,33.40720899620291,32.84588500116755,33.18608052285012,3643908
2013-10-08,33.4242057800293,33.611313715976124,33.237100151180236,33.543275095749394,7001377
2013-10-09,33.69636154174805,33.81543085384167,33.16905821362982,33.16905821362982,5815351
2013-10-10,33.764408111572266,33.866467216388216,33.42421263358458,33.69636947739438,4045318
2013-10-11,33.6623420715332,33.985527225468246,33.56028299473855,33.866457918024885,2594571
2013-10-14,33.866455078125,33.9855243755837,33.44121088305452,33.67934717087451,3588795
2013-10-15,33.6623420715332,34.070576071614184,33.42420345664649,33.90047837932231,6566169
2013-10-17,33.20307922363281,33.95150864986594,33.015971290300094,33.59430301479398,7117518
2013-10-18,33.84945297241211,34.01955299835992,33.015974611467485,33.50925753471243,15690831
2013-10-21,33.84945297241211,34.00254276505534,33.696365486866846,33.84945297241211,2023039
2013-10-22,34.68293380737305,35.2442553594398,33.78141450887138,33.78141450887138,9232804
2013-10-23,34.22367858886719,35.14220606990051,34.12161946717491,35.00612877904321,3579487
2013-10-24,33.679359436035156,34.54685837131933,33.40720489775626,34.359752703027155,7207079
2013-10-25,34.08758544921875,34.27469336747694,33.441212850426574,33.88346730073752,5281406
2013-10-28,33.59430694580078,34.325728533124796,33.44121945774162,34.12161034431391,5287076
2013-10-29,34.15563201904297,34.342739980885085,33.33916154203137,33.54327973805879,7086272
2013-10-30,34.07057571411133,34.2746938655588,34.01954732979824,34.24067340461836,3289474
2013-10-31,34.4618034362793,34.8700397860472,33.628325118515875,34.34273642351186,8249061
2013-11-01,33.305145263671875,34.66592716185853,33.20308615988823,34.46180895429124,9616570
2013-11-05,32.369590759277344,33.35615619603719,32.165472658590545,33.25409714569379,17767298
2013-11-06,32.74381637573242,32.913914087184054,32.420631185393894,32.420631185393894,9564186
2013-11-07,32.33557891845703,32.74381292145512,32.165481224949694,32.624745920258555,9949028
2013-11-08,32.675777435302734,32.811856987401484,31.859309351101633,32.06342521860299,6427427
2013-11-11,32.641754150390625,32.79484160374486,32.04641225960391,32.62474392066294,7123880
2013-11-12,32.43763732910156,32.72680432495815,32.25052940867069,32.64175547995299,5714533
2013-11-13,32.65876770019531,32.743816556390364,32.16548479568356,32.267543884537204,4914428
2013-11-14,32.65876770019531,32.89690634321977,32.573718844000254,32.69278816551248,2329910
2013-11-18,32.777835845947266,32.89690516318841,32.55670975061119,32.760825613898845,4220710
2013-11-19,32.33557891845703,32.77783338299563,32.09744260896629,32.52268684273463,6280476
2013-11-20,31.89331817626953,32.471652066037535,31.825279573678344,32.18248512115353,5017948
2013-11-21,31.774263381958008,32.04642020377509,31.53612702802983,31.978379267997283,4281191
2013-11-22,31.944368362426758,32.04642748217513,31.70623195441292,31.70623195441292,7516975
2013-11-25,32.02939987182617,32.1824873148658,31.876312428786537,31.876312428786537,8325845
2013-11-26,32.063419342041016,32.199498869199196,31.757244443355592,31.893321663416355,7679212
2013-11-27,31.349023818969727,32.216522810603294,31.246964706936648,31.893335237982143,4670852
2013-11-28,32.216514587402344,32.31857136628723,31.17891810959087,31.38303397445846,21937834
2013-11-29,32.35260009765625,32.52269784872629,31.774268205437792,32.09745347105119,19972565
2013-12-02,31.84229850769043,32.21651438490897,31.33200538808213,31.33200538808213,12138526
2013-12-03,31.89331817626953,31.978367006282806,31.70621259591806,31.808269346256257,10819239
2013-12-04,32.52268981933594,32.62474890620071,31.74023989616985,31.842298983034617,21813713
2013-12-05,32.760833740234375,32.87990308701071,32.36960984156648,32.828872378207265,14177075
2013-12-06,33.6623420715332,33.985527225468246,32.64175591778194,32.64175591778194,25973812
2013-12-09,34.4618034362793,34.648911378739946,33.50925579865059,33.849451218725285,30640399
2013-12-10,33.47523880004883,34.52984556163737,32.99896381119358,34.46180462958811,28724268
2013-12-11,33.33915328979492,33.50925097534851,33.04998860861234,33.16905560424134,7491141
2013-12-12,33.322166442871094,33.407215339440505,33.135058408998596,33.23711754630168,9916532
2013-12-13,33.169063568115234,33.39019199668622,33.015976075780294,33.06700677795732,12252500
2013-12-16,33.679359436035156,33.815439012272854,32.93092984157169,32.998968476141414,21800566
2013-12-17,33.577301025390625,33.76440668469823,33.288133958481914,33.47524192488766,18137305
2013-12-18,34.019554138183594,34.59788594023044,32.2335257233215,32.31857458559598,156704650
2013-12-19,33.764408111572266,34.35975250514895,32.74382167760922,33.16906602509382,508752991
2013-12-20,33.81543731689453,34.10460438319093,33.42421115031128,33.61131911632082,55032517
2013-12-23,33.91749954223633,33.98553817966373,33.52627333960669,33.679360850592914,27772323
2013-12-24,33.5262565612793,33.91748256811857,33.49223841313927,33.84944165764413,16656973
2013-12-26,33.679359436035156,33.88347764684258,33.118037816962115,33.37318442692227,58569185
2013-12-27,33.951515197753906,34.05357429990011,33.407203831471094,33.67935836106341,17259233
2013-12-30,33.679359436035156,34.08759585765001,33.54328216689571,33.815439012272854,10546799
2013-12-31,33.98552703857422,34.01954749968455,33.62832142530611,33.71337027098434,12881038
2014-01-01,33.84945297241211,33.98553253175076,33.730385953476,33.96852229844619,3186233
2014-01-02,34.66592025756836,34.83601796096392,34.019549907504306,34.053568063924764,29730385
2014-01-03,34.257686614990234,34.95508766815198,34.07057867773741,34.66592064629781,10720086
2014-01-06,33.98552703857422,34.35974288239749,33.71337027098434,34.35974288239749,6603244
2014-01-07,33.611305236816406,34.01954146938613,33.52625640621392,33.98552101430625,12753362
2014-01-08,33.59430694580078,33.84945352826539,33.509258084979244,33.526268318563154,10653844
2014-01-09,33.62832260131836,33.849448684975705,33.509253290365834,33.5943021390183,12969982
2014-01-10,33.15204620361328,33.84944483761845,32.84586899900615,33.84944483761845,21668655
2014-01-13,33.33915328979492,33.4752328224963,32.93091930588583,32.93091930588583,11775173
2014-01-14,33.15204620361328,33.509249481675475,33.0499871354109,33.305133652368134,6262293
2014-01-15,33.169063568115234,33.849454473691054,33.0329863098393,33.18607380217425,8229009
2014-01-16,33.4242057800293,33.56028532758052,33.220089919349114,33.305138771406966,15169976
2014-01-17,33.08400344848633,33.42419878552689,32.896897858791846,33.33914995126675,11229974
2014-01-20,33.50925827026367,33.64533783258936,32.99896510251286,32.99896510251286,13050752
2014-01-21,33.28813552856445,33.59431053741639,33.23710712945521,33.39019463388118,11629511
2014-01-22,33.37317657470703,33.64533335604971,33.28812772473105,33.305137956145785,12315468
2014-01-23,33.356178283691406,33.492257876623555,33.20309076035396,33.33916804618757,5617086
2014-01-24,33.37317657470703,33.577294737488465,33.254107261901574,33.27111749331631,11973294
2014-01-27,32.84587478637695,33.645334936545034,32.607738456677254,33.13504181271804,12637443
2014-01-28,32.862884521484375,32.998961762940716,32.76082543684323,32.845874289527885,7516995
2014-01-29,32.55670928955078,32.98195354925009,32.45465020580339,32.89690469731023,5177129
2014-01-30,32.52268981933594,32.76082615062184,32.31857164560641,32.55671028399014,28308126
2014-01-31,32.48867416381836,32.65877189807241,32.38661736894447,32.65877189807241,15088682
2014-02-03,32.38661193847656,32.879894823681816,32.30156308561021,32.369601706483735,4482727
2014-02-04,32.43763732910156,32.72680432495815,32.25052940867069,32.33557825367585,8237100
2014-02-05,32.91391372680664,32.94793419156362,32.21651496316913,32.21651496316913,8121381
2014-02-06,32.7268180847168,32.828874895953994,32.403630492137175,32.65877713442727,8396200
2014-02-07,33.169063568115234,33.28813289943023,32.5907317597954,32.72681132516941,6497909
2014-02-10,32.99896240234375,33.33915781967417,32.89690562282289,33.11803172124853,3792896
2014-02-11,32.52268981933594,33.1350420334267,32.48866935468174,33.03298294656193,5013980
2014-02-12,32.55670928955078,32.77783538175532,32.437639973995864,32.624747909683116,5538187
2014-02-13,32.31857681274414,32.624754122290476,32.2845586497489,32.50568478406164,6549052
2014-02-14,32.403621673583984,32.43764213947018,32.30156489012125,32.38661374773881,14754417
2014-02-17,32.50567626953125,32.60773534598003,32.352588808406885,32.352588808406885,4752663
2014-02-18,32.57373046875,32.69279983275511,32.48868158220312,32.53971229839047,4866082
2014-02-19,32.28455352783203,32.60773871405383,32.165484208493446,32.50567962706331,2804777
2014-02-20,32.35260009765625,32.539708085252975,32.06343299799782,32.18250234658621,5141168
2014-02-21,32.42063903808594,32.55671862446617,32.352600398445034,32.403628801401105,4456386
2014-02-24,32.33557891845703,32.40361753444044,31.99538353144236,32.40361753444044,5118446
2014-02-25,32.42063903808594,32.52269815109651,32.28456175880413,32.352600398445034,4052135
2014-02-26,32.38661193847656,32.72680734994195,32.26754262162456,32.488668716237946,21051173
2014-02-28,32.148468017578125,32.4546452218012,31.72322382318281,32.33557592453155,27401493
2014-03-03,32.216514587402344,32.42063045226993,31.927347561634324,32.01239641543694,15373777
2014-03-04,33.15442657470703,33.30959499074195,32.37858215607389,32.482028546250014,9410466
2014-03-05,33.223392486572266,33.32683888431843,32.895814175758325,33.17167045692853,5385763
2014-03-06,33.65441131591797,33.89578464285348,33.15442320902478,33.22338668265516,7952223
2014-03-07,34.13715744018555,34.292328176519476,33.5337229629793,33.5337229629793,13092149
2014-03-10,34.102691650390625,34.24061865527764,33.6889082972703,34.05096726971354,11546535
2014-03-11,34.08543395996094,34.171638881582595,33.84406064711193,33.93026556873359,7773473
2014-03-12,33.964752197265625,34.0509571342755,33.7233788413297,33.91303017044313,15253272
2014-03-13,34.06819152832031,34.481977010972464,33.82681822241195,33.98198660917746,12326297
2014-03-14,33.91302490234375,34.48197880130192,33.79233707389432,33.89578344992837,11859122
2014-03-18,34.98196792602539,35.15437777836587,33.96474792644992,33.96474792644992,15512927
2014-03-19,35.275054931640625,35.67159890134148,34.9474767573366,34.9474767573366,12921191
2014-03-20,34.2406005859375,35.24057902827042,34.13715421763299,35.06816919391557,6054665
2014-03-21,34.77507400512695,35.464713391430756,34.32680793633784,34.41301285962582,21508819
2014-03-24,35.58540344238281,35.93022315707507,34.82680053775152,34.82680053775152,9956813
2014-03-25,36.412967681884766,36.533655510316294,35.37850859861412,35.37850859861412,14139614
2014-03-26,35.86126708984375,36.723316554651646,35.723337772399184,36.550906661690064,6805235
2014-03-27,36.37849426269531,36.68883111326421,35.86126461944137,35.86126461944137,20892387
2014-03-28,37.050880432128906,37.32673662096327,36.13710695276872,36.32675822874596,6967406
2014-03-31,36.206077575683594,37.343983044633404,36.050906841109075,36.96468044216406,6602071
2014-04-01,37.24053955078125,37.74052768295599,36.24056094797335,36.37849024066673,13292951
2014-04-02,37.37847137451172,37.61984708355584,36.98192957558276,37.292266432269884,8823613
2014-04-03,37.48191452026367,37.7922536884787,36.86123852229213,37.27502407991217,6355761
2014-04-04,36.75778579711914,37.49914951135421,36.67158087721679,37.49914951135421,7240495
2014-04-07,36.861236572265625,37.32674413073271,36.48193394399922,36.79227309579675,6247841
2014-04-09,36.80950927734375,37.03364112838004,36.39572380087975,36.91295564645975,6654828
2014-04-10,37.17158126831055,37.309508241820495,36.61986869735326,36.861242070225046,9464658
2014-04-11,37.11985397338867,37.223300364596234,36.947444100862256,36.96468555580661,6290384
2014-04-15,37.18882369995117,37.309509220322866,36.826762461918484,36.981930895801405,9004170
2014-04-16,37.13709259033203,37.30950244968296,36.44745315292831,37.1543340439588,10220793
2014-04-17,36.964683532714844,37.068129918260745,36.60262235253341,37.05088846426003,10918544
2014-04-21,36.533668518066406,37.30951310675753,36.464705022319,36.82676629806667,4950498
2014-04-22,36.533668518066406,36.72331988521604,35.9819558751691,36.61987347236542,8749084
2014-04-23,36.412967681884766,36.87847520473984,36.27504073949863,36.516414057903475,11101407
2014-04-24,36.412967681884766,36.412967681884766,36.412967681884766,36.412967681884766,0
2014-04-25,36.37849426269531,36.65434820166381,36.06815507366775,36.34401135109491,5635586
2014-04-28,36.585384368896484,36.72331367552733,36.137118214648886,36.29228897691591,4189566
2014-04-29,36.412967681884766,37.0336435995388,36.25779928708581,36.826753185959596,8984063
2014-04-30,36.48194122314453,37.20606371669594,36.1716043478847,36.46470210443143,9560866
2014-05-02,36.050907135009766,36.70606596839263,35.895738737628484,36.41296828787158,2642603
2014-05-05,36.24055862426758,36.41296847523575,35.84401690242409,35.96470239502685,1955739
2014-05-06,35.34402847290039,36.257799739132004,35.17161862353908,36.17159481445135,4306301
2014-05-07,35.34402847290039,35.74057019104809,35.17161862353908,35.41299194495326,6851875
2014-05-08,35.70610046386719,36.10264466682597,35.3440415173497,35.654378425353,6511390
2014-05-09,36.843994140625,36.981921081147796,35.706086358250104,35.792291280691394,19808139
2014-05-12,38.44740295410156,38.96463246441908,36.70606313500762,36.70606313500762,8560913
2014-05-13,38.91291809082031,39.75772365076601,38.654303284872576,38.75774733648484,14210275
2014-05-14,38.61981964111328,39.309459110528984,38.447409773759354,38.94739792139404,8786547
2014-05-15,39.46462631225586,39.86116803611942,37.32674227859305,38.46464776847139,17562208
2014-05-16,41.205963134765625,43.32660333538849,40.36115300656569,40.36115300656569,35379329
2014-05-19,42.15420913696289,43.171428916606324,41.48180898744733,41.48180898744733,25035487
2014-05-20,43.067989349365234,43.999004418798556,42.395593734255876,42.74041343746576,22538200
2014-05-21,42.91282272338867,43.39556936613558,42.412832289558644,42.75765198822308,10213784
2014-05-22,43.24039840698242,43.77487174329359,42.464554089006356,42.792134671807275,17055437
2014-05-23,45.11968231201172,45.5162241571112,41.39562556741114,43.44730530241687,22941667
2014-05-26,44.18865203857422,46.48170181698225,42.41282706756408,45.41275994735054,23747350
2014-05-27,43.75764465332031,44.309357314281485,42.7576680860947,43.309380747055876,11091241
2014-05-28,43.050750732421875,43.79211216750625,42.86110176423166,43.79211216750625,13246147
2014-05-29,43.11971664428711,43.792112268720054,42.89558009255952,43.39557053991346,14803509
2014-05-30,42.068016052246094,43.61970482390884,41.43009862184581,43.27488509687268,69911271
2014-06-02,43.171424865722656,43.56796646777809,42.13696607240493,42.17144896756521,13367356
2014-06-03,43.18867874145508,43.636947177975635,42.60248803096673,43.102473812537674,18372713
2014-06-04,42.84386444091797,43.4128161083006,42.688698355404874,43.18868420017015,23251745
2014-06-05,43.75764465332031,44.309357314281485,43.274897828823626,43.34386366528812,19424103
2014-06-06,44.171417236328125,44.27486596038716,43.464538668050544,44.10245142028876,14951210
2014-06-09,47.360992431640625,49.17129571702637,44.188654242447676,44.43002520768275,41900147
2014-06-10,46.87826156616211,48.61959963084833,46.37827100105695,48.067891709664615,22963428
2014-06-11,46.11965560913086,47.29204661995848,45.361054888091545,46.87826100708783,14529763
2014-06-12,47.0506591796875,47.42996178418474,45.585175458110925,46.06792210159991,15766959
2014-06-13,45.998966217041016,47.75754314207811,44.82657536446025,47.343762261976394,10439654
2014-06-16,45.447242736816406,45.86102351710239,44.70588141316927,45.86102351710239,11540459
2014-06-17,46.03343963623047,46.481708055617226,45.18863417128022,45.18863417128022,16756330
2014-06-18,46.18861389160156,47.06790232916517,45.34380368538014,46.20585300727266,13262126
2014-06-19,45.2403564453125,46.550669451365295,45.067946593099414,46.20584974693913,4904553
2014-06-20,45.619667053222656,45.981725935576634,45.050715376558955,45.4817400826553,9100975
2014-06-23,45.309329986572266,46.033447747865836,45.08519339892512,45.51621810298908,9955400
2014-06-24,45.654136657714844,46.05067833635507,45.48172682553074,45.84378560235095,10866416
2014-06-25,45.654136657714844,45.947229630895,45.30931699334664,45.51620505043475,14393130
2014-06-26,45.705867767333984,46.03344370752091,45.37828715023011,45.878277633827196,19577916
2014-06-27,47.08514404296875,47.37824173485548,45.343801683475085,45.86103125377518,21315448
2014-06-30,47.998905181884766,48.34372482238252,47.34374880032218,47.516158620571055,33365772
2014-07-01,48.2747688293457,48.843725093268986,47.74030014877633,48.274768829345696,17681327
2014-07-02,48.7230339050293,49.22302432165795,48.48165825350174,48.48165825350174,15633096
2014-07-03,48.44717788696289,48.96440744425609,47.981675026932265,48.87820251804056,10773481
2014-07-04,49.72300338745117,50.44712556792441,48.11959299442052,48.41269062424489,11771805
2014-07-07,50.36094284057617,50.67127971835613,49.671303255768365,50.171293825521126,13259170
2014-07-08,47.49891662597656,50.48161037044249,46.89548223231955,50.343683444418346,14948074
2014-07-09,46.96446228027344,48.06788737701797,46.13689579617369,47.58513597411893,8629784
2014-07-10,47.42996597290039,48.18856657197319,44.826574207916956,47.24031231544451,17933570
2014-07-11,45.75758743286133,47.87822774601459,45.067948002442925,47.343759058207006,11319671
2014-07-14,46.18861389160156,47.13686814568333,45.43000861756939,45.757589230655306,7915363
2014-07-15,46.60239028930664,46.86100503511098,45.89550717795853,46.36101465578953,9737615
2014-07-16,46.98169708251953,47.309277693412895,45.96448169564489,46.67136026409874,6411041
2014-07-17,47.826507568359375,48.06788324908022,46.792048382841884,46.9127362232023,8924449
2014-07-18,47.27479553222656,47.63685905686805,46.861014660100935,47.533410331148936,5148178
2014-07-21,47.205833435058594,47.5851313909222,47.03342357260537,47.27479457388978,4656631
2014-07-22,46.80928039550781,47.516163537830145,46.42998249324081,47.24030499073502,6944595
2014-07-23,46.99894714355469,47.65410377580716,46.619644458487215,47.05066917403719,7269605
2014-07-24,46.43000030517578,47.06791320930156,46.20586368813919,46.964469137529264,5942240
2014-07-25,46.481712341308594,46.757566257968065,45.55069718797819,46.37826361487357,8230977
2014-07-28,45.93000030517578,46.75756674061354,45.58518056733362,46.55067396252485,5386124
2014-07-30,46.44723129272461,46.87825597784083,45.8610358501997,45.8610358501997,8577572
2014-07-31,45.89551544189453,46.42998881894357,45.654144441832194,46.27481807275457,19081582
2014-08-01,44.757598876953125,45.861018855813995,44.56794527963026,45.861018855813995,10682255
2014-08-04,45.671382904052734,46.44722727006835,44.25762112392982,45.17139244185375,23311942
2014-08-05,45.671382904052734,46.223095388602744,45.17139244185375,45.861031878312076,16126934
2014-08-06,46.223087310791016,46.51618495544827,45.29207236350703,45.46448219249178,9867110
2014-08-07,46.37825012207031,47.016167380287946,46.15411829537644,46.46445503056146,11406313
2014-08-08,45.48173141479492,46.25757573790876,44.981740980243856,46.11964411671088,5755079
2014-08-11,45.49897384643555,46.13689127178022,44.82657351327716,46.13689127178022,7165189
2014-08-12,45.602413177490234,45.826549716644315,45.205871470928656,45.55069115957635,4457748
2014-08-13,45.619667053222656,46.29206278858253,45.11967652338394,45.5162183176091,7838517
2014-08-14,45.93000030517578,46.205854224682696,45.70586841096178,46.03344435576162,4598772
2014-08-18,46.481712341308594,46.654122208450005,45.63690212154889,45.7231070551196,5649943
2014-08-19,47.08514404296875,47.55065159162218,45.99896288072189,46.58515358757865,7522151
2014-08-20,47.27479553222656,47.44720539817481,46.99894161747614,47.136868574851356,11632976
2014-08-21,47.0506591796875,47.27479104878062,46.75756149998889,47.13686410448612,5097954
2014-08-22,46.2575798034668,47.205834059503125,46.17137487109986,47.0679024261825,3969492
2014-08-25,45.671382904052734,46.37826145565582,45.516212160082915,46.274817410953766,7109144
2014-08-26,45.17138671875,45.86102606783272,44.96449865555812,45.49896728033075,7855848
2014-08-27,44.65415573120117,45.585170692460984,44.085204222393955,45.06794119774242,14179712
2014-08-28,44.55072021484375,44.93002285215644,43.947285689047106,44.67140805538645,24486863
2014-09-01,45.654136657714844,45.79206358807892,43.861072532233784,44.13692639296194,7250215
2014-09-02,45.688629150390625,45.94724397942773,45.25760443532878,45.44725811610648,8985537
2014-09-03,45.77482986450195,46.03344466964697,45.30932695677456,45.912761502112936,8220774
2014-09-04,46.71860122680664,46.840487166957224,45.464877458371205,46.00467289584324,8542895
2014-09-05,46.823081970214844,47.18874928247973,46.31810832610666,46.89273513613649,5566453
2014-09-08,46.352928161621094,47.25839556914902,45.88278116891152,47.014614247439226,6820385
2014-09-09,46.683780670166016,47.014621401654715,46.49223682438143,46.52706340757222,6490318
2014-09-10,47.415122985839844,47.57183553469646,46.5793038311519,46.5793038311519,5594235
2014-09-11,48.007171630859375,48.1290623574567,47.119119395065674,47.554440044676575,6309287
2014-09-12,47.066856384277344,48.02456129501054,46.89272821868949,47.81560655159936,7528757
2014-09-15,47.62407684326172,47.81562071626767,46.61413412837738,46.68378730465776,3929071
2014-09-16,47.34547805786133,47.98975346696295,46.8405042909499,47.449953108621315,6434969
2014-09-17,47.415122985839844,47.57183553469646,46.596719485600296,47.5370089493295,5122756
2014-09-18,47.55442810058594,48.02457522878667,47.066870040186366,47.29323577642222,16935401
2014-09-19,47.65889358520508,48.459886052825816,47.27581064186727,47.27581064186727,17128011
2014-09-22,47.71112823486328,47.85043455029316,47.17133279492377,47.641479800677274,7010679
2014-09-23,47.53700637817383,48.19869729376757,47.27581408734353,47.885262765947566,10349414
2014-09-24,47.310630798339844,47.85043092086475,47.136502640788954,47.39769487711529,6457902
2014-09-25,47.362884521484375,47.72855661169179,47.1016921957063,47.362884521484375,16106351
2014-09-26,47.71112823486328,47.85043455029316,47.032031203022825,47.380287544539655,5236288
2014-09-29,48.59918975830078,48.790728876502186,47.53700497287371,47.711133161612956,8073293
2014-09-30,47.101680755615234,48.42505771891948,46.70118689806714,48.39023113923508,12952693
2014-10-01,47.34547805786133,48.05940192629273,46.910157473810315,47.36288899181111,7924373
2014-10-07,47.79818344116211,47.97231157957415,46.99719589387793,47.34545217070202,8847590
2014-10-08,48.024574279785156,48.33800411788198,47.64149126720901,47.711139718158265,4593053
2014-10-09,48.076805114746094,48.372823979832525,47.81561283205738,48.11163169714381,9248781
2014-10-10,47.380287170410156,48.007146690778995,47.25839650713596,47.8852560275048,11619666
2014-10-13,46.96238327026367,47.48476784065854,46.857908245596484,46.96238327026367,10406480
2014-10-14,47.380287170410156,47.58924191837607,46.78824950509489,47.06685741022574,14165351
2014-10-15,47.380287170410156,47.380287170410156,47.380287170410156,47.380287170410156,0
2014-10-16,46.648948669433594,47.41511451653478,46.143975080635684,47.362872286050944,11263977
2014-10-17,46.70118713378906,47.188745081244576,46.492232378156956,46.99720597730711,5532569
2014-10-20,47.04945373535156,47.53701178902466,46.49224250678368,46.49224250678368,7878465
2014-10-21,48.738487243652344,49.051917012176006,47.066858662506775,47.275808692503205,6706899
2014-10-22,48.686256408691406,49.27828944736884,48.39023752758786,49.10416124948789,11612786
2014-10-27,49.46983337402344,50.63649324629738,48.808147165780355,49.06933946299707,11023074
2014-10-28,49.62653732299805,49.765838899421944,48.68624341596202,49.365340372351675,7011349
2014-10-29,49.64395523071289,50.14892883023908,48.75589869949745,49.93997407445138,13392055
2014-10-30,50.30564498901367,50.56683727173716,49.31311336995855,49.452414976038526,15543181
2014-10-31,50.77578353881836,50.96732262465866,50.09668182805982,50.305636563949264,12145111
2014-11-03,50.444942474365234,52.23846644804795,50.34046745922193,51.01956922824053,13632949
2014-11-05,49.609134674072266,50.81062112308205,49.46983306114366,50.392711560766564,5298871
2014-11-07,50.46235656738281,50.67131131474492,49.48723598753598,49.48723598753598,4488647
2014-11-10,51.57677459716797,52.02951067549212,49.71360694790933,50.49718371672877,10354057
2014-11-11,51.42006301879883,52.551896150034736,51.15887075774439,51.890210033402624,8362310
2014-11-12,49.783260345458984,51.402651551097954,49.46983055138845,51.17628585113197,6309241
2014-11-13,50.37529373168945,50.61907034004744,49.80067170484611,50.13151239980245,10971261
2014-11-14,50.183753967285156,50.810618275628585,49.80067573408179,50.09668987364268,6123081
2014-11-17,51.10662841796875,51.21110342310052,50.04444382266238,50.28822513267462,4923950
2014-11-18,51.66383743286133,52.16881100551918,50.84543882849207,51.176279510984436,6475424
2014-11-19,51.07181167602539,52.238471501113004,50.584253685646395,51.80315102335864,5431984
2014-11-20,50.89767074584961,51.193689541338536,50.2359847299809,50.915081671190244,3590544
2014-11-21,51.03697204589844,51.193689267238284,50.653889178700815,50.653889178700815,5424821
2014-11-24,49.609134674072266,50.67131951015344,49.17381418146433,50.42753814488113,6633290
2014-11-25,48.44246292114258,49.104148962819494,47.31062991811969,49.104148962819494,55543705
2014-11-26,48.459877014160156,48.93001923687668,48.0767941422744,48.233506642003796,5741991
2014-11-27,49.01709747314453,49.55689772424588,48.52953946057502,48.52953946057502,4482174
2014-11-28,49.696197509765625,50.00962731177286,48.56436425774594,49.069337905751155,4619433
2014-12-01,48.181278228759766,49.76584751505171,47.98973911845807,49.435002080680526,2477146
2014-12-02,48.076805114746094,48.47729900349624,47.972325367552955,48.05938946178253,2350906
2014-12-03,47.78079605102539,48.42507142519154,47.676321005930504,48.059399320298674,8617759
2014-12-04,47.53700637817383,47.95491593291413,47.258403157366665,47.74596115554398,4516507
2014-12-05,47.62407684326172,48.12905056246898,47.362884517505584,47.46736428192615,5700055
2014-12-08,47.310630798339844,48.16386065975064,47.171329217004846,47.62406053722573,3081176
2014-12-09,46.9972038269043,47.65888991985564,46.875313164735374,47.153921067339894,4817465
2014-12-10,47.79818344116211,47.98972722753219,46.770830258647884,46.87530525228389,3714413
2014-12-11,47.34547805786133,48.05940192629273,46.9275684077601,48.02458005839316,3222482
2014-12-12,46.94496154785156,47.48475692374697,46.509641172604184,47.39769284869749,4812683
2014-12-15,46.823081970214844,47.084274257126765,46.300697396390994,46.57930061301858,2791969
2014-12-16,46.33551788330078,46.96237740000592,46.022088124948205,46.50964605166653,4811157
2014-12-17,45.621585845947266,46.78824542375436,45.1340279589091,46.17879688407453,6760384
2014-12-18,45.8305549621582,46.44000369314747,45.11663119526849,45.98727223953886,5750448
2014-12-19,47.293216705322266,47.415107352152006,45.44745552475472,46.196210330911065,4845177
2014-12-22,47.65889358520508,47.798195185456315,46.92755427947457,47.32805287504955,3767407
2014-12-23,48.42506408691406,48.66884072970396,47.519596513693806,47.641487196853596,6644017
2014-12-24,47.46735382080078,48.390232223710555,46.70118794468938,48.390232223710555,8715919
2014-12-26,47.7459602355957,48.66883870070857,47.5370054622516,48.23351822437896,2310253
2014-12-29,47.71112823486328,48.49470500327614,47.606653221819805,48.059384576380104,1421574
2014-12-30,47.937503814697266,48.233517958143906,47.79819748421715,48.059389768573205,2146065
2014-12-31,48.059391021728516,48.808146035229996,47.86785189761811,48.16387077231293,3960548
2015-01-01,47.7459602355957,48.129043199471646,47.67631179350065,48.05939003384712,778837
2015-01-02,48.32058334350586,48.52953812127749,47.763376900820944,47.763376900820944,3612848
2015-01-05,48.372833251953125,48.790738150241566,47.415128031854586,48.23352689565999,7291352
2015-01-06,47.293216705322266,48.163857434780084,46.71859476858575,48.0767933618343,8288963
2015-01-07,47.97232437133789,48.23351664860257,46.49223480017138,47.014619354700734,3256180
2015-01-08,48.181278228759766,48.37282206259069,47.44993892151189,48.05938755696358,2436600
2015-01-09,48.21610641479492,48.58177371882658,47.6937218527329,48.1638689032946,2079643
2015-01-12,47.53700637817383,48.477300514574736,47.1887499904001,47.920089349430846,3660975
2015-01-13,47.310630798339844,47.98973250219975,47.10167606457306,47.55441210832252,2850708
2015-01-14,47.380287170410156,47.67630600306779,46.94496674695155,47.29322308571844,3939014
2015-01-15,49.783260345458984,50.04445262777267,47.53700482814953,47.53700482814953,6425406
2015-01-16,51.315582275390625,51.872793366101185,49.03450512959516,49.73101781210113,8222495
2015-01-19,51.489707946777344,51.85537992146112,50.28822646189018,51.2459313538502,5082702
2015-01-20,51.3330078125,52.23847541884235,51.12405302280102,51.89021901052067,6145107
2015-01-21,51.15888214111328,51.5593760858049,50.86286323467857,51.298183766632526,2865190
2015-01-22,51.66383743286133,52.72602208346227,51.07180450041397,51.22851701626967,7016755
2015-01-23,52.081748962402344,52.23846620792597,51.2633456024449,51.82055670221565,4549463
2015-01-27,52.22105026245117,52.58672225877117,51.263345313825305,51.6290173101453,6048058
2015-01-28,52.04691696166992,52.83049366061073,51.89020445599887,52.39517327231028,5448999
2015-01-29,51.820560455322266,52.221054338575186,51.40265091934483,52.186232480184856,6923717
2015-01-30,51.54194641113281,52.412587158439365,50.84543381328758,51.71607456059412,3094145
2015-02-02,51.489707946777344,51.785726767179824,50.84543752555448,51.28075793099085,2427202
2015-02-03,51.263343811035156,52.02950963688721,51.01956721083047,51.85538146951437,1320013
2015-02-04,50.93251037597656,51.9772795289076,50.81061969676204,51.36783085636449,1740828
2015-02-05,50.02703094482422,51.15886392489084,49.696185568931845,50.93249827358319,2453418
2015-02-06,49.9573860168457,50.49718620721683,49.31311080822425,49.591718729440394,2422833
2015-02-09,49.26087188720703,49.95738458499052,48.75589829190238,49.800672062106656,2511094
2015-02-10,50.53200149536133,50.915084385028855,48.755893351287234,48.82554650341899,3982617
2015-02-11,50.75837326049805,51.83796408324441,50.49718101818289,50.845437341269765,5670681
2015-02-12,52.32553482055664,52.93498348037325,50.86285614758503,51.82056118443969,7776840
2015-02-13,52.760860443115234,53.17876530224503,52.0121101040857,52.84792454587518,8270115
2015-02-16,53.196163177490234,53.77078511894755,52.93497095650707,52.93497095650707,3789682
2015-02-18,53.89268112182617,53.979745204138354,52.67378396945564,52.96980279402281,4034642
2015-02-19,53.73598861694336,53.9971809840971,52.63898161960384,53.91011686171252,2708022
2015-02-20,53.370304107666016,53.910099604241,53.039458659101065,53.59666980869651,4586215
2015-02-23,54.29317855834961,54.85038966682674,53.10910790504136,53.283236081219904,5857600
2015-02-24,54.58919906616211,54.92003977686624,54.17128954118622,54.293180212931624,3786009
2015-02-25,53.82304000854492,54.937462400885195,53.143942848690855,54.88522488451639,3842514
2015-02-26,53.196163177490234,54.48470863355689,52.51706151352268,53.6663101199656,7368101
2015-02-27,54.71110153198242,54.8504031624939,52.96981934176327,53.26583353527633,4870174
2015-03-02,54.57178497314453,55.37277746497977,54.11905357775937,54.93745699882889,3288237
2015-03-03,54.17129135131836,54.46731021444032,53.68373337157423,54.39765705010713,3773373
2015-03-04,53.78820037841797,54.79814749308846,53.318058121587754,54.38023801642973,4927543
2015-03-05,54.031986236572266,54.38024258855867,52.79567807643216,53.63149237649372,2511965
2015-03-09,52.55928421020508,53.99351482237833,52.3668847012839,53.6262092569636,2904210
2015-03-10,51.94710922241211,52.594262533148,51.31744461819742,52.559280375475495,4007085
2015-03-11,51.73722457885742,52.47183096197671,51.579807230821004,52.26194274613828,3350372
2015-03-12,52.3493766784668,53.31135963424456,51.789676555270354,51.789676555270354,4034334
2015-03-13,51.2824592590332,52.61174795519185,51.072575815361134,52.55927709427384,3743353
2015-03-16,51.33492660522461,51.66724516732467,50.91515029615933,50.91515029615933,1546607
2015-03-17,51.64975357055664,52.12200070563583,51.09005343804163,51.45735412942057,4288235
2015-03-18,51.29995346069336,51.859653722821974,51.03759440762962,51.597294669758234,3493449
2015-03-19,51.1075553894043,52.20946723847131,50.72276589663232,51.29995488042028,2641643
2015-03-20,51.84215545654297,52.419349115367716,50.58283116989808,51.07257181915901,3763675
2015-03-23,52.19198226928711,53.13647693779537,51.96460532898128,52.29692875724957,4249360
2015-03-24,51.75471496582031,52.76917391784954,51.59730235730688,52.12202054161279,5170910
2015-03-25,51.24748992919922,51.96460287896053,51.142543446184774,51.68475508018307,6008163
2015-03-26,50.75773620605469,52.296912940273856,50.390435470851536,51.387400709497804,11848617
2015-03-27,50.635318756103516,51.055090454587045,50.09310712169528,50.757749202767116,3479176
2015-03-30,50.7227668762207,50.932650332829716,50.233026158452745,50.74025558272809,4359504
2015-03-31,50.81023406982422,51.23000584475356,50.54787493125659,50.89768711601342,4797950
2015-04-01,51.22998809814453,51.369911974649874,50.75774086338796,50.75774086338796,2808077
2015-04-06,51.75471496582031,52.27943315012622,51.02010855886591,51.21250807322309,5315447
2015-04-07,51.75471496582031,51.84216799653796,51.07258417300096,51.49235587366735,2457023
2015-04-08,51.52732467651367,52.40185475696984,51.42238296471067,51.614777684559286,4009038
2015-04-09,52.821624755859375,53.031512898912176,51.56230064217135,51.61477149177736,2422269
2015-04-10,53.416316986083984,53.53875216526304,52.576768927560536,52.9965453291373,2200148
2015-04-13,53.9935188293457,54.46576142122003,52.734194180209,53.4513071671988,2208671
2015-04-15,53.0140266418457,54.57069210723856,52.82163191899015,54.20338662092874,2330815
2015-04-16,52.716697692871094,53.25890932381612,51.59730175943424,52.87411504419106,2492100
2015-04-17,52.506805419921875,53.03152351023274,52.15698861508491,52.716688860342444,3666806
2015-04-20,52.4018669128418,53.38134367694347,51.99958393143863,52.54179080924762,2278982
2015-04-21,52.069541931152344,53.171453850490046,51.80718285409675,52.471829645008484,2312891
2015-04-22,51.43988800048828,52.31441835860539,51.282470638174864,52.12202357767196,4849646
2015-04-23,51.29995346069336,52.10451932557021,51.03759440762962,51.77220070513406,3515131
2015-04-24,51.02009582519531,51.754702048805605,50.39043605903185,51.072571426233424,2613457
2015-04-27,50.70527648925781,51.684753239354464,50.547863887288436,51.10755946490895,2052351
2015-04-28,50.53036880493164,51.24748645064732,50.1980501595192,50.47789793930128,3429520
2015-04-29,50.040618896484375,50.65278989600053,49.848224194488,50.495372598273384,2061972
2015-04-30,49.74327850341797,50.652790665440826,49.11361879220237,49.708296353988445,4099911
2015-05-04,50.42543029785156,50.58284290480754,49.323518326007076,50.02314730945669,3652050
2015-05-05,50.07561111450195,51.29995335972294,49.515910853474956,50.04062895856967,7999174
2015-05-06,49.18359375,49.935693592079886,48.99119898482589,49.935693592079886,6031578
2015-05-07,49.078636169433594,49.34099517068127,48.291559165690565,48.97368972215716,5448071
2015-05-08,48.973697662353516,49.74328608863973,48.86875594269162,49.32350972073276,2987105
2015-05-11,50.02314376831055,50.1455742057326,48.903743167590335,49.2360618107262,3927933
2015-05-12,48.72883605957031,50.040631385939626,48.48396570079601,49.988160521810876,4551824
2015-05-13,49.27103042602539,49.498407276120545,48.29155872809451,48.79878327913308,4097879
2015-05-14,48.76382064819336,49.2535566455264,48.361532932347686,49.2535566455264,3467677
2015-05-15,48.99118423461914,49.5683731009926,48.72882522766492,49.043655087084176,6305129
2015-05-18,48.99118423461914,49.30601409403839,48.53642577578775,48.79878478274196,14967798
2015-05-19,48.536441802978516,50.337978041318266,48.30906487079533,48.973706958957955,6595326
2015-05-20,49.25355529785156,49.463443503717144,48.64138413177789,48.658872838670774,5168468
2015-05-21,48.798797607421875,49.306027052021896,48.518949824309615,49.148609708627326,2628801
2015-05-22,49.30602264404297,49.65583471397508,48.064191693635905,48.72883367758095,5380668
2015-05-25,50.05811309814453,50.163059556368644,49.34100031777885,49.58586589770959,5557091
2015-05-26,50.040618896484375,50.233013598480746,49.5159008968991,50.16305404531339,2220470
2015-05-27,50.09309387207031,50.233017734554956,49.60335798105941,50.040623016717234,1137269
2015-05-28,50.09309387207031,50.46039934880046,49.16609294540159,50.46039934880046,3848527
2015-05-29,50.26800537109375,50.530364421114534,49.410963909840596,49.84823373783838,3473570
2015-06-01,50.05811309814453,51.38740168991063,49.76077666141644,51.29994868037192,15815832
2015-06-02,49.848228454589844,49.98815231751157,49.445940824824596,49.848228454589844,4635659
2015-06-03,50.09309387207031,50.28549333453733,49.236052504329265,49.72579313996946,6029264
2015-06-04,50.495384216308594,50.775236727253535,49.81325350667967,50.02314170373088,8566490
2015-06-05,50.68777847290039,51.17751438569369,50.02313653806451,50.37294858214966,8696044
2015-06-08,51.12504577636719,51.31744051122329,50.35545734768336,50.88017543688696,4215142
2015-06-09,51.544822692871094,51.82467521595561,50.82770979518803,51.072580159808204,2699663
2015-06-10,51.47486114501953,51.84216193322297,51.14253776930784,51.614785028876554,2875048
2015-06-11,51.07257843017578,51.544820947245626,50.67029073840512,51.282461884593474,2113307
2015-06-12,50.86268615722656,51.0550808899094,49.76077913127196,50.89766831170426,2614529
2015-06-15,49.39348220825195,50.72277109695891,49.20108744214079,50.72277109695891,3574132
2015-06-16,50.40793228149414,50.6003317765291,49.148607816704775,49.25355428980478,2705206
2015-06-17,49.603370666503906,50.495389669516896,49.13112335829623,50.268012741751875,3030212
2015-06-18,49.65583038330078,49.918189412868536,49.27103619100886,49.42845350660129,4549773
2015-06-19,48.973697662353516,49.813250398167455,48.51894388431238,49.655833074044914,9119658
2015-06-22,49.428443908691406,49.74327373411384,49.11361408326898,49.27102662366593,1849073
2015-06-23,48.76382064819336,49.603368749997195,48.67636762207566,49.323516219642364,4200054
2015-06-24,48.92122268676758,49.166093004883926,48.64137496145972,48.64137496145972,3101425
2015-06-25,49.428443908691406,49.63833204051587,48.571402680670076,49.043649791117986,11124905
2015-06-26,48.65886306762695,49.41095797170831,48.588903509473596,49.14859895321742,4184617
2015-06-29,48.798797607421875,49.0436679761178,48.16913772310416,48.20411988215076,3452315
2015-06-30,48.65886306762695,49.11362154645536,48.15163847865546,48.79878692856291,2588831
2015-07-01,49.79576110839844,50.058120174100296,48.41400620914672,48.67636527484858,1988394
2015-07-02,49.498416900634766,50.0231397450318,49.18358698970039,50.00564629492834,2965570
2015-07-03,49.498416900634766,50.00564629492834,49.148604834123276,49.148604834123276,3051297
2015-07-06,48.973697662353516,49.74328608863973,48.86875594269162,49.14860369154314,2083899
2015-07-07,48.48395919799805,49.49841316540302,48.36152403503222,49.32350714534598,3234495
2015-07-08,48.27407455444336,48.69385093112296,47.714379045043614,48.30905670993829,2440394
2015-07-09,47.924259185791016,48.46647069701851,47.889281777336535,48.30905338045549,2478234
2015-07-10,48.50145721435547,48.67636325088411,47.871792636074424,47.959245654338744,2901055
2015-07-13,48.973697662353516,49.11362628140897,47.94175493691256,48.41400216465048,1612390
2015-07-14,49.04367446899414,49.30603357963187,48.55393841139656,49.008692305316266,2264950
2015-07-15,48.8862419128418,49.21856524756229,48.7987889031395,48.99118837126221,1504877
2015-07-16,48.833770751953125,49.026170218878136,48.65886473363734,48.86875290454216,1827243
2015-07-17,49.39348220825195,49.58587697436312,48.79879971269483,48.85127532584377,1696436
2015-07-20,49.04367446899414,49.585881399793095,48.991203595792776,49.585881399793095,1668294
2015-07-21,48.973697662353516,49.28853231059859,48.85126723762453,49.026173266814155,1315889
2015-07-22,49.95317077636719,50.11058808947208,48.553922640783696,48.86875252236411,1890132
2015-07-23,49.76078414916992,50.12808494665033,49.23606126835055,50.05812063063971,1225377
2015-07-24,49.69082260131836,50.00565255164431,49.39348135865425,49.74329346893428,1692284
2015-07-27,49.11362838745117,50.00564727671704,48.991193212842354,49.4459470103838,1296310
2015-07-28,49.445953369140625,49.56838855949463,48.78131129317241,49.32351817878662,1547151
2015-07-29,48.973697662353516,49.428456185024345,48.79879163316389,49.218568001070864,1900932
2015-07-30,49.81326675415039,50.110608050329496,48.93873632105378,49.04367807517288,2942993
2015-07-31,49.67332077026367,49.97066196277307,49.11362528392787,49.97066196277307,1956499
2015-08-03,49.18359375,49.98816446034279,49.078652013474205,49.341011099419156,1508372
2015-08-04,49.32350540161133,49.84822818786139,48.9562046703285,49.14859938773774,1001510
2015-08-05,49.23605728149414,49.480927623072965,49.008680389816526,49.3235102971109,1107859
2015-08-06,49.341007232666016,49.63834845569436,49.04366600963767,49.07864816728161,1295185
2015-08-07,48.833770751953125,49.778265148710155,48.746317742795235,49.166094084604886,2213871
2015-08-10,48.29157257080078,49.49842146476823,48.06419565552839,49.008685475420705,2570753
2015-08-11,48.256591796875,49.25355725589765,47.43453239225526,48.973704722074764,3873211
2015-08-12,47.574459075927734,48.23910591732833,47.46951733498588,47.92427120524145,1472522
2015-08-13,48.20411682128906,48.483964586631565,44.07633144239233,47.50449266330284,2470225
2015-08-14,48.396514892578125,48.64138526255221,48.16913797453379,48.204120133762984,1304682
2015-08-17,48.30905532836914,48.78130255247066,47.90677241325661,48.44897920171746,813782
2015-08-18,48.06418991088867,48.51894368708122,47.80183086817074,48.309055503980936,1461999
2015-08-19,47.73186111450195,48.413996445614245,47.60942595960626,48.09916183455987,2417706
2015-08-20,47.609439849853516,47.90678110002809,46.99726864140079,47.25962773073767,2256015
2015-08-21,46.66495895385742,47.29461899156707,46.54252373968292,47.224654656429806,4024183
2015-08-24,45.86037063598633,46.35010656178902,44.67101060342848,45.772917622641934,7651174
2015-08-25,44.985843658447266,46.752397498711396,43.778990091778,45.82539169652459,12357515
2015-08-26,45.807899475097656,46.455052718508306,44.775952026580974,44.98584020615059,2616303
2015-08-27,47.172176361083984,48.4315009831464,45.563039607594824,46.332628194585936,5402025
2015-08-28,47.2771110534668,48.09916556154406,46.76988169157999,47.434523626562026,2205183
2015-08-31,45.70295715332031,47.3820530784162,45.510557680996506,47.04972973643932,2305711
2015-09-01,45.16074752807617,45.86037165030531,44.775953311924205,45.24820054335482,3973158
2015-09-02,43.79648208618164,45.47557810650493,43.28925269221429,45.23071250688226,4507483
2015-09-03,44.496116638183594,44.793457913079976,43.76151017803692,43.86645192464463,3114461
2015-09-04,43.236785888671875,44.39116391789584,42.83450292361687,44.39116391789584,3868544
2015-09-07,43.240325927734375,44.159576506699196,42.62159219888323,43.41710562299009,3112256
2015-09-08,44.56617736816406,45.0788356499934,42.81605632062892,43.134258839601706,2951677
2015-09-09,44.54848861694336,46.13950572501593,44.05350647574526,45.750594268296084,3201416
2015-09-10,43.6115608215332,44.10654300293766,42.674629407543314,44.10654300293766,3984541
2015-09-11,43.94743728637695,44.47777628257398,43.523164171237205,43.84136660986435,1783681
2015-09-14,45.09650421142578,45.23792698183138,43.66458607299912,44.12421607113636,2400945
2015-09-15,45.37935256958008,46.015762269099135,44.54848714811259,45.07882616665071,3189547
2015-09-16,46.35163497924805,46.49305774076498,45.255600185445644,45.43237983620555,2668351
2015-09-18,47.200172424316406,47.69515924170453,46.4930538799957,46.669833516075876,2710372
2015-09-21,48.2785530090332,48.43765187649283,46.563788801145805,46.952705136252746,3040868
2015-09-22,46.316280364990234,48.437636278306876,45.69755155693955,48.33157040082311,2618545
2015-09-23,45.18490219116211,46.669848741404095,44.47778341615465,46.33397020054922,5775906
2015-09-24,44.33634948730469,45.98040424055901,44.03582788724827,45.2556047225063,9733917
2015-09-28,44.831336975097656,45.60916464920615,44.0888613987785,44.70759024646855,2407051
2015-09-29,45.37935256958008,46.13950420372693,44.33635058160624,44.49545420534989,2414852
2015-09-30,46.79359436035156,46.91734110209196,45.37935684436068,45.397037690584156,3047665
2015-10-01,46.157188415527344,47.34161326909264,46.05111772680837,47.0234059983916,2020545
2015-10-05,46.84663009643555,47.43000694286934,46.29861494455344,46.31629099637302,1811432
2015-10-06,46.75822448730469,47.55373286928495,46.56376880100249,46.97036101492369,1868486
2015-10-07,46.86431121826172,47.09412387054389,46.56378476737442,46.881987270184844,1403044
2015-10-08,46.828956604003906,47.0234123664721,46.52843013845226,46.988060260900816,1318938
2015-10-09,46.86431121826172,47.200189772995266,46.63449856597954,47.02341007193878,1421375
2015-10-12,47.129478454589844,47.27090124939631,46.59913937747351,46.846628069520825,1574616
2015-10-13,47.041080474853516,47.270893076110724,46.82894392159484,47.023399631399734,715400
2015-10-14,47.02340316772461,47.20018284282541,46.740557605745565,46.98805106906892,1722301
2015-10-15,47.74820327758789,47.889626060249896,47.094117512888495,47.200183401021086,2959602
2015-10-16,47.73052978515625,48.084089194002495,47.23554757186278,47.871957385059865,3651488
2015-10-19,47.30625534057617,47.85427043623696,46.97037202681261,47.73052369982639,1640198
2015-10-20,48.048728942871094,48.4729972842785,47.20018266914512,47.37696234359543,3296804
2015-10-21,48.048728942871094,48.50835417825968,47.69516959397046,48.08408104139669,3504240
2015-10-23,48.20783233642578,48.6321055134546,47.90730590231838,48.260865284690375,2367650
2015-10-26,47.99568176269531,48.384597929071425,47.81890212302022,48.26085122220794,1788557
2015-10-27,47.34161376953125,48.17247446493871,47.182510132498884,47.92498577955672,1680870
2015-10-28,46.33396911621094,47.359290356885275,46.12183252958204,47.07644477168408,4725765
2015-10-29,45.30863952636719,46.17485696858517,44.61919694573309,46.17485696858517,6657486
2015-10-30,45.520782470703125,46.61681757291944,45.34400277019908,45.432392620451104,3034065
2015-11-02,45.591495513916016,45.750599159916796,44.9550857253691,45.52078171670318,1507300
2015-11-03,46.546104431152344,46.72288411593729,46.03344142709366,46.12183126948614,2879807
2015-11-04,46.38699722290039,47.34160936537588,46.10415166721791,47.09411590756209,10212719
2015-11-05,46.29859924316406,46.846614209196126,46.104143557270014,46.5991255903723,9402139
2015-11-06,46.4223518371582,46.84662014985283,45.62684335596862,46.81126805371972,4219805
2015-11-09,45.980411529541016,46.280937972693394,44.778305756931495,45.60917128960354,5260832
2015-11-10,45.36167907714844,45.94505107132922,45.14954249868566,45.6798815471147,1531108
2015-11-13,46.03343963623047,46.45771278139096,45.07882745734721,45.2556071352548,1386876
2015-11-16,45.609169006347656,46.2102218625629,45.450070164730164,45.78594869400438,1462412
2015-11-17,46.22789764404297,46.59913786323458,45.6798825336796,45.69755858416001,1602664
2015-11-18,46.28092575073242,46.528414383210595,45.874328719777374,46.19253592582131,1327429
2015-11-19,46.61680221557617,46.917328566519515,46.121820176321975,46.56376928198728,2523368
2015-11-20,46.28092575073242,46.91733057191047,46.1041461009102,46.66983714397739,2168468
2015-11-23,46.45771408081055,46.599136868001075,46.1395068153121,46.1395068153121,2177227
2015-11-24,46.61680221557617,46.881971678975354,46.298599818588094,46.31627586463283,1241516
2015-11-26,47.30625534057617,47.536067967935345,46.45771382661995,46.493065926632305,4171542
2015-11-27,47.200172424316406,47.37695206039658,46.84661315215605,47.25321015150409,1605635
2015-11-30,48.15480041503906,48.40229390615956,47.12947914338698,47.21786899086485,2006989
2015-12-01,48.08408737182617,48.79120616272196,47.85427472387628,48.1194442704622,2520479
2015-12-02,47.8719482421875,48.278540525615966,47.58909789185712,48.084080010615935,1390936
2015-12-03,47.30625534057617,48.08408306359613,47.129475658691305,47.73052369982639,1173194
2015-12-04,46.22789764404297,47.270899713328475,46.12183175024874,47.270899713328475,1376556
2015-12-07,46.369319915771484,46.616808571414374,45.85665696512026,46.3162821794966,1525844
2015-12-08,46.03343963623047,46.386998992045655,45.73291322469643,46.31628520270035,1469647
2015-12-09,46.01576232910156,46.56377739745665,45.626846089242036,45.856658705150444,2198948
2015-12-10,46.22789764404297,46.31628748735679,45.69755858416001,45.96272811410149,1086874
2015-12-11,45.2556037902832,46.316281779331,45.043467233382586,46.316281779331,1514970
2015-12-14,45.30863952636719,45.75058866896465,44.81365265029393,45.00811315030988,1552518
2015-12-15,45.78593826293945,45.89200892864177,44.99042984971886,45.30863705137097,1842404
2015-12-16,47.147159576416016,47.41232914349369,45.85666864239595,45.96273455104439,2623492
2015-12-17,47.57143020629883,47.78356680747755,46.581460999283564,47.12948095194996,1092627
2015-12-18,47.8719482421875,48.260859681276614,47.04108283099121,47.37696132797321,28017527
2015-12-21,49.30385971069336,49.4629633261915,47.871946353031205,47.871946353031205,6238035
2015-12-22,48.96798324584961,49.710458895737695,48.773527506918526,49.33922346852163,9652753
2015-12-23,49.5159912109375,49.67509001473738,49.074042096846505,49.074042096846505,3720080
2015-12-24,49.53368377685547,49.79885333374439,49.26851421996654,49.49832687684567,2224191
2015-12-28,50.258460998535156,50.47059750840165,49.3745628703033,49.657408353155795,5761043
2015-12-29,49.83420181274414,50.41757378022999,49.63974608873406,50.27615099954488,8576492
2015-12-30,49.851871490478516,50.08168887460646,49.58670201228932,49.58670201228932,8189382
2015-12-31,49.90492248535156,50.20544413746947,49.35690254084427,49.85188473925428,7159928
2016-01-01,49.851871490478516,50.15239785818393,49.76348166441545,49.9932990485434,3229824
2016-01-04,49.83420181274414,51.03630264175102,49.46296641401376,49.675098187313644,6809859
2016-01-05,49.197792053222656,50.1877562159077,48.86190878617499,49.86955379186287,4259054
2016-01-06,49.32154083251953,49.48064446438445,48.79120178691084,49.00333836424547,5320149
2016-01-07,48.82655715942383,50.117047837728705,48.61442058870596,49.32153929412843,6787347
2016-01-08,50.081695556640625,50.20543749327492,49.10940734022161,49.498318790424726,10345830
2016-01-11,50.64738845825195,51.44289695152764,49.14475650883142,49.67509550434855,8283638
2016-01-12,50.470611572265625,51.884848971520235,50.223118109213836,50.73578108462586,6611338
2016-01-13,50.523651123046875,51.05399021712423,49.53368193682874,50.612040972059766,7462021
2016-01-14,50.505958557128906,51.08933526161872,49.993300429079355,49.993300429079355,10278564
2016-01-15,49.180110931396484,50.64738591501282,48.89726539950579,50.25846971207181,7430643
2016-01-18,48.8442268371582,49.869547766512234,48.57905738325003,49.49830765376807,7411237
2016-01-19,48.06641387939453,49.427618583433606,47.659821512072845,48.95031241507491,7282040
2016-01-20,47.60679244995117,49.60440234476323,46.157197773867935,47.58911160051862,15997901
2016-01-21,46.74055099487305,48.5613804317864,46.66983721665207,47.65980613447107,10416175
2016-01-22,47.05875778198242,48.01336989946094,46.70519844890969,47.09411467438077,8099084
2016-01-25,47.02340316772461,47.53606614369917,46.4046743048718,47.376962517926216,8893503
2016-01-27,48.87959289550781,49.23315226841628,47.16483377326646,47.306256563338664,14527719
2016-01-28,50.806488037109375,51.089338382875404,49.67509624495608,49.85187591276407,22594616
2016-01-29,52.27375793457031,52.46821844499546,51.08933800537285,51.19540388709176,11216960
2016-02-01,51.88483428955078,52.46820609257415,51.672697780600224,52.29142646769105,12278379
2016-02-02,51.70807647705078,53.157670971675685,51.26612722841248,51.79646632677844,18267134
2016-02-03,50.92595672607422,51.974690514781614,50.28604670509394,51.139255244569924,12098041
2016-02-04,52.187992095947266,52.436846788245234,50.78374957280899,51.49475746871072,8726120
2016-02-05,51.63698196411133,52.40131476994802,51.317024435397336,52.27688737787399,6170693
2016-02-08,50.64155578613281,51.92137113568307,50.357154518157884,51.56586713979864,3820374
2016-02-09,50.46379852294922,51.72584046976021,50.1260678333642,50.4104738934966,7297377
2016-02-10,50.961509704589844,51.38811643915349,50.12607432880449,50.12607432880449,8119293
2016-02-11,48.59740447998047,51.13925691202415,47.673093189646984,50.78375294049829,7247688
2016-02-12,49.18398666381836,50.05497335103796,48.45520542728623,49.05955930538251,16065640
2016-02-15,49.30841064453125,50.00164529273494,49.095107304943106,49.45061126364633,8464543
2016-02-16,49.5217170715332,49.96609704761694,48.98846110023272,49.45061434662727,6766384
2016-02-17,49.628360748291016,49.71723673349923,48.828476881417146,49.71723673349923,7804863
2016-02-18,49.71723556518555,50.3926920725291,49.41505625821244,49.80611154830524,8779283
2016-02-19,50.12607192993164,50.48157591777752,49.43284204673104,49.69947003761545,6323086
2016-02-22,49.646148681640625,50.3038272451129,49.18399057382861,50.12607523945407,2293985
2016-02-23,48.7396125793457,49.87722739143522,48.5974119332925,49.770573290521355,3873885
2016-02-24,49.66392135620117,50.12607463662344,48.9351400704972,49.05956261549664,11387961
2016-02-25,46.83765411376953,49.85943762797004,46.58880424687504,49.806113000909136,19051305
2016-02-26,47.513126373291016,48.31301042837791,46.926540875428415,47.45979691215301,12511003
2016-02-29,46.233306884765625,47.761972127862435,45.93112752596792,47.761972127862435,11485783
2016-03-01,47.548667907714844,47.76197126429369,46.30440395314152,46.57103194340723,14281573
2016-03-02,48.13525390625,49.13066315280796,47.655322553797184,47.99304845231474,13550709
2016-03-03,48.22414016723633,48.6685202507795,47.65533269593456,48.52631476657968,7057560
2016-03-04,49.29064178466797,49.46839377992055,48.15302708631888,48.49075780603137,29228314
2016-03-08,48.95289611816406,49.66390388208232,48.38408894266346,49.5928011769585,20131612
2016-03-09,49.68169403076172,49.84167276074085,48.56185738640276,48.66851148033272,7284193
2016-03-10,49.646148681640625,50.090528695787704,49.09511457099919,49.80612259363452,3713460
2016-03-11,49.13066101074219,49.912771685960685,48.93513575285319,49.64614370420409,4685588
2016-03-14,49.27285385131836,49.415054454753964,48.95290128813062,49.27285385131836,4423191
2016-03-15,49.39729309082031,49.77057036751654,49.112891815416674,49.112891815416674,11655129
2016-03-16,49.32619094848633,49.770570960241486,48.88181093673116,49.557272412064385,6170234
2016-03-17,49.0595588684082,49.85944282315949,48.66850834799486,49.503938843270035,7509036
2016-03-18,48.65073013305664,49.45061408578819,48.526302776043245,49.23731073402684,9195901
2016-03-21,49.0595588684082,49.21953758809099,48.43742690360165,48.54408099066728,4674151
2016-03-22,49.13066101074219,49.5394896184027,48.88180629903687,49.05955828687459,6628643
2016-03-23,48.86403274536133,49.46839142923419,48.68628075855534,48.81070811368578,11545428
2016-03-28,49.45060348510742,49.770556033245846,48.52629237350621,49.024001694866286,8691695
2016-03-29,49.11288070678711,50.12606303489004,48.8995773875647,49.77055911012955,11478000
2016-03-30,49.68169403076172,49.89499739679001,49.18398939125014,49.379519485872585,5797932
2016-03-31,49.45060348510742,49.93053471823019,49.23730017907172,49.23730017907172,15715729
2016-04-01,49.16621398925781,49.77056787467843,49.09511126305236,49.699469970304406,3935188
2016-04-04,49.27285385131836,49.806109730574754,49.16620460419928,49.3261784748779,5649881
2016-04-05,49.43283462524414,50.05496651057206,49.308407283812414,49.69946257609896,7744995
2016-04-06,49.66392135620117,50.232728731835145,49.53949398937004,49.71724599289117,10418272
2016-04-07,49.8416748046875,50.090529545564344,49.6283714299119,50.001653541227164,12408704
2016-04-08,50.090518951416016,50.179394936955916,49.85943753154761,49.85943753154761,4133630
2016-04-11,50.570457458496094,50.81930736044185,49.96609874179792,50.00165010545632,12360599
2016-04-12,50.890403747558594,51.636963004048475,50.48157034916899,50.48157034916899,8901453
2016-04-13,51.548091888427734,51.67251442474215,51.157036543611625,51.31701044251502,10239725
2016-04-18,51.88582992553711,52.170236071000495,50.748219809180995,51.54810395645447,7347390
2016-04-20,52.614601135253906,53.29005770245894,51.60141387353081,51.79693912499005,7716065
2016-04-21,51.9569206237793,53.16563320178056,51.583638548478746,52.739026493388884,6315086
2016-04-22,51.92136764526367,52.36574761024572,51.299235694288804,52.01024363826008,4320738
2016-04-25,51.12147903442383,51.93913616650255,50.67709911007,51.93913616650255,3605005
2016-04-26,51.601417541503906,51.99247289405079,50.85485819970194,51.35256282029277,8964411
2016-04-27,51.3170166015625,51.9036021001041,51.06816667723546,51.654747353945126,3177289
2016-04-28,50.428245544433594,51.70806071938179,50.25049357074165,51.26368078515193,9408511
2016-04-29,50.97928237915039,51.13925627123378,49.948317017178724,50.570453781384636,4383214
2016-05-02,50.783748626708984,51.192582016700634,50.339368700049185,50.837078075372794,3383764
2016-05-03,51.619197845458984,52.188005270134624,50.83709185563307,50.83709185563307,4572397
2016-05-04,50.74820327758789,51.58363370179338,50.4815704935218,51.47698444563167,4435593
2016-05-05,50.92595672607422,51.299233955272754,50.51712331468499,50.837080736090655,2770226
2016-05-06,50.64155578613281,50.96150841806249,49.94832106542555,50.89041051198453,3714029
2016-05-09,51.01484298706055,51.24591964317509,50.357159564402195,50.659338955551384,5027038
2016-05-10,50.428245544433594,51.1037069019277,50.1260662247911,50.89040356913119,7758595
2016-05-11,50.28605270385742,50.552680705614904,49.59281797055531,50.0549760667006,4574270
2016-05-12,51.15703201293945,51.31700589767492,50.19716941720295,50.44602411145491,4877581
2016-05-13,51.45921325683594,51.61918714754456,50.623777977031686,50.94373058028003,6719824
2016-05-16,51.352569580078125,51.86805236108605,50.83709162090228,51.53032159810402,4500368
2016-05-17,51.51253128051758,51.903586555148216,50.69486937504798,51.903586555148216,4754541
2016-05-18,50.854854583740234,51.51253788146481,50.7304272319819,51.19258527825129,2573082
2016-05-19,51.33479690551758,51.761398860654204,50.943741496934905,50.943741496934905,6035130
2016-05-20,51.47698974609375,51.60141710564834,51.08593439684994,51.405887020110725,3055890
2016-05-23,52.667938232421875,52.93456626852358,51.54810144516113,51.7614000165767,10093334
2016-05-24,52.15244674682617,53.05898481166872,51.97469475236663,52.97010881443895,3545037
2016-05-25,53.218963623046875,53.32561772266034,52.276878929870016,52.61460967923148,7201959
2016-05-26,53.538902282714844,53.82330347139503,52.82788966735399,53.32559898028961,11348343
2016-05-27,53.62779235839844,54.178821614546415,52.899006285296224,53.82331762430089,7635493
2016-05-30,53.947757720947266,54.37435971685291,53.094548907303384,53.71668103710264,6049447
2016-05-31,53.32560348510742,54.16103867744752,53.16562478931633,54.0366113387023,4297008
2016-06-01,52.93455505371094,53.538913736233845,52.756803067301995,53.538913736233845,5018958
2016-06-02,53.39669418334961,53.538899592374044,52.65013507329113,52.934541069510054,3951078
2016-06-03,53.46780776977539,53.627786476572204,53.05897919019912,53.538910488758624,3453446
2016-06-06,53.05898666381836,53.57446457264615,52.81013193415555,53.396712571981745,2395810
2016-06-07,53.29006576538086,53.663343055310335,53.05898911819444,53.1123137564941,3771426
2016-06-08,54.23214340209961,54.35657075652071,53.07675549444737,53.325610203289564,3804592
2016-06-09,54.32102584838867,54.907606506824564,54.16105193526895,54.28547448264037,4520638
2016-06-10,54.88983154296875,55.156459545115,54.338802267265834,54.35657553867626,8988984
2016-06-13,53.96550369262695,54.65873821525851,53.805529833286705,54.65873821525851,7199310
2016-06-14,53.521141052246094,54.17882443277747,53.43226505006163,53.9477477914642,2914984
2016-06-15,54.88983154296875,55.01425890833666,53.73444353366836,53.73444353366836,5287666
2016-06-16,54.960933685302734,55.565287590614204,53.98329768787412,54.889830956757116,5385026
2016-06-17,55.831912994384766,56.151865614302864,54.356572431217536,55.10313175891401,8985642
2016-06-20,55.68970489501953,55.991884204006226,55.19200035059888,55.814132236582374,5237563
2016-06-21,55.45865249633789,55.92080588452843,55.12092168216055,55.654177817072465,5276594
2016-06-22,55.31643295288086,55.70748346093857,54.96092898422391,55.476406845677786,4797461
2016-06-23,55.68970489501953,56.11631154556907,54.33879187133052,55.28087633431081,5027803
2016-06-24,55.38753128051758,55.511958634873004,53.538913522348444,54.552095983366826,6010853
2016-06-27,54.747623443603516,55.814135306813455,54.3921194892002,54.40989275818797,5121198
2016-06-28,55.26311492919922,55.45864504549724,54.623209582009004,54.94316225560411,5842035
2016-06-29,56.614009857177734,57.00506510682387,55.29864351432169,55.387519488248984,9838712
2016-06-30,57.98271179199219,58.24933976422762,56.63179383956732,56.88064854238617,18696297
2016-07-01,58.71149444580078,59.15587441056519,57.94716187077225,58.30266584258377,9960809
2016-07-04,58.80036544799805,59.47582197274347,58.533737491769784,59.262523465225506,5753019
2016-07-05,57.32503128051758,58.9425724619144,57.16505256067336,58.764820471790294,5510329
2016-07-07,58.071590423583984,58.35599167816935,56.951749031804695,57.23615510822138,5911690
2016-07-08,58.462642669677734,58.80036853888789,57.44945541838517,58.124911978636526,7803900
2016-07-11,59.22697448730469,60.844515558040335,58.99589788031831,59.04922250934116,11133401
2016-07-12,59.22697448730469,60.08018301716339,59.03144441844621,59.3691751053093,9182267
2016-07-13,57.5383415222168,59.88466903715186,57.12950803851582,59.315861636283984,11106820
2016-07-14,58.67594909667969,58.871479194310396,57.55611243509183,57.78718907608112,7428442
2016-07-15,58.39154052734375,59.155873085248324,57.982711933286055,59.03144573353569,6629943
2016-07-18,58.01826477050781,58.942576141216605,57.80496622650947,58.51597423138829,3891623
2016-07-19,59.155879974365234,59.369183341880266,57.947167320889,58.05381659373067,5987973
2016-07-20,59.84911346435547,60.435694096406834,59.33363073877094,59.36918210292015,7071425
2016-07-21,57.76939392089844,59.84909254565913,57.52053928066626,59.831314458882616,4189305
2016-07-22,59.138099670410156,59.74245351436552,57.89383580000483,58.124912411571025,7206087
2016-07-25,60.06242752075195,60.29350419611461,59.06701325651156,59.20921391659378,3967394
2016-07-26,60.93339157104492,61.50219886511864,59.44027784866128,60.16905902986664,8278821
2016-07-27,61.306678771972656,61.751058754415006,60.98672614898045,61.50220403551473,8851677
2016-07-28,62.63982391357422,63.581908590106075,61.2000297579703,61.466657769545265,31420184
2016-07-29,62.5687141418457,63.10197010499643,62.10656090251425,62.95976947918916,12377513
2016-08-01,62.99533462524414,63.9551926758453,62.44430044964999,62.5687278326443,11965659
2016-08-02,63.59967041015625,64.06182844010075,62.586488006074134,63.101965842534504,6487056
2016-08-03,62.533164978027344,63.67077966813614,61.751059097680056,63.63522830497685,10713465
2016-08-04,63.350826263427734,63.75965488014777,62.69314292948782,62.85312165081936,9047354
2016-08-05,62.74645233154297,64.41732257738806,62.58647847087495,63.635212074688184,8816394
2016-08-08,63.45746612548828,63.990722021790766,62.3909543328833,62.92421022918579,9540514
2016-08-09,62.604270935058594,63.8663082286056,62.39096756692668,63.45747958575457,6314021
2016-08-10,61.99992370605469,62.74648322220067,61.71552237696697,62.604282557656816,3789657
2016-08-11,61.8754768371582,62.764236668795206,61.306669580544394,61.89325010505867,5017074
2016-08-12,63.29750442504883,63.63523033123734,61.92881306357017,61.92881306357017,4369997
2016-08-16,63.10197448730469,65.0927978523591,62.657594487151094,63.56413258056338,22372774
2016-08-17,62.08877182006836,63.56411691442713,61.94657121943257,63.261937624432065,11599079
2016-08-18,64.70172119140625,65.12832777986957,62.65757386352703,62.9242017758591,20664320
2016-08-19,64.32846069335938,65.05724191363612,63.74188009876697,65.05724191363612,16563739
2016-08-22,64.68397521972656,64.98615461224176,64.25736845125427,64.50622320316845,11335483
2016-08-23,64.75505065917969,65.19943054634723,63.990718217617584,64.50620081546408,7423678
2016-08-24,64.80839538574219,65.05724528813974,64.38178866472995,64.80839538574219,5319170
2016-08-25,64.7906265258789,65.76826264750332,64.16849444848154,64.87950253693566,12995397
2016-08-26,64.27515411376953,65.19946085123401,64.06185070441903,64.93283279500403,7097916
2016-08-29,64.07960510253906,64.47066043417715,63.137520545750405,64.41733580300632,2956326
2016-08-30,65.16390991210938,65.3416619376236,63.884094364040536,64.31069633217528,5212793
2016-08-31,65.30607604980469,65.5904772115707,64.64839293866231,65.09277276756531,6435761
2016-09-01,65.51940155029297,65.76825144576816,64.79061549065597,65.23499547025241,6116318
2016-09-02,65.34164428710938,65.76824614000763,64.80838835461331,65.6082722533574,3858397
2016-09-06,66.3370361328125,66.72809134569535,65.34162724713775,65.6793530232136,9001076
2016-09-07,65.67938232421875,66.47926637121267,65.37720294209912,66.15931371678148,5024999
2016-09-08,66.81206512451172,67.26010728284429,65.10950006127943,65.91597594627805,5980354
2016-09-09,65.8801040649414,66.90164065589127,65.73672675552895,66.6686549588791,5051740
2016-09-12,64.607666015625,65.73673079647351,64.42844922940884,65.44998588315424,4144478
2016-09-14,64.21337890625,64.89440648547384,63.98039808988879,64.50012864001945,6680869
2016-09-15,62.65419006347656,64.66141367048475,62.38536495237026,64.66141367048475,8920122
2016-09-16,63.10224533081055,64.69727174553688,62.06278412429199,63.191853720229986,21690721
2016-09-19,63.586124420166016,63.872874172766466,62.45705972706486,62.97679031132648,4266806
2016-09-20,63.8370361328125,64.30299784202383,63.44275822263631,63.67573907724197,4769662
2016-09-21,62.83342361450195,64.55390284124864,62.56459843147487,63.837035686509765,4957941
2016-09-22,63.998329162597656,64.6255878879221,63.156009330563016,63.47859855984519,4676363
2016-09-23,63.0663948059082,64.30298754145078,62.97678642529356,63.89078996293659,7599534
2016-09-26,62.97678756713867,63.90871571474108,62.67211809521171,62.97678756713867,6333433
2016-09-27,63.15601348876953,63.85495605463841,63.03056076313156,63.31730568324701,6069513
2016-09-28,63.96247100830078,64.19545179788932,63.15599567864148,63.15599567864148,4515648
2016-09-29,62.15239334106445,65.27076727899839,61.543059201840734,64.07001387248054,13380901
2016-09-30,63.281455993652344,63.69365357283064,61.48928837847207,62.40329191758769,11831869
2016-10-03,64.94818115234375,65.5575153207191,62.94095213428597,63.49652223803505,9403402
2016-10-04,64.8764877319336,65.48582671716946,64.67935122224527,65.05570450858342,7967290
2016-10-05,65.01986694335938,65.73673412451673,64.66143335278069,64.93025854571471,5347763
2016-10-06,63.765342712402344,65.32452964078682,63.62197026346765,64.98402068226271,5654229
2016-10-07,63.42484664916992,64.37469478574363,63.19186576458652,63.765355676925,3980080
2016-10-10,63.81911087036133,64.15961982480769,63.514441381544785,63.514441381544785,4458994
2016-10-13,62.72588348388672,63.747420035415274,62.259921830976275,63.63989191907162,14897308
2016-10-14,63.693660736083984,63.980405642135025,61.8477288571603,63.01263793803799,4958871
2016-10-17,63.10224533081055,63.67573513384197,62.65420338371333,63.191853720229986,4534814
2016-10-18,63.22769546508789,63.729506353172006,62.72588943857021,63.35314818710892,7289895
2016-10-19,63.998329162597656,64.78688007178005,63.12016500251694,63.4248344985592,9020687
2016-10-20,64.03416442871094,64.6076590551306,63.74741954628407,64.2850698470089,4037879
2016-10-21,63.42484664916992,64.28508637924485,63.12017709476061,64.28508637924485,10350237
2016-10-24,63.12016296386719,63.92663844180828,62.779649150776734,63.29937973674299,2945373
2016-10-25,63.92662811279297,64.14168917780842,62.94093602124037,63.28144977931194,3002870
2016-10-26,62.90510177612305,63.9087186197635,62.65420121138751,63.80118563924876,3927291
2016-10-27,62.90510177612305,63.38898803452415,62.25992333929897,62.76172933033615,7017500
2016-10-28,63.04846954345703,63.442747386288545,61.668504385895346,63.01263008084432,4282450
2016-11-01,63.40690612792969,64.3567588875397,62.42121390397407,62.81549176586951,5277438
2016-11-02,62.76172637939453,63.26353234683771,62.5287455582494,63.06639585084549,4859666
2016-11-03,62.70797348022461,62.97679867435535,62.47499261762465,62.77965728171944,4078615
2016-11-04,62.206153869628906,63.030549007378795,61.38175387031334,62.72587954810056,4179894
2016-11-07,62.367454528808594,62.582515638860166,62.206162342444664,62.474987514617546,7660803
2016-11-08,63.44274139404297,63.657802457235164,62.331596618854334,62.45704931084689,3265787
2016-11-09,64.58972930908203,64.98400710746463,59.84048572233494,60.93370588635631,13247214
2016-11-10,67.54681396484375,68.10238398108268,64.93024632899052,66.31021636538833,18046820
2016-11-11,65.62919616699219,67.56473629404489,65.05570153560761,66.66865245174586,8770575
2016-11-15,66.29229736328125,66.88371171065464,65.43205787059578,65.43205787059578,11489252
2016-11-16,67.56474304199219,68.28161018742766,65.71881111480916,66.8658004921325,10203154
2016-11-17,69.141845703125,70.39636304528214,66.02347207942236,67.36759780316214,9392264
2016-11-18,68.80133056640625,70.00208382850438,68.60419407539621,69.44651381815554,12168642
2016-11-21,66.3281478881836,69.41067748154136,66.05932271774367,69.41067748154136,12187225
2016-11-22,65.86219787597656,66.91957908976961,64.78689692428229,66.63283411394481,11976002
2016-11-23,65.1094741821289,67.22423621815611,64.37468727914766,66.02348273877624,13625626
2016-11-24,66.3281478881836,66.991250947582,64.62558847539738,65.21700287805196,18404432
2016-11-25,67.61851501464844,68.1740851327733,66.31022852601244,66.70450644608493,14716858
2016-11-28,68.2815933227539,69.82286022170697,67.00915639850807,67.02707612809142,10318399
2016-11-29,67.90524291992188,68.65795424019093,67.56472915122036,68.33536506338004,12406804
2016-11-30,68.7834243774414,69.07016930474173,67.24215702389378,68.38914645622845,7446808
2016-12-01,66.05933380126953,68.99849143584184,65.77258398774921,68.99849143584184,11056167
2016-12-02,65.8801040649414,66.63281549309217,65.41413753248324,66.31022140848029,9676372
2016-12-05,66.3460693359375,66.68658317191998,64.82272666408211,65.84426331046313,12282830
2016-12-06,65.55751037597656,66.88371646508247,65.414137927265,66.45359911894778,4550359
2016-12-07,65.39622497558594,66.4894454796361,65.2349279155807,66.20270055247869,4265108
2016-12-08,66.543212890625,66.65074102046646,65.0736342339144,65.93387385734583,5413273
2016-12-09,66.11308288574219,66.66865292730417,65.86217746348231,66.66865292730417,3451184
2016-12-12,66.22061920166016,66.47152465498435,65.73673289114441,66.04140240973334,3689403
2016-12-13,66.39983367919922,66.86580023890751,65.39622162401689,66.4894420720393,4417447
2016-12-14,65.2170181274414,66.45361614523951,65.0378013052427,66.31023879822659,7312670
2016-12-15,65.71880340576172,66.57904290706186,64.69726687103272,64.87648363636883,5253972
2016-12-16,65.8801040649414,66.75826334647881,65.12739263679065,65.7904956773417,26025533
2016-12-19,65.98764038085938,66.31022964396949,65.53959838721566,66.00556011597841,3627943
2016-12-20,65.2170181274414,66.11310223843498,65.14532945393495,65.95180515382916,5757036
2016-12-21,65.68295288085938,65.84424989906412,65.14530263559746,65.25283560158911,5279390
2016-12-22,65.14530944824219,65.75464840122083,64.9123286232442,65.59335136614827,2653684
2016-12-23,65.34245300292969,65.48582544916016,64.15961938300448,65.09154757585176,4805945
2016-12-26,64.08794403076172,65.3603813432848,63.89080263736184,65.3603813432848,5932940
2016-12-27,64.89440155029297,65.12738234893612,63.28145082828822,64.05208186759963,4555998
2016-12-28,64.51806640625,65.59336726994248,64.19547711945569,64.89442462548264,3739977
2016-12-29,64.53598022460938,65.03778623820091,64.15962206824099,64.23131072513962,14737238
2016-12-30,65.7725830078125,66.3460777647416,64.60767375781188,64.6614378278062,4872601
2017-01-02,65.82633972167969,66.38191468038058,65.44998641221014,65.77257565769354,1811713
2017-01-03,67.40345764160156,67.56474984863364,66.13101541332473,66.27439274610919,7819727
2017-01-04,66.93748474121094,67.6901962213083,66.68658415555615,67.40345130582668,7829503
2017-01-05,68.40705108642578,68.55042351841848,66.70449191029414,67.04500569014672,6362320
2017-01-06,67.67227935791016,69.12393345416214,67.4751379662829,68.51459926752347,6298387
2017-01-09,66.86578369140625,67.81563144813579,66.34605319692666,67.81563144813579,2956484
2017-01-10,66.86578369140625,67.49304228605702,66.32813346741989,66.88370342091304,4626997
2017-01-11,68.03071594238281,68.60421068448117,66.63282585084534,67.1346319270938,21835704
2017-01-12,70.96985626220703,71.5971149209338,68.10238324646173,68.10238324646173,26857806
2017-01-13,70.66519165039062,71.65088389606757,70.27091377980663,71.65088389606757,23933005
2017-01-16,71.47166442871094,72.06307878149984,70.52181654555714,70.61142492814837,8473484
2017-01-17,70.8802719116211,71.91972849758584,69.93041887428535,71.47168644660384,10193606
2017-01-18,71.13114929199219,71.5612714649642,70.62934333123538,70.96985712330203,21229809
2017-01-19,72.33189392089844,73.01291656204724,70.70102352802378,71.29243779898025,8756982
2017-01-20,71.47166442871094,72.61864880893907,70.77271709987303,72.61864880893907,12987134
2017-01-23,71.75840759277344,72.47527463636435,71.34621001502182,71.63295488783187,7334154
2017-01-24,72.8874740600586,73.37136029905048,71.90178185015753,72.04515915175949,7122776
2017-01-25,72.79785919189453,73.13837296051452,72.3677419101048,72.99500053325127,10336365
2017-01-27,73.31761169433594,74.17785137742449,72.60074448150098,72.94125835222435,11095330
2017-01-30,73.72978210449219,73.9986072098951,72.58279790504552,73.22797621338646,5832917
2017-01-31,74.26744842529297,75.00224012305668,73.28175615833393,73.65811430447619,7593736
2017-02-01,73.7656478881836,74.76926482398807,73.38929457573602,74.76926482398807,7325455
2017-02-02,73.10252380371094,73.8373153448839,72.85162328798481,73.80147102504726,7773806
2017-02-03,72.29605102539062,73.76562929782209,72.08098996037731,72.83370125714126,4479429
2017-02-06,72.08100891113281,73.1921539878607,71.59712746459265,72.4932114197657,6337200
2017-02-07,71.65087890625,72.97708000931812,71.39997349837903,72.27813756436169,6562928
2017-02-08,72.08100891113281,72.65450361475689,71.07739682596565,72.04516944217917,9024346
2017-02-09,72.45735168457031,73.69394436286541,71.97346547933937,72.54696006103657,12790725
2017-02-10,71.65087890625,73.76563569557052,71.41789809126452,73.55057461190479,16817238
2017-02-13,72.77994537353516,73.10253457647295,71.50750829356048,72.29605913834554,9508762
2017-02-14,71.99140930175781,73.10255451409466,71.7225840823973,73.08463477743084,9403263
2017-02-15,72.20645141601562,72.61864900473344,71.59711732969195,72.18853168407543,7302351
2017-02-16,72.45861053466797,72.92689677103932,71.72015314861244,72.04435657390572,6272531
2017-02-17,72.96292114257812,73.21507828074957,71.88225606896229,72.76480116674297,4966775
2017-02-20,74.3677749633789,74.70998747926618,72.69274529711849,73.44921172615122,9917513
2017-02-21,74.25971984863281,74.85408465908066,73.6833641683303,74.36778440114357,7428835
2017-02-22,72.62071990966797,75.2503415971512,72.36856761798282,75.1602861603022,26345564
2017-02-23,71.73816680908203,72.764799583848,71.52203282189667,72.764799583848,13404307
2017-02-27,69.43274688720703,72.04435401168692,69.12655748855246,72.04435401168692,14798634
2017-02-28,69.21661376953125,70.18920936548824,69.00047978626775,69.12655835032305,10051421
2017-03-01,69.396728515625,70.13518104038623,69.10854822644005,69.702917935338,10348326
2017-03-02,68.35209655761719,69.883043989291,68.08193022599602,69.883043989291,10629352
2017-03-03,68.74830627441406,68.89239393364511,67.7216737629386,68.0818953539252,8454072
2017-03-06,69.82899475097656,70.67551675431244,68.83838503949876,69.10855132444726,14858083
2017-03-07,70.0811538696289,70.58546330517606,69.72093214626382,70.0811538696289,11746802
2017-03-08,70.4593734741211,71.17981680581332,69.93705499013565,70.35130892869488,7938282
2017-03-09,70.04511260986328,70.5314127878365,69.34268336240736,70.5314127878365,9777769
2017-03-10,69.36068725585938,70.49538432829729,68.46013324823909,70.24323213765452,16388459
2017-03-14,69.75695037841797,71.57606799884945,69.37871466405554,71.48601257435642,11886293
2017-03-15,69.50480651855469,69.90105143921419,69.34270965498062,69.88304230520166,7772586
2017-03-16,70.27926635742188,70.40534492429859,69.43274930657664,69.93705868826424,5161993
2017-03-17,69.88301849365234,70.96368342587468,69.55881510533065,70.89163714273236,9522200
2017-03-20,69.73894500732422,70.04513446572167,69.43276043474684,69.8830376130313,9378518
2017-03-21,69.61286926269531,70.08115556003742,69.48679067931246,69.88303556173574,8126819
2017-03-22,69.1985855102539,70.45936111964862,68.9644424456728,69.00046558310486,8203222
2017-03-23,69.54080963134766,69.70291133402583,69.01848626566819,69.52280050252519,5875356
2017-03-24,69.79296875,70.2972781154912,69.61285791333748,69.82898700867719,6164329
2017-03-27,70.1892318725586,70.6395091129867,69.75696865324007,69.88304725772409,7104197
2017-03-28,70.85562896728516,70.96369841482506,70.1171763952848,70.1171763952848,6020578
2017-03-29,70.90966033935547,71.12579434584549,70.51342036091341,71.07176206567792,6451066
2017-03-30,70.40534973144531,71.23386259476219,69.97308661155009,71.0717608711642,13016042
2017-03-31,71.0717544555664,72.008331792858,70.4773896657261,70.4773896657261,8522874
2017-04-03,70.67552185058594,71.82823337048048,70.60348043423004,71.82823337048048,9945512
2017-04-05,70.24325561523438,71.28789763606359,69.95507530498574,70.90966189495347,7061975
2017-04-06,71.03573608398438,71.30590235986749,69.55882613199283,70.7475606773702,7466431
2017-04-07,70.24325561523438,70.69353276954178,70.06314475351141,70.62148647052466,9205565
2017-04-10,70.35131072998047,70.47738929341855,70.00909818433698,70.26125531121315,5763232
2017-04-11,71.73816680908203,72.6207070018449,70.06313695857928,70.36932148078765,10668096
2017-04-12,71.1798095703125,72.58467783296128,70.60345887220059,72.04434538911745,6620702
2017-04-13,72.04434967041016,72.42258044925009,70.89163843404847,71.25186008468414,5910355
2017-04-17,72.87286376953125,73.17905317602528,71.68413417469473,72.02634184068985,11138596
2017-04-18,72.890869140625,73.59330333778288,72.63871690802348,72.94490629872868,7675098
2017-04-19,76.0788345336914,76.90734731944609,72.74678403285034,73.07098256387644,29099215
2017-04-20,75.25032806396484,76.51110395311028,74.00756130462236,76.36701625722894,11822555
2017-04-21,74.06159210205078,75.80866820502703,73.41319504061302,75.4304374001582,7938078
2017-04-24,73.79143524169922,74.54790183358057,73.52126895072871,74.38580499049014,7520828
2017-04-25,75.14225006103516,75.61053621026858,73.77340498067417,74.20567287674993,6293621
2017-04-26,74.09759521484375,75.10621856484966,73.5752768581748,75.10621856484966,5977354
2017-04-27,74.8360824584961,75.70061361609275,73.89950500200811,74.20569444356647,13646716
2017-04-28,74.92613220214844,75.17828445748951,74.18767479493232,74.56591050667309,5477289
2017-05-02,74.2056884765625,75.23232128120145,73.66535593578617,75.23232128120145,5123042
2017-05-03,76.02478790283203,77.01539732412172,74.31373526605896,74.52986920786762,10859280
2017-05-04,75.88072204589844,76.63718861673694,75.28635719946094,76.00680062200813,12952295
2017-05-05,75.2863540649414,76.3670191537691,74.76403065101357,76.3670191537691,4993008
2017-05-08,75.64656829833984,75.82667912870903,74.45783388641173,75.32236978083907,6855459
2017-05-09,75.0522232055664,76.1869207571191,74.83608917531346,75.66459725782616,4729357
2017-05-10,75.8266830444336,75.98877986864525,75.28635052542298,75.53850276946974,4623710
2017-05-11,74.99817657470703,76.1869111482624,74.27773315527456,76.00680029340427,4946190
2017-05-12,74.29573822021484,75.50248177952528,74.06159022845652,74.92612613626159,5386419
2017-05-15,74.45783233642578,75.28634507036837,74.33175866644699,75.25032192788062,5353854
2017-05-16,74.70999145507812,74.90811141535482,74.29573751988748,74.47584835134593,4077710
2017-05-17,75.21431732177734,75.53851591242723,74.25973068260042,74.78205416285084,3694898
2017-05-18,75.01618957519531,75.43044355859182,74.60193559179882,74.92613414898653,5797418
2017-05-19,74.11561584472656,76.27694550600832,73.52124627921945,75.53848827357942,17793954
2017-05-22,72.94491577148438,74.81806573079096,71.75618119775517,74.56591346544451,7423973
2017-05-23,72.54867553710938,73.30514215299773,71.08977458807757,73.10701726850652,6465473
2017-05-24,72.00833129882812,73.44921799683144,71.5040219316908,72.90888548508019,6650433
2017-05-25,71.66612243652344,72.38656582254744,70.4773928039116,72.29651039929443,9992276
2017-05-26,72.83683013916016,73.44920886399471,71.43196676045459,72.04434548528913,6466364
2017-05-29,75.32237243652344,75.91673722053388,73.16103751007064,73.17905152523407,14504778
2017-05-30,73.52128601074219,75.25035360566126,72.78283326506548,75.25035360566126,10884114
2017-05-31,74.90812683105469,75.39442715323437,73.82746161990875,73.82746161990875,7781359
2017-06-01,74.800048828125,75.53850130210039,74.33176260840682,74.76402568372687,6369921
2017-06-02,74.24169921875,75.05220283365331,73.9535238471809,74.9621474193106,6713770
2017-06-05,73.95352172851562,74.69197903646142,73.55727693959578,74.47584507106707,5093948
2017-06-06,73.28712463378906,74.07961436225509,72.87287063810807,74.04359121353941,5324457
2017-06-07,73.86348724365234,74.09763040340884,72.83685428152906,73.4492332093416,7605903
2017-06-08,74.69197082519531,74.81804447914821,73.34113491143955,73.84544907052415,7487370
2017-06-09,74.63794708251953,75.10623818781387,74.38579484350177,74.70999337127839,6432439
2017-06-12,74.27772521972656,74.89010401514781,73.8454621457402,74.34977150830052,3684911
2017-06-13,75.73661804199219,76.78125980274181,74.20567609849849,74.36777290220078,15775215
2017-06-14,75.8266830444336,76.72723724278462,75.46646136509318,76.0067938841038,13639132
2017-06-15,75.77265167236328,76.4570718940996,75.4124299887316,75.64657310592834,5595511
2017-06-16,75.6285629272461,76.18690949669428,74.78204583641931,75.64657694383318,6127735
2017-06-19,76.51109313964844,76.70921308275719,75.62854818765072,75.64656220072698,6393073
2017-06-20,75.0342025756836,77.44769007687233,74.06160196814311,76.45708033748916,12876594
2017-06-21,74.09759521484375,74.92610777582908,73.75538764719538,74.92610777582908,13855413
2017-06-22,72.87286376953125,75.17828155438285,72.04435585625964,74.15164878475899,33713902
2017-06-23,74.2056884765625,74.5659101704134,72.90888940153539,73.12502339500982,9034020
2017-06-27,74.11561584472656,74.45782344293853,72.58467400131865,74.20567124727997,6947747
2017-06-28,74.78204345703125,75.26833883047786,73.2691104028303,74.20568777515378,7103873
2017-06-29,74.92613220214844,75.82668644083678,74.52988735996168,74.92613220214844,7577681
2017-06-30,75.8447036743164,76.0248145412966,74.85409390592528,74.89011705648531,7751039
2017-07-03,76.16889953613281,76.60116755576797,75.46647011150043,75.64658097204511,8768284
2017-07-04,75.89872741699219,76.72724024336743,75.55651973972756,76.72724024336743,4530105
2017-07-05,75.66458892822266,76.1688983527487,75.46646893902948,76.1688983527487,6062229
2017-07-06,75.59254455566406,76.00679853509061,75.28635513232462,76.00679853509061,5577232
2017-07-07,75.44844055175781,75.79065307062567,74.99816349315209,75.53849596347895,7641379
2017-07-10,76.13288116455078,76.36702430576236,75.64658086460686,75.64658086460686,2844699
2017-07-11,76.34900665283203,76.85332094628343,75.97077581856301,76.5471315212078,13833624
2017-07-12,77.08747100830078,77.44769274411864,76.3490135183822,76.3490135183822,9211263
2017-07-13,77.48371887207031,78.16813921925817,77.24957571195608,78.15013008610329,9596900
2017-07-14,77.51972961425781,77.89796043652153,77.26757247553574,77.89796043652153,4889330
2017-07-17,78.06005096435547,78.33021719462803,77.53772763150103,77.53772763150103,6302565
2017-07-18,77.5917739868164,79.24879481047627,77.35763085523632,78.15012056223614,7549621
2017-07-19,78.76248931884766,79.0686787256471,77.82591196868078,78.31221221644236,8521832
2017-07-20,78.78050994873047,79.2487962202209,78.40227421946236,78.88857450805297,10233967
2017-07-21,77.55575561523438,79.05067969485673,76.90735845926363,79.05067969485673,4948380
2017-07-24,78.07806396484375,78.25817479395926,76.81728816103528,76.81728816103528,6137724
2017-07-25,78.16814422607422,78.74450003960914,77.91598703083379,78.3482551124401,6113154
2017-07-26,78.27617645263672,78.51032441679725,77.64578861089048,78.47430127724805,5258903
2017-07-27,78.04205322265625,78.92459837988524,77.71785465589733,78.4202889553914,21380991
2017-07-28,77.32160949707031,78.09608520521527,76.38503206325376,77.84393293683908,8260545
2017-07-31,80.43751525878906,80.76171866544183,77.32159883853181,77.32159883853181,17403810
2017-08-01,80.83375549316406,81.2660234203635,79.48292432793924,80.61762152956435,15263765
2017-08-02,79.8971939086914,81.41012706474565,79.50095393118073,80.9238267727411,12014487
2017-08-03,80.31143951416016,80.88779025375125,78.97861743576325,79.60900533228254,5285543
2017-08-04,80.90581512451172,81.10393510710394,79.82515001403884,80.8337688294857,7975937
2017-08-07,81.39210510253906,81.50016964558472,80.32944925737476,81.04989257319627,4619568
2017-08-08,80.29342651367188,81.62624860889659,79.77110803859544,81.5902254657626,3229672
2017-08-09,79.93321228027344,81.12194679922217,79.53696744062387,80.18536941981937,4573769
2017-08-10,78.31221771240234,79.89719224693883,77.57376516696068,79.89719224693883,6813656
2017-08-11,78.85254669189453,79.42890237440902,76.36701800223389,76.54712884765596,8860877
2017-08-14,80.23938751220703,80.67165542192264,78.88855640161894,78.97861180899147,4990789
2017-08-16,79.50096130371094,80.92383427722159,79.12272553671178,80.58162654801681,5221989
2017-08-17,79.0506591796875,79.8251347166112,78.79850208123858,79.4288899415423,2837686
2017-08-18,80.31143951416016,80.61762401238583,78.78049747975618,78.88856202197478,7721084
2017-08-21,79.35684967041016,81.0318843061593,79.08668342410468,80.6896717731781,5203218
2017-08-22,79.06866455078125,80.09529713738182,78.5463412513018,79.95120946760699,6646897
2017-08-23,79.15874481201172,79.53697567466746,78.40227820088033,79.1047125296066,5312780
2017-08-24,79.59101104736328,80.04128820028112,78.90658586627232,79.06868759565067,5492256
2017-08-28,78.20414733886719,79.57298777012227,78.04204562835207,79.57298777012227,9753985
2017-08-29,77.55575561523438,78.72647623105146,77.0154230233188,78.27619907112182,12235532
2017-08-30,77.66381072998047,78.33022178083466,77.1775105098534,78.11408780679831,9313551
2017-08-31,78.97863006591797,79.24879635048799,77.46569691799792,77.89796492763783,8143692
2017-09-01,77.98799896240234,78.78048846740904,77.7358418783134,78.78048846740904,8803556
2017-09-04,78.38426208496094,78.97862691010153,76.65519500131074,78.02404038659458,6239751
2017-09-05,77.87995910644531,78.38426854858001,77.77188965653224,78.34824539860898,3937595
2017-09-06,77.19551849365234,77.82590639184755,76.7272322950349,77.44767560725799,4800221
2017-09-07,77.77188110351562,77.86193652562935,76.92535915848286,77.62779340529755,5008597
2017-09-08,76.76325988769531,78.04204488669356,76.51110275947238,77.87994806353812,8588797
2017-09-11,78.90422058105469,79.05060956923562,77.09264258123837,77.22073480734154,6205180
2017-09-12,78.79441833496094,79.16039325583921,78.42844341408266,78.90421378953594,4307268
2017-09-13,78.22715759277344,79.0871996320132,77.95267640773007,78.79441672298879,3679773
2017-09-14,78.30035400390625,79.05060058547937,77.82458364157124,78.06246634081253,6793237
2017-09-15,77.76969909667969,78.11737729529953,76.15941026045466,77.8428911105949,9054445
2017-09-18,78.81270599365234,79.5446557047782,77.76967666252769,77.76967666252769,10470233
2017-09-19,78.99569702148438,79.19698121567639,77.87947068283697,79.19698121567639,5530915
2017-09-20,77.91607666015625,79.12379683307456,77.76968768994408,79.01400138252615,5687495
2017-09-21,77.4220199584961,77.91608714280366,76.98285298877506,77.91608714280366,5113744
2017-09-22,76.69007110595703,77.3488290154307,76.1594103897219,76.87305858683531,5195124
2017-09-25,76.9096450805664,78.26375421341322,75.99470781887324,76.48877493295802,13057600
2017-09-26,77.12921905517578,78.135649886964,76.90963315365168,78.135649886964,6570371
2017-09-27,76.17769622802734,77.97097229069959,75.68362910773693,77.58670062150283,7885119
2017-09-28,76.4887924194336,77.18414390451763,75.02489246605522,75.39086745439981,11633088
2017-09-29,77.2207260131836,77.82458362306869,75.42744497966994,77.2207260131836,13782560
2017-10-03,75.44574737548828,77.67819534341461,75.20786467418479,77.64159685924812,12296210
2017-10-04,76.50706481933594,77.09262560698386,75.04316533214208,75.04316533214208,12075908
2017-10-05,75.00657653808594,76.63516691343614,74.71379858838036,76.48877793858335,17352392
2017-10-06,74.93338775634766,75.33595621354888,74.49421584904283,75.02488149004843,13466622
2017-10-09,73.54267883300781,74.96998006282024,73.06691341102123,74.96998006282024,21446056
2017-10-10,74.93338775634766,75.39085642485153,73.56098175083599,73.57927851203505,14560236
2017-10-11,74.238037109375,75.4274557388125,73.7073763914763,75.17127624309168,11830976
2017-10-12,74.0367431640625,74.7320945096952,73.74396521764425,74.31122435027429,5518551
2017-10-13,75.26275634765625,75.7934219332617,73.26819117566583,74.07333793371845,11394674
2017-10-16,75.29934692382812,76.34237626238219,75.07976101615596,75.64702006077835,11521216
2017-10-17,74.98828887939453,75.72023880635162,74.64061067854867,75.11638110938264,4936452
2017-10-18,78.15397644042969,78.41016091718807,75.390867270702,75.46405928988051,18484486
2017-10-19,77.09264373779297,77.95268588155625,76.69007029136621,77.89779063064647,559370
2017-10-23,78.15397644042969,78.3918641533568,77.22074220796628,77.93439045518728,14162373
2017-10-24,78.70293426513672,79.01401397883726,77.36712663273777,78.06247807498691,7050716
2017-10-25,79.08721160888672,80.14853802567664,78.24546620230262,79.05061311923468,16306452
2017-10-26,77.5866928100586,78.95909858166209,77.1292242195241,78.46503151111446,23524154
2017-10-27,77.49520874023438,78.15396160707913,77.00114160817455,77.71479468380012,9985329
2017-10-30,77.73308563232422,78.5016338954164,77.5318014280189,77.56839494600013,4118717
2017-10-31,77.53181457519531,80.11193600610652,77.1109394085214,77.84288931389797,16442260
2017-11-01,76.98284149169922,78.09906295737169,76.3606821726951,77.89777874679216,12417385
2017-11-02,78.75782775878906,79.16039621572556,77.51350901019458,77.58670598264816,16259892
2017-11-03,76.87305450439453,80.69749463719003,76.70836875866179,80.69749463719003,26293141
2017-11-06,77.11093139648438,78.06246716737733,76.67176447720087,77.12923312052898,7985183
2017-11-07,75.99471282958984,77.65989677012449,75.57384265423136,77.4403157839219,9702210
2017-11-08,76.17769622802734,76.83644907917963,75.81172131875333,76.12280098440672,12777065
2017-11-09,76.122802734375,76.78155560067118,75.024877981313,76.78155560067118,9492091
2017-11-10,77.34882354736328,77.58670626291763,75.57384411555307,75.75683158349531,8999608
2017-11-13,77.2207260131836,78.0807680460999,76.59856667945203,77.55010244004343,7885278
2017-11-14,75.73853302001953,77.2390313125532,75.42745331876147,77.22073455053629,4927717
2017-11-15,75.75684356689453,75.95812782792952,74.80530759030813,75.64704809044983,8653007
2017-11-16,76.23260498046875,76.43389419455042,75.07978480474021,75.79343798982865,18027175
2017-11-17,76.34236907958984,76.836431120553,76.03128948664364,76.59854847789458,9193722
2017-11-20,76.41559600830078,76.96455849492742,75.26277577915553,76.96455849492742,8277194
2017-11-21,75.61042785644531,76.47046481696809,75.3176449865243,76.47046481696809,15596732
2017-11-22,75.77513122558594,76.17770466313453,75.06147808793828,76.17770466313453,8665005
2017-11-23,76.50706481933594,76.78154597318479,75.59212763983977,76.08619470953809,6824919
2017-11-24,77.2939224243164,77.53181010091794,76.12280562160959,76.30579308739372,7734712
2017-11-27,76.9096450805664,77.53180440405869,76.12280002828075,77.51350268051343,14811199
2017-11-28,76.25090789794922,76.85476562191535,75.4640577202095,76.85476562191535,21546865
2017-11-29,76.39730072021484,76.76327571836957,75.95812873688773,76.34240546326235,7324543
2017-11-30,75.40914916992188,76.30578969797745,75.0797727389115,76.30578969797745,19256592
2017-12-01,74.2746353149414,75.88492911665459,74.00015409381118,75.75683688735653,8172074
2017-12-04,74.2014389038086,74.64060585328028,73.52438427237202,74.4759201086732,7124561
2017-12-05,73.3047866821289,74.0916316850967,72.04217135458958,73.92694596662551,17485101
2017-12-06,73.28650665283203,73.50608766091781,72.7009457156126,73.08521744361586,5557173
2017-12-07,74.0367431640625,74.29292759006782,72.9937136636872,73.28649657395792,11119755
2017-12-08,74.32951354980469,74.58569794975135,73.15839691940326,74.29292003311399,14615599
2017-12-11,74.7686996459961,75.17127308102678,74.14654024968932,74.5857121722415,8231500
2017-12-12,74.25633239746094,74.84189328010685,73.89035746628883,74.84189328010685,8310332
2017-12-13,73.37800598144531,74.0916542397704,73.14011826481675,73.56099347801896,12105970
2017-12-14,73.2315902709961,73.78055259773275,72.64603442689197,73.67076211792623,12838407
2017-12-15,72.77412414550781,73.98184428379851,72.28006200568895,73.70736311107592,22654959
2017-12-18,73.15840911865234,73.23160112809056,70.77957201678103,72.81073094129927,16832008
2017-12-19,74.14653015136719,74.2929240815152,72.90221649207477,73.45117883857309,20133065
2017-12-20,74.2746353149414,74.42102430677357,73.17671043042048,74.32953056639684,14097971
2017-12-21,74.32951354980469,74.95167282747404,73.963538672082,74.95167282747404,7881749
2017-12-22,74.31121826171875,74.51250246290789,73.87204641422166,74.2929215030114,7399925
2017-12-26,74.09162902832031,74.65889305298556,73.63416044255084,74.25631970473806,7946762
2017-12-27,73.63418579101562,74.84190625151422,73.48779678594556,74.1099562623103,7831439
2017-12-28,72.88392639160156,73.9452526990268,72.64604367915581,73.72566674759507,15796200
2017-12-29,73.3230972290039,73.81716440503035,72.9937207662706,73.03031925409718,8561565
2018-01-01,73.2681884765625,73.83545252370075,72.84731835375156,72.84731835375156,6388017
2018-01-02,73.46949005126953,73.85376175791095,72.9388243955715,73.65247752373742,4383705
2018-01-03,73.79887390136719,74.09165190110221,73.41459719237993,73.74397864689854,8187397
2018-01-04,73.3230972290039,74.23803460540364,73.1950099673903,73.9269598685101,4204055
2018-01-05,73.6524658203125,73.94524374419737,73.41457817282244,73.67076257911077,4923559
2018-01-08,73.39627075195312,74.38440478826224,73.21328333514413,73.92693624623975,11797863
2018-01-09,73.56097412109375,73.70736308706098,73.30478970776191,73.5975676396964,7380366
2018-01-10,73.14010620117188,73.8903577916903,72.64604401299592,73.8903577916903,8710385
2018-01-11,72.40815734863281,73.3047979320387,72.20687311832673,72.8656260210128,12305664
2018-01-12,71.85920715332031,72.57286038905035,71.62132439602819,72.49966340348956,9411915
2018-01-15,72.9388198852539,73.28649804698468,71.42002495045871,72.38985750179643,9962401
2018-01-16,71.80430603027344,72.93882943066302,71.12725134263343,72.8656324510818,13205546
2018-01-17,72.24346923828125,72.71923465642983,70.99915548294042,71.73110533477063,13012437
2018-01-18,72.09708404541016,73.12181190622431,71.63961536400153,72.68263998653089,24603506
2018-01-19,71.76770782470703,72.4630642419228,71.10895486128005,72.09708927027376,8082214
2018-01-22,71.47492218017578,72.07877982597157,71.36513168597753,71.7860018655411,9833311
2018-01-23,71.67620849609375,71.85919596765812,71.01745558400314,71.47492426291407,16134097
2018-01-24,71.71279907226562,72.07877397502229,71.42002113560122,71.47491637824425,11061376
2018-01-25,71.10894012451172,72.04217412327007,70.688069987108,71.98727888166997,13143678
2018-01-29,71.0540542602539,71.73110889961518,70.99915901140902,71.18214648346056,11002896
2018-01-30,71.3468246459961,71.785996517778,69.79143129889265,70.92595449778563,22826262
2018-01-31,70.92597198486328,71.47493447801337,70.26721897862461,71.34684223684096,14372442
2018-02-01,71.31024932861328,71.42004481415319,69.16929444490566,71.18216204126433,17028230
2018-02-02,70.5965805053711,71.18214136661423,69.90122419047785,71.18214136661423,22083930
2018-02-05,71.9140853881836,72.07877110956571,69.53524365098268,69.53524365098268,21997294
2018-02-06,71.3468246459961,71.58470734160615,69.53524687971114,69.53524687971114,13495253
2018-02-07,71.5481185913086,72.04218077518024,70.77957024638775,71.65790908464615,14316750
2018-02-08,71.60369873046875,72.14109897297213,71.28867117544429,71.9001973227234,33536651
2018-02-09,71.60369873046875,72.01138115303873,70.78833388532878,71.15895838235917,15183068
2018-02-12,73.56798553466797,73.77182423418054,71.64076226336527,71.97431878386234,11747845
2018-02-14,72.43760681152344,73.549465441151,71.78902261090735,73.549465441151,13853923
2018-02-15,73.34562683105469,73.49387364322708,72.15964227997699,72.64145070309887,8833619
2018-02-16,72.47467803955078,73.47535293111817,72.17818438189741,73.41975597181454,6252218
2018-02-19,71.95579528808594,72.99352788111143,71.75195154623717,72.49319054892644,4332550
2018-02-20,72.27082061767578,72.77115290742196,71.80754625543038,72.23375766332644,8479558
2018-02-21,71.88167572021484,72.60438582235129,71.6407740284524,72.49319694602691,9258406
2018-02-22,70.5103759765625,72.08551390121977,70.1397564711958,71.64076848404022,25535938
2018-02-23,71.62226104736328,71.84462879594246,70.54746013726268,70.6401150414541,11567495
2018-02-26,72.69702911376953,73.0861775517293,71.52957877304182,72.27081772294491,8362326
2018-02-27,73.2900390625,73.47534884494021,72.47467400902327,73.1047292800598,17333449
2018-02-28,73.27149963378906,73.45680940248532,72.41907670852594,72.93794305550563,5795018
2018-03-01,73.1603012084961,73.56798362378022,72.474654195543,73.04911235331959,8106682
2018-03-05,72.9935302734375,73.03059323015641,71.99286060311977,72.93793835178354,6992551
2018-03-06,71.58517456054688,73.1973703691502,71.19602107469166,73.04911854967281,9525018
2018-03-07,71.65930938720703,71.90021612731012,70.88100729089992,71.43694166841894,9481007
2018-03-08,72.4190902709961,72.60440007439672,71.30723145059233,71.84462686434406,10429826
2018-03-09,71.49251556396484,72.511719116429,71.08483313760951,72.45612720075518,9887071
2018-03-12,72.27082061767578,72.51172228067368,71.52958163808314,71.7148913829813,14242997
2018-03-13,72.28934478759766,73.01205475551377,71.62223176094294,72.23375287318446,10581316
2018-03-14,72.02992248535156,72.71556962830283,71.71489990307724,72.14111136160939,8577503
2018-03-15,72.19668579101562,72.54877627357023,71.82606634699938,71.88165825823224,6132848
2018-03-16,71.2516098022461,73.06764411289618,70.91804827374364,72.04844061921166,10373796
2018-03-19,71.97432708740234,72.3078836463812,71.34427692640871,71.67783348538757,13496140
2018-03-20,72.23375701904297,72.6784973867226,71.45545509204301,71.93725841374139,9661410
2018-03-21,71.97432708740234,72.4561354742375,71.75195437246681,72.4561354742375,9675146
2018-03-22,71.41839599609375,72.1596350091172,71.25162023427275,71.97432525586133,11371840
2018-03-23,71.99285125732422,72.36347072270354,70.78833296799324,70.78833296799324,9062739
2018-03-26,72.23375701904297,72.45612971630703,71.99285535819378,72.04844727579767,15451169
2018-03-27,72.62291717529297,72.7711639884156,72.30788955562657,72.30788955562657,7563470
2018-03-28,71.62226104736328,72.56733905937558,71.2701704006958,72.456155185086,14095921
2018-04-02,72.23375701904297,72.34494085425075,71.49251804606176,71.49251804606176,6821616
2018-04-03,73.58650970458984,73.93860019192203,72.10403190840879,72.1966867706701,6269850
2018-04-04,72.65998077392578,74.08686704482731,72.14111441001141,73.73477646207327,9689298
2018-04-05,72.73409271240234,73.54945254842589,72.64143784284182,73.34561384613211,8673501
2018-04-06,72.62291717529297,73.34562730118355,72.54879628215632,73.19738048806093,7948746
2018-04-09,72.58584594726562,72.82675264635441,72.34494427502558,72.64144289434688,4610445
2018-04-10,72.9935302734375,73.6235854571126,72.75262859503779,72.95646731671857,7562115
2018-04-11,73.0120620727539,73.45680245947935,72.56731665917975,73.38268157511614,5790314
2018-04-12,72.77115631103516,73.34561956319705,72.67850143425247,73.08618389746603,3537785
2018-04-13,73.19737243652344,73.3826821892554,72.78968997514335,72.82675293105949,3438013
2018-04-16,73.8274154663086,74.45747057562994,72.93792974426832,73.10471051639698,9628436
2018-04-17,75.9399642944336,76.77385827531653,74.93928950663434,75.30990905369342,23457958
2018-04-18,75.97702026367188,76.27351386329829,75.73611355877044,76.01407819348853,8814122
2018-04-19,77.12593841552734,77.42243200229971,75.95848297884562,76.1623267182442,10627620
2018-04-20,76.7923812866211,77.68187215206164,76.42176176830384,77.38537352129848,5446620
2018-04-23,76.6441421508789,77.0518246671755,76.05114985688834,77.0518246671755,4139986
2018-04-24,76.51441955566406,77.16300373736742,75.90289833257071,77.16300373736742,3594644
2018-04-25,76.84797668457031,77.83011738291545,75.56933736144724,76.49588613853676,5924775
2018-04-26,76.71826171875,77.3483118946179,76.42176308288657,76.92210044659129,7950190
2018-04-27,77.05182647705078,77.3483201175857,76.75533283651588,76.90357965678332,7371596
2018-04-30,77.03327941894531,77.45949081219055,76.73678082119113,76.92209055971935,5644871
2018-05-02,76.03260803222656,77.49655703918485,75.865827249766,76.7182550991165,7210903
2018-05-03,76.51441955566406,76.922102046676,75.32844006808739,75.97702424979074,3782713
2018-05-04,76.86650848388672,77.01475528831799,75.79171286819869,76.71826167945544,22466426
2018-05-07,77.57068634033203,77.83012202412745,76.718263425317,76.718263425317,6003886
2018-05-08,78.84931182861328,79.31258616305054,77.4038969105387,77.64479855907643,19748071
2018-05-09,78.51578521728516,79.20143249876259,78.2563494804504,78.57137715322112,13934330
2018-05-10,77.08887481689453,78.49722688257866,75.86582747125965,78.27485418093153,13973187
2018-05-11,76.66267395019531,77.45950496609917,76.32911233841524,77.38537904640377,10688957
2018-05-14,77.47803497314453,77.7559996354615,76.34764735712855,76.34764735712855,13962128
2018-05-15,79.25701141357422,80.05384243601232,77.32978775418263,77.45950560128868,56040833
2018-05-16,79.1087646484375,79.6832229371682,78.77520303371712,79.46085020297106,18183776
2018-05-17,79.1087646484375,80.05384248521365,78.68254814670576,78.75667406705459,17900935
2018-05-18,78.92343139648438,79.68320430846396,78.60840887577262,79.20140101938279,18414996
2018-05-21,78.81226348876953,79.47938167015595,78.42311498643099,79.47938167015595,16669979
2018-05-22,78.10807800292969,79.31259135125941,77.6448036381875,79.21993647831098,9411261
2018-05-23,78.31192016601562,78.73813159500348,77.71892794762657,78.20073632431402,18219990
2018-05-24,78.47869110107422,78.71959274574422,78.34897328414478,78.71959274574422,17260447
2018-05-25,78.58988952636719,78.96050905680676,77.9227763823156,77.9227763823156,30090956
2018-05-28,76.69970703125,78.75664785439808,76.45880541056985,78.66399299822513,17488299
2018-05-29,76.71826171875,77.71893141931042,76.25498731288434,77.18153612461568,15749359
2018-05-30,77.6447982788086,78.55281295491908,76.71824961327857,76.71824961327857,36016623
2018-05-31,77.62627410888672,78.83078752644317,74.71690992572671,77.7930549005187,274352477
2018-06-01,76.3291015625,77.0518115835277,74.25363139937936,76.68119209107218,17096388
2018-06-04,74.75396728515625,76.6997195832119,74.34628484590822,76.6997195832119,14456405
2018-06-05,73.69772338867188,74.55015148296309,72.30789989163733,74.42043361786985,13788817
2018-06-06,74.5315933227539,75.3284292241889,73.19736721965471,73.19736721965471,8130515
2018-06-07,75.14311981201172,75.58786017269942,73.4753321490239,74.66131147103951,7683528
2018-06-08,73.34562683105469,74.56866931503853,72.91941536099058,74.45748546262155,12429285
2018-06-11,72.53025817871094,73.84596050938528,72.08551776454489,73.60505379650685,19668041
2018-06-12,72.28934478759766,72.80821103353445,71.67782367535614,72.80821103353445,13416832
2018-06-13,73.43827056884766,73.88301093785178,72.30787811557573,72.75262351142838,10866676
2018-06-14,73.69772338867188,73.88303318827649,72.86382929045115,73.4568216545559,7205187
2018-06-15,73.32709503173828,73.75331154140429,72.7341077653062,73.69771458668303,9527937
2018-06-18,73.62358856201172,73.93861616713481,72.73410269748994,73.32708992260507,4303444
2018-06-19,73.64212036132812,74.0127399047103,72.93794423427182,73.21590889180847,8099053
2018-06-20,73.80889129638672,74.01273000724858,72.93793448053871,73.64211051342804,8160216
2018-06-21,72.43760681152344,73.62359136053254,71.82608557059812,73.41974759565794,10942576
2018-06-22,73.27149963378906,73.5309353207035,71.93726829380614,72.71557032770028,7677797
2018-06-25,71.97432708740234,73.49386810813812,70.9736523836169,73.27149539320258,8701812
2018-06-26,70.69568634033203,72.15963540992426,70.047102200334,71.86314181380753,9869227
2018-06-27,69.37998962402344,71.34427605051472,68.8240603569342,71.14043230313936,13094540
2018-06-28,68.49050903320312,69.95445319890828,67.87898277121887,69.82474038149269,22542641
2018-06-29,69.25028228759766,70.54745077411559,68.23107847676214,68.65728997410525,8435793
2018-07-02,68.58316040039062,69.43558328723866,68.00869712721133,69.30586544962728,13100144
2018-07-03,68.39784240722656,68.73139893032894,67.15626615698874,68.21253266918654,9990760
2018-07-04,67.82339477539062,70.13976703272813,67.50836714302282,68.65728878803213,10626271
2018-07-05,67.32305145263672,68.10135346815058,66.91537399261196,67.87898074559675,7739370
2018-07-06,67.3786392211914,67.78631662565874,67.02654870622592,67.32304227799278,7229617
2018-07-09,68.37930297851562,68.56461270181636,67.45275436201194,67.52688026207142,10238815
2018-07-10,68.2125244140625,68.69432766391908,67.97161776228647,68.56460985761993,7258266
2018-07-11,67.78633880615234,68.47198607041955,67.60102900645039,68.11990046709587,3825437
2018-07-12,67.67513275146484,68.04575222937038,67.30451327355931,67.89750544357784,11523981
2018-07-13,67.36012268066406,67.9531150046595,67.1748128935936,67.52690349976736,4793733
2018-07-16,67.21188354492188,67.63809509856947,66.93391883251905,67.10069967070085,12191173
2018-07-17,67.24891662597656,67.54541017670196,66.71151641008274,66.97095203710349,4698206
2018-07-18,66.15558624267578,68.11987232410276,65.98881050795565,67.67512697781983,5845129
2018-07-19,65.76644134521484,67.00801756191538,65.63672352672107,66.37796245885892,5980121
2018-07-20,65.15491485595703,65.95174563689295,64.52485980488333,65.78496488018291,5273662
2018-07-23,65.61820983886719,65.97029539748277,65.09933844410841,65.21052732592075,6336970
2018-07-24,65.87763214111328,66.13706780553716,65.32170288321821,66.04441292922131,6260188
2018-07-25,65.09932708740234,66.34090337652358,64.74724159020877,66.21118555046343,7757736
2018-07-26,67.39716339111328,68.11987333281284,64.56192559040768,65.32169345580627,33869484
2018-07-27,66.67445373535156,68.49049307831343,66.04440368074167,67.91602990949046,19690254
2018-07-30,67.89750671386719,68.10134541978948,66.73005634199271,67.04507888262742,10288607
2018-07-31,67.56396484375,68.78700739837167,67.3971840286427,68.06429723537278,11713824
2018-08-01,68.45343780517578,68.84258626411466,66.76711608712725,67.82338265305239,10299992
2018-08-02,69.9359130859375,70.51037127017275,68.47196412671441,68.99083542107346,12305598
2018-08-03,70.49183654785156,70.76980113561405,70.04709119669236,70.34358977308116,7491196
2018-08-06,70.2138900756836,71.10337598064653,69.91739644964571,71.10337598064653,4944677
2018-08-07,70.08415985107422,70.65862306197965,69.54676462043827,70.36212446145957,3270258
2018-08-08,70.23240661621094,70.67715200342946,69.62088547892179,70.08415982942091,6225545
2018-08-09,71.3813247680664,71.52957657497,69.62088231614418,70.23240342565278,6328977
2018-08-10,70.62157440185547,71.84461692434661,70.08417403560513,71.78902499638782,4909902
2018-08-13,69.67647552490234,70.41771446579976,69.36145299649957,69.89884821254122,2537940
2018-08-14,69.63941955566406,70.0470969631316,69.13908225113305,69.50970173199329,2304692
2018-08-16,69.56529998779297,70.417722860708,69.34292727364374,69.4541161441428,3661689
2018-08-17,69.34293365478516,70.04710979201735,68.84259625861907,69.86180001764839,4022502
2018-08-20,69.5467758178711,69.99151624998439,68.7870027443809,69.49117886536386,2487784
2018-08-21,69.50970458984375,69.78766921191728,68.87964943573762,69.54676754482328,3655095
2018-08-23,70.49183654785156,70.78833009739235,69.50969600979369,69.50969600979369,9442607
2018-08-24,70.76981353759766,72.1225737630686,70.25094722154907,70.60303274497362,8393334
2018-08-27,73.30854797363281,73.49385770537442,70.7512746809683,70.84392954683909,14042229
2018-08-28,73.06765747070312,74.29069987597487,72.5487911480681,73.23443323859529,8224129
2018-08-29,71.54811096191406,73.77182791188328,71.19602043409618,73.01205996471656,6955827
2018-08-30,72.9935302734375,73.45680466530187,71.30721349779071,71.62224108962826,22347117
2018-08-31,74.67985534667969,74.95781999397231,72.2152314525392,72.2152314525392,11854651
2018-09-03,72.08551025390625,75.97701486335806,71.90020051059902,75.18017894565817,8999761
2018-09-04,72.06698608398438,72.80822515822142,71.02925339079218,72.0855200769498,5387824
2018-09-05,72.51172637939453,73.0120637242708,71.43693080360218,71.95579711327619,7334087
2018-09-06,73.8644790649414,74.77249878452321,72.45612707829241,72.64143681479088,16457730
2018-09-07,72.53025817871094,74.45748172064425,71.4739915264369,74.45748172064425,4580610
2018-09-10,72.54905700683594,73.31985836326972,71.49626137343262,72.62425888057122,6293799
2018-09-11,70.27426147460938,73.2634516980684,70.01106002608672,72.58665525874576,9560546
2018-09-12,72.86864471435547,73.41384545507985,70.34944867763586,70.34944867763586,13582243
2018-09-14,75.2562484741211,75.93304489720133,72.90625381090523,73.4138536781228,22816500
2018-09-17,75.91425323486328,76.53465085710768,74.22225693793388,74.22225693793388,15162744
2018-09-18,74.78626251220703,76.6662585688412,74.5042631037119,75.76386148161994,4937349
2018-09-19,74.56065368652344,75.199854314731,73.77105441044797,74.82385514515364,6025625
2018-09-21,75.35025787353516,75.91425666465969,73.3574590850059,74.82386002178202,11174973
2018-09-24,74.29744720458984,75.33144485101825,73.15065185484062,75.19984923041554,3992299
2018-09-25,72.4174575805664,74.67345263543113,72.06026142343529,74.07185803398605,10770907
2018-09-26,72.51144409179688,72.9438471446234,70.76304926451256,72.73704457592066,7286693
2018-09-27,73.15065002441406,73.65824987628581,72.24825312098355,72.56785340548166,8101331
2018-09-28,70.8382568359375,74.42904655668534,70.4434546819432,73.13185259308469,10284429
2018-10-01,72.3422622680664,72.90626104318673,69.8982675758783,70.80066459610777,4684738
2018-10-03,71.04505920410156,72.30465742039613,70.81945868628813,71.62785586695581,10349581
2018-10-04,71.15786743164062,71.79706814329602,69.39067416380853,70.68786840831042,11239097
2018-10-05,70.42465209960938,72.02264832703159,70.06745090296573,71.06384753068966,7035573
2018-10-08,70.18026733398438,71.08266435897843,68.61986663472709,70.12386337632229,4680183
2018-10-09,70.14265441894531,71.23305085045858,69.67265551744697,70.33065397954465,5552286
2018-10-10,70.36827850341797,71.0450751085538,70.0110771785975,70.0110771785975,3526073
2018-10-11,69.82305145263672,70.87584691145712,69.20265394655276,69.91705122931047,10016561
2018-10-12,70.85707092285156,71.34586787288819,69.97347172872458,70.02987059221867,6856067
2018-10-15,70.72545623779297,71.43985360084399,69.9734579398835,70.85705695989009,6926558
2018-10-16,70.38707733154297,70.98867715485808,69.5974778821804,70.66907677061415,6530627
2018-10-17,71.10147094726562,71.47747017850757,70.68787077293626,70.70667379438795,4151254
2018-10-19,71.12025451660156,71.98505047200116,70.33065532699369,71.06385056748955,9497796
2018-10-22,71.12025451660156,71.81584882429428,70.7818512211878,71.21425429870216,4377225
2018-10-23,71.79705810546875,72.43625872775857,69.86066342003558,70.6878585255585,4599675
2018-10-24,71.59026336669922,72.28586287078356,71.21426418609312,72.00385838551371,4510189
2018-10-25,71.92864990234375,72.2482501738046,70.19905293309778,71.32705029132588,7455415
2018-10-26,70.8382568359375,71.81585051291839,70.61265633362856,71.57145209367316,6390862
2018-10-29,71.27066802978516,71.62786421646358,70.46227075488432,71.21426916871127,8374975
2018-10-30,69.99227142333984,71.27066770098477,69.78546880060212,71.06386507824705,5105532
2018-10-31,69.91708374023438,70.21788112553324,67.22868989724458,69.59748333096893,9622136
2018-11-01,70.85707092285156,71.1766712824059,69.76667419597428,69.97347172872458,5603131
2018-11-02,71.38345336914062,72.30465330620557,70.95105537616075,71.082656095715,6034462
2018-11-05,69.95467376708984,71.25186802596812,69.55987152322753,71.08267143558358,4872816
2018-11-06,70.72545623779297,71.06385445188926,69.55985785607032,70.34945708883824,7337064
2018-11-07,71.0826644897461,71.43986065664288,70.72546322303397,71.43986065664288,223308
2018-11-09,72.07905578613281,72.26705536476287,70.98865925004151,71.06385602160455,9231137
2018-11-12,69.91708374023438,72.53028078680778,69.27788292170348,72.0038777128098,3906667
2018-11-13,69.20264434814453,70.68783755370502,68.75144344276634,70.31183849916107,7750412
2018-11-14,69.91708374023438,70.31188094591622,69.22148404943702,69.29668594567006,9918943
2018-11-15,70.34945678710938,70.87585457342531,69.76666014865509,69.93585670507014,8814911
2018-11-16,70.72545623779297,71.43985360084399,70.01105887474193,70.31185615397979,5537047
2018-11-19,71.32705688476562,71.62785416817289,70.55626065865016,70.76305815351579,5155461
2018-11-20,70.8382568359375,71.85345144660565,70.49985353256676,71.85345144660565,2673334
2018-11-21,68.46946716308594,70.63146245331737,68.1686698582842,70.49986172003588,6426666
2018-11-22,67.60466766357422,69.07106337490451,66.85266933983405,69.07106337490451,6231287
2018-11-26,68.60108184814453,68.7514805311328,67.24748350161745,67.69868465039859,5022526
2018-11-27,68.638671875,69.54106892919519,67.79267368047661,68.41307133649734,6727512
2018-11-28,69.29667663574219,69.5598730375644,68.24387572900544,68.39427440144898,9281286
2018-11-29,67.86786651611328,70.87585992183817,67.41667056514368,69.54106488797383,16395530
2018-11-30,67.73625946044922,69.01466061837645,67.04066513017172,68.05585974993103,10573839
2018-12-03,69.10865020751953,70.87584284777527,68.09345063772392,68.09345063772392,11107638
2018-12-04,70.40585327148438,70.76305448937252,68.48825666456601,68.95825558293744,6304336
2018-12-05,68.99584197998047,70.57504005292098,68.61984292450069,69.59744148871083,5774768
2018-12-06,68.99584197998047,69.7102442652429,68.69504477552208,68.99584197998047,8600328
2018-12-07,68.67626953125,70.31186710388316,67.92427111622929,69.10867269973942,8378029
2018-12-10,67.41666412353516,68.58225737702988,66.42026232324203,67.86786003139336,6431248
2018-12-11,67.79266357421875,68.16866271573225,66.60826219859939,66.85266572043497,6514193
2018-12-12,68.638671875,69.10867087195744,67.9430723395399,68.01826911916379,7396629
2018-12-13,68.638671875,68.80786845401538,68.09347099860318,68.56346999556061,4251108
2018-12-14,69.82305145263672,70.02984892139328,67.86785405789682,68.24385316459185,9276710
2018-12-17,72.39865112304688,73.90264764890954,71.32705257840679,71.43985027792066,23727234
2018-12-18,73.82746124267578,74.07186480915996,71.77826860696142,72.53026702736648,15507368
2018-12-19,74.8238754272461,75.01187506299479,73.3386762649048,73.3386762649048,11434466
2018-12-20,74.42903900146484,74.80503810054086,73.28224378920868,74.09064083225927,7938383
2018-12-21,74.03425598144531,74.86145109588192,73.56425701876027,74.44785608857119,8722621
2018-12-24,72.92504119873047,74.37263872221763,72.6430418798621,74.07184148868366,8563441
2018-12-26,73.43266296386719,73.80866216819146,71.94746406686006,72.79346227658968,4766041
2018-12-27,73.90265655517578,75.01185616659886,72.75586110592704,73.33865779000783,46486470
2018-12-28,74.09065246582031,74.57944933144334,73.54545164662812,74.25985412689789,5142112
2018-12-31,74.69225311279297,75.19985300283007,73.69585635075867,73.95905270498214,6317785
2019-01-01,75.19985961914062,75.38785921719031,73.7334586745006,74.24105860919788,3961625
2019-01-02,73.41384887695312,75.19984470419539,72.94384997504727,74.8614414149716,7876559
2019-01-03,72.58666229248047,73.31986275597376,72.19186518125511,73.28226181685338,7942863
2019-01-04,73.65825653076172,73.97785684413334,71.96626027153972,72.68065767213709,4017540
2019-01-07,74.61705780029297,74.78625947845254,73.63945887053701,73.73345866955555,3592512
2019-01-08,74.20346069335938,74.63586386634616,73.62066395558298,74.41026331953037,3990870
2019-01-09,74.29744720458984,74.72985030022082,73.54544891627827,74.2034474185509,4087529
2019-01-10,73.56425476074219,74.24105120630867,73.282255391787,74.24105120630867,3589725
2019-01-11,73.07545471191406,73.65825648293452,72.66185970644712,73.28225731446265,2995789
2019-01-14,72.37986755371094,73.07546200495314,71.81586364489961,72.96266428308024,5370460
2019-01-15,72.3610610961914,74.823858838373,71.59026480043826,74.823858838373,11498868
2019-01-16,72.19185638427734,73.00025352768829,72.04145264612339,72.379855957155,8515441
2019-01-17,72.90625,73.15064841223646,72.19185267968781,72.19185267968781,5325531
2019-01-18,72.79345703125,73.95905550062785,72.37986201614854,72.94386078199442,4366941
2019-01-21,71.90985870361328,73.20705791867339,71.68426327474654,72.9250585327747,4067143
2019-01-22,71.32705688476562,71.90985353379781,70.87585585983979,71.81585374525618,3577455
2019-01-23,70.04866790771484,72.00386064842446,69.82306737229804,71.27066528308914,6173490
2019-01-24,70.21784210205078,71.10144094255507,69.76664627485403,70.19904418834776,6157088
2019-01-25,69.87946319580078,71.10146051809443,69.65386267018353,70.5374617539589,3868441
2019-01-28,70.6126708984375,70.91346823034976,68.43187239271853,69.9358692519113,7440853
2019-01-29,69.78544616699219,70.61264619002495,69.05224591476706,70.23664710679441,17469350
2019-01-30,70.34945678710938,70.65025916487194,68.95825790201778,69.59745849242523,12711500
2019-01-31,70.91346740722656,72.00386409752147,70.23667086837197,70.87586646622005,25774313
2019-02-01,71.51505279541016,72.1354503480154,69.89825855530987,71.7970521465775,9474849
2019-02-04,69.40945434570312,71.25184902632991,69.0898540715563,71.25184902632991,3678667
2019-02-05,69.97346496582031,70.29306529448542,68.99586606041571,69.22146659240374,5500377
2019-02-06,70.23665618896484,70.96985143618411,69.465854908783,70.02985360655842,4322649
2019-02-07,69.40945434570312,70.57505264563092,69.18385385219864,70.29305330370393,4309303
2019-02-08,68.05587005615234,70.66906651905704,67.86787045737692,69.40946818729854,7692145
2019-02-11,68.56346130371094,68.8830616010891,66.87146512915999,67.52946364148536,7913450
2019-02-12,68.14986419677734,70.08626398322946,67.84906690363928,68.80786273785503,11930402
2019-02-14,65.78105926513672,67.24745472136993,64.85985943888278,66.7398549211854,36962390
2019-02-15,68.24386596679688,68.50706743078437,66.77747019556064,67.07826749741902,16005610
2019-02-18,67.96186065673828,68.99585830394469,67.51066474330072,68.22506209777129,7973918
2019-02-19,67.47308349609375,68.80787880838987,67.26628084642302,67.77388085948502,10824411
2019-02-20,68.35667419433594,68.65747152002024,67.15347469196745,67.9618719670827,9658184
2019-02-21,68.35667419433594,68.8078701828624,67.99947290774715,68.69507246068468,9197823
2019-02-22,68.3942642211914,68.65746568365292,67.86786639608357,68.31906744607039,12182132
2019-02-25,68.4130630493164,68.61986054300117,67.11586393492323,68.05586181497195,29907322
2019-02-26,68.13106536865234,68.69506411061658,67.24746631961202,67.49186475450018,13683801
2019-02-27,68.22506713867188,69.2966657994616,67.62346744315701,68.16866828280192,13566494
2019-02-28,68.75145721435547,69.46585454112704,67.90545917216987,68.77025513092264,69863939
2019-03-01,68.883056640625,69.0898541182521,68.46945658555632,68.84545570837976,7227772
2019-03-05,68.80787658691406,69.72907676976013,68.65747791007408,69.18387582892207,15733697
2019-03-06,69.37184143066406,70.08624371999638,68.31904610924845,68.84544376995625,20336766
2019-03-07,70.36827850341797,71.2518726546186,69.40947736302334,70.31187453647651,12295538
2019-03-08,70.31185913085938,70.8570599598525,69.65386059233009,70.68785829573325,6211299
2019-03-11,73.05665588378906,73.69585650215858,70.59385830107358,70.8758576739163,17678891
2019-03-12,73.82746124267578,75.95186086017257,73.1882656452209,73.1882656452209,26457157
2019-03-13,73.22586059570312,74.54185772375214,72.60545786977066,74.48545376698355,6930222
2019-03-14,72.71421813964844,73.54756214594299,72.57855626485785,73.2374823668731,8466765
2019-03-15,74.9041748046875,75.27239388109399,72.52041615793999,72.52041615793999,14301914
2019-03-18,76.37705993652344,76.6677616911947,74.90417314906635,75.25301420323322,14247336
2019-03-19,77.13290405273438,77.59802381112503,75.69877296900918,76.04761410210077,16995997
2019-03-20,76.5127182006836,77.46234073353708,76.16387716295797,77.22978354651529,9060589
2019-03-22,76.93909454345703,77.8499559435433,76.41583027164134,76.70653206073963,8782833
2019-03-25,78.29570007324219,78.87710363050309,75.62123950408716,76.43520553569114,14506515
2019-03-26,78.62516021728516,79.03214587376549,77.28793515020526,78.35384170349205,8371544
2019-03-27,77.5979995727539,79.34220995058779,76.93907880655453,78.68328918438841,11579885
2019-03-28,76.84220123291016,77.52050547178648,76.14451371860649,77.52050547178648,17034861
2019-04-01,75.79566192626953,77.40421070071446,75.62123875793483,76.82280714919025,10617688
2019-04-02,77.44296264648438,77.83056496740825,75.97007592985084,75.97007592985084,17946031
2019-04-03,77.88871002197266,78.50887483273465,77.57863024518831,77.67553083258258,15076661
2019-04-04,77.2685546875,78.78020824199592,76.93909685570911,78.08252077287612,10130253
2019-04-05,76.08635711669922,77.79180633545693,75.98945653316534,77.79180633545693,9883976
2019-04-08,76.88093566894531,77.63676228278568,75.79565129454188,76.7452790650395,13511642
2019-04-09,76.88093566894531,77.26853798225979,76.3770547645136,77.11349810837257,10655872
2019-04-10,76.99723815917969,77.3848405663372,76.64839704417673,76.64839704417673,8637199
2019-04-11,75.95069885253906,77.28792907164188,75.83442024965768,77.19102848350961,13713296
2019-04-12,76.37705993652344,76.60962239169909,75.60185525740009,76.22202005213741,11004111
2019-04-15,76.76466369628906,77.84994816426305,76.39643936401578,76.66776310960591,8965316
2019-04-16,76.299560546875,77.46236791884124,76.1639038925681,77.13291003587331,4918434
2019-04-18,75.3111572265625,76.68714349716615,75.00107744245824,76.49334231780263,11593259
2019-04-22,75.50496673583984,76.24141024722901,74.9623244251949,75.27240424350799,7772049
2019-04-23,74.8072738647461,75.40805539863437,74.43904953288343,75.11735363890908,6686014
2019-04-24,74.40028381347656,75.44681218900473,73.66384045082744,74.84602543372264,7288151
2019-04-25,74.24524688720703,75.89255682631209,73.91578384794738,74.49718735586681,17599280
2019-04-26,73.95454406738281,75.34991351771743,73.78012091464358,74.03206137967229,8664580
2019-04-30,72.24909210205078,74.61346729490984,71.86148978378512,74.30338228598157,14290974
2019-05-02,73.72198486328125,73.9545473247793,72.26847605041011,72.50103851190816,8897549
2019-05-03,73.97391510009766,74.78788097407677,73.72197465884504,73.99329836923562,10782838
2019-05-06,73.81889343261719,74.74913812200056,73.19872855396363,73.64447025333547,5477945
2019-05-07,74.24524688720703,75.11735214908619,73.83826127734753,73.83826127734753,9450289
2019-05-08,73.64447021484375,75.09798444131256,73.21811178961157,74.40029698174426,10180731
2019-05-09,72.83051300048828,73.66385713265655,72.22972610915272,73.60571782244838,7921214
2019-05-10,71.91964721679688,73.0436931717908,71.72584600879122,73.02431515386793,5938686
2019-05-13,70.79557800292969,72.11343008802417,70.5630208182122,71.8808676461138,5504435
2019-05-14,70.40797424316406,71.39636328673771,70.17541706321053,70.5048748205423,11334983
2019-05-15,69.1870346069336,71.5514099715132,68.78005424607353,70.98938446633188,7616268
2019-05-16,70.48551940917969,70.81498252934685,69.32271210778583,69.51651332468481,8660893
2019-05-17,70.6017837524414,71.16380927061844,69.90410161563642,70.42736584683686,10183233
2019-05-20,72.8886489868164,73.21811207256404,71.33823941359825,72.13282221699498,6287120
2019-05-21,71.29946899414062,73.1018188408076,71.22194642252761,72.96615696908142,7748239
2019-05-22,70.5824203491211,71.82275024597756,70.46614172131339,71.2801026303563,6972640
2019-05-23,71.57079315185547,72.90802344638965,70.97001157442341,72.09405740872509,13966122
2019-05-24,71.9583969116211,72.3072379783664,71.41574941091352,71.9583969116211,7240775
2019-05-27,72.61732482910156,73.48943020947884,71.95840391824396,72.26848372838943,6424176
2019-05-28,73.72198486328125,74.14834849982878,72.7917402744824,72.96615817771092,11255911
2019-05-29,73.70260620117188,74.80727394068803,73.39252116950082,74.1871091345392,8310232
2019-05-30,74.10958099365234,75.15610935396586,72.927396027944,74.96230819518135,34989609
2019-05-31,73.37313842773438,74.57470667650895,73.02429738962381,74.22586038120544,11849847
2019-06-03,74.82664489746094,75.00106803989881,73.64445469723343,73.74135527476719,12106965
2019-06-04,74.78788757324219,75.97007783603844,74.40028524259287,74.63284769242108,11447117
2019-06-06,75.75688934326172,76.80341768285297,75.25300844327649,75.58247145812504,26132949
2019-06-07,74.3227767944336,75.98947028720251,74.09021955761409,75.75690779318893,8783688
2019-06-10,75.3111572265625,75.95070006702343,74.57471379641979,74.78789299084228,11231885
2019-06-11,75.05921173095703,75.85379441039288,74.7685099813303,75.69875452869724,6589306
2019-06-12,74.0902099609375,75.03983257413299,73.76074690852543,74.80727536743589,7509749
2019-06-13,75.13673400878906,75.36929647529848,73.50880725760999,74.109588810332,11041648
2019-06-14,75.42742156982422,76.33828799204895,74.94291871302303,75.19486440431362,34979466
2019-06-17,75.21426391601562,76.14450861554968,75.03984073483063,76.12513059861533,10860754
2019-06-18,76.66777038574219,77.07475078555848,75.25302273734053,75.46620194539787,17815522
2019-06-19,77.63677215576172,78.10189709376561,76.74528882464666,76.7840448551524,32722391
2019-06-20,77.88871002197266,78.5863974055274,77.24916719660912,77.77243141997685,11459458
2019-06-21,77.48175048828125,78.31509471247274,76.95848612423715,77.98563157531943,16601442
2019-06-24,77.15228271484375,77.81120894955374,76.57087906910944,77.5205071266866,9883389
2019-06-25,78.14065551757812,78.41197928258947,77.13289354969292,77.13289354969292,10375296
2019-06-26,81.26087188720703,81.76475295858548,77.92748983684199,78.08252976209731,31182825
2019-06-27,80.5050277709961,81.35775506295573,79.94300750523522,81.0476752788941,13741562
2019-06-28,80.19496154785156,81.24149019611541,79.32285609336314,80.29186215390583,12067819
2019-07-01,80.25308227539062,81.39651126491849,79.71044005858828,80.33060484515944,11211814
2019-07-02,80.3693618774414,81.08642195249195,79.98175956349286,80.38873989026169,12203723
2019-07-03,80.98953247070312,81.2608562305194,80.11742714482827,80.6988306954115,13693989
2019-07-04,81.47402954101562,81.70659199587926,80.50502369341145,81.00890988848153,12324046
2019-07-05,79.78795623779297,82.17171476660239,79.14841344646074,81.41588812226871,12525923
2019-07-08,78.0050048828125,79.98177819589397,77.65615851323795,79.45851389872621,8948141
2019-07-09,79.36160278320312,79.53602068768805,77.36544646005984,78.27631304079235,6875651
2019-07-10,79.57477569580078,80.0205173150168,78.7220484838452,79.34221325097717,12675299
2019-07-11,80.85387420654297,81.06705340121823,79.88486305138294,80.001146913455,7808266
2019-07-12,80.117431640625,81.33838337111847,79.22594824924913,80.85388038511117,6349095
2019-07-15,79.43911743164062,80.13680479772981,78.64453473777613,79.71044117242974,6656137
2019-07-16,80.97015380859375,81.16395499057379,79.18718188293873,79.38098306491877,6627472
2019-07-17,80.62132263183594,81.60970667841885,80.02053573961203,80.93140245820081,6388864
2019-07-18,79.59416961669922,80.97016129021483,79.45851298253338,80.97016129021483,8419638
2019-07-19,79.72982025146484,80.48564692719177,78.60577450225536,79.76858153740861,10869152
2019-07-22,79.10967254638672,80.31124112718587,78.52826890314788,79.84612136691143,9061812
2019-07-23,81.5709457397461,81.78413022134181,79.14843065702793,79.3422318636454,14046808
2019-07-24,81.3189926147461,82.55932224767264,80.83448967332063,81.26085331321372,18181391
2019-07-25,82.6174545288086,83.10195742906356,81.33836897501267,81.39650827160469,28085772
2019-07-26,81.99729919433594,82.94692709091544,81.49341822300408,82.61746402941682,10950941
2019-07-29,80.58255004882812,82.3655219435995,80.05928581510702,82.30738264145126,5948953
2019-07-30,80.71821594238281,81.31899752313603,80.11742910443591,80.54379277006417,10050004
2019-07-31,81.70660400390625,82.92755575707947,80.2143337278454,80.42751819996492,26229893
2019-08-01,82.9469223022461,83.81902757264476,81.31899036129128,82.15233434601137,27069006
2019-08-02,81.60969543457031,82.92754765803815,80.75697340095438,82.5399400426938,20863783
2019-08-05,77.96623992919922,81.39652209708832,76.2995465149127,81.39652209708832,18063375
2019-08-06,76.7840347290039,78.50886711800744,76.06697465850336,77.75304050772661,11846580
2019-08-07,77.07474517822266,77.88871117583146,76.39644105641422,77.13288973727525,9432897
2019-08-08,78.5670166015625,80.87325275686354,76.37706430910312,76.764666670855,6595239
2019-08-09,78.29570007324219,80.95077736950567,78.00499829461174,78.87710363050309,9175926
2019-08-13,78.29570007324219,79.61354708492816,76.26078762282904,77.69491324308974,7558090
2019-08-14,79.51663208007812,79.92361239352024,76.64837610221946,77.92746159348843,8024154
2019-08-16,81.8422622680664,83.04383069388953,78.41198016394965,79.10966234297277,11894601
2019-08-19,81.21465301513672,82.37178226175297,80.8616322463976,82.03837168898359,8100095
2019-08-20,80.8224105834961,82.72480717502395,80.66551304732737,81.1950468870575,8711658
2019-08-21,80.37133026123047,81.43039796822168,80.13598129076756,81.05776165497342,5649369
2019-08-22,79.52799987792969,80.62628795982981,78.76311706791031,80.21443125916319,5059207
2019-08-23,79.0376968383789,80.25365682158002,78.72389642321085,79.25343030115741,7611285
2019-08-26,79.58683776855469,79.82218674058117,78.11591334361896,79.37109899412047,7846961
2019-08-27,81.0185317993164,82.13643536174561,79.6456690819923,79.6456690819923,18828020
2019-08-28,80.7047348022461,82.86209044923672,80.15558547231996,81.5676738689323,15756988
2019-08-29,80.33211517333984,81.11660829854176,79.88103269038565,80.70475153588455,8660979
2019-08-30,78.64546203613281,81.27351097899017,76.09585921862629,80.54785372843212,15630977
2019-09-03,77.29220581054688,79.39072602515304,76.89995924034702,78.99847945495318,9494810
2019-09-04,77.2333755493164,78.05709447114157,76.60577992696463,77.44910905066313,8565768
2019-09-05,78.19436645507812,79.74374244946952,77.40987335820842,78.05708441927337,14199248
2019-09-06,79.82218933105469,80.15559462204641,78.4689366881231,78.58660851786324,13782929
2019-09-09,79.58683776855469,80.35171527741097,79.1553655398701,79.72412511225212,4769289
2019-09-11,78.99846649169922,79.97908275628463,78.3708710183278,79.62606196507062,7723322
2019-09-12,78.31202697753906,79.23380723460339,77.52753404730271,79.23380723460339,11516235
2019-09-13,79.48877716064453,79.62606450610437,78.07668863054211,78.25320169187387,7223537
2019-09-16,79.29265594482422,80.01831308651144,78.7827322657162,78.84157350113239,6031015
2019-09-17,78.62583923339844,79.50839397311276,78.19436696327901,79.39072213589125,5823968
2019-09-18,79.25343322753906,79.62606957175299,77.76289849105187,78.64545321348925,7206830
2019-09-19,78.90042114257812,79.52801674542394,78.09631244761839,79.52801674542394,6306748
2019-09-20,76.95879364013672,81.9403271112491,76.64499851825533,78.52777988991265,51859153
2019-09-23,73.86003875732422,77.76289375351456,73.11477143448444,77.27258560425366,24586363
2019-09-24,74.703369140625,75.29173893100567,72.56562344083495,73.70314262505147,18234411
2019-09-25,77.95901489257812,79.78296009417694,75.7428178620567,75.89972072169925,48245282
2019-09-26,78.15513610839844,78.99846501615332,77.31180188045992,78.42970546524366,15826874
2019-09-27,77.70404052734375,78.35125144063082,76.89993741472718,77.58636871775506,10034452
2019-09-30,78.07670593261719,78.4493423357023,76.74306853871985,77.27260251987786,9111327
2019-10-01,77.07646179199219,79.48877680502528,76.88033853369383,78.25320134178237,7634447
2019-10-03,78.09629821777344,78.44932433767676,76.29196850361087,77.15490764512691,9432906
2019-10-04,77.09607696533203,78.3708782265438,76.7234406224426,78.07669332011031,19442087
2019-10-07,77.07646179199219,77.42948259289247,76.25274304310229,77.1549079032012,11655995
2019-10-09,77.54715728759766,78.01785525299434,76.64499239413544,77.46871117348759,8504262
2019-10-10,78.09629821777344,78.2924214754158,77.07646153418028,77.62560559154211,6982965
2019-10-11,78.84156799316406,80.11636912159886,78.01784927690791,78.07668518802971,10517558
2019-10-14,77.82173919677734,79.35149974575604,77.54716447149559,78.841581336158,11162487
2019-10-15,78.93964385986328,79.2338287887296,77.78251434491531,77.82174006613441,5013200
2019-10-16,77.88055419921875,78.93962177491584,77.13528698529787,78.8415601593951,6668842
2019-10-17,77.54715728759766,78.3512658684683,77.07646464238506,77.95901933736576,7899823
2019-10-18,79.44955444335938,79.72412914464203,77.27258831241862,77.54715769351718,8795448
2019-10-22,80.43016815185547,81.41078445274785,78.84157187248337,78.84157187248337,10675241
2019-10-23,80.90087127685547,81.19505618593226,79.35149529431065,80.41056309506081,5777589
2019-10-24,80.05754089355469,81.29312182871867,79.86141761117115,80.95971118462973,5428181
2019-10-25,79.60645294189453,80.56745908765978,78.90041130186826,80.56745908765978,3993616
2019-10-27,79.37110137939453,80.13598423142103,78.84157282665124,80.01831240196341,388417
2019-10-29,78.8611831665039,79.58684030328683,78.25320317957402,79.33188112554797,5943950
2019-10-30,78.42971801757812,79.95947854255303,78.17475881677973,79.95947854255303,6419057
2019-10-31,77.8021240234375,78.80235596698289,77.60600073884248,78.56700696143194,15582577
2019-11-01,77.39026641845703,77.99824646606481,77.17453293580512,77.84134890411939,8803683
2019-11-04,76.3900375366211,77.91979803046841,76.1154628212348,77.62561311549068,15175738
2019-11-05,76.6449966430664,77.07646891523532,76.05662681379543,76.39003744775252,8153818
2019-11-06,76.52731323242188,77.07646261768724,76.37041568813916,76.64499038077184,9183411
2019-11-07,76.17428588867188,77.21373801552151,75.95855244882546,76.88033275761042,15498054
2019-11-08,75.17408752441406,76.64501239998887,74.8602870255135,76.58617646900296,11762251
2019-11-11,75.21328735351562,75.74282122788098,74.66414328091541,75.1740669570459,10089055
2019-11-13,74.23267364501953,76.23313206277253,73.86004262418292,75.31135695005067,9456977
2019-11-14,73.74236297607422,74.58569726457979,73.31089605287528,74.52685602943083,19380370
2019-11-15,73.6050796508789,74.095387800587,73.25205352694194,73.74236167665003,18256039
2019-11-18,74.78182983398438,74.91911187925835,73.21284353202198,73.62470030821324,11766437
2019-11-19,76.66461181640625,76.88035062657939,74.60531728035696,74.91911241491916,22218922
2019-11-20,76.9195785522461,77.33144069185359,76.09586491340156,76.86074262378366,9597590
2019-11-21,76.99801635742188,77.25297554902991,76.0958514270598,76.80189308384888,12107895
2019-11-22,77.95901489257812,78.920015646878,76.88033699354632,76.88033699354632,16199814
2019-11-25,77.90018463134766,78.60623163862535,77.58638950823612,78.05708751308792,6529113
2019-11-26,76.25273895263672,78.21397143041293,76.0566157048591,78.07668409293187,21594044
2019-11-27,76.52731323242188,76.88033935728788,76.13506671162314,76.46847731833884,12155700
2019-11-28,76.9391860961914,77.56678168180461,76.17430314494648,76.9587962969168,6724188
2019-11-29,75.82128143310547,76.84112358317005,75.35058341917271,76.6450002973955,17547179
2019-12-02,75.07601928710938,76.48810810795652,74.68377268799544,76.48810810795652,19957065
2019-12-03,74.29151153564453,75.35057395367753,74.17383438685157,75.35057395367753,7451455
2019-12-04,73.89925384521484,74.52684392986255,73.62467919304412,74.3111105032878,10311154
2019-12-05,73.46778106689453,74.0953764665573,73.1539807069716,73.93847362650428,4569931
2019-12-06,73.19320678710938,73.80119199493153,72.89902194079698,73.52661734363339,5388071
2019-12-09,73.7227554321289,74.07577625481275,72.78136479824393,73.35011909029451,5459781
2019-12-10,71.6830825805664,73.7227670420142,71.46734907722589,73.7227670420142,10563080
2019-12-11,71.29083251953125,71.89881791613408,69.93758499841807,71.78114074896025,39214905
2019-12-12,72.46756744384766,73.87965611459555,71.01625837350532,71.6830743290082,63493233
2019-12-13,72.84019470214844,73.56585180676149,72.56562001818119,72.84019470214844,12987237
2019-12-16,73.33051300048828,73.70314936320379,72.74214315631716,73.03632807840272,8479418
2019-12-17,73.76197814941406,74.07577324121497,72.80097203547479,73.48740345395026,17903634
2019-12-18,73.4285659790039,74.13460758064554,73.0167092647436,73.36973006556441,10099352
2019-12-19,73.1147689819336,73.40895386162205,72.5263992225567,73.38933834419925,5749401
2019-12-20,72.99710083007812,73.52663474278458,72.60485427550806,72.82059307263224,9690984
2019-12-23,72.87940979003906,73.5462255650097,72.46754782414429,72.82057388639208,17045076
2019-12-24,73.40895080566406,73.50701242814465,72.76173984114538,73.13437613464502,3748896
2019-12-26,72.50679016113281,73.54624243121467,72.192995056265,73.46779631508981,3925143
2019-12-27,74.15423583984375,74.33074361048998,72.76175727487129,72.76175727487129,7122947
2019-12-30,74.64453125,75.11522387773627,74.01693575950111,74.13460758638921,6925363
2019-12-31,74.62491607666016,75.40941443354427,74.23266955831005,74.33073118789757,11907723
2020-01-01,76.68421173095703,76.84110926630694,74.62491229382368,74.74258943547385,13620373
2020-01-02,76.52731323242188,77.15490872973663,76.23312834182282,76.70382629485488,5673692
2020-01-03,75.70359802246094,76.40963961529471,75.0171613069506,76.19390616197988,7358268
2020-01-06,75.7428207397461,76.0762313488781,73.74236240513808,75.31135381988771,7355290
2020-01-07,75.19367980957031,76.29197331372383,74.97794634063554,75.76243942066625,14023712
2020-01-08,74.74260711669922,74.89950468916507,74.07578578348826,74.64454546888496,9451757
2020-01-09,75.68399047851562,75.86050355541263,74.97794881129629,75.29174392557502,7714854
2020-01-10,75.37019348144531,75.9781734952418,74.91910570068457,75.9781734952418,4118638
2020-01-13,76.4096450805664,76.48809651657427,75.23290546155353,75.46825444939294,27682638
2020-01-14,76.58617401123047,77.0176410380709,76.19392739033168,76.4096609037519,5994314
2020-01-15,76.19390869140625,76.80188867651948,75.66437481910997,76.64499113070161,7114590
2020-01-16,77.0568618774414,77.54717012247075,76.13508131274924,76.13508131274924,8552344
2020-01-17,77.42948913574219,77.60599689101542,75.95856457421024,76.86072951054277,4698386
2020-01-20,80.27327728271484,82.76404395813306,79.7241331725889,80.17521564447149,49337827
2020-01-21,78.68466186523438,80.13597598687902,78.05707174578275,79.88101683582886,17283910
2020-01-22,78.46894073486328,79.37110566322076,75.72321491094227,78.6454538087605,56787054
2020-01-23,79.21419525146484,81.35194070975601,76.0566131945376,77.17451673400927,226059260
2020-01-24,77.25297546386719,77.7236734479972,76.19391297985108,77.0568521905104,16151679
2020-01-27,75.70359802246094,77.05684529542296,75.4290233362568,77.03723509791571,8213919
2020-01-28,74.703369140625,75.70360097638255,74.1738352652456,75.70360097638255,9174575
2020-01-29,75.46825408935547,76.01739817823817,74.23267323913919,74.70337121257246,17600091
2020-01-30,76.25273895263672,76.5861495378954,75.075999465971,75.46824596152624,26386034
2020-01-31,73.29127502441406,76.68421148124867,72.60484365433273,76.60576005373736,63986362
2020-02-03,73.48738861083984,74.13459418207051,69.6041498632729,70.95739690854013,16329297
2020-02-04,76.23313903808594,76.60577541320288,73.74237221749797,73.87965958307709,14207381
2020-02-05,74.27190399169922,76.76267073960801,73.74237006573681,76.13507517254827,14550344
2020-02-06,75.66437530517578,75.99778591729556,73.99732756476094,74.50724592199069,9175642
2020-02-07,74.68375396728516,75.62514450514658,73.95809687678526,75.62514450514658,18058457
2020-02-10,73.19320678710938,74.95831586498373,72.46754976883551,74.80141834432042,30471811
2020-02-11,74.33073425292969,74.99755548969485,73.78159016863233,73.93848771840527,32456571
2020-02-12,74.27190399169922,75.27213592300258,73.95810886826162,74.54647871484552,16386952
2020-02-13,74.74260711669922,74.97795613549044,73.62470326757962,74.05617558199936,18581113
2020-02-14,72.21261596679688,75.07601933423702,71.93804121917077,74.72299313866488,23830630
2020-02-17,72.0164794921875,72.87942398098396,70.82012971107714,72.56562356679251,17670292
2020-02-18,72.56563568115234,73.09516964585315,70.93781338388943,71.62424492178697,30879880
2020-02-19,73.54622650146484,73.72273953483626,71.78111744848287,72.95785681713753,22313738
2020-02-20,74.23267364501953,74.8014332560125,72.91865199235333,73.54624220011694,25907657
2020-02-24,72.99710083007812,74.21306621328219,72.58524407585331,74.13461477429442,14921452
2020-02-25,73.01671600341797,73.62469603204265,72.70291556914042,72.99710048367191,17807428
2020-02-26,72.8990249633789,73.8992566744231,72.1537577191901,72.56561439303083,17113656
2020-02-27,73.13438415527344,73.62469232144834,71.11431557466967,72.60485027176773,28472046
2020-02-28,71.1927490234375,72.68328877554174,70.27096877098332,71.95763175466575,28010970
2020-03-02,71.97725677490234,73.42857111558146,71.29082532299438,72.0753184108892,19540018
2020-03-03,75.19367980957031,76.37041942961639,71.40850176245895,72.09493320748582,16039306
2020-03-04,77.29220581054688,77.66484218031059,73.95810996384807,74.80143902574085,16939245
2020-03-05,76.86072540283203,78.27281397047253,76.3115813265785,76.89995111974672,9715265
2020-03-06,74.76222229003906,75.54671552472371,73.80122126966153,74.72299656426779,14371982
2020-03-09,70.9770278930664,73.97771279202473,69.80028829973497,72.52640381902641,69609292
2020-03-11,71.15353393554688,72.13415023983342,69.52571193446799,70.40826660832589,42604599
2020-03-12,65.15216827392578,69.78067538572063,64.62263437312431,69.11385945005351,58418097
2020-03-13,65.85822296142578,67.70178421936924,58.64088615533606,63.85776411816879,44617540
2020-03-16,64.23555755615234,66.24863949900228,63.03584667937327,66.0452981114816,39669086
2020-03-17,65.88261413574219,69.27841579361845,63.340847253497564,63.666191208030014,35460792
2020-03-18,58.62331008911133,67.0619737302511,49.67628770059201,66.69596050684456,119909061
2020-03-19,59.84337615966797,61.77511903017964,56.976259747526704,59.13168141790051,44039786
2020-03-20,63.950862884521484,65.82160416672154,60.290719056037794,60.290719056037794,131485883
2020-03-23,62.22247314453125,63.3815200078609,57.56595376146493,57.56595376146493,39665620
2020-03-24,59.90437316894531,63.93053060200765,59.131677179325166,61.836115900989114,42302851
2020-03-25,61.10409927368164,63.82887036849705,60.33139764173092,60.39240446656013,23309603
2020-03-26,64.39822387695312,65.76060652356603,59.88404475603346,61.24643291863355,25329120
2020-03-27,65.06924438476562,67.61101109714083,63.70685632373515,64.49988974439093,28883749
2020-03-30,63.300174713134766,65.02857610658532,62.24279863982647,63.035832073804414,22364337
2020-03-31,64.7032241821289,65.80126397519983,63.60517887307178,64.41854413430337,24838523
2020-04-01,62.873165130615234,65.86227866073612,62.28347298990459,64.662567966031,14182117
2020-04-03,63.52385330200195,65.25225484022499,61.714118530396135,62.85282792565401,21066826
2020-04-07,64.25587463378906,65.84193585043188,63.605181296811224,65.4759225721276,24741992
2020-04-08,64.39822387695312,66.16728922786533,63.13750639042786,64.21521445362356,21481260
2020-04-09,66.87899780273438,67.79403400132875,64.39823189445872,65.43527071313719,15607786
2020-04-13,65.04889678955078,67.06197791797305,63.95085705076348,66.69596467171063,14901247
2020-04-15,64.88623046875,66.65530108089905,64.43887845524307,65.65892639245119,25249654
2020-04-16,66.45195770263672,67.79401370164699,64.05253127020688,64.33720580382514,31150756
2020-04-17,68.22103881835938,70.45779364689702,66.79764938201724,68.18036944555217,18536308
2020-04-20,67.30599212646484,68.81072007086823,65.9436042064217,68.81072007086823,24177042
2020-04-21,66.1469497680664,67.50933777555557,65.94360843906763,66.69597245956044,13915863
2020-04-22,65.96394348144531,66.18762226350161,63.68652490187207,65.06924490118064,19702407
2020-04-23,64.25587463378906,65.84193585043188,64.0932026785412,65.67926389518402,32128585
2020-04-24,64.72355651855469,65.10990722648926,63.34083666887165,63.84918996037175,33134279
2020-04-27,64.90656280517578,65.67925866809789,64.11352950197475,65.67925866809789,9762001
2020-04-28,63.93052291870117,65.23190954606937,63.767850969276694,65.08956952182814,26134701
2020-04-29,64.27621459960938,65.31325878650634,63.442517277190625,64.86590671662846,14509262
2020-04-30,65.90293884277344,66.47229345880903,63.93052685509072,64.9065696437078,18702868
2020-05-04,64.68289184570312,65.679266575739,64.09320529436458,65.43525587491526,12598146
2020-05-05,66.55363464355469,67.44833872735448,65.1505772203202,65.65893055975491,18305545
2020-05-06,67.26533508300781,67.77368846600542,66.16728956933808,66.24862831701259,12853774
2020-05-07,65.78094482421875,67.10266363038775,65.4759327920259,66.55364086924317,8561359
2020-05-08,64.66255187988281,66.1266103868217,64.29653863214457,66.1266103868217,30898767
2020-05-11,64.58122253417969,66.04528125383429,64.39821864171458,64.78456386979875,9453421
2020-05-12,66.41129302978516,67.1026557614093,64.13386901994956,64.45921845906128,19986028
2020-05-13,67.77367401123047,69.90875776444959,65.90293285759365,69.72575389519386,27175817
2020-05-14,65.39459228515625,66.69597912724443,65.06924833262778,66.69597912724443,26454121
2020-05-15,64.98789978027344,65.78093312938061,64.35754389887072,64.74388909470305,20009870
2020-05-18,62.832489013671875,65.15057692126143,62.34446760366001,65.00824239966248,32898286
2020-05-19,64.27621459960938,64.78456797083717,62.62915188322614,63.03583458020838,12276533
2020-05-20,64.43888092041016,65.33358498165171,63.34084104450819,63.544182375155216,24677051
2020-05-21,64.62189483642578,65.00824559802561,63.84919882921312,64.07287210214756,17176100
2020-05-22,63.381500244140625,64.25586672243158,62.66980570106892,63.849184126390604,25080927
2020-05-26,63.99154281616211,64.54056006827693,63.23917869068784,63.50352135207411,18512685
2020-05-27,63.91019821166992,64.21521021978434,63.34084356638705,63.991536953561834,22655078
2020-05-28,63.950862884521484,64.398214900089,63.46284150099575,64.398214900089,25797051
2020-05-29,64.07286834716797,64.52022038280683,63.68652312419683,63.95086575380586,63844851
2020-06-01,64.6015625,65.49626110206945,64.13387299702366,64.47955438427213,45314328
2020-06-02,67.12299346923828,68.46504967868705,64.49989338365646,65.00824675481422,43626060
2020-06-03,66.91963958740234,68.11935552503483,66.63496506246291,67.3059902835175,13811685
2020-06-04,68.83106231689453,69.11574240830119,67.14333024466463,67.18399961714944,23992166
2020-06-05,69.72577667236328,70.8848236202171,66.91966126724736,67.91603621729436,22851633
2020-06-08,70.09178924560547,71.1288280462648,69.48176512380874,70.53914137145397,11723588
2020-06-09,69.3597412109375,70.78313602063734,69.13606795689145,70.7627985782781,8412588
2020-06-10,69.15638732910156,69.64440863332023,68.56670089548834,69.35972861986174,10101681
2020-06-11,69.5427474975586,72.51153405821515,68.26169829378954,68.3430315116242,22109491
2020-06-12,67.6313247680664,68.8920418202843,67.3466502827174,67.52965412701634,20331770
2020-06-15,66.39097595214844,67.5093535225099,66.12663326598785,67.18400952661807,13833335
2020-06-16,66.16728210449219,67.61100885891969,65.65892877884588,67.38733560202995,13972830
2020-06-17,64.86590576171875,65.80127374461323,64.3982217702715,65.41492849775986,28371013
2020-06-18,67.28565979003906,67.6313356122476,64.86589593866222,65.35391178436107,19720997
2020-06-19,69.70542907714844,70.0714479139121,67.1229928714677,67.4483423357035,21577413
2020-06-22,72.63353729248047,73.10122122616743,69.40040809197325,71.73883327639437,33039735
2020-06-23,76.2326889038086,76.86304486616095,72.816555415086,73.8129246948038,34298071
2020-06-24,72.59286499023438,76.61902738385538,71.98284105374466,75.94799664092781,32910525
2020-06-25,72.93855285644531,74.54495157279752,70.90513955270157,72.55220212233935,40909792
2020-06-26,72.87754821777344,74.0569267766516,72.45052813398189,73.58924284143964,11954078
2020-06-29,72.4912109375,73.32491381791179,72.04385884508237,72.38954025813179,7547198
2020-06-30,71.10847473144531,73.18255722503132,70.76279339651663,72.79620652434876,11889584
2020-07-01,70.53913879394531,71.33216681371104,69.90877724819616,71.16949482370687,15209917
2020-07-02,71.21015167236328,71.90151440323565,70.19344501871956,70.55945831083397,15481100
2020-07-03,72.22686004638672,72.95888664805177,71.21015336852595,71.57616666935849,22720042
2020-07-06,72.3895263671875,72.67420642118574,71.49482787002479,72.55219831976379,11724475
2020-07-07,70.39678192138672,72.59286705192282,69.8274273343568,72.59286705192282,20855578
2020-07-08,69.03440856933594,71.0271528028379,68.64805777725434,70.35612741510599,16818545
2020-07-09,69.76643371582031,70.15277895280559,68.9327309109822,69.33941359159,16110083
2020-07-10,70.19345092773438,70.66113492458366,68.9327334678893,69.78676823204158,23809286
2020-07-13,68.77005004882812,70.84413255491198,68.40403678681007,70.19343924688758,10803798
2020-07-14,66.43162536621094,68.64804239360758,66.28928534228967,68.52603981081005,16288923
2020-07-15,66.51296997070312,67.63134739644525,66.32996606517398,67.12299402110793,15061461
2020-07-16,65.96394348144531,66.89931694861495,64.86590356257682,66.89931694861495,15458966
2020-07-17,66.41129302978516,66.63497180342196,65.740267740848,65.740267740848,13711930
2020-07-20,66.49263763427734,66.79764965760907,66.02495363503279,66.41129888832737,8390572
2020-07-21,70.6204605102539,70.94580995317384,66.73664325004655,66.73664325004655,33717545
2020-07-22,73.0605697631836,73.77226455893774,70.68148014445276,70.76281338294633,46076322
2020-07-23,73.91460418701172,74.23995368703754,72.16587061982818,72.38954391935597,18738194
2020-07-24,74.01625061035156,74.5246038662746,72.65386278128065,72.9995440985055,14438899
2020-07-27,73.56890869140625,73.8332568333847,72.6945420749779,73.73158616831194,11938756
2020-07-28,73.97560119628906,74.3619519813753,72.6742198197634,73.28424389138124,11893746
2020-07-29,73.91460418701172,75.03298171662594,73.4062507644598,73.73160026448562,13335993
2020-07-30,71.92185974121094,74.52462815668076,71.41350631959622,74.21961610371194,23995122
2020-07-31,72.51153564453125,72.93855021646719,71.65750098467295,71.82017293988729,14354565
2020-08-03,72.61319732666016,72.9995424830203,70.80345756922948,72.79620118515105,12500988
2020-08-04,72.4912109375,72.81656042107072,71.41350283939438,72.32853895370833,9628257
2020-08-05,71.55583953857422,72.3692049353826,71.23049007025858,72.00319161001626,10577794
2020-08-06,71.53549194335938,72.28785593184604,71.33215062301089,71.84050392388211,8564058
2020-08-07,71.55583953857422,72.3692049353826,71.27115944329643,71.49483823701101,8026904
2020-08-10,72.08451843261719,72.71487986870406,71.67783577036242,71.92184647091261,7766140
2020-08-11,71.92185974121094,74.1586147963157,71.39317438912668,72.45054509329519,21833550
2020-08-12,72.40986633300781,72.97922094486604,70.43745435979667,71.65750232062997,19435650
2020-08-13,72.69454193115234,73.3249033629482,71.73883657816201,73.18256332893066,10641012
2020-08-14,71.33216094970703,73.46724512246045,70.80347564665819,73.46724512246045,17130105
2020-08-17,72.65386962890625,74.21959890791632,71.41348977394262,71.57616172797263,17368089
2020-08-18,72.2878646850586,73.16223136523537,71.79984876672103,73.1418994371331,13890131
2020-08-19,72.12519073486328,72.9588880199915,72.00318813762053,72.59287471227636,12400644
2020-08-20,73.69093322753906,76.49704310593611,71.75919016049929,72.0642022237161,44062975
2020-08-21,76.90372467041016,77.47307940976654,74.26028682998118,74.42295882465618,49949864
2020-08-24,75.33797454833984,77.53406518624118,74.99229320600455,77.1273825519611,19724617
2020-08-25,75.1346435546875,75.968346379104,74.42294884691066,75.84633826246434,10109220
2020-08-26,75.378662109375,77.12740116847024,74.8703086938219,76.04968751470759,18000615
2020-08-27,75.31764221191406,76.31401686685619,75.11430089588393,76.009004892811,10363056
2020-08-28,74.13827514648438,75.94800982940855,73.93493379901062,75.84633915567167,12114955
2020-08-31,72.77587890625,75.37864676070643,72.38952818270369,74.62628275568736,24259718
2020-09-01,73.36557006835938,74.13827156421331,72.63354345921933,72.81655286949774,16505345
2020-09-02,75.37902069091797,76.16941748111974,72.90382495182551,74.02702425108598,30959608
2020-09-03,74.25579833984375,75.48299698427617,73.90219825226623,75.04619488467647,11884498
2020-09-04,72.82061767578125,74.04781087547453,72.25901811006278,73.71501405848713,17373558
2020-09-07,73.27820587158203,73.611008303588,71.98861407988689,72.82061169638436,13069001
2020-09-08,72.75820922851562,73.21580905780193,72.27981171522111,73.15341036343223,9597878
2020-09-09,72.90380859375,74.02700764098832,72.13420966451967,72.79980889094442,20122483
2020-09-10,73.88140106201172,74.23500115194196,72.44620302031907,73.21580188843913,19635358
2020-09-11,72.86221313476562,74.17261400381767,72.42541660664521,74.08941197829691,31182063
2020-09-14,71.34381103515625,73.83980383194185,71.03181193555805,73.83980383194185,14143608
2020-09-15,72.09262084960938,72.3422156451519,71.13582011142954,71.48942026157545,7858789
2020-09-16,71.53101348876953,72.15501169439439,71.0526159929261,71.96780997576897,13201491
2020-09-17,70.01261138916016,71.30220877329813,69.84621300076859,71.28141109062845,10765947
2020-09-18,71.51021575927734,71.96781560768115,69.59661998380847,70.3454212745634,23788415
2020-09-21,70.92782592773438,71.42702684039612,69.74222799192218,71.13582536761912,13331596
2020-09-22,70.22061920166016,70.90702180485566,69.26382412197158,70.22061920166016,9039386
2020-09-23,68.18222045898438,70.678213308054,67.72462064151928,70.678213308054,8404497
2020-09-24,66.28942108154297,68.66061065031542,65.93582100376669,67.49581636835818,20770480
2020-09-25,66.87181854248047,67.59981638277306,66.4350164528983,66.97581823395085,8761400
2020-09-28,69.9502182006836,70.32461601459877,66.9758277313225,66.9758277313225,16915185
2020-09-29,67.93262481689453,70.47021885348032,67.59982800391573,70.30382044699091,13468026
2020-09-30,67.57902526855469,67.9118277267938,66.68462888878805,67.78702468907461,14349950
2020-10-01,68.47341918945312,69.05581636953539,67.72461797876616,68.53581787975753,14856837
2020-10-05,67.74541473388672,69.22220804470015,67.45421335091362,68.22381216961894,10360105
2020-10-06,67.89102935791016,68.39023026055642,67.32943539536537,67.84943398464448,8989183
2020-10-07,66.3934326171875,67.89102392049202,66.14383218585496,67.80782753827808,17614061
2020-10-08,65.8526382446289,67.01743850943437,65.72784083591753,66.64303499860826,12953710
2020-10-09,65.72782897949219,66.28942850208028,65.18702714048904,66.01902476140621,11980039
2020-10-12,66.47663116455078,67.72462771951547,65.95663259998216,66.22703072508874,20670634
2020-10-13,66.74702453613281,67.39182609568438,66.22702600859694,66.55982845162698,11179799
2020-10-14,65.3326416015625,66.89263746907594,65.02064242805982,66.74703672630544,13362234
2020-10-15,64.79182434082031,65.33262047642141,64.31342689127406,65.14542441825688,15536883
2020-10-16,66.1230239868164,67.05902130359323,64.62543279384946,64.93743189944173,18673957
2020-10-19,66.45581817626953,67.55821375083967,66.31021748324837,66.53901454203574,18793008
2020-10-20,65.39502716064453,66.72622562356761,65.27022977327144,66.55982722628849,13701957
2020-10-21,68.11982727050781,69.11822336233999,65.41583479885855,65.5614355219549,36573148
2020-10-22,68.68142700195312,69.01422381925578,67.05902700115283,67.45422815875196,39056262
2020-10-23,70.78221130371094,71.30220980139786,68.51502123920278,68.68141962999364,29149043
2020-10-26,71.57262420654297,71.94702205223652,70.57422242823264,70.74062084383581,36760149
2020-10-27,72.17581176757812,72.9454107084679,71.34381413252864,71.57261686757428,23610507
2020-10-28,71.9054183959961,72.6126186892596,71.36462215456784,72.6126186892596,14060472
2020-10-29,71.38542175292969,72.09262206514543,70.82382216879903,71.15662463904285,17654072
2020-10-30,71.13581085205078,71.55180964693392,70.42861064381154,70.92781145460921,22904945
2020-11-02,71.98861694335938,72.5502108429576,71.53101710761494,71.78061753096146,13423596
2020-11-03,74.85901641845703,75.17101557336596,72.32142216339528,72.38382086590791,27441682
2020-11-04,73.67342376708984,74.87981945716146,72.65422419793579,74.8590217689527,19461431
2020-11-05,74.48458099365234,74.79657999120003,73.46538201139272,74.0477790116798,10248002
2020-11-06,74.23500061035156,74.6509993855064,73.67340113542365,74.1517985983828,8815864
2020-11-09,76.56461334228516,76.83501148287002,74.50541665178143,74.83821349521729,15228920
2020-11-10,77.3342056274414,77.72940113916815,75.5246095489379,76.25260751734255,13815795
2020-11-11,78.89420318603516,79.45579711853848,76.5022041609612,76.5022041609612,15502357
2020-11-12,78.83177947998047,79.43497992004094,77.85418693844981,79.24777822696173,26079694
2020-11-13,78.5614013671875,79.01900123350596,77.45900553629227,78.45740165403993,11968619
2020-11-14,78.20780944824219,78.99821186525892,77.7918105518528,78.62380834463157,1162700
2020-11-17,77.70860290527344,78.72779666843387,77.31340175399275,77.79179928709625,16872514
2020-11-18,77.1261978149414,78.91499037142495,76.85579408508329,77.70859499781898,16685757
2020-11-19,78.95659637451172,82.0349865150591,74.21420531106983,74.25580632155258,64832376
2020-11-20,79.80941009521484,80.7038122785492,78.66541307614165,80.49581282053589,27479934
2020-11-23,81.01579284667969,81.49419036169664,79.24779221753857,79.87179609051756,20909280
2020-11-24,80.91179656982422,82.24298946617236,80.39179802226353,81.1197959888485,15308572
2020-11-25,81.24458312988281,82.13897939034118,80.51658525517455,80.91178635838261,19854793
2020-11-26,82.22218322753906,82.84618141969663,80.225385627228,81.18218624060978,24879552
2020-11-27,80.03820037841797,82.22219434630728,78.49900237268159,82.22219434630728,46793847
2020-12-01,80.01738739013672,81.72298360190175,79.72619161498089,81.05738439214652,18193922
2020-12-02,80.76619720458984,81.20299373493913,78.85260138895663,80.2253953206362,15836732
2020-12-03,80.47498321533203,81.16138007420736,79.45578394688305,81.11978471006215,21308517
2020-12-04,80.84939575195312,81.93099390646167,80.18380209595918,80.78699705199689,14838659
2020-12-07,80.49580383300781,82.05579959393077,80.07980496342836,80.28780439821809,22078115
2020-12-08,79.70537567138672,80.95337187622836,79.49737630391311,80.70377714913519,15896364
2020-12-09,80.16297912597656,81.01577995757465,79.49737999072407,80.2461811337622,18701467
2020-12-10,80.18379974365234,81.28619555169074,79.66379554635056,80.28779945464362,13612880
2020-12-11,80.32939147949219,81.22379347064215,79.93419597959227,80.70379493734343,14876364
2020-12-14,80.8285903930664,81.95178945503628,80.20459216804872,81.53579063835781,20316890
2020-12-15,80.20460510253906,80.99500185322536,79.6014044641399,80.87020444503393,16084083
2020-12-16,81.61898803710938,81.88938614286327,80.10059346571119,80.99498980428723,35024972
2020-12-17,82.51542663574219,83.41187038121976,81.78973270133284,82.51542663574219,23058726
2020-12-18,82.77156066894531,83.1557492211291,81.98183621785326,82.5154330375241,20310375
2020-12-21,79.185791015625,82.47274997349035,78.73757197132358,82.38737795023584,21609326
2020-12-22,81.23480224609375,81.55496034410662,78.97234821286504,79.16444538763123,23934507
2020-12-23,81.08539581298828,81.8324313919451,80.67985989702464,81.74705358124866,9836093
2020-12-24,81.10672760009766,82.06720759009022,80.87194733380997,81.21344695566398,12945145
2020-12-28,81.76839447021484,82.08855255019367,81.10673096432113,81.19210876827381,6879688
2020-12-29,80.97868347167969,82.23797444430045,80.67986689820795,81.78974958409283,8549660
2020-12-30,81.19210815429688,81.38420531678985,79.74072602734746,81.10673035098982,19132583
2020-12-31,81.0427017211914,81.5336096265388,80.27432463368207,81.32017090335334,23272111
2021-01-01,80.89330291748047,81.06405854791551,80.46642542118606,80.67986416933326,3074621
2021-01-04,80.44508361816406,81.27749704937028,80.252986429456,81.10674141945351,7133203
2021-01-05,80.25297546386719,80.89329161887393,79.4845983938174,80.89329161887393,10478882
2021-01-06,83.73204040527344,84.35100928252251,79.82610679862495,80.25298428220215,54265234
2021-01-07,84.11622619628906,86.14389417611727,83.4545684346194,84.5217621082132,40129922
2021-01-08,86.89091491699219,87.0830120614102,84.32965053752662,84.84190572937783,29487917
2021-01-11,86.89091491699219,87.5098894579878,85.99447122620019,87.0830120614102,12726089
2021-01-12,86.95494842529297,87.40317318139337,85.3541581318532,85.82372444257462,31454127
2021-01-13,87.5099105834961,88.19291574088155,86.48539995246959,86.99765526798285,23792586
2021-01-14,87.55258178710938,88.57709227871725,86.91226562480239,87.91542877039585,12024674
2021-01-15,86.6561508178711,87.83006387728138,86.44271207979651,87.06168094627503,13530190
2021-01-18,83.56129455566406,86.22927895528338,83.04903923497847,85.90912082732906,26118654
2021-01-19,85.2260971069336,85.37550535876125,83.34783765653074,83.47589856387133,19382828
2021-01-20,83.73204040527344,85.6316417332541,83.30516292169624,85.37551987502492,21158179
2021-01-21,83.3051528930664,84.39368802918717,82.87827546087853,83.86009123895234,12509109
2021-01-22,82.89962005615234,83.7960638545953,82.38737059268205,83.24112548836182,16720401
2021-01-25,81.19210815429688,84.00950039478442,80.9359805342715,83.00633726045758,9393599
2021-01-27,82.1098861694336,82.96364096685255,80.80791241932779,81.10672312448726,18874916
2021-01-28,79.95416259765625,81.51226404193135,79.31384645974356,81.51226404193135,16072463
2021-01-29,78.73756408691406,80.67985413759041,78.11858947829191,80.55179322058383,13415015
2021-02-01,80.63716888427734,80.87194915585464,77.90514868831042,78.73756199644029,9485240
2021-02-02,82.89962005615234,83.51859467147857,80.76523281695292,81.53360990710634,10803602
2021-02-03,88.15020751953125,89.64427844088634,83.02767864631383,83.02767864631383,73411707
2021-02-04,87.65929412841797,88.64111563927622,87.16838626793654,88.1502077787948,23523019
2021-02-05,88.40635681152344,88.91860635058752,85.90912221515853,87.78738210485378,28755118
2021-02-08,90.7328109741211,91.0956579171433,87.80869966608836,88.15020505536022,28436890
2021-02-09,89.96444702148438,92.82452829295754,89.64428892944915,89.64428892944915,27738169
2021-02-10,89.83638000488281,91.35179844262794,88.3636562604723,89.87906890832139,34189378
2021-02-11,91.24507904052734,91.6932980517034,88.9399419446722,89.15338067187908,20504448
2021-02-12,90.77552032470703,93.486193546414,89.87907643699103,93.486193546414,25066544
2021-02-15,90.69012451171875,91.97076251850385,90.3059360046309,91.35178796438232,8599603
2021-02-16,96.28223419189453,98.13915813407269,91.05298518495024,91.09567408992496,80200957
2021-02-17,98.20317840576172,98.69409210612648,94.85219504870754,96.26088832046942,39034960
2021-02-18,100.95652770996094,101.72490470981968,97.54150852855274,98.6087020227428,44291912
2021-02-19,99.12096405029297,100.7857906479353,97.64823461080803,99.67590238957663,36335681
2021-02-22,96.02611541748047,99.84667121190238,95.44982965660448,99.22769654468438,25800846
2021-02-23,96.51700592041016,97.79763234992454,95.89803136507061,96.3675976701666,18293559
2021-02-24,95.08698272705078,97.41346733096753,94.59607477839668,96.53836501477018,11421326
2021-02-25,97.13597869873047,99.37707925180317,94.25455046787636,95.49249955590822,30696079
2021-02-26,91.4798583984375,97.00792369309312,90.15653714517171,94.55337835506153,38070699
2021-03-01,97.00794219970703,97.6696000576192,92.80319735616033,92.8458862672927,31441940
2021-03-02,96.06880187988281,97.90437280745181,95.34311360637963,97.75497031489593,18223787
2021-03-03,97.11463928222656,98.2458691129344,95.49250735086159,98.18183286599188,19350542
2021-03-04,96.11148834228516,98.16050375686376,95.21504446027555,95.21504446027555,22865747
2021-03-05,94.01979064941406,96.47433622519844,93.63560206509668,96.47433622519844,17342685
2021-03-08,95.71540069580078,97.34580118899682,94.34586546091461,94.71542408543755,15749448
2021-03-09,93.91109466552734,96.56321405591244,92.71546760319734,95.86757531297644,12585004
2021-03-10,93.54154205322266,95.19368491119384,93.04155370163662,94.78064772245278,10661165
2021-03-12,95.67192077636719,96.04147939550717,93.65022537365046,93.78066094940174,18173078
2021-03-15,97.45448303222656,98.47620173322026,95.54148119246769,96.08494795927372,30092241
2021-03-16,97.58493041992188,98.78055745178276,97.1718932683002,97.88926830801822,14767699
2021-03-17,95.8458480834961,97.8240652335312,95.36759603383027,97.80232891640726,12571132
2021-03-18,96.10670471191406,97.17190216020558,95.71540973598825,96.08496839541549,14232655
2021-03-19,100.08487701416016,100.91093951651828,95.2806267153448,96.47625373721851,70334403
2021-03-22,97.1936264038086,101.91092543343046,96.60668696132304,101.91092543343046,29180881
2021-03-23,95.21540832519531,97.38927555663884,94.99802160205095,97.19362514701201,38455903
2021-03-24,96.10670471191406,97.34581038317337,94.30239584176114,94.36761068824993,24398959
2021-03-25,94.08499908447266,97.12841330226983,93.62848931060006,96.10669449261087,20272124
2021-03-26,93.30241394042969,96.51973652561942,92.23721655146485,95.36758797851,25184863
2021-03-30,96.23713684082031,97.2588557223766,93.65023221485791,94.30239245027772,53328751
2021-03-31,93.75891876220703,96.12843647053943,93.32414530357667,95.60670596138603,20694060
2021-04-01,95.0849838256836,95.36758540175511,93.36762626056868,94.19369467408256,11229344
2021-04-05,93.10675811767578,95.21541056109088,92.75894171127413,93.56327378519441,14484908
2021-04-06,90.95463562011719,95.21541942881652,90.65029771041985,93.5632824990511,25301732
2021-04-07,91.54157257080078,93.99804731964714,91.10679911394195,91.69374446009986,22841720
2021-04-08,90.86768341064453,92.82416412452983,90.65029666465728,92.15026167377361,20468881
2021-04-09,90.5633316040039,91.93286680329348,90.43290192673533,91.04158358230931,11773021
2021-04-12,87.45469665527344,89.84595048752236,86.3025482609519,89.84595048752236,18544315
2021-04-13,90.75897979736328,91.04158135586235,88.01990356877664,89.19379422345553,19831072
2021-04-15,90.34593963623047,91.91112515761836,90.01985956498267,90.38941815846192,10159348
2021-04-16,91.23724365234375,93.38936893702437,90.10683137406056,90.21552474895331,22020846
2021-04-19,87.47644805908203,89.99813789178069,86.95472339841517,89.49814365027625,18404990
2021-04-20,88.56336975097656,89.43291663071345,87.6720865580431,89.12857876100085,14467660
2021-04-22,88.45468139648438,89.08510527876494,87.47644110142369,88.69381034013917,11626459
2021-04-23,91.80242919921875,92.5632826772374,88.69380045414094,88.82423012014739,38318040
2021-04-26,93.82414245605469,94.10674994842884,90.51986267923121,90.51986267923121,19139358
2021-04-27,94.19369506835938,95.86757411408692,93.82413643795314,93.93282980589659,15270611
2021-04-28,96.04148864746094,96.38931098597865,94.04152936621135,95.12846311721732,16383579
2021-04-29,95.71540069580078,97.23710782278376,95.23714870506477,96.997984775912,14761969
2021-04-30,95.67192077636719,96.65016105803583,94.1936921967997,94.67194418056954,16897105
2021-05-03,95.99798583984375,96.8892748284548,94.23715596733044,94.56323601016561,15528063
2021-05-04,94.80237579345703,96.3893036670228,94.21543633007522,96.25886808861041,20857434
2021-05-05,94.86759185791016,95.80235358735204,94.2589043159552,94.80237112342051,23178237
2021-05-06,93.65022277832031,95.38931656420239,92.86763293347029,94.97628532825075,18823613
2021-05-07,93.28067016601562,94.25891048346095,92.82416037667154,94.06326595816748,12509591
2021-05-10,95.5849609375,95.71539060440732,93.45457236373187,93.65021686409284,17845577
2021-05-11,97.12841033935547,97.91100608111132,94.95454310724301,95.65018180091745,22995780
2021-05-12,98.23707580566406,102.17177272203028,96.97622822641634,97.12840009601433,55645370
2021-05-14,99.49793243408203,99.99792666707184,97.3240708728336,99.01968631086325,18820793
2021-05-17,99.30228424072266,100.43269049261836,98.73707521778249,100.4109541789251,10996347
2021-05-18,101.34571838378906,104.28045120615533,99.34576506722759,100.3892261504683,52885042
2021-05-19,101.62832641601562,103.47611374016188,100.60661343672902,101.82397684442824,28081040
2021-05-20,99.5414047241211,102.15004535598015,99.3022816916642,101.73700823047227,10707136
2021-05-21,99.10664367675781,99.6718468588643,98.25883300660519,99.15011630846377,21702883
2021-05-24,100.43269348144531,101.91092797236318,99.30228719590929,99.56314655596067,22028927
2021-05-25,101.25877380371094,101.93267035226512,100.49792019863685,101.30224643497803,9165363
2021-05-26,98.08492279052734,101.65006182232233,97.80232120523152,101.38920244942945,18322114
2021-05-27,99.25880432128906,99.82400747287201,97.06320065899462,98.56317148764623,51194207
2021-05-28,98.01968383789062,100.43267372258828,97.73707642511356,100.43267372258828,15307498
2021-05-31,98.10665130615234,98.51968844204966,97.28058293135003,98.25882319290358,13102261
2021-06-01,97.56318664550781,99.12837227790529,97.34579991592463,98.38925503852545,15733731
2021-06-02,98.88925170898438,99.1935954968144,97.43275940492802,97.47623793133124,7995532
2021-06-03,98.3892593383789,100.62834746853342,98.10665775696886,99.58488640333832,10291328
2021-06-04,98.32404327392578,99.19359611644443,97.7370979062972,98.25882843240986,6142487
2021-06-07,102.71526336669922,103.38915993555081,98.65012994632242,98.82403816760738,18058790
2021-06-08,101.75875091552734,103.8891456158735,100.88920398379177,103.8891456158735,22511761
2021-06-09,105.25867462158203,106.73689715880008,101.6500458355278,102.60654970901226,39865778
2021-06-10,105.06302642822266,107.82383295862782,104.4543389157947,107.82383295862782,32690784
2021-06-11,107.0847396850586,108.1716734899295,106.08476294337467,108.1716734899295,29142097
2021-06-14,108.1281967163086,108.60644285455045,105.25869629888513,107.80211658732928,18732629
2021-06-15,107.64994049072266,109.3455499261362,107.41080565002373,108.93251277600218,15026686
2021-06-16,105.28041076660156,107.60644381967325,104.7586803097117,107.32384817626303,30706682
2021-06-17,104.28044128417969,106.10648031513028,102.9326365304013,106.10648031513028,22261167
2021-06-18,101.3022232055664,106.51950387256728,100.04137566011467,106.08473048365055,49278209
2021-06-21,102.10657501220703,102.36743436363048,99.30228391147435,100.82399098074183,11719831
2021-06-22,101.75875091552734,103.04133499863431,100.88920398379177,100.88920398379177,10961545
2021-06-23,100.97615051269531,102.60655083978995,100.86745715755568,102.49785748465031,10721151
2021-06-24,100.49790954589844,101.28049938365186,99.17184111100063,100.9761556150854,12964208
2021-06-25,100.36747741699219,101.21528806760607,99.73706530185534,100.62834858317329,7736431
2021-06-28,100.80224609375,101.08485356180847,100.30226368854996,100.86746683068195,9989595
2021-06-29,102.60655975341797,103.43263404183544,100.71529992728438,101.12832527750824,61089570
2021-06-30,101.04137420654297,103.30219841854593,100.86746011562575,103.1065480147601,17437744
2021-07-01,100.34573364257812,101.28050127910103,100.0848742897732,101.1065871812413,15924813
2021-07-02,99.10664367675781,100.47617310332515,98.95446587781535,100.34574341422147,9549992
2021-07-05,100.12834930419922,100.38922045720771,99.28053869639528,99.69357584317001,6849185
2021-07-06,99.4761734008789,100.21529052668559,99.25878670469946,99.73704451268408,5343938
2021-07-07,100.41095733642578,100.62834406816351,99.47618967235952,99.47618967235952,7228897
2021-07-08,100.49790954589844,101.36745643095433,99.80226496146305,100.04138799605653,8740010
2021-07-09,100.10660552978516,100.62833600293672,99.99791217262792,100.45442191389151,2990856
2021-07-12,99.56314086914062,100.75876782339051,99.21532447761025,100.30225807238287,5578309
2021-07-13,99.41097259521484,100.82398623589437,99.25879481905893,100.17182609404227,8264289
2021-07-14,99.97618865966797,100.62834888610567,99.32402843323027,99.41098548888574,9228746
2021-07-15,100.17183685302734,100.62834664255857,99.69357895457796,100.43269622019224,5376823
2021-07-16,101.67178344726562,102.82393773137088,100.21529720341985,100.71529135553735,15903784
2021-07-19,101.36743927001953,102.01959932340445,100.65005849370314,101.67177119307986,13725925
2021-07-20,100.5631332397461,102.73700077131919,100.41096723013045,102.12832493887042,14178067
2021-07-22,101.41092681884766,101.95439361000993,99.43271005781384,101.95439361000993,10378326
2021-07-23,101.3022232055664,101.7152602838339,100.8891861272989,101.62830324725395,6660369
2021-07-26,101.17181396484375,102.32396839557886,100.88920648742258,101.49789407233648,12963701
2021-07-27,100.80224609375,102.10657827449418,100.2805273742343,101.30224029293501,10832912
2021-07-28,99.17184448242188,101.04137978403587,98.86750660050144,100.86746568351857,13828088
2021-07-29,97.04143524169922,100.60657984798625,96.89651076009393,99.1283454180185,28609665
2021-07-30,99.2153091430664,100.40368289581781,97.50519896563344,97.99793987745647,34142169
2021-08-02,99.12834930419922,99.70804725334659,98.14286161125021,99.4181982787729,9575755
2021-08-03,101.12831115722656,101.56308465625845,99.18632522034791,100.02689439486785,20959435
2021-08-04,101.59205627441406,102.37464607522047,100.78047686121397,101.82393779161178,23323277
2021-08-05,101.56307220458984,101.88191078238458,100.4326659632895,101.59206181856555,6621382
2021-08-06,101.44712829589844,102.31667510986328,101.18626896930238,101.73697723388672,5340311
2021-08-09,102.2876968383789,102.60653542310676,100.89643121698224,102.60653542310676,16415005
2021-08-10,100.05586242675781,102.08480522368389,99.33123999928421,102.08480522368389,11925263
2021-08-11,102.22972869873047,102.60653471608931,100.02688361737474,100.25875335668661,31279965
2021-08-12,108.40351867675781,108.80930253175052,102.20075521338232,102.60653906837504,58107755
2021-08-13,107.09918975830078,108.5774241586207,106.43253479749015,106.78035118757005,26776843
2021-08-16,104.75140380859375,106.83832564385973,104.57750151831074,106.66441155959299,21308655
2021-08-17,106.2296371459961,106.51948608773141,104.92531690818714,104.95430651995412,15962459
2021-08-18,104.69343566894531,107.82380660664464,104.4325763382969,106.49049675359267,25227527
2021-08-20,103.5340576171875,104.37462677065157,102.63553281808744,102.78045731413445,18720467
2021-08-23,101.82396697998047,104.2876837442277,100.98339771343316,104.05580216055992,13112745
2021-08-24,102.37464904785156,103.93984048889641,101.70799408929454,102.78044466322655,11029463
2021-08-25,101.73700714111328,102.86741361397532,101.4761477378334,102.72248910237829,12001351
2021-08-26,100.34571075439453,101.67902072999155,99.47616384700119,101.67902072999155,12115246
2021-08-27,101.0703353881836,101.36018436365529,99.56312307452777,100.75150859155573,8051699
2021-08-30,101.73700714111328,102.22974812174579,100.17182713346016,101.56309300960207,14512401
2021-08-31,101.6500244140625,102.63551792052908,101.41814289524778,101.73698145786602,43248333
2021-09-01,101.82396697998047,103.07032017245594,101.24426891780465,103.07032017245594,11817591
2021-09-02,101.88191223144531,102.08480415020745,100.98337571323272,101.67902031268319,13545023
2021-09-03,101.7659683227539,102.49059067824493,101.09931339690543,102.02682765313722,12286475
2021-09-06,100.92540740966797,102.22972775417713,100.28774204448263,101.85292174029979,13950485
2021-09-07,100.28775787353516,100.95441295808138,99.96891924362586,100.92542333936728,12485031
2021-09-08,101.96903228759766,102.41147820033133,100.40572699657274,101.02515007418853,25370295
2021-09-09,102.35249328613281,102.73594883143164,101.40861102224548,101.7035749798424,5078350
2021-09-13,102.58846282958984,102.82443638683642,101.8805421578501,102.79493519138798,7522483
2021-09-14,102.70645141601562,103.29637935292797,102.35249705429115,102.588470629479,8434427
2021-09-15,104.94818115234375,105.59709947495128,102.49997784230607,102.64745982481298,20064238
2021-09-16,105.86254119873047,107.16038958806718,105.18413381574746,105.56757729235105,16214883
2021-09-17,105.47911834716797,106.42300063172337,104.26976129369379,105.92156429325154,21219226
2021-09-20,104.41722869873047,105.71506515854756,103.2963633913724,104.53520946703648,7833069
2021-09-21,103.76832580566406,105.24314563802963,103.50285103456955,103.8568173960289,9481007
2021-09-22,104.26976776123047,104.6827125356764,103.70934099560881,103.70934099560881,9165634
2021-09-23,105.1546401977539,105.44960412537735,104.41723037869532,104.41723037869532,10295913
2021-09-24,103.91580963134766,105.89206584133402,103.70933725157859,105.184157110093,7093411
2021-09-27,103.82730865478516,104.50572812880449,103.29637115328683,104.12227259982717,5205649
2021-09-28,108.51724243164062,111.4373930077441,103.88631038914423,104.32875635502825,38873626
2021-09-29,115.06543731689453,115.80284716383153,107.63233645807887,108.2517655303513,53686662
2021-09-30,112.0273208618164,116.80573488865664,111.28991091933752,115.00644982816216,23618199
2021-10-01,113.17765808105469,114.15104145512566,111.87982158370211,112.5582410263645,16994903
2021-10-04,113.0596694946289,113.88557084590911,112.11578737978536,113.26614183192089,10757286
2021-10-05,112.05679321289062,115.09492411960828,111.70283889413325,113.05967778516852,17200858
2021-10-06,110.67047119140625,113.35464792638196,110.16903487885963,113.23665514559147,8929507
2021-10-07,111.08343505859375,113.00070084902222,110.6704783024635,112.67623568364235,6733699
2021-10-08,110.72945404052734,112.17478449252162,110.31650934116496,111.49636505604373,8165175
2021-10-11,114.12154388427734,115.09492728925136,111.67335277755117,112.08629749378817,12982042
2021-10-12,114.06255340576172,114.82946445200685,113.05968080877668,114.3870185411993,8539966
2021-10-13,117.63162231445312,120.64025211845146,114.53450092754912,115.09492761576253,33075614
2021-10-14,120.72874450683594,121.49564355887019,116.95320362861676,118.10355820772493,19185455
2021-10-18,120.22730255126953,123.85534928503107,119.25391918279884,123.76686970780803,38546365
2021-10-19,117.18915557861328,120.81721381616556,116.21577234383906,120.34526679260492,16174177
2021-10-20,114.65248107910156,118.13305797157054,114.06255319909373,117.98557600156857,21909934
2021-10-21,114.47551727294922,116.42227220081206,114.1510521172483,115.77335389152444,16946547
2021-10-22,114.71147918701172,116.21580018312117,112.82371464478133,115.56688187186163,7705870
2021-10-25,113.64961242675781,115.03594059244917,112.38126504031572,114.71147544634287,7862419
2021-10-26,112.322265625,113.82657444906141,111.90930892658308,113.6201021009094,8525850
2021-10-27,112.23377227783203,113.17765442744646,111.23089974426284,112.17478189387727,9862679
2021-10-28,109.6675796508789,112.73519938850853,109.28412418314727,112.499225869742,11095238
2021-10-29,109.16615295410156,111.28989080416116,106.95392352651598,110.2575170712879,12988035
2021-11-01,110.75895690917969,111.20140280895005,108.87119253767142,108.90068172972155,5475153
2021-11-02,109.43163299560547,112.8237186544989,109.22516061679141,111.28990840916133,10946890
2021-11-03,108.51724243164062,110.49351068094786,107.95681567570018,109.43163556198024,13957727
2021-11-04,109.16615295410156,109.63808803071882,108.69420587537152,109.10715056767573,830214
2021-11-08,111.58486938476562,112.29277809373332,108.90069252587728,110.67047630041085,11947323
2021-11-09,110.0510482788086,112.29276696988195,109.31363844580162,112.29276696988195,10381150
2021-11-10,108.7826919555664,110.02153797198672,108.2812557110763,109.69707287149255,13857851
2021-11-11,107.45536041259766,109.28413434946711,106.59995782775786,109.13665238678227,8851354
2021-11-12,107.36688232421875,108.36975499563219,106.36400965280531,108.36975499563219,9590673
2021-11-15,111.08343505859375,111.34889782873033,107.36688426399428,107.48486505025174,24821341
2021-11-16,110.67047119140625,112.8827008074476,110.02155290445688,111.49637264848445,23206330
2021-11-17,112.70572662353516,114.32802829855424,110.31651390129802,110.31651390129802,18359498
2021-11-18,113.56111145019531,114.71146596014435,112.70572086609094,113.17765594617468,10742933
2021-11-22,114.56400299072266,116.21580605014941,113.26616630268369,114.68199578189021,25095721
2021-11-23,119.07695007324219,119.40141523505163,113.94458189157181,114.0035722840514,19671538
2021-11-24,119.93234252929688,122.38053362398132,119.1654314862135,119.28341226109707,18120478
2021-11-25,120.49278259277344,120.93522855088644,118.72299876032145,119.5193990845019,18537454
2021-11-26,119.16544342041016,120.90572603585247,118.45753469598624,120.37480049359185,12814537
2021-11-29,118.13304901123047,120.34527839346325,117.10067529952184,117.39563921715288,16066147
2021-11-30,121.96759033203125,123.5898920172215,118.16256027124861,118.16256027124861,37739647
2021-12-01,122.23306274414062,123.14745583984515,120.75824291372332,122.11508195855305,20332817
2021-12-02,126.5395278930664,127.42441969651442,121.82010494134364,123.294924613757,33758843
2021-12-03,121.5841293334961,127.68988027342311,121.2301750185361,125.7431255400867,47614182
2021-12-06,119.16544342041016,122.70501104675897,118.7819878604661,122.32155548681492,11322446
2021-12-07,121.40719604492188,122.0856036926487,119.25395628764295,119.5194191061346,8049102
2021-12-08,120.81723022460938,122.49852222095302,120.07982040146629,121.02370257466684,8788449
2021-12-09,119.87333679199219,121.79060234404298,119.22441854402838,121.23017567582721,5755422
2021-12-10,119.54889678955078,120.49277907219034,119.07694964717379,120.49277907219034,6164402
2021-12-13,120.5812759399414,123.6783976918126,120.1683191717563,121.23019428752954,21648126
2021-12-14,125.21221160888672,125.74314918220965,119.87335868054745,120.40429625387037,48042035
2021-12-15,123.79635620117188,127.21794251209204,122.58701131698199,125.71362170250704,15207306
2021-12-16,122.8229751586914,124.94672504786658,121.70212183087594,124.71075150439012,13410737
2021-12-17,123.85533142089844,124.17979649762749,120.96469492834342,122.82295781581128,15209414
2021-12-20,123.79635620117188,125.44815897239805,122.41002816216748,124.32729366350263,22539246
2021-12-21,121.87909698486328,124.91722795176332,120.81723400755669,124.74024478782219,17566511
2021-12-22,123.06982421875,123.95521363262782,120.90212955300645,122.00124479088251,14750231
2021-12-23,127.22201538085938,127.98528642636853,123.37513676531205,123.64990937248281,15932489
2021-12-24,125.42070007324219,127.43572816977638,125.08485584563752,127.13041975305624,8975969
2021-12-27,125.84809875488281,126.55031044097038,125.17642287285369,125.42067203623569,8648187
2021-12-28,125.54278564453125,127.405171468771,124.13837474865441,126.1839381212113,15736206
2021-12-29,124.93218231201172,125.72598904190579,123.7720080233317,123.95519801423936,17172943
2021-12-30,125.39014434814453,129.08438057295956,123.13086739244183,124.932181795797,87481206
2021-12-31,124.81007385253906,125.90917661624668,124.29105206775793,124.56582465292725,9842223
2022-01-03,125.17643737792969,126.36713510572729,124.65741560999304,125.42068656961456,7410054
2022-01-04,128.59588623046875,130.0613689283519,125.48174326186063,125.97024163549824,14784090
2022-01-05,127.40518951416016,129.05384979766714,127.03882194260636,128.22951965591366,9565107
2022-01-06,125.75650787353516,127.43570384497266,124.96271359540023,126.85562293314219,5615931
2022-01-07,125.29853820800781,127.31357822831473,124.87111149971396,126.36711740177064,11908249
2022-01-10,124.56582641601562,126.55033100352567,124.2299822089171,126.55033100352567,11085710
2022-01-11,124.4742202758789,125.66493037567618,124.26050690094999,124.90165944876617,7208789
2022-01-12,125.14590454101562,126.21448390985144,124.77953695630654,125.78705713152921,11018139
2022-01-13,127.00829315185547,129.14545193085303,126.12290376976867,126.76404394964966,20522807
2022-01-14,126.85565948486328,128.01583406584157,126.12292418268356,126.97777789421573,14183654
2022-01-17,126.00077819824219,127.9547594741355,125.6649464013917,127.71051026176995,7574539
2022-01-18,125.26802062988281,126.9166807788397,124.9321764699333,125.93969652675307,8475422
2022-01-19,124.96270751953125,126.6419034093238,122.76448993022666,125.78703756264193,13724367
2022-01-20,131.06890869140625,131.49633551508794,125.42070285673167,126.45874652740518,30170343
2022-01-21,131.34365844726562,133.8777204059174,130.06136577633023,130.61092332759665,29509593
2022-01-24,130.6719970703125,132.96181010308666,129.14545504846305,132.1374798958941,12850189
2022-01-25,133.63348388671875,134.45781408020852,129.4202254918447,130.36668649887073,27389035
2022-01-27,131.1909942626953,133.9082460056699,129.66445252721357,133.114439334008,28512473
2022-01-28,128.35165405273438,132.80916192803735,127.77157302731871,132.80916192803735,18932049
2022-01-31,131.52685546875,132.35118562819503,128.96225756677316,129.4507559546821,19907759
2022-02-01,130.03082275390625,132.53436119040288,129.0233151260313,132.503825385849,8622355
2022-02-02,130.6719970703125,132.99234591273597,130.21403446375766,131.19101887313514,9921099
2022-02-03,129.02333068847656,131.28260780710775,128.84014068511505,130.67199102660956,4594389
2022-02-04,128.04632568359375,130.27507927398284,127.67995812341336,129.4507491578196,7329263
2022-02-07,130.45826721191406,130.85517057212368,128.22951365661,128.87066619410473,7869237
2022-02-08,128.2600555419922,131.5268527268191,127.3135945937857,130.67198677731483,9074237
2022-02-09,127.83260345458984,129.23702683154022,127.43570011562313,128.59587432836102,9833985
2022-02-10,129.48130798339844,131.71004954698577,128.2600742836655,128.2600742836655,19180334
2022-02-11,126.8862075805664,129.45079380946495,126.42824486661782,128.3516783267749,20071130
2022-02-14,123.25299072265625,126.36713371913545,122.88662315066397,126.36713371913545,12109375
2022-02-15,124.22997283935547,124.47422202400281,121.5127332706065,123.34458352091715,19046061
2022-02-16,123.19445037841797,126.14408303361607,122.81789066226612,124.63788247360479,20270061
2022-02-17,123.63380432128906,124.79482987929488,123.00622155823683,124.41828277510434,16405551
2022-02-18,122.81790924072266,125.61065946091036,122.53550217908824,123.50826031263014,14600643
2022-02-21,124.35549926757812,124.88894194334415,122.72378700185808,122.8179141807218,10682638
2022-02-22,124.35549926757812,124.5437663935067,120.3703521662423,121.87654024647549,13606058
2022-02-23,124.29276275634766,125.20275259272279,124.01034287153242,124.48102991135468,6493463
2022-02-24,119.93102264404297,123.00617968993119,119.17792869199673,121.75101459105433,13145037
2022-02-25,123.82205200195312,124.1985990080535,120.58999906054022,120.84103465400737,10920938
2022-02-28,131.25892639160156,131.94926481917904,123.03759544164527,123.91620102136045,31938385
2022-03-02,132.35716247558594,133.76922321444027,129.40751682683708,130.38027488754994,20502615
2022-03-03,136.71888732910156,137.66026137006605,132.23166851353034,132.23166851353034,19805555
2022-03-04,134.96165466308594,136.499227055976,132.38855557068774,135.52646883634236,12794317
2022-03-07,133.5496063232422,135.05579461863425,131.07064694802037,132.10616097725466,17635653
2022-03-08,133.26718139648438,140.20197521414389,131.66685320116466,134.30269538651623,28410490
2022-03-09,130.59994506835938,135.55785048703476,129.65857110664385,135.02440779570293,22830958
2022-03-10,131.0706329345703,132.67097378757725,129.94099183380212,132.41993817578378,16516553
2022-03-11,133.3299102783203,133.6750857949299,130.38027734223797,131.35303542126508,12992850
2022-03-14,133.92611694335938,134.302663914714,131.5412981777809,133.329905867865,12598659
2022-03-15,131.5727081298828,134.96165707089125,130.7254740866812,133.80061892732394,14528285
2022-03-16,131.38441467285156,132.92199970279466,131.133379079371,132.5768241657338,11933774
2022-03-17,132.76512145996094,133.51821557094146,130.38030216151864,133.04752855952805,28464621
2022-03-21,128.5916748046875,135.55783897621396,128.3406392159063,135.55783897621396,17797415
2022-03-22,130.97650146484375,131.47857272093978,128.05825218941825,128.65445063385513,13285297
2022-03-23,131.85508728027344,132.16887854594196,130.72544638478632,131.47854031511108,9408783
2022-03-24,132.26304626464844,132.5454533557975,130.53719394091044,131.79235926726534,11188958
2022-03-25,131.5727081298828,132.29443074749975,129.72133160919574,132.26304650700257,9842670
2022-03-28,133.2357940673828,133.51820113641918,130.22339241272374,131.57269758654397,12823578
2022-03-29,132.6082305908203,134.5851058957713,131.60408804888624,134.20855882664745,10470515
2022-03-30,136.24819946289062,137.25232921337934,132.92201886638415,133.73786870256762,54218485
2022-03-31,136.0599365234375,136.34234363542419,134.7733868617139,135.27545813658236,10326026
2022-04-01,141.23745727539062,141.67675995090428,135.62058582018253,135.62058582018253,39663961
2022-04-04,142.71229553222656,143.151598274924,140.60989623240044,141.83367727863015,9907530
2022-04-05,146.25814819335938,147.23089368319287,142.39851217059476,144.3126316772878,17167487
2022-04-06,148.5174102783203,149.64705118661436,145.06570631683397,145.19121771724463,17153675
2022-04-07,145.1912384033203,150.5570749788611,144.34400440934053,148.07811593786687,11913911
2022-04-08,145.97572326660156,146.91709725082495,144.7205579543037,146.22675888270152,6746769
2022-04-11,144.90884399414062,147.8271060224382,143.33988728733573,145.91297373285528,12413822
2022-04-12,146.28948974609375,146.63466525562524,143.4653682731259,143.87329948397232,14769907
2022-04-13,144.0302276611328,147.70158385179568,142.8064465203127,147.4505482216216,11015439
2022-04-18,145.0343780517578,145.4736936591269,142.80646684141618,144.03024815637818,19069923
2022-04-19,142.99468994140625,146.4463941710431,142.14745600231728,146.03846293571866,15036942
2022-04-20,142.4612579345703,143.7164232027163,140.23333447633064,143.24573622716156,9814641
2022-04-21,142.61814880371094,143.49676701554782,141.36298357771568,141.89642624512348,11134333
2022-04-22,141.48849487304688,144.4695122822576,141.01780791369782,141.23747204262148,12032249
2022-04-25,139.8567657470703,142.39848012793266,139.00953187618268,140.5471039837862,11042683
2022-04-26,145.34814453125,145.72469158145645,140.7981701514337,142.46126678873114,15389155
2022-04-27,143.90472412109375,146.13263513657404,142.743685863899,145.1912610479534,12680209
2022-04-28,147.85845947265625,148.2663907203418,144.3753836690354,146.4777828462445,18378146
2022-04-29,142.93194580078125,148.32915393380054,142.49264306147327,147.54467563632093,9026331
2022-05-02,145.31675720214844,146.3836425226862,141.77091293252468,141.77091293252468,12634353
2022-05-04,149.11363220214844,150.27465752855113,146.16399891148203,146.22675462162783,23124643
2022-05-05,146.69741821289062,151.0277402774137,146.1325913752225,149.6156795673431,16481935
2022-05-06,149.61569213867188,150.0863790815778,145.25398547348996,145.25398547348996,17715186
2022-05-09,153.85186767578125,154.667717345715,147.88983333492732,149.9922323646411,54118806
2022-05-10,152.91050720214844,155.86014039508552,152.18878463888055,154.2598123824839,30997494
2022-05-11,150.1177520751953,155.64048403534255,149.80396077673697,153.13015364767574,15412618
2022-05-12,148.04672241210938,151.81221761834428,145.69328790821254,149.9922257150242,26538994
2022-05-13,148.29774475097656,150.52565488834423,146.28947315920772,150.52565488834423,15074553
2022-05-16,147.60743713378906,149.3019179837021,146.22676038337275,147.79571703984672,7960529
2022-05-17,149.77259826660156,150.18052953263836,146.06985816966997,147.419163387391,15470937
2022-05-18,143.0260772705078,149.52155463490004,142.52400608260666,149.050867684318,19181550
2022-05-19,143.27711486816406,144.12434883742006,139.10368796099837,139.95092193025437,15085602
2022-05-20,143.74781799316406,146.2895201868064,142.30437272156297,144.81470344211976,15148281
2022-05-23,140.95506286621094,145.59917710331925,140.70402724859932,145.59917710331925,11572501
2022-05-24,142.4612579345703,144.12435446850404,140.95505705915485,141.20609266642433,16336858
2022-05-25,141.1119384765625,143.96744428069564,139.66850622478756,143.33986170995868,11062614
2022-05-26,142.58676147460938,143.77917096709453,140.51574655753578,142.46125006201123,14150454
2022-05-27,141.01779174804688,143.49675044402903,140.20194210628776,143.46536620972313,8430491
2022-05-30,143.2457275390625,144.28124137611755,140.76678139210705,140.8922928040286,9305758
2022-05-31,146.1639862060547,147.5760470184975,143.21434040358724,143.2457246400328,26351545
2022-06-01,143.84193420410156,146.22675331392682,143.18298010116132,145.6933106301558,10282009
2022-06-02,141.55125427246094,143.9674446218843,140.9236717002367,143.9674446218843,10071898
2022-06-03,141.83364868164062,143.15156941221076,141.20606616535017,141.83364868164062,16082518
2022-06-06,141.08058166503906,142.74366543570062,140.2961033701227,141.8336757208782,12693293
2022-06-07,141.2061004638672,141.99057879977755,140.39023788723958,140.54713355442163,9103195
2022-06-08,140.9237060546875,142.14748726157873,139.9823319668625,139.9823319668625,11240130
2022-06-09,141.1119384765625,141.6453811080489,138.69574813286528,141.01779853731193,9468041
2022-06-10,140.86090087890625,142.74364856417495,139.35471294525124,139.35471294525124,9019239
2022-06-13,139.54298400878906,141.51987168800434,139.00954136981358,139.2291927190152,10186775
2022-06-14,140.547119140625,142.6495310798138,139.32333816939038,139.54298952727856,17023962
2022-06-15,139.48025512695312,142.02197017018094,139.26060373551186,140.73542052742064,5898563
2022-06-16,135.77752685546875,140.7668174320482,135.3382240330698,140.17060615227376,11883333
2022-06-17,132.6395721435547,136.1226604756723,131.9492338778575,134.42817989456105,19675226
2022-06-20,130.694091796875,132.3571884358058,129.50168216321504,131.22753451587485,7402273
2022-06-21,132.01199340820312,133.76922974292873,130.09787419637016,131.1961437135236,9459619
2022-06-22,132.2002716064453,132.57681859674872,130.66268664108958,132.29441154607122,10257637
2022-06-23,130.88233947753906,132.8592141983254,129.3761388779217,131.8550847213135,13114525
2022-06-24,131.1333770751953,133.04750908200435,130.38028307446416,133.04750908200435,9499105
2022-06-27,132.76512145996094,133.89476262643174,131.5727118107398,133.89476262643174,17545390
2022-06-28,131.98062133789062,132.76509956084954,130.75682764915453,131.50993440411526,6770087
2022-06-29,132.482666015625,134.93024037134973,130.81956980159416,131.22750098891478,41502918
2022-06-30,132.9847412109375,134.773348875199,132.04336741204204,132.73370564425886,22260722
2022-07-01,129.59579467773438,133.61232549257284,128.77993226739864,132.45130034571002,11133663
2022-07-04,132.2316436767578,133.14164607302132,128.6858123363592,128.6858123363592,20178279
2022-07-05,134.39683532714844,135.52647650578947,132.38856306256022,132.41994730427353,20083997
2022-07-06,132.0747528076172,134.39681608405252,130.66269196034457,134.30267614059423,19203527
2022-07-07,133.3927001953125,135.11855251943427,133.11028033589866,133.8320029523536,14069302
2022-07-08,137.31507873535156,137.69162574376278,133.45544317068473,134.30267713166018,17142257
2022-07-11,136.216796875,138.85263846398567,135.68334149571993,138.0681602805733,10826079
2022-07-12,133.98887634277344,136.1540310639833,133.76922500076952,134.99300588350553,8503695
2022-07-13,134.58506774902344,135.99712843415602,133.95748522229786,134.6164519826394,10210005
2022-07-14,134.8361358642578,137.59750220211401,133.5809705077961,137.59750220211401,10898403
2022-07-15,131.35304260253906,136.18542349006765,131.03925130417485,136.18542349006765,22067479
2022-07-18,131.9492645263672,133.2985699039397,131.10203042312025,132.01202024360717,15155654
2022-07-19,131.7923583984375,132.73373238699776,131.54132278118104,131.72960268617385,14922395
2022-07-20,131.32167053222656,133.23580273687068,130.85098354107163,132.60822008199742,14181034
2022-07-21,133.2357940673828,133.80060820545552,131.44717340281593,131.76096470983455,12461554
2022-07-22,131.7923583984375,134.27130479436545,131.4785670689174,134.27130479436545,9272199
2022-07-25,130.4744110107422,132.41991430711204,130.16061974461158,131.79233177485082,6635194
2022-07-26,131.22752380371094,132.41993334003394,129.9723585587817,130.47442976403386,11451315
2022-07-27,132.2002716064453,132.41992295343897,131.41579338989652,131.72958467651603,9209354
2022-07-28,134.42819213867188,134.80475192535027,131.82373447941995,132.41993286132558,13192642
2022-07-29,134.27130126953125,136.6875046579683,133.5809629163499,135.8088864047368,15433067
2022-08-01,137.40919494628906,138.16230167121566,134.3968063511818,134.96163320282685,12136557
2022-08-02,139.6999053955078,140.20197665894034,136.40509624576376,138.03680869961553,17748747
2022-08-03,140.32749938964844,141.0492221008687,137.84855265133064,140.1706037032181,12406038
2022-08-04,138.5702362060547,140.7040067239939,137.50333817888503,140.5784953175975,9712267
2022-08-05,140.35885620117188,141.04919453289844,137.34645450319994,139.13506242528277,14099223
2022-08-08,139.2605743408203,142.02194019262882,138.75850317932785,141.20607774725357,8392041
2022-08-10,140.26470947265625,141.1433276561027,138.41334593141593,138.5388573426795,8585266
2022-08-11,139.8567657470703,142.39848012793266,139.1350432762403,140.98641942038677,5040626
2022-08-12,143.12020874023438,143.465371489304,139.32332912306896,139.9509116866864,13279062
2022-08-16,143.62228393554688,144.312622282663,142.49264284977542,143.84193530487454,11298246
2022-08-17,143.4026336669922,144.94020603228984,142.90056244621664,143.6222850380059,11225465
2022-08-18,145.1912384033203,145.41088976943342,142.93194349664046,143.0574549149333,11360485
2022-08-19,144.5891876220703,145.57148642466726,143.03650180852262,144.77930373212206,9829530
2022-08-22,143.1949462890625,146.2686256214924,143.00483016846633,144.55750317453152,9190493
2022-08-23,144.2089385986328,145.0328008403845,142.08587872529242,142.56118832793314,8903751
2022-08-24,145.41302490234375,145.729897924919,143.5434792265883,144.08216078624696,13007225
2022-08-25,143.41677856445312,146.39538072037124,142.65627534403134,146.0785076019289,12124365
2022-08-26,146.04678344726562,146.522093021809,143.60686354332893,143.60686354332893,7966045
2022-08-29,143.89207458496094,145.06450243319958,142.97313489253682,144.6525648396025,7517013
2022-08-30,145.5081024169922,145.92003996194518,144.55748326414565,144.6208552956159,7214498
2022-09-01,143.29002380371094,145.82500879057395,142.59290551104368,142.62459798081963,13109081
2022-09-02,142.08587646484375,145.03279853305315,141.83238832901333,144.17724384063055,6897237
2022-09-05,141.57887268066406,142.9414292912508,140.50149664023883,142.59286380007862,18055474
2022-09-06,142.62457275390625,144.4941186935991,141.9591341551149,141.9591341551149,14103701
2022-09-07,142.21261596679688,143.82866065550357,141.3570613794114,141.3570613794114,7866745
2022-09-08,142.21261596679688,143.79698108921306,141.6105494841209,143.22660706642395,7187735
2022-09-09,141.2620086669922,143.32168349779923,141.008507647558,143.25831146634005,9162027
2022-09-12,141.92742919921875,142.40273875835024,140.81837356124532,141.67394108255957,8778919
2022-09-13,143.73361206054688,144.17722914663634,141.83237387399782,142.14924690508934,11278383
2022-09-14,147.3776397705078,147.7895643620966,142.40272327755096,142.59285223797315,25072958
2022-09-15,150.5780792236328,150.9900167904481,147.25091201209094,147.94803018245628,23606369
2022-09-16,149.34226989746094,151.11675122768267,147.91634118340548,151.08507165908426,29399642
2022-09-19,147.7579345703125,150.8949732188274,146.80731523517466,149.53241625974317,13920046
2022-09-20,147.4727325439453,149.7225366650288,147.09248741049998,148.29660774440947,20162973
2022-09-21,143.89207458496094,148.51841393896188,142.14927259894162,148.20154085059474,14468837
2022-09-22,139.48751831054688,143.48012402047297,138.88546465451574,141.9591307550917,26264530
2022-09-23,128.36526489257812,139.2656915665117,125.54508729307129,138.346764970724,87162722
2022-09-26,127.28791809082031,132.67476063844836,118.09859845074895,126.74923641477733,167547134
2022-09-27,129.82289123535156,131.75582207564608,127.54140776217632,130.42495779076035,54127095
2022-09-28,131.6290740966797,133.34019648852563,128.3652916423786,130.04470867474757,52877873
2022-09-29,131.8191680908203,134.41752411389146,130.58336854740702,132.42122163379696,36761869
2022-09-30,134.48094177246094,138.60029217323546,131.1854666092812,131.1854666092812,62897614
2022-10-03,133.5937042236328,136.0336245168524,132.45295590528627,134.9879407073013,11740863
2022-10-04,132.1043701171875,134.57598249955797,131.8191895280514,134.4175459736829,19179333
2022-10-06,130.74183654785156,133.65706627352301,130.2982065045025,132.3578815021702,20692745
2022-10-07,132.70645141601562,132.92825999819868,129.28421949765212,129.28421949765212,14282850
2022-10-10,132.42123413085938,134.32247231159587,131.53399996139294,131.78748807061388,16834226
2022-10-11,132.04098510742188,134.00559525645417,130.90024996940127,133.0866686541379,17807162
2022-10-12,136.60397338867188,136.85746150706953,132.6747399367463,133.371858049534,35288330
2022-10-13,135.58998107910156,137.71304095645925,135.1463639399034,136.22372721715504,16436903
2022-10-14,134.76611328125,138.15665240137147,134.06899513684334,138.15665240137147,23365190
2022-10-17,134.2591094970703,136.22371983992244,133.72042788761695,134.3224815287241,9520537
2022-10-18,134.57598876953125,136.255418600772,134.0689995992686,134.95623387062773,13256574
2022-10-19,135.55828857421875,137.4595268069747,134.95622206435453,134.98791452567258,11595367
2022-10-20,137.8397674560547,138.1566404846893,134.5759726823989,134.70272963001068,16371066
2022-10-21,137.7130584716797,138.72704984281148,135.62169079267053,136.47724560913798,11634491
2022-10-24,138.69532775878906,139.5825748541752,138.5368912379557,139.297394274114,1132859
2022-10-25,138.47352600097656,139.04390008267495,135.78010501468754,138.69533456230437,20622687
2022-10-27,141.895751953125,142.49780558043685,137.74470991135223,138.98052252147255,24298489
2022-10-28,143.73361206054688,145.12784823991086,141.4521159218107,141.83237387399782,11669879
2022-10-31,144.5891876220703,145.92005196682655,143.67024796255876,144.46243065510396,11755682
2022-11-01,149.02542114257812,149.50073079141032,145.63488155962827,146.17356324958487,15220278
2022-11-02,147.85296630859375,149.9126410781662,147.56777283511008,149.02539398332326,12884449
2022-11-03,144.52581787109375,148.04310134546196,143.67025023473514,147.66285622574628,9358215
2022-11-04,143.3217010498047,145.41305570566198,142.59289036477603,144.49412890297305,8059667
2022-11-07,144.49412536621094,146.96573798408954,143.48013408271166,144.05050820892959,14862038
2022-11-09,138.63197326660156,146.39536376953126,138.18835610958791,146.39536376953126,22831150
2022-11-10,136.19204711914062,139.51921433104016,135.30479995058113,136.8891652895809,16217631
2022-11-11,135.65335083007812,138.06157814907556,135.33647779650502,136.88915050357448,12123886
2022-11-14,137.1457977294922,138.67071882162156,136.4320062823231,136.8862336027089,18460862
2022-11-15,140.16323852539062,140.48769046642164,136.04270151469362,136.26981523301868,15258103
2022-11-16,140.8769989013672,141.10411256930652,138.50849761690188,140.13075696215478,9825807
2022-11-17,141.65570068359375,143.0508332512622,140.32544265165265,140.74723274973016,9449665
2022-11-18,141.6881561279297,141.9801707880512,140.71480033149055,141.6881561279297,5828998
2022-11-21,142.14239501953125,142.43439647410648,140.4876849049843,141.13658876135835,4712051
2022-11-22,141.33128356933594,142.23973852475459,140.74726738229216,141.78551104704528,4366445
2022-11-23,139.6116943359375,141.98019651009577,139.02767811187329,141.62329403928283,13510578
2022-11-24,143.24551391601562,143.4077398660904,139.57920480392966,139.77388122481202,7622243
2022-11-25,143.148193359375,143.3428698042659,140.5525778380736,143.24553158182044,10989671
2022-11-28,143.6024169921875,144.18641985373932,142.20727117429684,142.20727117429684,4526153
2022-11-29,142.33706665039062,144.2188905852632,141.81795145586327,143.60243716614212,6476054
2022-11-30,145.3544464111328,145.97089972003042,141.23391005728487,142.33704120014832,17317951
2022-12-01,143.99176025390625,145.90602124152198,143.08329226579053,145.3544556350888,13241961
2022-12-02,142.6290740966797,143.73220538088657,141.8179442694738,141.8179442694738,12880949
2022-12-05,143.99176025390625,144.21887395043967,140.94190437965938,142.56416392915813,16477957
2022-12-06,145.02999877929688,145.45178888817884,142.36949584924523,143.76464165463256,11299945
2022-12-07,143.44020080566406,145.4193496198324,143.050847935483,144.6082198102595,5813973
2022-12-08,141.33128356933594,143.95933660805616,140.74726738229216,143.9268993322109,11176439
2022-12-09,140.9419403076172,142.07752228174112,139.96858432979667,141.72063301106482,6020031
2022-12-12,139.8712158203125,141.4610248091643,139.25474930477188,140.16321724210772,8194429
2022-12-13,140.35792541503906,140.68237738021298,138.24898764140846,139.87124746727815,8235450
2022-12-14,142.23973083496094,143.11576166915864,140.357920070199,140.357920070199,10055353
2022-12-15,140.3903350830078,143.0184007649088,140.09833365256623,142.43438470204396,5385778
2022-12-16,138.34629821777344,141.5908175305916,137.95695854063183,139.51433045118114,11166617
2022-12-19,142.0450439453125,142.23970716341765,138.5409607976227,138.89786316712113,7758862
2022-12-20,141.0068359375,142.04507963419795,138.80055983077628,142.04507963419795,6541929
2022-12-21,140.19570922851562,141.6232926942385,138.76811256080757,140.84461320420516,7005861
2022-12-22,139.51434326171875,140.8121511060138,138.11919718870473,140.2281349356842,6961415
2022-12-23,137.08094787597656,139.7090139326171,136.56181947896644,138.4760938912057,4554651
2022-12-26,137.4702606201172,139.02763230382342,136.8862445884797,137.24314694169732,6864331
2022-12-27,137.98939514160156,139.6440919035919,137.43782955427145,138.1840583596102,13115851
2022-12-28,140.0010223388672,141.7206203869025,137.8920845747823,137.8920845747823,16815549
2022-12-29,140.0010223388672,140.48770028442524,138.54098850219302,138.8978909430626,22536873
2022-12-30,138.67076110839844,140.64992332642663,138.37875962796068,140.195695867527,4643134
2023-01-02,139.5467529296875,139.83875432846762,138.21649499751092,139.22230106349616,5959394
2023-01-03,139.90365600585938,140.29299564369938,139.09252625953368,139.6765423172845,2873110
2023-01-04,136.95115661621094,139.77388559537894,136.59425423409388,139.77388559537894,9954542
2023-01-05,135.49114990234375,137.50274950489128,134.06355329261174,137.50274950489128,21273509
2023-01-06,135.03689575195312,136.46449221933807,134.6800065365944,135.06934622697815,11510471
2023-01-09,135.685791015625,137.53516432893323,132.5386100155064,135.750678759569,52485126
2023-01-10,137.43783569335938,137.85961261887547,135.62089969889706,136.20491578297296,17248326
2023-01-11,137.53517150878906,138.24897633538404,136.33470197621693,137.69739747810917,9164361
2023-01-12,138.54095458984375,138.80051873766823,137.17825931624148,138.57340505906467,21179555
2023-01-13,138.8654327392578,139.7414503521228,138.41120529613775,138.60586854233915,6560245
2023-01-16,139.93614196777344,140.0983679581831,138.02186735974846,139.51435175231134,8362194
2023-01-17,141.72059631347656,141.91525953744272,139.44943295333104,139.93611081621938,13000571
2023-01-18,142.33706665039062,142.85619504690152,140.4228054419758,141.65572548220155,11171369
2023-01-19,143.24551391601562,143.56996581616514,141.88281857578394,141.9801567862251,11586815
2023-01-20,144.86778259277344,145.28957273008058,143.40774894962118,143.40774894962118,10112645
2023-01-23,146.06826782226562,148.14476826002868,145.06247468074105,145.35447616009054,14393610
2023-01-24,143.37530517578125,147.0416146913969,143.0833037143004,146.81450097669145,6150893
2023-01-25,142.3695068359375,143.56997631387168,141.33126331993992,143.21307391681816,5790331
2023-01-27,142.27220153808594,143.69978505265675,140.81216754282622,142.30465201877485,10458603
2023-01-30,137.4702606201172,142.01258699643813,136.62669364284616,141.46102143399534,24288177
2023-01-31,140.5850372314453,142.8886382315483,137.66496958473533,137.9569710686127,20997546
2023-02-01,140.52015686035156,146.00339000415826,138.60588227021728,146.00339000415826,20246369
2023-02-02,138.02186584472656,140.87704588499324,137.14584814652713,140.16325417542276,12820663
2023-02-03,139.4169921875,139.61166862700094,136.52937528079426,138.34629817421057,10815686
2023-02-06,140.8445587158203,141.0392219120269,138.24894381722498,138.50849474550046,6948201
2023-02-07,140.7147979736328,141.59081553535268,139.5792162301486,141.46104004546183,10035526
2023-02-08,140.81443786621094,141.64471167438435,139.78489293864746,141.37902135305464,12432719
2023-02-09,141.3790283203125,142.10966660479727,140.81444480564573,140.81444480564573,7011082
2023-02-10,142.20928955078125,142.441763505184,140.71479675502988,140.74801311147482,10892159
2023-02-13,143.4713134765625,143.80342299849897,142.14287538881655,142.20929459048963,7710133
2023-02-14,142.80709838867188,144.16875287175986,141.31260549855787,144.16875287175986,6010681
2023-02-15,142.47499084472656,142.93993878937397,141.4786622374208,141.6447170053051,8107497
2023-02-16,142.54139709472656,144.06910622584957,142.14286839073765,144.06910622584957,3963115
2023-02-17,142.01002502441406,143.40488219634867,141.47864442864378,142.14286341657169,6491149
2023-02-20,143.33847045898438,144.1355278805453,142.2757092121423,143.2056185463438,6841917
2023-02-21,144.2683868408203,145.29793187784088,143.50454566694913,144.5008743426829,6701434
2023-02-22,142.5746307373047,144.33481403303873,141.47866653327617,143.47132380839275,9128659
2023-02-23,141.6446990966797,143.40488211642156,141.2129540520532,142.80708232490565,10345874
2023-02-24,142.8402862548828,143.0727601775925,141.08010338824877,141.08010338824877,9808830
2023-02-27,145.59681701660156,146.09498132689592,142.508209103634,143.77021454552226,17763618
2023-02-28,147.6226806640625,148.12084494076913,145.2979140394316,146.52671655259377,36559278
2023-03-01,145.3975372314453,147.62266810877364,144.40120876276967,147.15772022881956,12896085
2023-03-02,146.36065673828125,146.79240179922834,143.33846833879232,144.79974476122976,79708558
2023-03-03,147.52305603027344,149.7481872616226,146.39388899155057,146.39388899155057,9951869
2023-03-06,150.8773651123047,151.9733292853066,148.12085325704885,148.78507232995042,15659957
2023-03-08,151.47515869140625,151.67441629686058,149.91423312403964,150.74450693069377,11591495
2023-03-09,149.98068237304688,153.0692904634263,149.78141123205413,152.10617814696408,13941653
2023-03-10,150.47882080078125,151.5415685047437,147.62267367741,147.62267367741,9605434
2023-03-13,150.17991638183594,152.80358959561275,149.71496847740482,151.47515156744336,13209653
2023-03-14,149.58212280273438,151.27588676469392,148.78506535803047,149.54891995878813,9583405
2023-03-15,151.64120483398438,152.80358809723438,149.91422460344242,150.51202441297076,12228069
2023-03-16,154.19845581054688,154.69662010014787,151.67441800447327,152.4050562598405,18437817
2023-03-17,152.5711212158203,155.4272687391045,151.6412252906321,155.39405237881687,33711025
2023-03-20,151.10983276367188,152.37185165210468,149.6485562698472,149.6485562698472,9281411
2023-03-21,148.22047424316406,151.24266261948995,147.75551282971912,150.94376947150914,11272787
2023-03-22,148.85150146484375,149.25003023245736,146.65958648618252,148.12086313862335,7589846
2023-03-23,147.5562744140625,149.11718658202855,146.95847452683216,148.78507703507526,17091298
2023-03-24,147.72230529785156,148.95110772014212,146.65955762218326,148.12083398703095,10371666
2023-03-27,146.1946258544922,150.27957615205824,145.829313446023,148.05444479904062,19983733
2023-03-28,147.52305603027344,148.18727511506853,145.2647084392558,146.958472510912,8689166
2023-03-29,147.7555389404297,148.5858128466213,146.4935334138766,147.52306494941058,19743258
2023-03-31,149.9142303466797,150.61166573677667,148.12084436296007,148.78506339597783,10202058
2023-04-03,149.18357849121094,151.01018066522383,148.6854142619347,151.01018066522383,7643214
2023-04-05,149.8810272216797,150.51202989643315,148.58579200158516,150.51202989643315,12019382
2023-04-06,149.61534118652344,151.04341484839873,149.21681245877414,150.9105629301015,4282875
2023-04-10,152.13937377929688,152.37184773639873,149.44928131028348,149.58211971046433,4145643
2023-04-11,153.66705322265625,154.0987982480478,151.74081554184178,152.03972218106793,5106602
2023-04-12,150.9770050048828,153.79993614565572,150.8109502318962,153.7003005791493,9118795
2023-04-13,153.56744384765625,153.86635053782294,150.77772915419666,150.97700028097447,11428621
2023-04-17,157.18743896484375,159.34615085097062,154.2980888353574,154.49734643978033,21815047
2023-04-18,152.9696502685547,157.75202194959832,152.53790518997843,157.35349322843985,13482833
2023-04-19,152.73716735839844,153.7002931030168,151.87369068901148,152.1061646571706,8264190
2023-04-20,153.36817932128906,154.69661740373664,152.5379055197593,153.33496296379948,7308750
2023-04-21,153.79994201660156,154.33130920229928,152.50470662972003,153.96599679592694,5030650
2023-04-24,154.0655975341797,154.29808500392332,152.73715948339625,153.43459486548582,5725067
2023-04-25,154.69659423828125,155.3608131800398,153.20210161932448,153.63384663418134,8338703
2023-04-26,158.2834014892578,159.08045892604767,154.09881616218397,155.46047058973505,13581018
2023-04-27,156.7224884033203,158.28341407092955,155.09515704319946,158.08414293910695,9794457
2023-04-28,157.5859832763672,158.05093124625316,154.82947127714303,157.38671213866044,10585487
2023-05-02,159.47898864746094,160.17642404421662,158.25018612736037,158.5490792896437,6732907
2023-05-03,159.2133026123047,160.74101184935935,158.61551627165585,159.41257373490186,4789217
2023-05-04,158.64871215820312,159.87751465746803,156.0582552459115,159.18009278610884,9189783
2023-05-05,160.11000061035156,160.4088937647334,158.21696558736468,158.61550781130126,3896441
2023-05-08,162.56761169433594,163.56394026447487,160.14320947095032,160.6413737560198,8758321
2023-05-09,161.67091369628906,163.99568028822625,161.20595226975922,162.10265876607727,9166941
2023-05-10,164.49383544921875,164.69309303792295,162.46796212585483,162.83328797550075,9689409
2023-05-11,165.0916290283203,165.52336054438038,163.79639393943177,164.527032097652,12616726
2023-05-12,160.57493591308594,165.78905212213098,160.17640723400936,165.29088789489288,13853807
2023-05-15,161.5712890625,163.16541753602624,160.97348919573122,161.67092462589005,12187763
2023-05-16,159.81109619140625,162.43476947258188,159.4125674754318,161.77055044143424,11418509
2023-05-17,158.61549377441406,160.6745698570597,157.71878736348262,160.0103508940405,11560929
2023-05-18,156.52322387695312,160.07679313809277,155.82578845992708,160.07679313809277,14497723
2023-05-19,155.22796630859375,157.7520037744121,154.09879947647835,156.5232013950937,10071694
2023-05-22,155.6597137451172,158.74833467476694,154.53054689553622,155.89218768314038,12566129
2023-05-23,155.49368286132812,157.12102770433617,154.9955185547368,155.46048001569838,12458561
2023-05-24,156.6228485107422,157.98448937785818,155.99183234089492,157.95128653538438,8877971
2023-05-25,158.05091857910156,159.6118441677003,156.95496795026756,157.884863815512,12502747
2023-05-26,157.61915588378906,158.01768453500293,155.95860857575744,157.98446818341486,6811801
2023-05-29,155.75936889648438,158.3166095637124,155.49367857091897,158.21697400242894,13638297
2023-05-30,156.1579132080078,156.68929391215477,155.22800373253696,156.68929391215477,9469926
2023-05-31,155.32762145996094,156.22431447082212,152.77038083136748,156.091476066832,48104157
2023-06-01,154.76303100585938,155.49366922205706,152.8035903105696,154.72981464957155,8804790
2023-06-02,155.82577514648438,156.15788464744173,154.82944664361227,155.42724644804957,6617781
2023-06-05,156.49002075195312,158.08414933026697,155.95865356823018,157.05460429684672,27428302
2023-06-06,156.2907257080078,157.41989252746063,155.72612878471216,157.0545666963363,6898603
2023-06-07,158.88119506835938,159.44579208491356,156.85533502664836,157.2206474045447,11153571
2023-06-08,160.50852966308594,163.0325538431679,158.91440130465116,158.91440130465116,19300834
2023-06-09,162.66725158691406,163.06578032287075,160.60817518982836,161.7705585526187,11037141
2023-06-12,160.50852966308594,163.69677286638483,160.20962299449596,162.73366068814855,8188909
2023-06-13,160.9070587158203,161.7041161399441,160.37567809069068,160.74100395966363,6443218
2023-06-14,163.72999572753906,164.19494365683383,160.8074292065645,160.8074292065645,10297426
2023-06-15,163.69679260253906,164.02890215418842,161.93662278965527,164.02890215418842,9732749
2023-06-16,163.69679260253906,164.29459249822236,162.40157075653548,163.66358975551748,9702361
2023-06-19,161.47164916992188,164.92559635555415,161.006701237996,163.69678029597492,10431647
2023-06-20,165.22450256347656,165.85550530854132,161.90340703456246,161.96982624242628,13426365
2023-06-21,171.50137329101562,172.06597036016962,165.22450794245012,165.25772430424956,31172093
2023-06-22,168.41273498535156,171.36850416730525,167.84813801735496,171.36850416730525,7430965
2023-06-23,166.1211700439453,169.14337191477645,165.75585770022553,168.44593655579382,5593393
2023-06-26,165.05844116210938,166.22082455057492,164.16174810800743,166.05476978079415,7305362
2023-06-27,165.75584411621094,166.08795359068657,164.49382541048973,164.79271853209016,11142907
2023-06-28,166.15440368652344,167.7153158041647,163.69678501016102,166.5861487863574,17808717
2023-06-30,169.47547912597656,172.49766744239204,166.85180598992198,170.37217206571367,17659979
2023-07-03,166.38687133789062,169.34264069275605,165.72265229063356,169.07696388471012,12467239
2023-07-04,165.7890625,167.71530033527765,165.5233721927944,167.71530033527765,8637967
2023-07-05,168.21348571777344,168.67843367859314,165.72266411287058,165.8555025263699,5340907
2023-07-06,174.49037170410156,175.08817166375798,168.97736066489477,172.66376897455754,16705046
2023-07-07,169.67474365234375,174.39070951628372,169.17657938617296,174.39070951628372,13149183
2023-07-10,166.05474853515625,170.30575280037024,165.0584200439453,169.67473664779465,15319047
2023-07-11,168.37953186035156,169.64155077819274,166.0879815067339,167.38320326946192,7486045
2023-07-12,167.4164276123047,169.20981375600726,166.81862772654648,168.7116494368041,9390877
2023-07-13,161.47164916992188,167.51603985281432,160.5417397924989,167.2171466842293,30591450
2023-07-14,159.44578552246094,162.33513563586462,157.22064093367436,161.4052262796872,72085831
2023-07-17,160.07676696777344,162.7004264151371,158.88116745221305,161.07309539288406,11474161
2023-07-18,160.17642211914062,161.87017254100806,159.14687721507886,160.07678656172,14940593
2023-07-19,161.5712890625,163.53072991702768,159.77790297576522,160.0767961523638,22954874
2023-07-20,162.2354736328125,163.2982212179698,160.94025212489717,162.0362025484092,10249082
2023-07-21,162.1358642578125,163.59715424761484,160.87384538457394,161.5712807789763,18466409
2023-07-24,164.3610076904297,164.8259691595229,161.30560259261486,162.1026736052439,14825562
2023-07-25,166.81861877441406,167.05109274151903,164.8259616045351,165.35732874169338,10500017
2023-07-26,166.718994140625,169.80761565909205,166.05477504046314,168.6452322338088,12898171
2023-07-27,166.5196990966797,168.31309851776834,165.8554800918847,167.3831892083413,10836773
2023-07-28,171.50137329101562,173.46082782500943,166.1212010617348,167.25038168647006,17518458
2023-07-31,176.71546936035156,177.34647200137036,172.13235558344482,174.0253770200713,24269734
2023-08-01,167.25035095214844,174.02537940127374,166.38686083976745,174.02537940127374,31395702
2023-08-02,165.0916290283203,168.57877859186962,163.79639393943177,167.98097882111873,20825405
2023-08-03,165.19126892089844,166.45328779257127,163.46430212924813,165.390540037215,10882019
2023-08-04,164.2946014404297,165.42378208563977,163.79643708584163,164.72634658378726,7406390
2023-08-07,164.69309997558594,165.3573189930532,163.39787829695294,165.25769695128955,6345966
2023-08-08,163.54188537597656,166.08135564578987,162.9662748703205,166.08135564578987,15171726
2023-08-09,162.7631072998047,164.8962650237864,162.35679482321476,164.55766899704352,18442141
2023-08-10,163.74505615234375,164.32066668486988,162.5599699711099,162.898566022891,9962450
2023-08-11,165.43804931640625,166.7585685103575,164.4222610818254,166.25067439306707,23866073
2023-08-14,165.57347106933594,166.11523026890987,163.03400065416207,165.81048555258374,9188486
2023-08-16,167.97750854492188,168.38382105577912,164.59154799193018,165.64118749685235,9191471
2023-08-17,165.03170776367188,168.48539846438538,164.01591962287577,167.97750439398735,15301142
2023-08-18,163.20327758789062,164.99783920483563,162.59380201152157,164.99783920483563,12292241
2023-08-21,167.40188598632812,167.74048204518195,163.67732933893603,164.08365563156775,9129526
2023-08-22,167.80819702148438,169.39959559790228,167.06327473772876,167.94362992170852,11107830
2023-08-23,169.0271453857422,169.29802498121384,167.40188159042083,169.29802498121384,8487619
2023-08-24,166.7924041748047,171.09257085298225,166.45380815640476,169.2980091999612,18982087
2023-08-25,163.88047790527344,167.53731777105793,163.4741654262991,166.69082769923318,12851343
2023-08-28,168.2822265625,168.6208225918008,164.2529393248235,164.55767024019113,11908665
2023-08-29,170.07679748535156,171.32960010611993,168.34995213138137,169.02714422666247,12363321
2023-08-30,167.33416748046875,170.3815319728276,166.89398985384852,170.1783826065089,6748007
2023-08-31,165.60733032226562,169.02714209377692,164.93013823552974,167.84205594198912,20715819
2023-09-01,170.787841796875,171.05872139188168,166.04749710553818,167.2664483943139,13120723
2023-09-04,172.95486450195312,173.69977305389503,169.8397836081452,171.7359132151329,10240031
2023-09-05,172.2099609375,174.03837414317573,171.32960567402122,172.88715305478863,10893186
2023-09-06,172.34539794921875,174.20767631605705,170.75399919124058,173.83521513168571,10018473
2023-09-07,174.03836059570312,174.5123895299023,170.7539818380173,172.00678440197896,13760453
2023-09-08,175.15573120117188,176.95029293746228,174.10607798442433,174.88485161838142,16781751
2023-09-11,179.1173095703125,179.45590561864958,174.44468134775917,176.3069596136131,17683806
2023-09-12,172.72914123535156,184.42198920287146,172.14223312560563,183.29333565817825,29826173
2023-09-13,174.44467163085938,175.70877174074343,172.72912392584752,174.44467163085938,10692151
2023-09-14,176.2053985595703,176.6568600099177,174.896163109065,175.34762455941237,10941807
2023-09-15,175.25730895996094,177.15343844329055,173.54174749122546,177.1082895508882,20516593
2023-09-18,180.67483520507812,181.0359987689261,175.25729908231725,176.29565466151035,25627043
2023-09-20,184.78314208984375,185.9569444636259,179.1850235889308,179.41075428475395,33369524
2023-09-21,182.0292510986328,185.59579358157904,180.94573266241335,185.09918326123,20332556
2023-09-22,179.8170623779297,183.20302273235347,177.33402478468557,181.08116251008602,21193988
2023-09-25,179.59133911132812,181.1714540087091,177.60491171012228,180.5845597006853,11951847
2023-09-26,179.09474182128906,180.62970781661915,178.41754972533386,179.77193391724427,7440011
2023-09-27,179.99765014648438,180.2233808269904,178.14665581083375,179.95250125488172,6736870
2023-09-28,181.26173400878906,184.60254527985063,178.59811477013895,180.6748397583687,50185120
2023-09-29,180.35882568359375,182.30010415366542,179.77193138636508,181.4423302663665,16293959
2023-10-03,180.17823791503906,180.58455039793284,177.78548435576175,179.45589695794575,10830728
2023-10-04,179.681640625,180.0428042408809,176.4311129720367,179.59134283227536,14120040
2023-10-05,177.51461791992188,180.13308838036264,176.3859644839547,180.13308838036264,14575590
2023-10-06,177.92092895507812,178.28209254064868,175.93450167942478,177.87578006250487,12857229
2023-10-09,177.19857788085938,177.78547211825185,174.94127115626245,177.42430855331907,7853369
2023-10-10,178.73355102539062,179.2753101725064,176.7019748899675,177.19858514523906,7440527
2023-10-11,179.2301483154297,179.81704253442726,178.19179276566277,178.19179276566277,10031916
2023-10-12,181.26173400878906,182.39038739614142,178.19180230619352,178.19180230619352,21872719
2023-10-13,182.20980834960938,182.7515537171806,179.95250154096087,180.99085716193622,13105921
2023-10-16,183.33848571777344,184.0608267464583,180.6748660909128,180.8554479037067,18336656
2023-10-17,187.0404510498047,188.71086372777643,182.93216336386226,183.78993726166863,19378328
2023-10-18,186.4535675048828,188.2142642972479,184.19626039223292,188.2142642972479,14923328
2023-10-19,185.82151794433594,187.2661861807565,182.5709903017493,184.19625412304262,13192888
2023-10-20,183.1579132080078,185.27977372675187,181.3972025556861,185.27977372675187,22081120
2023-10-23,180.35882568359375,185.23460319482527,179.68163359717224,182.39040194285826,6988219
2023-10-25,180.1331024169922,180.99087633966658,178.5981363799682,179.68164100742578,16817158
2023-10-26,179.63648986816406,180.58456157191836,177.2437499383396,179.45590806209387,11070090
2023-10-27,181.44232177734375,182.20981161705004,179.81705809047062,179.90735587543875,9995487
2023-10-30,181.35205078125,182.57098830072857,178.46268678505945,181.4423347951881,7679981
2023-10-31,182.5258331298828,183.24817410409682,181.08116495896292,181.93893883818225,7474770
2023-11-01,181.44232177734375,182.70642187935957,181.03600930000238,182.70642187935957,5598615
2023-11-02,183.38363647460938,183.8802330204502,181.39719518120884,182.16468511525082,12924797
2023-11-03,184.5574188232422,186.45356225548798,183.38363017971835,183.65449600360301,8684015
2023-11-06,187.988525390625,188.6657174948978,185.05402627210958,185.09917516789616,9804415
2023-11-07,187.8079376220703,188.8011581878057,185.77636137375464,187.9885194219745,10730361
2023-11-08,186.905029296875,189.2526342096752,186.58900078947562,188.7108749905646,7435543
2023-11-09,189.4332275390625,190.06527081477353,186.09241555815282,187.1759202847303,13777877
2023-11-10,190.6521453857422,192.32255809143655,189.25262605544054,190.06525107158402,12066023
2023-11-13,191.6905059814453,194.21869248180155,190.24582404481086,191.41962639613786,11352269
2023-11-15,189.7492218017578,194.12840291336505,189.4332070867761,194.12840291336505,19182861
2023-11-16,190.71566772460938,192.23440615334738,189.33500408657673,190.25544651193184,27533260
2023-11-17,192.83270263671875,193.93723082137438,190.4395465326,191.17590333731636,16705395
2023-11-20,192.64862060546875,194.39745576065033,192.23442428396135,193.3849774241698,11156900
2023-11-21,192.32644653320312,193.43097466087414,191.40600408600443,193.29291391172922,9608081
2023-11-22,194.765625,195.68606743564303,191.6361122919115,191.6361122919115,13079580
2023-11-23,194.12132263183594,196.1463074198616,192.602598085655,195.1798399610018,11382709
2023-11-24,193.70713806152344,195.2258767447173,192.83272041989983,194.48951987209352,7250200
2023-11-28,193.47702026367188,197.38890108221955,192.83271329076118,197.38890108221955,15629209
2023-11-29,194.2593994140625,194.6275708093564,192.46453928353748,193.56906751425763,10062023
2023-11-30,192.32644653320312,195.870155572853,191.68213962913146,193.66108527267383,60354322
2023-12-01,193.47702026367188,195.5480159911383,192.7866883545164,194.67359838184242,20719909
2023-12-04,195.96221923828125,197.06676156775268,194.85769095364898,194.85769095364898,27914088
2023-12-05,204.6143798828125,205.4887974886903,194.71962255692932,196.69856840417052,40709207
2023-12-06,206.54730224609375,208.25012657859452,204.79846702204324,208.0200159414911,29544730
2023-12-07,211.70176696777344,213.91082326602393,206.4092227935791,207.09955464238706,24534268
2023-12-08,210.4131622314453,214.83127501895567,208.43420241906983,213.3585754380649,22206320
2023-12-11,212.57620239257812,214.37106254157973,208.52626082330073,209.86089970102816,19106395
2023-12-12,212.94436645507812,214.73922642386054,211.2415423044062,211.70176352947027,14355329
2023-12-13,218.09884643554688,218.6050926168904,212.25404501774537,212.62221639790184,26878281
2023-12-14,213.6347198486328,218.69715383514222,212.7142773056311,218.37499332715618,29972018
2023-12-15,218.467041015625,219.1573729159758,209.07851593498305,216.30399544325704,41341690
2023-12-18,213.40460205078125,218.05282550106932,213.0364166190341,218.05282550106932,29051897
2023-12-19,214.96937561035156,215.7517434064457,212.48418335803183,213.6807475220393,12612164
2023-12-20,209.07850646972656,216.67215702981113,208.20408891116924,216.25796071731955,20400245
2023-12-21,213.86483764648438,214.64720540733333,204.9825583821568,206.5933328863529,17755207
2023-12-22,213.3125457763672,215.56762705435582,212.16199267077727,214.46309888195708,9735375
2023-12-26,214.78526306152344,217.040344378276,212.66824250187983,213.54266006819145,6772092
2023-12-27,215.4295654296875,217.08636470401413,214.00287677554962,216.30398297743727,10231881
2023-12-28,220.0778350830078,220.860202879631,215.4756220034371,216.39606461935125,39164340
2023-12-29,218.32896423339844,219.29543169411352,216.0738828549555,218.881235366618,12665999
2024-01-01,219.29541015625,220.44596320009182,217.5925860334293,218.9732496860395,5952776
2024-01-02,218.92724609375,220.9982416416608,217.36248266612523,220.906191777152,9128513
2024-01-03,218.19090270996094,219.7096272537495,215.93582133939924,217.22443525262355,8284439
2024-01-04,222.2408447265625,223.75958331885636,218.19090323678884,219.06532082607654,19663959
2024-01-05,222.0567626953125,225.50842221907385,220.26190255192432,222.74709460006477,16345257
2024-01-08,223.06922912597656,225.73850656219207,221.27435514679908,223.1152400117303,13585746
2024-01-09,223.02320861816406,225.1862399504512,222.28685184862147,223.29934416234718,8688409
2024-01-10,220.12380981445312,222.83912632118046,219.06530659798605,221.8266339920783,16872195
2024-01-11,222.70106506347656,223.75958238913262,220.16984813167568,221.13631558733093,18812468
2024-01-12,220.4459686279297,223.34535675186524,219.8016617164815,223.20729600113967,11296498
2024-01-15,221.96470642089844,222.28686691842563,218.14487560938665,221.27437453605862,12597366
2024-01-16,220.0317840576172,223.11525802846788,218.78918105551264,222.4249261483738,7478450
2024-01-17,220.16983032226562,222.01071521466724,218.7891666529644,219.52552341889248,13620300
2024-01-18,214.87728881835938,216.94828434700142,208.06602025320493,209.17054839284654,25522629
2024-01-19,216.67214965820312,218.09883828143575,213.91082227575447,216.30397829181157,20931080
2024-01-23,219.01927185058594,227.16519291603925,217.45452253969097,221.826624051071,27492163
2024-01-24,226.61293029785156,227.34928707304752,216.30397757962012,217.36248078813864,28309825
2024-01-25,225.9686279296875,228.9140410448544,223.75957160452174,225.2782960724685,20651484
2024-01-29,233.74635314941406,234.71282051343678,225.64645692664965,225.92259246563285,26181011
2024-01-30,233.88442993164062,236.50769650704913,231.49127396653682,233.7923800695839,16031367
2024-01-31,238.6707305908203,239.31505158094717,232.31968291679965,233.79239654446377,34369455
2024-02-01,244.6536102294922,249.3939116724396,237.750291339386,238.39461233833316,29929092
2024-02-02,255.05462646484375,259.0125180425485,242.95081301335696,243.45704516061815,33900724
2024-02-05,260.3931579589844,266.37603375696943,253.02961851531043,255.42277445243923,27440927
2024-02-06,252.4313507080078,260.393172559988,250.63647663209895,260.393172559988,29668277
2024-02-07,246.63258361816406,252.56942099785624,245.57405225207833,250.4524144450376,27335466
2024-02-08,254.22622680664062,265.13344783422536,249.25581489216967,249.25581489216967,69776717
2024-02-09,251.2808074951172,257.21767297400424,247.69108729169366,256.43529121551643,24496638
2024-02-12,248.79559326171875,254.04212667900316,245.067812421321,251.46489894856467,19140023
2024-02-13,248.74960327148438,249.3018744285981,243.22694787970306,248.79561416387807,22031847
2024-02-14,251.87905883789062,253.12166170419127,245.7581224546148,248.05922847010746,13546941
2024-02-15,263.57696533203125,265.1678904812127,253.9379112427013,254.54619607292452,25475670
2024-02-16,256.9325866699219,264.74678722455343,255.76279702280092,263.90454439048983,25129188
2024-02-19,258.6170654296875,260.44191989333854,255.76276194657132,257.4472759429957,11429901
2024-02-20,269.42596435546875,270.2214270821199,259.88049731361417,260.4887822601169,43053543
2024-02-21,262.1264343261719,270.8764654130571,261.3309717620344,269.09836254287427,24651085
2024-02-22,264.4660339355469,265.3082767212113,255.71600216603525,262.12645477574785,26793590
2024-02-23,263.8577575683594,266.89921057410527,261.09704264710945,264.4192337373513,14313526
2024-02-26,269.33233642578125,272.79492494138776,263.9513044586698,264.7935757879309,31012494
2024-02-27,273.7307434082031,274.57298613759633,265.8697636683432,265.8697636683432,36510093
2024-02-28,261.6116943359375,274.80692469888646,260.53549378193117,272.794892609342,18824161
2024-02-29,264.70001220703125,266.7120447273211,256.7922226150729,261.6585590654039,35043015
2024-03-01,269.23876953125,270.8296661557682,266.33768578625074,266.7120127238247,15149735
2024-03-04,275.7427673339844,277.94197724288665,269.5194930840113,269.5194930840113,23131460
2024-03-05,276.0703430175781,276.4914786933653,271.15722674353646,273.3096281636759,13220556
2024-03-06,274.8537902832031,275.9767712226256,268.1157904093969,271.67193955654477,15969436
2024-03-07,273.8711242675781,279.7200720289706,272.32700777043357,275.134502695902,14908694
2024-03-11,267.2267150878906,273.21606046966036,266.1505144068685,269.89384099081695,19020659
2024-03-12,266.8523864746094,270.12779721510617,264.60639625013175,266.6184285645739,17906155
2024-03-13,247.34031677246094,265.68262453746604,245.00073742894799,265.12111978315926,39389523
2024-03-14,249.25877380371094,251.17721732493757,243.97133052094708,247.10634380305163,26005940
2024-03-15,248.8844451904297,254.5462153959138,241.1170251585676,250.89647757820327,43817794
2024-03-18,247.9017791748047,249.53948443547537,242.84829436802633,248.88441946679507,12423655
2024-03-19,242.3804168701172,249.39915481037153,241.725323238633,245.32828109316046,20031514
2024-03-20,247.66783142089844,248.13574722881978,242.33360834618392,243.26943996202658,11308487
2024-03-21,256.18389892578125,256.88577262146833,249.9606245358853,250.61568951627163,23559105
2024-03-22,258.05560302734375,260.39518238389263,253.93794907168135,256.1839395421046,22097588
2024-03-26,252.72137451171875,256.5115105624699,249.02485591524314,252.76818323885652,28477120
2024-03-27,252.9085235595703,255.29488303344507,251.9259116725202,253.61039735298263,18094214
2024-03-28,259.13177490234375,261.5649428734951,254.2186588018577,254.54620558708646,26646830
2024-04-01,262.1732482910156,263.53021569655294,259.8336690120322,262.7347530298351,8945400
2024-04-02,261.6116943359375,263.6237549847939,260.62908264734733,261.3309562990009,13229425
2024-04-03,262.1264343261719,264.93392909890633,260.67587822467084,262.173214481992,14499308
2024-04-04,259.83367919921875,268.30297365678103,257.4005109418164,264.65320699101824,23722104
2024-04-05,260.5355224609375,261.9860786362818,257.4940696356444,261.9860786362818,9308711
2024-04-08,263.67059326171875,265.9633924529393,261.14383613503975,262.54758374779067,14473340
2024-04-09,263.1558837890625,266.1037479134396,262.96870602652683,264.7000003723727,5780865
2024-04-10,264.41925048828125,267.03959653328184,262.0328909409394,262.0328909409394,8809693
2024-04-12,257.587646484375,266.19730858078447,257.02614181559807,263.4365939522309,17731780
2024-04-15,256.46466064453125,258.47672160527304,251.17721736100808,252.9085116819802,13378690
2024-04-16,256.6518249511719,257.86839464845417,253.84433005653736,255.4820354117408,9662195
2024-04-18,262.1264343261719,271.29757249337905,259.88044421984705,269.42590931155604,51039603
2024-04-19,263.57696533203125,264.1384700058196,257.0729528253152,260.2547745643639,18755469
2024-04-22,265.4486389160156,266.4312792733896,263.6237843540043,265.7761857018069,14965203
2024-04-23,267.0395812988281,268.72406693505064,262.68796960582245,265.4486559851492,11464036
2024-04-24,271.7655029296875,273.1224702333387,266.15051308172156,266.7120177783812,19324163
2024-04-25,274.47943115234375,275.6024406363888,270.68932412249734,273.26286134405956,22022414
2024-04-26,273.496826171875,277.14656424810477,272.7481722031729,275.36848965294854,15581578
2024-04-29,274.8537902832031,275.69603312759943,271.01687448171117,273.5436030149001,9804396
2024-04-30,282.4808044433594,284.82038369407576,274.2454683452475,274.8537817978874,33288857
2024-05-02,293.4767761230469,296.892555525983,282.48075554801045,282.574344413703,44059506
2024-05-03,290.9032897949219,295.8164062222536,288.4701216619037,291.9794905385692,27074447
2024-05-06,287.1599426269531,290.8564604459498,283.6505739991819,290.2949843129584,16855909
2024-05-07,276.3042907714844,288.5168822082761,275.6024170438684,287.30031250413447,13857464
2024-05-08,282.62115478515625,283.41661738962654,273.2628384015418,273.2628384015418,18754452
2024-05-09,277.14654541015625,284.82037658468664,276.30430261278497,283.3230401897397,11196567
2024-05-10,284.2588806152344,284.91397423297167,277.2401428222656,277.2401428222656,11786977
2024-05-13,286.87921142578125,287.9086320622395,278.5035344021713,284.68002966160225,11710605
2024-05-14,289.4059753417969,292.91534448498766,288.0022276845206,288.23618562739995,9957875
2024-05-15,294.6466369628906,296.003575886737,289.0316463721136,290.1078471901487,11397656
2024-05-16,292.4474182128906,295.34850231342614,285.70941827353835,294.3190816894531,19843532
2024-05-17,293.0556640625,295.7227898729001,290.80967390191046,294.6933693861632,9069551
2024-05-21,304.7535705566406,306.4380846591677,291.0436426209263,291.0436426209263,21976662
2024-05-22,304.84716796875,306.7188313177523,299.6533135989951,306.7188313177523,10287081
2024-05-23,299.37255859375,300.12124109803216,289.1719986571884,298.9514514594513,35705284
2024-05-24,298.3431091308594,302.2268332025944,297.0329505742894,297.5944552583378,15058182
2024-05-27,297.5476989746094,300.86989006953536,294.3190682017694,300.86989006953536,12857918
2024-05-28,292.7281494140625,298.9982333365529,291.9794954648028,298.53031747843625,10935739
2024-05-29,297.3137512207031,298.24958294810943,289.2655926531455,289.2655926531455,16812268
2024-05-30,287.0195617675781,297.26690060285773,284.3056272931392,294.4126256602685,22768893
2024-05-31,290.1078186035156,291.51156611288746,286.08375383370947,288.75085125406304,36929443
2024-06-03,315.9835510253906,326.3245078972354,304.7067910625215,313.50360286385313,55218939
2024-06-04,276.9593811035156,313.4568145129152,261.7988973405007,313.4568145129152,73262478
2024-06-05,279.62646484375,281.732085899981,261.28418871247743,277.28688589238226,45312613
2024-06-06,281.1706237792969,291.4647716771544,278.9714137438007,283.93130994358796,36508044
2024-06-07,289.4995422363281,290.71611202314534,277.75483726048566,278.9246268860088,38016104
2024-06-10,295.53558349609375,302.6011286292888,291.60510823566034,292.9152666558048,25478964
2024-06-11,296.23748779296875,299.185380242482,294.9273292372487,295.9099695735247,12238518
2024-06-12,303.8177490234375,306.11054806183057,296.56505350765565,299.3725485460228,20346144
2024-06-13,300.8230895996094,306.9059952090144,300.0744071582475,306.0169437346831,11756503
2024-06-14,300.869873046875,305.0811154378888,298.85784072747595,305.0811154378888,14159988
2024-06-18,310.5089111328125,311.1640046716362,301.33777294516347,301.33777294516347,21653702
2024-06-19,306.2976989746094,313.36324532959264,304.51962448556577,312.56778268574465,14235150
2024-06-20,303.7241516113281,307.23352031070095,301.61853039170444,306.4848664118943,11749507
2024-06-21,305.0343933105469,308.45017374344997,302.27367801639025,305.73626717591,17209541
2024-06-24,311.5851745605469,312.5677864174738,301.85250207614206,302.36722664445557,18044357
2024-06-25,306.3912658691406,313.50359187427057,304.8939295692215,313.50359187427057,13979671
2024-06-26,305.7362060546875,309.0116167715787,304.0985006962419,304.80037442129,12946277
2024-06-27,310.2749938964844,311.1640454500687,303.5370226794719,307.46749874956646,27061015
2024-06-28,309.7135009765625,315.7028179211071,308.4501225168633,311.63194446621674,21676594
2024-07-01,308.45013427734375,310.46216672208163,304.37926066724054,309.76029294652307,11959181
2024-07-02,309.5731201171875,312.94212000543337,306.9995828991176,308.8712463304412,12684459
2024-07-03,313.6439514160156,315.28165669715474,307.9821817249457,309.85384490339044,9369793
2024-07-04,313.5036315917969,316.96622043907536,312.47421097022885,315.3752950639867,12878827
2024-07-05,317.6212463378906,318.0891621482173,311.4915606463369,313.5035929188787,10894118
2024-07-08,317.6212463378906,319.11858264279897,315.2348871289504,319.11858264279897,7828162
2024-07-09,319.25897216796875,320.38198160856706,316.4046969654796,318.1827714469966,9214579
2024-07-10,323.84454345703125,325.48224890723014,313.9715305952731,320.9902682389827,10662609
2024-07-11,320.8030700683594,326.3712796685086,320.0544161910536,326.13732176193616,12642065
2024-07-12,321.0838623046875,323.70417964359524,318.2763672018648,320.80309565881504,11380570
2024-07-15,321.7857360839844,323.23626379673215,318.36995608737533,323.23626379673215,5277531
2024-07-16,320.4755554199219,324.73357794329087,319.58650394130785,320.7562934872131,11363095
2024-07-18,319.3525695800781,322.5812003885706,315.32850466916955,320.054443359375,13908161
2024-07-19,310.88330078125,319.91407093422737,309.76029132251716,317.7616408982089,12937990
2024-07-22,316.8725891113281,317.6212429762013,308.3565157416533,308.8244315470276,10678640
2024-07-23,312.8017578125,318.6507061635191,300.4955761938195,317.3405474447544,15954324
2024-07-24,315.515625,317.05974146127835,309.10517269055066,309.66667737446494,12573882
2024-07-25,317.6680908203125,320.61595504540355,309.2456052861565,309.2456052861565,16271884
2024-07-26,322.11328125,323.37663119239386,316.7790291580287,318.5103235078311,11468068
2024-07-29,320.38201904296875,323.704210473996,316.0771870967742,317.99563084269363,31849674
2024-07-30,327.3538818359375,334.0451006147968,321.2709764437482,322.861901585431,25813219
2024-07-31,325.8565979003906,328.14936834914283,320.6159348528889,325.90337806001816,17976593
2024-08-01,337.9288330078125,339.2389916776005,327.6814644561692,328.6172961573488,26792459
2024-08-02,335.26171875,337.8820361818206,331.2844338799721,335.02776081646897,13771470
2024-08-05,320.8030700683594,332.03304958383495,319.58650037790875,330.1146061736671,13566586
2024-08-06,318.8846130371094,328.28970905585777,317.48086565763566,320.8030563653314,12273667
2024-08-07,329.4595642089844,329.9274800954106,321.36462508567433,323.6574243528906,12441847
2024-08-08,320.6627197265625,332.2202466967493,319.3525610852555,332.2202466967493,15489731
2024-08-09,323.7977600097656,326.5584748786621,322.20683473628014,325.57583448292706,8720610
2024-08-12,319.25897216796875,321.7389204100306,317.71485560663336,320.990266489176,12521136
2024-08-13,315.3285217285156,320.475596388484,313.6440074314802,315.37530189260605,10435954
2024-08-14,312.0998840332031,316.6386736657895,311.16405229697165,315.3752951100133,12385993
2024-08-16,319.5072021484375,320.4036167562879,311.9583020565513,314.22296632476343,13013828
2024-08-19,321.11138916015625,323.94222725018443,320.16777646348015,323.32888475669984,5891370
2024-08-20,321.30010986328125,323.32887131745395,319.69595682689925,321.2529407491177,6393840
2024-08-21,317.6671447753906,321.7246958342311,317.1953385218116,320.82825243372366,10118601
2024-08-22,315.16656494140625,318.6579425986856,311.86392129681064,317.05378988117513,18370039
2024-08-23,317.28973388671875,317.95027421946645,314.55326313076745,315.7799479809891,7494822
2024-08-26,319.1769714355469,322.24371247668665,316.91230688759805,317.4784802237783,7993675
2024-08-27,316.44049072265625,322.1965333338851,316.1102205537682,319.8846709484401,9589690
2024-08-28,315.59124755859375,319.79030637674106,314.93070721576225,316.4404931445404,8790600
2024-08-29,314.5060729980469,316.95947155591176,310.25981623139404,313.75119442490615,17653536
2024-08-30,318.3748779296875,321.6303528411853,315.21377003530586,316.11021350275325,22713812
2024-09-02,316.6292419433594,320.73396310298267,315.355387787593,319.3185439994419,9789776
2024-09-03,315.7799377441406,318.89387647315596,315.1665953389129,317.0538204607028,8434423
2024-09-04,314.1286315917969,315.82715156505975,312.33577339510674,312.52450743550423,9025610
2024-09-05,312.5716857910156,315.4496928131749,311.0147307003922,313.60966545035535,13912371
2024-09-06,311.2033996582031,314.31733827308625,306.6740710506246,314.2701403687094,23755639
2024-09-09,310.02392578125,310.63729704342853,305.30586251386364,309.2218780632126,18597200
2024-09-10,315.30816650390625,316.3933153101741,308.5613417030864,308.5613417030864,15472387
2024-09-11,314.41168212890625,318.23330106029346,313.2793356620235,317.9030309410554,10134008
2024-09-12,319.1297912597656,319.8846698173223,314.4588973941671,315.96868330605145,18410837
2024-09-13,318.2333679199219,322.007818540173,317.14821912595426,320.6395686716228,10417461
2024-09-16,319.1769714355469,322.24371247668665,318.04462476318645,318.23335880750386,7748570
2024-09-17,317.9030456542969,320.82825016515636,315.6383814124847,317.71434043226066,11451846
2024-09-18,315.4496765136719,319.7903001759544,314.31735868662264,319.4128609002713,6583254
2024-09-19,316.015869140625,319.27134428550585,314.31737789785313,317.2425828575359,10589610
2024-09-20,321.63031005859375,323.611901967363,315.8742683414133,319.08254491920945,31236123
2024-09-23,321.9134216308594,323.1873043562893,321.0641760794962,322.7154980725575,6542941
2024-09-24,330.31158447265625,331.2080279759151,323.04578461278606,325.1217150884182,26145769
2024-09-25,343.2391052246094,345.5981368756376,332.4819266552752,333.89734564589213,40770462
2024-09-26,344.84326171875,345.4566041948038,337.0584571924117,343.52218094352844,18733959
2024-09-27,334.2747802734375,342.8144632119609,333.4255346503048,341.77651233745024,33148043
2024-09-30,332.9537048339844,337.2943284642278,329.9813309643599,334.2747566875096,16356171
2024-10-01,331.019287109375,335.9260841265613,330.2172394403099,331.302388166196,9856291
2024-10-03,324.7442626953125,330.17003501440104,323.2816747193099,323.6591139908489,19350466
2024-10-04,319.7431640625,327.85823891262373,318.7051843496748,323.6591509457837,20121706
2024-10-07,310.4013671875,320.8282745930665,306.6740860080783,320.8282745930665,13851446
2024-10-08,308.702880859375,312.33579541739124,304.1735515381948,308.84441700126683,21148292
2024-10-09,311.15625,313.09064428114004,307.14589651250947,308.5613153904473,9228363
2024-10-10,315.49688720703125,319.0354345539096,311.48653354723575,311.5809005691736,20773976
2024-10-11,311.4393310546875,316.4404951760742,310.9203556368248,315.59124958467544,6098468
2024-10-14,312.0527038574219,312.80758243206355,309.31620423160933,311.43933261915726,5944216
2024-10-15,311.2506103515625,314.6476213452107,309.0331150642664,314.6476213452107,12415489
2024-10-16,308.75006103515625,313.892732540298,306.62693263842027,312.9963178286282,22085298
2024-10-17,312.477294921875,313.1850043451301,306.2966441441553,309.9767273857277,17039729
2024-10-18,313.3265686035156,315.0250886498973,309.7408520557755,312.80759316523864,10569021
2024-10-21,312.477294921875,314.93069334851333,310.8731708405589,314.22298392525823,8745904
2024-10-22,304.5509338378906,316.72352930706927,302.94678107201247,314.1285949366457,11219831
2024-10-23,299.03082275390625,303.7488856840618,296.1528158852197,301.2011489798403,12541589
2024-10-24,301.1539306640625,302.71088556614893,297.4738475872849,297.4738475872849,8327779
2024-10-25,297.9928283691406,303.3714313614416,295.58662791281984,303.3714313614416,12979410
2024-10-28,300.3518981933594,302.380688450008,293.2276341282605,296.7661816036619,9610615
2024-10-29,302.4750061035156,303.08837732828067,296.4358912489805,298.27594732973336,15856332
2024-10-30,300.4934387207031,307.0515288976693,298.8892858101173,300.5877769416323,14498110
2024-10-31,302.7109069824219,304.50379393864205,299.92726712339487,302.3334677062385,9900390
2024-11-01,303.89044189453125,304.5038131534014,301.95604748404565,304.26790999130446,847672
2024-11-04,297.66259765625,306.3910139560511,294.02968349103276,306.24944903269204,9249409
2024-11-05,298.74774169921875,299.7857212726405,294.40711817194506,294.73738832668425,7518195
2024-11-06,300.5406188964844,302.28630799950747,296.1999950934131,299.50263925711073,11019250
2024-11-07,295.3035583496094,301.01240274503147,294.1240426648718,301.01240274503147,14504208
2024-11-08,298.41748046875,299.64416531244285,291.29321695966684,294.2655908476694,15740539
2024-11-11,311.2033996582031,313.65679798596193,295.1619867109397,295.8696961056719,22838987
2024-11-12,304.5038146972656,313.75120717964063,303.6545402719927,312.8075945264688,12069181
2024-11-13,300.0688171386719,306.2966662726025,299.26674064168265,304.4566101204961,12918639
2024-11-14,298.7287902832031,305.14172647630943,297.29305437592416,301.60026209776106,12500377
2024-11-18,298.680908203125,302.03095857840174,296.8144690915435,300.54737652482765,9408101
2024-11-19,301.5523681640625,304.6152829286182,298.87233965266626,299.63805373874516,13157158
2024-11-21,311.93756103515625,312.7511505895024,299.59023759606504,302.4617095219059,25406386
2024-11-22,322.51416015625,323.1363065519668,310.11896158181673,311.8418330176668,31523269
2024-11-25,328.0656433105469,330.60210414911484,321.7483996979914,327.20420763840764,29419152
2024-11-26,324.28485107421875,329.8363804184665,323.42341542721545,327.3477658303637,13997179
2024-11-27,324.7156066894531,326.6777674260775,322.08342417391594,322.8012921326988,12177260
2024-11-28,319.35552978515625,327.10850981744056,317.96766921544275,324.7156165488419,16920231
2024-11-29,315.28759765625,318.2547910236072,312.5118474261887,317.15406600945965,13890537
2024-12-02,313.80401611328125,317.72836675357354,312.2247124633197,314.0911516095936,16003524
2024-12-03,315.5268859863281,317.15406501789136,310.35824260683535,310.35824260683535,23174488
2024-12-04,311.1239318847656,317.0583181269633,307.3431785229836,314.95256063195916,17880011
2024-12-05,314.2825927734375,316.29262886536577,305.8595913430051,311.07611010418543,19785053
2024-12-06,314.80902099609375,318.4940823362232,312.7032925232497,313.08614959011936,8802058
2024-12-09,315.0004577636719,316.4840398215819,312.70328619879257,313.7082896302644,9376929
2024-12-10,313.8518371582031,317.63261974756006,311.41109800464613,317.63261974756006,14994365
2024-12-11,313.5168762207031,314.9047660530107,312.8468836062392,313.2297407016649,5013051
2024-12-12,315.0961608886719,315.7661534003986,311.88967843718416,313.9475605683982,10414162
2024-12-13,319.5469665527344,319.9776698064118,311.12396488931114,316.4840515460128,14973536
2024-12-16,320.647705078125,321.84415173886424,317.3933760029389,319.5469799922696,12695136
2024-12-17,315.6704406738281,321.1740947097826,313.9475693553166,318.25477686171575,17360248
2024-12-18,307.7738952636719,315.00044986782,306.9124595997002,313.94757107402324,15037099
2024-12-19,307.86962890625,309.97538657645197,303.2752857114188,304.37601072579275,10234715
2024-12-20,302.2702331542969,311.6503912738322,300.1645048328565,307.5345977730774,13973399
2024-12-23,301.7916564941406,304.6631281228579,298.20231695824396,304.37599264403417,5984169
2024-12-24,296.814453125,303.08382109172123,295.52228506487864,300.64308191936277,4833589
2024-12-26,297.0058898925781,299.68594778092825,295.5223078046521,296.81447596420287,3775101
2024-12-27,296.1444091796875,298.9201590052883,295.57010906160383,297.43657714284643,3981693
2024-12-30,294.3736877441406,298.6330490053482,293.17724123370255,295.7615773802968,12489142
2024-12-31,295.4744567871094,296.479460222459,292.0765310002142,294.18228864871605,8402716
2025-01-01,297.1016540527344,298.0109652757668,292.7944457101879,295.4745039827369,4239498
2025-01-02,301.6480712890625,303.6102609811456,295.52227134451164,296.57515005610276,10766571
2025-01-03,302.509521484375,304.3759897090918,300.2123500455756,302.7966861705497,7636948
2025-01-06,292.8901062011719,302.9402569041533,291.7415058653546,302.2702351732399,6722495
2025-01-07,291.9808044433594,297.3887662186675,290.01864378496816,292.8901155056114,10137739
2025-01-08,293.51226806640625,294.66086846296133,290.01864990788994,293.03368943619523,6907996
2025-01-09,292.1722717285156,293.7515754634019,290.64081417554706,293.5122861335669,8244909
2025-01-10,286.86004638671875,292.17225756753425,285.71144597513177,291.0236571559473,6540783
2025-01-13,275.2784118652344,285.7592655003387,274.46482241709185,282.36136918236133,19474228
2025-01-14,277.8149108886719,280.4949396886477,274.5127064653774,275.42201759936376,15954608
2025-01-15,285.8550109863281,289.5400722939113,278.62848532882623,282.3613928155499,12198882
2025-01-16,284.89788818359375,288.6786715169003,283.8928846191073,286.1900564880229,11694289
2025-01-17,289.6357727050781,291.9329441283263,283.0313939094448,284.8978329114067,7593230
2025-01-20,293.12939453125,295.5701337241153,289.01363022677754,289.6357765690648,9435937
2025-01-21,289.396484375,296.6708849147273,288.5828949154698,293.8472594993341,13911546
2025-01-22,284.8021240234375,289.34862089660356,283.1270988596395,289.06148540971503,9723333
2025-01-23,281.7392272949219,286.7643025883743,281.02135939585725,284.7542666289694,12228286
2025-01-24,283.17498779296875,289.5400778778457,281.73925186960753,282.64853376166303,11142914
2025-01-27,274.7041320800781,282.36139011715346,271.5933710025163,282.36139011715346,13477947
2025-01-28,271.7847595214844,276.42694790550183,267.38183119292415,274.8476445947453,11298068
2025-01-29,275.51776123046875,276.76205415647576,271.1626775691931,273.12486774958944,4800024
2025-01-30,282.6964111328125,284.37143638847147,275.5177314657026,275.5177314657026,10969499
2025-01-31,288.7264709472656,290.4493714775504,283.222816906031,284.2756956950739,14141459
2025-02-01,277.4320068359375,292.26794271796496,276.2834065674752,288.7264495653047,6945157
2025-02-03,271.6412353515625,279.489937048621,266.08973458738575,277.5756224113017,14978897
2025-02-04,273.4119873046875,274.12985530699814,260.4425170803248,268.9612115323863,19836427
2025-02-05,272.98126220703125,278.293473315418,272.3590866200002,273.36411926896625,15337191
2025-02-06,269.104736328125,278.48489425351164,267.7647221131038,275.18269028603163,21418561
2025-02-07,269.3468322753906,272.9781486269869,261.4547773149336,264.45667140926554,17193482
2025-02-10,260.1959228515625,267.2648732583572,259.61490634717717,266.29652226829074,16709670
2025-02-11,253.17538452148438,260.29274083554617,251.7712637299914,260.19592937549373,22083955
2025-02-12,248.9146270751953,253.80481763807177,245.96116817566727,251.2870989826207,17861265
2025-02-13,250.9481658935547,253.0785500004455,247.9947070447423,249.10830482945542,12257226
2025-02-14,249.2051544189453,253.2238054594861,246.6874357200921,252.1586133693871,11339563
2025-02-17,254.87002563476562,255.64469470712518,244.21814857943667,248.76939587094347,8332653
2025-02-18,258.5013122558594,259.4212279783289,251.96494298094876,255.49941823407346,10483635
2025-02-19,254.72471618652344,260.00224090453156,253.99845294377334,254.19213496253084,14602009
2025-02-20,257.33929443359375,258.01715199691387,253.03012039190682,254.4342412509003,15312926
2025-02-21,253.61114501953125,257.3393026331229,251.19026729015096,256.9035328211424,10757038
2025-02-24,250.9481658935547,253.5142902370401,249.10830482945542,249.83456810884158,14599185
2025-02-25,247.65577697753906,251.72286314155656,246.8326726881869,250.60923581092982,21287363
2025-02-27,248.13995361328125,249.30198668016166,245.42856775033403,245.96116377667684,13614799
2025-02-28,242.91087341308594,248.8662266223009,239.47322413686564,247.80103452796848,38512868
2025-03-03,244.50863647460938,245.76749577598812,240.63523233243734,244.99281199238087,9873539
2025-03-04,245.96116638183594,249.01146627504443,241.55516615486243,242.0877621868464,11947033
2025-03-05,256.031982421875,258.74338278275224,247.65575270788688,248.8177856556522,14536637
2025-03-06,258.2108154296875,258.84023773562126,252.4491441040102,256.758288776734,11926868
2025-03-07,254.966796875,260.147480440195,253.32061796804607,257.58135629720346,10043068
2025-03-10,262.713623046875,265.5702704107263,252.7880249731833,252.7880249731833,30233763
2025-03-11,258.8402099609375,263.2462247331501,257.4361187447858,261.45476947639236,9255499
2025-03-12,258.6465759277344,263.77882476257304,255.2573471929502,262.1326456795726,11875548
2025-03-13,259.17913818359375,262.0841911717567,257.0971894524224,261.2610869147651,9270442
2025-03-17,258.888671875,262.0842186766507,256.5646351509149,261.454796373505,11987667
2025-03-18,258.888671875,258.888671875,258.888671875,258.888671875,0
2025-03-19,268.4269104003906,269.49207286448365,261.2610893221769,263.39147335381784,13089950
2025-03-20,271.47723388671875,274.57593964248076,268.2816575599182,274.52753390869157,13710249
2025-03-21,274.14019775390625,276.12530565514754,271.18670921706524,272.10665456743357,26003527
2025-03-24,282.61328125,284.64682451930895,275.44748884781086,275.98007014494203,19966817
2025-03-25,281.7901611328125,285.90565317684843,278.5461791406971,281.7901611328125,16983852
2025-03-26,281.6448974609375,287.35816251551717,280.3860234155954,282.4680017306367,20367015
2025-03-27,286.14776611328125,287.84238063341064,279.8534836099434,279.8534836099434,37203166
2025-03-28,281.1607360839844,284.9372993063308,279.1755986806343,284.5983705251023,10834900
2025-04-01,280.1439514160156,287.55186070814506,277.9167557861563,280.4344744666903,11603556
2025-04-02,277.6746826171875,280.5797359662775,275.49589260537,277.77152363917,11679536
2025-04-03,289.6338195800781,290.45692392445716,276.07690419600505,280.1923963661701,23478876
2025-04-04,284.598388671875,291.3768465217408,282.8553684740305,290.5053364228185,21020875
2025-04-07,280.24078369140625,284.59836335003746,273.3654854307757,274.62435950763955,22847548
2025-04-08,279.8050537109375,284.69521479748136,275.641126375719,282.71010692315673,20831596
2025-04-09,284.1142272949219,290.0211753407562,280.1439815885917,280.77343349031656,21342531
2025-04-11,294.4755554199219,295.3470654403839,283.9689407881724,283.9689407881724,19831004
2025-04-15,294.91131591796875,300.62461105387973,294.0882411237009,297.4774699763862,16563441
2025-04-16,296.0733337402344,297.2837725535632,293.21668632008675,294.8144891950639,7032401
2025-04-17,299.220458984375,299.9951279636436,292.44200198472896,295.78282475524543,8528993
2025-04-21,309.872314453125,311.809016418457,298.6878724240232,300.18880462646484,13369014
2025-04-22,302.6580810546875,309.6302197949195,302.2223408532518,309.6302197949195,10027268
2025-04-23,304.982177734375,306.095775541447,299.65624691194205,304.20747915643824,8225575
2025-04-24,304.4495849609375,305.8537058998339,302.9486525518255,304.9337605189389,8021180
2025-04-25,296.7995910644531,305.41790933183546,293.79769695737076,303.0938727672882,11475773
2025-04-28,298.78472900390625,301.10879535467075,293.9429733593657,294.57242523454096,7314824
2025-04-29,293.3619689941406,300.96350126565216,291.6673546186545,298.7847113543128,14678005
2025-04-30,297.71954345703125,300.18882682473674,292.3451773747768,294.8144902942112,17619987
2025-05-02,293.4587707519531,299.2204712586938,292.732507472199,295.83124261984125,5688285
2025-05-05,298.44580078125,300.86667836853553,295.00813687626754,295.153383621159,4342960
2025-05-06,297.8647766113281,300.62458290040513,295.8796393096251,297.8647766113281,9124804
2025-05-07,301.2540283203125,303.2391362229906,297.2837829632264,298.25213404779714,14679327
2025-05-08,298.4942321777344,307.3546389986981,294.3787399254866,303.4812345259943,19253478
2025-05-09,289.82745361328125,293.45877000278136,287.0192415157468,290.50531116001264,11981497
2025-05-12,299.2689208984375,301.25405855206003,294.42716498969895,294.42716498969895,7145884
2025-05-13,289.00439453125,298.97839893410884,288.5686247202087,295.3470823478646,17988336
2025-05-14,286.5835266113281,291.0379181347918,284.7436358366363,289.7306677604059,10359258
2025-05-15,290.1663818359375,290.89264511245915,281.8385570214769,286.53506545332925,22640626
2025-05-16,290.6990051269531,292.63570728089223,286.14774324450434,290.50532309086736,16763668
2025-05-19,294.4271240234375,294.86289381528456,289.5369630567162,292.4420161977535,12575289
2025-05-20,288.4717712402344,295.6375630838809,287.69710222265644,294.7660530511735,21339095
2025-05-21,286.7771301269531,292.6840768775061,286.2929546482476,288.32649756915606,11997632
2025-05-22,281.6933288574219,286.9708541689505,277.480995665399,286.53508435360214,26158839
2025-05-23,288.66546630859375,289.29488860777093,282.516430966752,282.7585187396455,9872024
2025-05-26,287.30975341796875,294.1850218741288,286.38980814760674,290.55370562542714,16469130
2025-05-27,285.227783203125,288.181271566729,282.9521819308902,287.6002550401406,17074710
2025-05-28,281.9353942871094,286.2929738883065,281.3059720328376,285.2277818532238,10099453
2025-05-29,283.8236999511719,284.59836897398986,282.12908560599465,282.12908560599465,9773818
2025-05-30,280.5797119140625,285.32462606714705,279.12718536403287,282.758501739107,21788566
2025-06-02,283.7752685546875,284.3562851056245,279.2724420004522,281.1123031186449,7255782
2025-06-03,279.127197265625,286.0509015389711,278.6430217283039,283.2426893328545,10989055
2025-06-04,279.4176940917969,280.62813294950126,277.96516746255156,279.1272005866398,8580196
2025-06-05,284.93731689453125,285.9056680139689,280.9186656592112,281.79017575635885,13110486
2025-06-06,286.438232421875,287.6002655173844,283.6784555355663,284.2594425315918,7935393
2025-06-09,290.989501953125,291.61892424999877,286.7771688098469,288.5686242330491,8666186
2025-06-10,291.5220642089844,292.2483274776183,288.81069316010877,291.0378886965617,7273892
2025-06-11,286.0993347167969,291.8610058374493,284.6952138482143,291.57051233788775,10941604
2025-06-12,279.8534240722656,286.4381987003345,279.36924859809216,285.8087764942542,14071159
2025-06-13,276.4642333984375,277.3841787453238,272.88132258098824,273.60758589114175,16028417
2025-06-16,279.5145263671875,281.30598173089703,277.2388954755418,278.8366983591143,11067299
2025-06-17,279.4176940917969,281.25758479689154,278.11044376686004,279.5145351107592,7286868
2025-06-18,278.207275390625,279.17562654694706,276.4642551299382,278.40095744258224,11904855
2025-06-19,277.3841552734375,278.54615874031805,276.270527984052,277.7230544814481,13573824
2025-06-20,283.8236999511719,285.17938551696784,276.02845623231923,276.5126317595127,33014151
2025-06-23,281.06390380859375,284.1626391165812,278.9819548759131,282.17750165149454,6833477
2025-06-24,276.9000244140625,285.37309701483883,276.31900781109147,284.1626580718708,15007849
2025-06-25,281.257568359375,281.88699061825,277.43256997188115,277.43256997188115,10838516
2025-06-26,284.2110290527344,284.9372923297005,280.5797126679039,281.59646943496506,10232220
2025-06-27,289.779052734375,291.183173582518,284.8404564516138,285.6635607573622,15523628
2025-06-30,290.4084777832031,291.4736698624816,286.87400231481786,290.8926533145361,8415241
2025-07-01,288.1328430175781,291.9578414845851,287.6002617609346,291.47366595973506,12349270
2025-07-02,285.518310546875,289.294873699044,284.1141897157614,288.13284062834805,10826029
2025-07-03,284.40472412109375,289.48856729295994,283.8237075625345,288.9559564677266,10373094
2025-07-04,284.6951904296875,285.80878815537665,282.41955969788035,284.40469695402146,14193884
2025-07-07,286.5350646972656,287.2613279718709,284.2110281288743,285.3730611889341,6220756
2025-07-08,288.3265380859375,288.9559603863584,283.7752761258537,284.84046823903606,6254288
2025-07-09,290.1663818359375,290.50531060865995,287.01924097101033,288.8106962967761,5650646
2025-07-10,289.779052734375,293.1198756893476,288.5686139176065,290.5053160244361,9307817
2025-07-11,289.1011962890625,291.37682718369206,287.5518582390185,289.77905384975355,7073217
2025-07-14,288.7622985839844,290.9410884740495,288.036035287296,290.0211431442192,5484223
2025-07-15,288.6170349121094,290.5053313868159,287.4550313176004,288.6654701983788,6173407
2025-07-16,287.648681640625,289.48857236693266,286.34143130061625,289.48857236693266,8144630
2025-07-17,287.21295166015625,288.762319381695,286.4382530235212,288.132867504513,8318287
2025-07-18,284.8404846191406,291.95787147591477,284.211062282524,287.1161157300455,8702106
2025-07-21,287.60028076171875,287.8423685401377,283.0006129717586,284.6952274206913,5298012
2025-07-22,288.37493896484375,289.3917253269252,285.2277979639942,287.6971109418524,7775653
2025-07-23,289.779052734375,290.16638724539513,287.697103879879,289.39171822335487,5310964
2025-07-24,289.8758850097656,291.81258705820005,287.11607868040096,290.36006052187423,6294709
2025-07-25,282.8553771972656,288.32655529161315,281.6933439950449,287.7455386905028,8202572
2025-07-28,282.6616516113281,285.90563337880826,281.5480538692244,282.7584926218866,7037396
2025-07-29,283.8236999511719,284.59836897398986,280.62812374065743,281.3059812994199,6586034
2025-07-30,279.8050537109375,287.1160924743307,277.52942278435324,283.72686372674167,10515572
2025-07-31,281.7901611328125,284.98570784043096,275.93164898493546,275.93164898493546,14283621
2025-08-01,282.0322570800781,283.53318946015554,277.2389073278963,282.4195916086403,6697683
2025-08-04,278.836669921875,282.32270972610723,276.65788026836685,281.98381053249784,10397121
2025-08-05,276.94842529296875,279.51454989670066,276.07691517966583,278.0136174544418,15561914
2025-08-06,275.786376953125,279.2724467665108,275.0601136399917,278.49777771986055,12985269
2025-08-07,276.51263427734375,277.2388975747471,274.4306854018,275.49587748167073,8893659
2025-08-08,275.8348083496094,277.1904939379996,274.6243695114522,275.78637306504544,6172968
2025-08-11,275.8348083496094,277.33574068823253,274.3338464592568,275.8348083496094,8755499
2025-08-12,275.64111328125,278.4493253426438,275.0116910255161,275.39902552506555,13184438
2025-08-13,279.0787658691406,280.2407693208184,276.99678760873013,277.916732865736,9928283
2025-08-14,279.56292724609375,280.96701837327413,278.0619655631729,279.9018264325586,8464495
2025-08-18,281.1607360839844,282.08065185962835,279.3692807132589,280.3376317729236,9836105
2025-08-19,280.0909423828125,282.13327810692135,278.6807504191529,282.03601837158203,7196772
2025-08-20,280.4799499511719,281.0634786801803,279.06978767553085,280.2854601611717,3106073
2025-08-21,276.2007751464844,281.5983488453277,275.8117659061222,280.4799361494731,7389271
2025-08-22,275.5686340332031,276.73566176535235,274.0611824031939,276.2007777647218,6824793
2025-08-25,276.3466796875,276.78433367976874,274.4502483065157,275.5686611229176,7426789
2025-08-26,272.21337890625,276.00627115142953,271.2408409111012,275.22825262711217,22905910
2025-08-28,266.9130554199219,274.255705157843,266.0863922167015,274.255705157843,12455072
2025-08-29,267.6910705566406,268.5177337494827,264.77345670861183,266.0863888761254,12841075
2025-09-01,272.1647644042969,272.89416790206815,268.4204871798367,268.4204871798367,10820878
2025-09-02,278.8266296386719,279.9936573186593,272.164739043884,272.5051332470267,16983677
2025-09-03,278.1944580078125,281.25797617588785,277.7568337548744,281.0634567215809,30178885
2025-09-04,274.0611877441406,280.0423199960402,273.18590950809545,278.9725222944279,5946090
2025-09-05,277.5137023925781,278.7779898212633,274.5960886222258,274.5960886222258,9695914
2025-09-08,275.0337219238281,279.79918164903796,274.3529631627289,278.53486449927703,5186605
2025-09-09,276.0549011230469,276.54117009466415,273.963950480993,275.2768529607576,7093190
2025-09-10,275.17962646484375,278.5835093101367,274.74197251293344,276.88156788749023,7767863
2025-09-11,278.92388916015625,280.77173512119623,274.79060262115405,274.79060262115405,7406625
2025-09-12,279.7505187988281,280.6744416683619,277.27055904513384,279.361509577788,7618852
2025-09-15,278.3890075683594,280.86896764170785,277.90273855950636,280.38269863285484,5420800
2025-09-16,280.43133544921875,281.74426767207285,278.4862594685472,278.6807492589119,8626429
2025-09-17,279.2642517089844,281.25797220925705,278.0972240381065,281.06345275769337,19010126
2025-09-18,281.1607360839844,281.89013956932183,278.2431221426345,279.1184003891387,16842964
2025-09-19,278.34039306640625,282.2305451445978,277.076075833291,282.03602566888617,14993879
2025-09-22,278.7779846191406,281.06345463250244,278.04858119016353,279.1183788218969,9456933
2025-09-23,280.6744689941406,281.06347825305374,277.5623355638277,280.72308402169074,13619147
2025-09-24,285.245361328125,286.46103373351167,279.06976925236245,279.99366247275503,14032389
2025-09-25,276.58978271484375,286.75281600507043,275.81176423882266,285.926152824609,16242837
2025-09-26,274.49884033203125,276.3466565276837,272.407889645385,275.7145127870004,8959035
2025-09-29,272.8941650390625,278.24312396660133,272.2620212835269,276.1035285237842,14600560
2025-09-30,272.5537414550781,278.14583427708243,271.3380691024685,274.2556827487316,18772881
2025-10-01,272.9427795410156,275.08237497971265,272.21337605230127,273.2831737716498,11812449
2025-10-03,281.7442626953125,282.0360122154581,273.33178548390373,275.5686406298664,19597461
2025-10-06,279.0211181640625,280.7230594926611,276.7356481583298,280.43130999384476,11702722
2025-10-07,281.0634460449219,284.3214538640417,279.2156300172049,281.0148310229427,11371062
2025-10-08,277.4650573730469,282.37639168858715,276.8329136594234,282.37639168858715,9989251
2025-10-09,278.2917175292969,279.069765666448,274.4988256091278,277.1733048666126,10714949
2025-10-10,281.2093505859375,283.2516862769683,277.4164584051681,277.4164584051681,10773268
2025-10-13,278.2917175292969,280.2854380562139,277.076045139531,279.8477841240975,8950161
2025-10-14,279.60467529296875,279.9936845574755,277.5623395549279,278.63213729194973,7667654
2025-10-15,282.9599304199219,285.19675584889626,279.16700864456936,279.2642683761559,8125514
2025-10-16,283.8352355957031,285.1967829286857,282.61956303419976,284.37011965096224,7824732
2025-10-17,281.7928771972656,283.4948186471197,280.09093574741155,283.0085496614471,14275188
2025-10-20,280.2854309082031,284.0783227316436,279.2156332965915,282.18186198017287,13536721
2025-10-21,280.6744689941406,281.6470069811754,280.2854597352275,280.3826897903278,398291
2025-10-23,281.69561767578125,283.15442463389456,280.09093595775727,281.0148589030305,21031287
2025-10-24,280.5771789550781,282.7653891895631,278.6807182133908,281.6955915834703,16350189
2025-10-27,283.0571594238281,284.75910084202894,280.2854500006463,281.0634684914512,13396182
2025-10-28,280.3340759277344,284.564622124817,278.92388396887213,282.57090143540813,13543174
2025-10-29,287.23907470703125,288.5033621052577,280.820318630994,281.06345310599914,14608714
2025-10-30,283.49481201171875,288.30888672900187,282.95992801179966,288.1629822931123,10329750
2025-10-31,280.23681640625,283.98109361064735,279.1184036515609,283.98109361064735,10088802
